timestamp,rank,name,price,change_24h,market_cap
9/4/2026 14:53,1,Bitcoin,"$81,297.78 ",4.40%,$1.62T
9/4/2026 14:53,2,Ethereum,"$2,542.32 ",5.74%,$308.44B
9/4/2026 14:53,3,Tether,$1.00 ,0.04%,$183.35B
9/4/2026 14:53,4,BNB,$719.41 ,2.53%,$95.79B
9/4/2026 14:53,5,XRP,$1.45 ,6.28%,$91.32B
9/4/2026 14:53,6,USDC,$1.00 ,0.00%,$74.19B
9/4/2026 14:53,7,Solana,$104.32 ,3.72%,$61.06B
9/4/2026 14:53,8,TRON,$0.33 ,0.66%,$31.2B
9/4/2026 14:53,9,Hyperliquid,$86.77 ,5.76%,$21.83B
9/4/2026 14:53,10,Zcash,"$1,008.17 ",21.40%,$16.99B
9/4/2026 14:54,1,Bitcoin,"$81,184.44 ",4.35%,$1.63T
9/4/2026 14:54,2,Ethereum,"$2,539.77 ",5.75%,$310.2B
9/4/2026 14:54,3,Tether,$1.00 ,0.04%,$183.35B
9/4/2026 14:54,4,BNB,$719.56 ,2.55%,$95.81B
9/4/2026 14:54,5,XRP,$1.45 ,6.47%,$91.41B
9/4/2026 14:54,6,USDC,$1.00 ,0.01%,$74.19B
9/4/2026 14:54,7,Solana,$104.34 ,3.71%,$61.07B
9/4/2026 14:54,8,TRON,$0.33 ,0.60%,$31.18B
9/4/2026 14:54,9,Hyperliquid,$86.70 ,5.66%,$21.81B
9/4/2026 14:54,10,Zcash,"$1,006.84 ",21.24%,$16.96B
9/4/2026 14:55,1,Bitcoin,"$81,184.44 ",4.35%,$1.63T
9/4/2026 14:55,2,Ethereum,"$2,545.62 ",5.89%,$310.2B
9/4/2026 14:55,3,Tether,$1.00 ,0.04%,$183.35B
9/4/2026 14:55,4,BNB,$719.56 ,2.55%,$95.81B
9/4/2026 14:55,5,XRP,$1.45 ,6.47%,$91.41B
9/4/2026 14:55,6,USDC,$1.00 ,0.01%,$74.19B
9/4/2026 14:55,7,Solana,$104.34 ,3.71%,$61.07B
9/4/2026 14:55,8,TRON,$0.33 ,0.60%,$31.18B
9/4/2026 14:55,9,Hyperliquid,$86.68 ,5.79%,$21.8B
9/4/2026 14:55,10,Zcash,"$1,006.05 ",21.19%,$16.95B
9/4/2026 15:21,1,Bitcoin,"$81,143.52 ",4.49%,$1.62T
9/4/2026 15:21,2,Ethereum,"$2,530.22 ",5.71%,$308.3B
9/4/2026 15:21,3,Tether,$1.00 ,0.03%,$183.35B
9/4/2026 15:21,4,BNB,$718.87 ,2.50%,$95.72B
9/4/2026 15:21,5,XRP,$1.45 ,6.48%,$91.27B
9/4/2026 15:21,6,USDC,$1.00 ,0.01%,$74.19B
9/4/2026 15:21,7,Solana,$104.24 ,3.91%,$61.02B
9/4/2026 15:21,8,TRON,$0.33 ,0.39%,$31.14B
9/4/2026 15:21,9,Hyperliquid,$86.60 ,5.77%,$21.78B
9/4/2026 15:21,10,Zcash,"$1,002.61 ",20.91%,$16.89B
9/4/2026 15:22,1,Bitcoin,"$81,184.72 ",4.44%,$1.63T
9/4/2026 15:22,2,Ethereum,"$2,529.23 ",5.57%,$308.88B
9/4/2026 15:22,3,Tether,$1.00 ,0.03%,$183.35B
9/4/2026 15:22,4,BNB,$719.50 ,2.66%,$95.81B
9/4/2026 15:22,5,XRP,$1.45 ,6.85%,$91.41B
9/4/2026 15:22,6,USDC,$1.00 ,0.00%,$74.19B
9/4/2026 15:22,7,Solana,$104.51 ,4.22%,$61.18B
9/4/2026 15:22,8,TRON,$0.33 ,0.40%,$31.15B
9/4/2026 15:22,9,Hyperliquid,$86.88 ,6.13%,$21.85B
9/4/2026 15:22,10,Zcash,"$1,002.19 ",20.81%,$16.88B
9/4/2026 15:23,1,Bitcoin,"$81,097.26 ",4.51%,$1.62T
9/4/2026 15:23,2,Ethereum,"$2,523.53 ",5.35%,$308.42B
9/4/2026 15:23,3,Tether,$1.00 ,0.02%,$183.33B
9/4/2026 15:23,4,BNB,$719.12 ,2.53%,$95.75B
9/4/2026 15:23,5,XRP,$1.45 ,6.56%,$91.22B
9/4/2026 15:23,6,USDC,$1.00 ,-0.01%,$74.18B
9/4/2026 15:23,7,Solana,$104.36 ,4.02%,$61.09B
9/4/2026 15:23,8,TRON,$0.33 ,0.36%,$31.14B
9/4/2026 15:23,9,Hyperliquid,$86.57 ,5.88%,$21.77B
9/4/2026 15:23,10,Zcash,"$1,002.64 ",21.00%,$16.89B
9/4/2026 15:25,1,Bitcoin,"$81,097.26 ",4.51%,$1.62T
9/4/2026 15:25,2,Ethereum,"$2,523.53 ",5.35%,$308.42B
9/4/2026 15:25,3,Tether,$1.00 ,0.02%,$183.33B
9/4/2026 15:25,4,BNB,$719.12 ,2.53%,$95.75B
9/4/2026 15:25,5,XRP,$1.45 ,6.56%,$91.22B
9/4/2026 15:25,6,USDC,$1.00 ,-0.01%,$74.18B
9/4/2026 15:25,7,Solana,$104.36 ,4.02%,$61.09B
9/4/2026 15:25,8,TRON,$0.33 ,0.36%,$31.14B
9/4/2026 15:25,9,Hyperliquid,$86.62 ,5.97%,$21.79B
9/4/2026 15:25,10,Zcash,"$1,003.92 ",21.18%,$16.91B
9/4/2026 15:26,1,Bitcoin,"$81,038.17 ",4.38%,$1.62T
9/4/2026 15:26,2,Ethereum,"$2,521.87 ",5.31%,$308.42B
9/4/2026 15:26,3,Tether,$1.00 ,0.02%,$183.33B
9/4/2026 15:26,4,BNB,$719.12 ,2.53%,$95.75B
9/4/2026 15:26,5,XRP,$1.45 ,6.56%,$91.22B
9/4/2026 15:26,6,USDC,$1.00 ,-0.01%,$74.18B
9/4/2026 15:26,7,Solana,$104.36 ,4.02%,$61.09B
9/4/2026 15:26,8,TRON,$0.33 ,0.36%,$31.14B
9/4/2026 15:26,9,Hyperliquid,$86.85 ,5.96%,$21.85B
9/4/2026 15:26,10,Zcash,"$1,003.90 ",20.95%,$16.91B
9/4/2026 15:27,1,Bitcoin,"$81,038.17 ",4.38%,$1.62T
9/4/2026 15:27,2,Ethereum,"$2,521.87 ",5.31%,$308.42B
9/4/2026 15:27,3,Tether,$1.00 ,0.02%,$183.33B
9/4/2026 15:27,4,BNB,$719.12 ,2.53%,$95.75B
9/4/2026 15:27,5,XRP,$1.45 ,6.56%,$91.22B
9/4/2026 15:27,6,USDC,$1.00 ,-0.01%,$74.18B
9/4/2026 15:27,7,Solana,$104.36 ,4.02%,$61.09B
9/4/2026 15:27,8,TRON,$0.33 ,0.36%,$31.14B
9/4/2026 15:27,9,Hyperliquid,$86.85 ,5.96%,$21.85B
9/4/2026 15:27,10,Zcash,"$1,003.90 ",20.95%,$16.91B
9/4/2026 15:28,1,Bitcoin,"$81,042.65 ",4.45%,$1.62T
9/4/2026 15:28,2,Ethereum,"$2,521.36 ",5.27%,$308.42B
9/4/2026 15:28,3,Tether,$1.00 ,0.02%,$183.33B
9/4/2026 15:28,4,BNB,$719.12 ,2.53%,$95.75B
9/4/2026 15:28,5,XRP,$1.45 ,6.56%,$91.22B
9/4/2026 15:28,6,USDC,$1.00 ,-0.01%,$74.18B
9/4/2026 15:28,7,Solana,$104.36 ,4.02%,$61.09B
9/4/2026 15:28,8,TRON,$0.33 ,0.36%,$31.14B
9/4/2026 15:28,9,Hyperliquid,$86.74 ,6.11%,$21.82B
9/4/2026 15:28,10,Zcash,"$1,005.10 ",21.27%,$16.93B
9/4/2026 15:30,1,Bitcoin,"$81,042.65 ",4.45%,$1.62T
9/4/2026 15:30,2,Ethereum,"$2,521.36 ",5.27%,$308.42B
9/4/2026 15:30,3,Tether,$1.00 ,0.02%,$183.33B
9/4/2026 15:30,4,BNB,$719.12 ,2.53%,$95.75B
9/4/2026 15:30,5,XRP,$1.45 ,6.56%,$91.22B
9/4/2026 15:30,6,USDC,$1.00 ,-0.01%,$74.18B
9/4/2026 15:30,7,Solana,$104.36 ,4.02%,$61.09B
9/4/2026 15:30,8,TRON,$0.33 ,0.36%,$31.14B
9/4/2026 15:30,9,Hyperliquid,$86.85 ,5.96%,$21.85B
9/4/2026 15:30,10,Zcash,"$1,003.90 ",20.95%,$16.91B
9/4/2026 15:31,1,Bitcoin,"$81,042.65 ",4.45%,$1.62T
9/4/2026 15:31,2,Ethereum,"$2,521.36 ",5.27%,$308.42B
9/4/2026 15:31,3,Tether,$1.00 ,0.02%,$183.33B
9/4/2026 15:31,4,BNB,$719.12 ,2.53%,$95.75B
9/4/2026 15:31,5,XRP,$1.45 ,6.56%,$91.22B
9/4/2026 15:31,6,USDC,$1.00 ,-0.01%,$74.18B
9/4/2026 15:31,7,Solana,$104.36 ,4.02%,$61.09B
9/4/2026 15:31,8,TRON,$0.33 ,0.36%,$31.14B
9/4/2026 15:31,9,Hyperliquid,$86.86 ,6.28%,$21.85B
9/4/2026 15:31,10,Zcash,"$1,004.03 ",21.14%,$16.92B
9/4/2026 15:31,1,Bitcoin,"$81,133.20 ",4.58%,$1.62T
9/4/2026 15:31,2,Ethereum,"$2,524.00 ",5.43%,$307.98B
9/4/2026 15:31,3,Tether,$1.00 ,0.05%,$183.36B
9/4/2026 15:31,4,BNB,$718.99 ,2.47%,$95.74B
9/4/2026 15:31,5,XRP,$1.45 ,6.51%,$91.13B
9/4/2026 15:31,6,USDC,$1.00 ,0.02%,$74.19B
9/4/2026 15:31,7,Solana,$104.26 ,3.99%,$61.03B
9/4/2026 15:31,8,TRON,$0.33 ,0.31%,$31.13B
9/4/2026 15:31,9,Hyperliquid,$86.87 ,6.30%,$21.85B
9/4/2026 15:31,10,Zcash,"$1,004.41 ",21.13%,$16.92B
9/4/2026 15:32,1,Bitcoin,"$81,133.20 ",4.58%,$1.62T
9/4/2026 15:32,2,Ethereum,"$2,524.00 ",5.43%,$307.98B
9/4/2026 15:32,3,Tether,$1.00 ,0.05%,$183.36B
9/4/2026 15:32,4,BNB,$718.99 ,2.47%,$95.74B
9/4/2026 15:32,5,XRP,$1.45 ,6.51%,$91.13B
9/4/2026 15:32,6,USDC,$1.00 ,0.02%,$74.19B
9/4/2026 15:32,7,Solana,$104.26 ,3.99%,$61.03B
9/4/2026 15:32,8,TRON,$0.33 ,0.31%,$31.13B
9/4/2026 15:32,9,Hyperliquid,$86.88 ,6.33%,$21.85B
9/4/2026 15:32,10,Zcash,"$1,002.37 ",20.94%,$16.89B
9/4/2026 15:34,1,Bitcoin,"$81,027.94 ",4.44%,$1.62T
9/4/2026 15:34,2,Ethereum,"$2,523.16 ",5.41%,$307.98B
9/4/2026 15:34,3,Tether,$1.00 ,0.05%,$183.36B
9/4/2026 15:34,4,BNB,$718.99 ,2.47%,$95.74B
9/4/2026 15:34,5,XRP,$1.45 ,6.51%,$91.13B
9/4/2026 15:34,6,USDC,$1.00 ,0.02%,$74.19B
9/4/2026 15:34,7,Solana,$104.26 ,3.99%,$61.03B
9/4/2026 15:34,8,TRON,$0.33 ,0.31%,$31.13B
9/4/2026 15:34,9,Hyperliquid,$86.71 ,5.89%,$21.81B
9/4/2026 15:34,10,Zcash,"$1,004.41 ",21.13%,$16.92B
9/4/2026 15:35,1,Bitcoin,"$81,027.94 ",4.44%,$1.62T
9/4/2026 15:35,2,Ethereum,"$2,523.16 ",5.41%,$307.98B
9/4/2026 15:35,3,Tether,$1.00 ,0.05%,$183.36B
9/4/2026 15:35,4,BNB,$718.99 ,2.47%,$95.74B
9/4/2026 15:35,5,XRP,$1.45 ,6.51%,$91.13B
9/4/2026 15:35,6,USDC,$1.00 ,0.02%,$74.19B
9/4/2026 15:35,7,Solana,$104.26 ,3.99%,$61.03B
9/4/2026 15:35,8,TRON,$0.33 ,0.31%,$31.13B
9/4/2026 15:35,9,Hyperliquid,$86.71 ,5.89%,$21.81B
9/4/2026 15:35,10,Zcash,"$1,004.41 ",21.13%,$16.92B
9/4/2026 15:36,1,Bitcoin,"$80,998.52 ",4.41%,$1.62T
9/4/2026 15:36,2,Ethereum,"$2,521.07 ",5.36%,$307.97B
9/4/2026 15:36,3,Tether,$1.00 ,0.03%,$183.34B
9/4/2026 15:36,4,BNB,$719.17 ,2.56%,$95.76B
9/4/2026 15:36,5,XRP,$1.45 ,6.61%,$91.11B
9/4/2026 15:36,6,USDC,$1.00 ,-0.01%,$74.18B
9/4/2026 15:36,7,Solana,$104.25 ,4.05%,$61.02B
9/4/2026 15:36,8,TRON,$0.33 ,0.29%,$31.13B
9/4/2026 15:36,9,Hyperliquid,$87.13 ,6.58%,$21.92B
9/4/2026 15:36,10,Zcash,$998.79 ,20.34%,$16.83B
9/4/2026 15:37,1,Bitcoin,"$80,998.52 ",4.41%,$1.62T
9/4/2026 15:37,2,Ethereum,"$2,521.07 ",5.36%,$307.97B
9/4/2026 15:37,3,Tether,$1.00 ,0.03%,$183.34B
9/4/2026 15:37,4,BNB,$719.17 ,2.56%,$95.76B
9/4/2026 15:37,5,XRP,$1.45 ,6.61%,$91.11B
9/4/2026 15:37,6,USDC,$1.00 ,-0.01%,$74.18B
9/4/2026 15:37,7,Solana,$104.25 ,4.05%,$61.02B
9/4/2026 15:37,8,TRON,$0.33 ,0.29%,$31.13B
9/4/2026 15:37,9,Hyperliquid,$87.12 ,6.55%,$21.91B
9/4/2026 15:37,10,Zcash,$999.21 ,20.36%,$16.83B
9/4/2026 15:38,1,Bitcoin,"$81,102.36 ",4.49%,$1.62T
9/4/2026 15:38,2,Ethereum,"$2,523.64 ",5.47%,$307.97B
9/4/2026 15:38,3,Tether,$1.00 ,0.03%,$183.34B
9/4/2026 15:38,4,BNB,$719.17 ,2.56%,$95.76B
9/4/2026 15:38,5,XRP,$1.45 ,6.61%,$91.11B
9/4/2026 15:38,6,USDC,$1.00 ,-0.01%,$74.18B
9/4/2026 15:38,7,Solana,$104.25 ,4.05%,$61.02B
9/4/2026 15:38,8,TRON,$0.33 ,0.29%,$31.13B
9/4/2026 15:38,9,Hyperliquid,$87.11 ,6.53%,$21.91B
9/4/2026 15:38,10,Zcash,$999.25 ,20.36%,$16.84B
9/4/2026 15:40,1,Bitcoin,"$81,097.47 ",4.49%,$1.62T
9/4/2026 15:40,2,Ethereum,"$2,524.18 ",5.47%,$307.7B
9/4/2026 15:40,3,Tether,$1.00 ,0.04%,$183.34B
9/4/2026 15:40,4,BNB,$718.82 ,2.58%,$95.71B
9/4/2026 15:40,5,XRP,$1.45 ,6.72%,$91.13B
9/4/2026 15:40,6,USDC,$1.00 ,0.01%,$74.19B
9/4/2026 15:40,7,Solana,$104.08 ,3.95%,$60.92B
9/4/2026 15:40,8,TRON,$0.33 ,0.24%,$31.12B
9/4/2026 15:40,9,Hyperliquid,$87.10 ,6.53%,$21.91B
9/4/2026 15:40,10,Zcash,$998.71 ,20.27%,$16.83B
9/4/2026 15:41,1,Bitcoin,"$80,971.06 ",4.29%,$1.62T
9/4/2026 15:41,2,Ethereum,"$2,520.32 ",5.30%,$307.7B
9/4/2026 15:41,3,Tether,$1.00 ,0.04%,$183.34B
9/4/2026 15:41,4,BNB,$718.82 ,2.58%,$95.71B
9/4/2026 15:41,5,XRP,$1.45 ,6.72%,$91.13B
9/4/2026 15:41,6,USDC,$1.00 ,0.01%,$74.19B
9/4/2026 15:41,7,Solana,$104.08 ,3.95%,$60.92B
9/4/2026 15:41,8,TRON,$0.33 ,0.24%,$31.12B
9/4/2026 15:41,9,Hyperliquid,$86.87 ,6.32%,$21.85B
9/4/2026 15:41,10,Zcash,"$1,003.69 ",21.10%,$16.91B
9/4/2026 15:41,1,Bitcoin,"$81,097.47 ",4.49%,$1.62T
9/4/2026 15:41,2,Ethereum,"$2,524.18 ",5.47%,$307.7B
9/4/2026 15:41,3,Tether,$1.00 ,0.04%,$183.34B
9/4/2026 15:41,4,BNB,$718.82 ,2.58%,$95.71B
9/4/2026 15:41,5,XRP,$1.45 ,6.72%,$91.13B
9/4/2026 15:41,6,USDC,$1.00 ,0.01%,$74.19B
9/4/2026 15:41,7,Solana,$104.08 ,3.95%,$60.92B
9/4/2026 15:41,8,TRON,$0.33 ,0.24%,$31.12B
9/4/2026 15:41,9,Hyperliquid,$86.95 ,6.34%,$21.87B
9/4/2026 15:41,10,Zcash,$998.90 ,20.26%,$16.83B
9/4/2026 15:42,1,Bitcoin,"$80,971.06 ",4.29%,$1.62T
9/4/2026 15:42,2,Ethereum,"$2,520.32 ",5.30%,$307.7B
9/4/2026 15:42,3,Tether,$1.00 ,0.04%,$183.34B
9/4/2026 15:42,4,BNB,$718.82 ,2.58%,$95.71B
9/4/2026 15:42,5,XRP,$1.45 ,6.72%,$91.13B
9/4/2026 15:42,6,USDC,$1.00 ,0.01%,$74.19B
9/4/2026 15:42,7,Solana,$104.08 ,3.95%,$60.92B
9/4/2026 15:42,8,TRON,$0.33 ,0.24%,$31.12B
9/4/2026 15:42,9,Hyperliquid,$86.71 ,6.06%,$21.81B
9/4/2026 15:42,10,Zcash,$998.53 ,20.21%,$16.82B
9/4/2026 15:42,1,Bitcoin,"$80,971.06 ",4.29%,$1.62T
9/4/2026 15:42,2,Ethereum,"$2,520.32 ",5.30%,$307.7B
9/4/2026 15:42,3,Tether,$1.00 ,0.04%,$183.34B
9/4/2026 15:42,4,BNB,$718.82 ,2.58%,$95.71B
9/4/2026 15:42,5,XRP,$1.45 ,6.72%,$91.13B
9/4/2026 15:42,6,USDC,$1.00 ,0.01%,$74.19B
9/4/2026 15:42,7,Solana,$104.08 ,3.95%,$60.92B
9/4/2026 15:42,8,TRON,$0.33 ,0.24%,$31.12B
9/4/2026 15:42,9,Hyperliquid,$86.71 ,6.06%,$21.81B
9/4/2026 15:42,10,Zcash,$998.53 ,20.21%,$16.82B
9/4/2026 15:43,1,Bitcoin,"$80,908.33 ",4.24%,$1.62T
9/4/2026 15:43,2,Ethereum,"$2,520.89 ",5.32%,$307.99B
9/4/2026 15:43,3,Tether,$1.00 ,0.03%,$183.35B
9/4/2026 15:43,4,BNB,$718.74 ,2.51%,$95.7B
9/4/2026 15:43,5,XRP,$1.45 ,6.63%,$91.12B
9/4/2026 15:43,6,USDC,$1.00 ,0.00%,$74.19B
9/4/2026 15:43,7,Solana,$104.06 ,3.91%,$60.91B
9/4/2026 15:43,8,TRON,$0.33 ,0.26%,$31.12B
9/4/2026 15:43,9,Hyperliquid,$87.04 ,6.48%,$21.89B
9/4/2026 15:43,10,Zcash,"$1,000.06 ",20.53%,$16.85B
9/4/2026 15:43,1,Bitcoin,"$80,908.33 ",4.24%,$1.62T
9/4/2026 15:43,2,Ethereum,"$2,520.89 ",5.32%,$307.99B
9/4/2026 15:43,3,Tether,$1.00 ,0.03%,$183.35B
9/4/2026 15:43,4,BNB,$718.74 ,2.51%,$95.7B
9/4/2026 15:43,5,XRP,$1.45 ,6.63%,$91.12B
9/4/2026 15:43,6,USDC,$1.00 ,0.00%,$74.19B
9/4/2026 15:43,7,Solana,$104.06 ,3.91%,$60.91B
9/4/2026 15:43,8,TRON,$0.33 ,0.26%,$31.12B
9/4/2026 15:43,9,Hyperliquid,$86.69 ,6.05%,$21.8B
9/4/2026 15:43,10,Zcash,$998.57 ,20.19%,$16.82B
9/4/2026 15:45,1,Bitcoin,"$80,908.33 ",4.24%,$1.62T
9/4/2026 15:45,2,Ethereum,"$2,520.89 ",5.32%,$307.99B
9/4/2026 15:45,3,Tether,$1.00 ,0.03%,$183.35B
9/4/2026 15:45,4,BNB,$718.74 ,2.51%,$95.7B
9/4/2026 15:45,5,XRP,$1.45 ,6.63%,$91.12B
9/4/2026 15:45,6,USDC,$1.00 ,0.00%,$74.19B
9/4/2026 15:45,7,Solana,$104.06 ,3.91%,$60.91B
9/4/2026 15:45,8,TRON,$0.33 ,0.26%,$31.12B
9/4/2026 15:45,9,Hyperliquid,$87.04 ,6.48%,$21.89B
9/4/2026 15:45,10,Zcash,"$1,000.06 ",20.53%,$16.85B
9/4/2026 15:45,1,Bitcoin,"$80,908.33 ",4.24%,$1.62T
9/4/2026 15:45,2,Ethereum,"$2,520.89 ",5.32%,$307.99B
9/4/2026 15:45,3,Tether,$1.00 ,0.03%,$183.35B
9/4/2026 15:45,4,BNB,$718.74 ,2.51%,$95.7B
9/4/2026 15:45,5,XRP,$1.45 ,6.63%,$91.12B
9/4/2026 15:45,6,USDC,$1.00 ,0.00%,$74.19B
9/4/2026 15:45,7,Solana,$104.06 ,3.91%,$60.91B
9/4/2026 15:45,8,TRON,$0.33 ,0.26%,$31.12B
9/4/2026 15:45,9,Hyperliquid,$87.04 ,6.48%,$21.89B
9/4/2026 15:45,10,Zcash,"$1,000.06 ",20.53%,$16.85B
9/4/2026 15:46,1,Bitcoin,"$80,950.81 ",4.31%,$1.62T
9/4/2026 15:46,2,Ethereum,"$2,518.26 ",5.22%,$307.99B
9/4/2026 15:46,3,Tether,$1.00 ,0.03%,$183.35B
9/4/2026 15:46,4,BNB,$718.74 ,2.51%,$95.7B
9/4/2026 15:46,5,XRP,$1.45 ,6.63%,$91.12B
9/4/2026 15:46,6,USDC,$1.00 ,0.00%,$74.19B
9/4/2026 15:46,7,Solana,$104.06 ,3.91%,$60.91B
9/4/2026 15:46,8,TRON,$0.33 ,0.26%,$31.12B
9/4/2026 15:46,9,Hyperliquid,$86.59 ,5.98%,$21.78B
9/4/2026 15:46,10,Zcash,$998.09 ,20.22%,$16.82B
9/4/2026 15:46,1,Bitcoin,"$80,950.81 ",4.31%,$1.62T
9/4/2026 15:46,2,Ethereum,"$2,518.26 ",5.22%,$307.99B
9/4/2026 15:46,3,Tether,$1.00 ,0.03%,$183.35B
9/4/2026 15:46,4,BNB,$718.74 ,2.51%,$95.7B
9/4/2026 15:46,5,XRP,$1.45 ,6.63%,$91.12B
9/4/2026 15:46,6,USDC,$1.00 ,0.00%,$74.19B
9/4/2026 15:46,7,Solana,$104.06 ,3.91%,$60.91B
9/4/2026 15:46,8,TRON,$0.33 ,0.26%,$31.12B
9/4/2026 15:46,9,Hyperliquid,$86.59 ,5.97%,$21.78B
9/4/2026 15:46,10,Zcash,$997.98 ,20.21%,$16.81B
9/4/2026 15:47,1,Bitcoin,"$80,912.26 ",4.24%,$1.62T
9/4/2026 15:47,2,Ethereum,"$2,518.31 ",5.23%,$307.99B
9/4/2026 15:47,3,Tether,$1.00 ,0.03%,$183.35B
9/4/2026 15:47,4,BNB,$718.74 ,2.51%,$95.7B
9/4/2026 15:47,5,XRP,$1.45 ,6.63%,$91.12B
9/4/2026 15:47,6,USDC,$1.00 ,0.00%,$74.19B
9/4/2026 15:47,7,Solana,$104.06 ,3.91%,$60.91B
9/4/2026 15:47,8,TRON,$0.33 ,0.26%,$31.12B
9/4/2026 15:47,9,Hyperliquid,$86.56 ,5.95%,$21.77B
9/4/2026 15:47,10,Zcash,$996.30 ,20.03%,$16.79B
9/4/2026 15:47,1,Bitcoin,"$80,950.81 ",4.31%,$1.62T
9/4/2026 15:47,2,Ethereum,"$2,518.26 ",5.22%,$307.99B
9/4/2026 15:47,3,Tether,$1.00 ,0.03%,$183.35B
9/4/2026 15:47,4,BNB,$718.74 ,2.51%,$95.7B
9/4/2026 15:47,5,XRP,$1.45 ,6.63%,$91.12B
9/4/2026 15:47,6,USDC,$1.00 ,0.00%,$74.19B
9/4/2026 15:47,7,Solana,$104.06 ,3.91%,$60.91B
9/4/2026 15:47,8,TRON,$0.33 ,0.26%,$31.12B
9/4/2026 15:47,9,Hyperliquid,$87.04 ,6.48%,$21.89B
9/4/2026 15:47,10,Zcash,"$1,000.06 ",20.53%,$16.85B
9/4/2026 15:48,1,Bitcoin,"$80,912.26 ",4.24%,$1.62T
9/4/2026 15:48,2,Ethereum,"$2,518.31 ",5.23%,$307.99B
9/4/2026 15:48,3,Tether,$1.00 ,0.03%,$183.35B
9/4/2026 15:48,4,BNB,$718.74 ,2.51%,$95.7B
9/4/2026 15:48,5,XRP,$1.45 ,6.63%,$91.12B
9/4/2026 15:48,6,USDC,$1.00 ,0.00%,$74.19B
9/4/2026 15:48,7,Solana,$104.06 ,3.91%,$60.91B
9/4/2026 15:48,8,TRON,$0.33 ,0.26%,$31.12B
9/4/2026 15:48,9,Hyperliquid,$87.04 ,6.48%,$21.89B
9/4/2026 15:48,10,Zcash,"$1,000.06 ",20.53%,$16.85B
9/4/2026 15:48,1,Bitcoin,"$80,912.26 ",4.24%,$1.62T
9/4/2026 15:48,2,Ethereum,"$2,518.31 ",5.23%,$307.99B
9/4/2026 15:48,3,Tether,$1.00 ,0.03%,$183.35B
9/4/2026 15:48,4,BNB,$718.74 ,2.51%,$95.7B
9/4/2026 15:48,5,XRP,$1.45 ,6.63%,$91.12B
9/4/2026 15:48,6,USDC,$1.00 ,0.00%,$74.19B
9/4/2026 15:48,7,Solana,$104.06 ,3.91%,$60.91B
9/4/2026 15:48,8,TRON,$0.33 ,0.26%,$31.12B
9/4/2026 15:48,9,Hyperliquid,$86.52 ,5.89%,$21.76B
9/4/2026 15:48,10,Zcash,$993.22 ,19.65%,$16.73B
9/4/2026 15:50,1,Bitcoin,"$80,878.35 ",4.35%,$1.62T
9/4/2026 15:50,2,Ethereum,"$2,517.13 ",5.28%,$307.27B
9/4/2026 15:50,3,Tether,$1.00 ,0.03%,$183.35B
9/4/2026 15:50,4,BNB,$717.63 ,2.25%,$95.56B
9/4/2026 15:50,5,XRP,$1.44 ,6.32%,$90.83B
9/4/2026 15:50,6,USDC,$1.00 ,0.00%,$74.19B
9/4/2026 15:50,7,Solana,$103.82 ,3.71%,$60.77B
9/4/2026 15:50,8,TRON,$0.33 ,0.24%,$31.12B
9/4/2026 15:50,9,Hyperliquid,$86.95 ,6.35%,$21.87B
9/4/2026 15:50,10,Zcash,$998.76 ,20.24%,$16.83B
9/4/2026 15:50,1,Bitcoin,"$80,878.35 ",4.35%,$1.62T
9/4/2026 15:50,2,Ethereum,"$2,517.13 ",5.28%,$307.27B
9/4/2026 15:50,3,Tether,$1.00 ,0.03%,$183.35B
9/4/2026 15:50,4,BNB,$717.63 ,2.25%,$95.56B
9/4/2026 15:50,5,XRP,$1.44 ,6.32%,$90.83B
9/4/2026 15:50,6,USDC,$1.00 ,0.00%,$74.19B
9/4/2026 15:50,7,Solana,$103.82 ,3.71%,$60.77B
9/4/2026 15:50,8,TRON,$0.33 ,0.24%,$31.12B
9/4/2026 15:50,9,Hyperliquid,$86.95 ,6.35%,$21.87B
9/4/2026 15:50,10,Zcash,$998.76 ,20.24%,$16.83B
9/4/2026 15:51,1,Bitcoin,"$80,878.35 ",4.35%,$1.62T
9/4/2026 15:51,2,Ethereum,"$2,517.13 ",5.28%,$307.27B
9/4/2026 15:51,3,Tether,$1.00 ,0.03%,$183.35B
9/4/2026 15:51,4,BNB,$717.63 ,2.25%,$95.56B
9/4/2026 15:51,5,XRP,$1.44 ,6.32%,$90.83B
9/4/2026 15:51,6,USDC,$1.00 ,0.00%,$74.19B
9/4/2026 15:51,7,Solana,$103.82 ,3.71%,$60.77B
9/4/2026 15:51,8,TRON,$0.33 ,0.24%,$31.12B
9/4/2026 15:51,9,Hyperliquid,$86.95 ,6.35%,$21.87B
9/4/2026 15:51,10,Zcash,$998.76 ,20.24%,$16.83B
9/4/2026 15:51,1,Bitcoin,"$80,878.35 ",4.35%,$1.62T
9/4/2026 15:51,2,Ethereum,"$2,517.13 ",5.28%,$307.27B
9/4/2026 15:51,3,Tether,$1.00 ,0.03%,$183.35B
9/4/2026 15:51,4,BNB,$717.63 ,2.25%,$95.56B
9/4/2026 15:51,5,XRP,$1.44 ,6.32%,$90.83B
9/4/2026 15:51,6,USDC,$1.00 ,0.00%,$74.19B
9/4/2026 15:51,7,Solana,$103.82 ,3.71%,$60.77B
9/4/2026 15:51,8,TRON,$0.33 ,0.24%,$31.12B
9/4/2026 15:51,9,Hyperliquid,$86.95 ,6.35%,$21.87B
9/4/2026 15:51,10,Zcash,$998.76 ,20.24%,$16.83B
9/4/2026 15:52,1,Bitcoin,"$80,878.35 ",4.35%,$1.62T
9/4/2026 15:52,2,Ethereum,"$2,517.13 ",5.28%,$307.27B
9/4/2026 15:52,3,Tether,$1.00 ,0.03%,$183.35B
9/4/2026 15:52,4,BNB,$717.63 ,2.25%,$95.56B
9/4/2026 15:52,5,XRP,$1.44 ,6.32%,$90.83B
9/4/2026 15:52,6,USDC,$1.00 ,0.00%,$74.19B
9/4/2026 15:52,7,Solana,$103.82 ,3.71%,$60.77B
9/4/2026 15:52,8,TRON,$0.33 ,0.24%,$31.12B
9/4/2026 15:52,9,Hyperliquid,$86.66 ,6.00%,$21.8B
9/4/2026 15:52,10,Zcash,$993.87 ,19.48%,$16.74B
9/4/2026 15:52,1,Bitcoin,"$80,878.35 ",4.35%,$1.62T
9/4/2026 15:52,2,Ethereum,"$2,517.13 ",5.28%,$307.27B
9/4/2026 15:52,3,Tether,$1.00 ,0.03%,$183.35B
9/4/2026 15:52,4,BNB,$717.63 ,2.25%,$95.56B
9/4/2026 15:52,5,XRP,$1.44 ,6.32%,$90.83B
9/4/2026 15:52,6,USDC,$1.00 ,0.00%,$74.19B
9/4/2026 15:52,7,Solana,$103.82 ,3.71%,$60.77B
9/4/2026 15:52,8,TRON,$0.33 ,0.24%,$31.12B
9/4/2026 15:52,9,Hyperliquid,$86.95 ,6.35%,$21.87B
9/4/2026 15:52,10,Zcash,$998.76 ,20.24%,$16.83B
9/4/2026 20:14,1,Bitcoin,"$79,315.72 ",-0.44%,$1.59T
9/4/2026 20:14,2,Ethereum,"$2,450.15 ",-0.30%,$299.43B
9/4/2026 20:14,3,Tether,$1.00 ,0.00%,$183.36B
9/4/2026 20:14,4,BNB,$714.90 ,-0.45%,$95.19B
9/4/2026 20:14,5,XRP,$1.40 ,-0.64%,$87.95B
9/4/2026 20:14,6,USDC,$1.00 ,-0.03%,$74.21B
9/4/2026 20:14,7,Solana,$101.31 ,-1.47%,$59.3B
9/4/2026 20:14,8,TRON,$0.33 ,-0.02%,$31.24B
9/4/2026 20:14,9,Hyperliquid,$84.05 ,0.56%,$21.14B
9/4/2026 20:14,10,Zcash,$975.67 ,13.45%,$16.44B
9/4/2026 20:15,1,Bitcoin,"$79,199.69 ",-0.51%,$1.59T
9/4/2026 20:15,2,Ethereum,"$2,451.68 ",-0.15%,$299.43B
9/4/2026 20:15,3,Tether,$1.00 ,0.00%,$183.36B
9/4/2026 20:15,4,BNB,$714.90 ,-0.45%,$95.19B
9/4/2026 20:15,5,XRP,$1.40 ,-0.64%,$87.95B
9/4/2026 20:15,6,USDC,$1.00 ,-0.03%,$74.21B
9/4/2026 20:15,7,Solana,$101.31 ,-1.47%,$59.3B
9/4/2026 20:15,8,TRON,$0.33 ,-0.02%,$31.24B
9/4/2026 20:15,9,Hyperliquid,$84.55 ,1.16%,$21.27B
9/4/2026 20:15,10,Zcash,$984.66 ,14.04%,$16.59B
9/4/2026 20:16,1,Bitcoin,"$79,199.69 ",-0.51%,$1.59T
9/4/2026 20:16,2,Ethereum,"$2,451.68 ",-0.15%,$299.43B
9/4/2026 20:16,3,Tether,$1.00 ,0.00%,$183.36B
9/4/2026 20:16,4,BNB,$714.90 ,-0.45%,$95.19B
9/4/2026 20:16,5,XRP,$1.40 ,-0.64%,$87.95B
9/4/2026 20:16,6,USDC,$1.00 ,-0.03%,$74.21B
9/4/2026 20:16,7,Solana,$101.31 ,-1.47%,$59.3B
9/4/2026 20:16,8,TRON,$0.33 ,-0.02%,$31.24B
9/4/2026 20:16,9,Hyperliquid,$84.55 ,1.16%,$21.27B
9/4/2026 20:16,10,Zcash,$984.66 ,14.04%,$16.59B
9/4/2026 20:18,1,Bitcoin,"$79,168.63 ",-0.82%,$1.59T
9/4/2026 20:18,2,Ethereum,"$2,447.32 ",-0.27%,$299.43B
9/4/2026 20:18,3,Tether,$1.00 ,0.00%,$183.36B
9/4/2026 20:18,4,BNB,$714.90 ,-0.45%,$95.19B
9/4/2026 20:18,5,XRP,$1.40 ,-0.64%,$87.95B
9/4/2026 20:18,6,USDC,$1.00 ,-0.03%,$74.21B
9/4/2026 20:18,7,Solana,$101.31 ,-1.47%,$59.3B
9/4/2026 20:18,8,TRON,$0.33 ,-0.02%,$31.24B
9/4/2026 20:18,9,Hyperliquid,$84.55 ,1.16%,$21.27B
9/4/2026 20:18,10,Zcash,$984.66 ,14.04%,$16.59B
9/4/2026 20:19,1,Bitcoin,"$79,168.63 ",-0.82%,$1.59T
9/4/2026 20:19,2,Ethereum,"$2,447.32 ",-0.27%,$299.43B
9/4/2026 20:19,3,Tether,$1.00 ,0.00%,$183.36B
9/4/2026 20:19,4,BNB,$714.90 ,-0.45%,$95.19B
9/4/2026 20:19,5,XRP,$1.40 ,-0.64%,$87.95B
9/4/2026 20:19,6,USDC,$1.00 ,-0.03%,$74.21B
9/4/2026 20:19,7,Solana,$101.31 ,-1.47%,$59.3B
9/4/2026 20:19,8,TRON,$0.33 ,-0.02%,$31.24B
9/4/2026 20:19,9,Hyperliquid,$83.73 ,0.06%,$21.06B
9/4/2026 20:19,10,Zcash,$969.73 ,12.66%,$16.34B
9/4/2026 20:20,1,Bitcoin,"$79,112.24 ",-0.94%,$1.59T
9/4/2026 20:20,2,Ethereum,"$2,442.82 ",-0.55%,$298.67B
9/4/2026 20:20,3,Tether,$1.00 ,0.00%,$183.37B
9/4/2026 20:20,4,BNB,$713.92 ,-0.70%,$95.06B
9/4/2026 20:20,5,XRP,$1.39 ,-0.92%,$87.73B
9/4/2026 20:20,6,USDC,$1.00 ,-0.02%,$74.17B
9/4/2026 20:20,7,Solana,$100.94 ,-1.56%,$59.08B
9/4/2026 20:20,8,TRON,$0.33 ,-0.04%,$31.24B
9/4/2026 20:20,9,Hyperliquid,$83.76 ,0.06%,$21.07B
9/4/2026 20:20,10,Zcash,$969.50 ,12.32%,$16.33B
9/4/2026 20:21,1,Bitcoin,"$79,061.52 ",-1.11%,$1.59T
9/4/2026 20:21,2,Ethereum,"$2,446.60 ",-0.51%,$298.67B
9/4/2026 20:21,3,Tether,$1.00 ,0.00%,$183.37B
9/4/2026 20:21,4,BNB,$713.92 ,-0.70%,$95.06B
9/4/2026 20:21,5,XRP,$1.39 ,-0.92%,$87.73B
9/4/2026 20:21,6,USDC,$1.00 ,-0.02%,$74.17B
9/4/2026 20:21,7,Solana,$100.94 ,-1.56%,$59.08B
9/4/2026 20:21,8,TRON,$0.33 ,-0.04%,$31.24B
9/4/2026 20:21,9,Hyperliquid,$83.80 ,0.13%,$21.08B
9/4/2026 20:21,10,Zcash,$969.21 ,12.35%,$16.33B
9/4/2026 20:23,1,Bitcoin,"$79,061.52 ",-1.11%,$1.59T
9/4/2026 20:23,2,Ethereum,"$2,446.60 ",-0.51%,$298.67B
9/4/2026 20:23,3,Tether,$1.00 ,0.00%,$183.37B
9/4/2026 20:23,4,BNB,$713.92 ,-0.70%,$95.06B
9/4/2026 20:23,5,XRP,$1.39 ,-0.92%,$87.73B
9/4/2026 20:23,6,USDC,$1.00 ,-0.02%,$74.17B
9/4/2026 20:23,7,Solana,$100.94 ,-1.56%,$59.08B
9/4/2026 20:23,8,TRON,$0.33 ,-0.04%,$31.24B
9/4/2026 20:23,9,Hyperliquid,$83.84 ,0.23%,$21.09B
9/4/2026 20:23,10,Zcash,$969.96 ,12.26%,$16.34B
9/4/2026 20:24,1,Bitcoin,"$78,671.31 ",-2.15%,$1.58T
9/4/2026 20:24,2,Ethereum,"$2,437.54 ",-1.64%,$298.25B
9/4/2026 20:24,3,Tether,$1.00 ,0.00%,$183.35B
9/4/2026 20:24,4,BNB,$712.13 ,-0.96%,$94.82B
9/4/2026 20:24,5,XRP,$1.39 ,-1.56%,$87.46B
9/4/2026 20:24,6,USDC,$1.00 ,-0.01%,$74.17B
9/4/2026 20:24,7,Solana,$100.71 ,-2.06%,$58.95B
9/4/2026 20:24,8,TRON,$0.33 ,-0.11%,$31.24B
9/4/2026 20:24,9,Hyperliquid,$83.88 ,0.28%,$21.1B
9/4/2026 20:24,10,Zcash,$971.96 ,12.43%,$16.38B
9/4/2026 20:25,1,Bitcoin,"$78,671.31 ",-2.15%,$1.58T
9/4/2026 20:25,2,Ethereum,"$2,437.54 ",-1.64%,$298.25B
9/4/2026 20:25,3,Tether,$1.00 ,0.00%,$183.35B
9/4/2026 20:25,4,BNB,$712.13 ,-0.96%,$94.82B
9/4/2026 20:25,5,XRP,$1.39 ,-1.56%,$87.46B
9/4/2026 20:25,6,USDC,$1.00 ,-0.01%,$74.17B
9/4/2026 20:25,7,Solana,$100.71 ,-2.06%,$58.95B
9/4/2026 20:25,8,TRON,$0.33 ,-0.11%,$31.24B
9/4/2026 20:25,9,Hyperliquid,$83.95 ,0.45%,$21.12B
9/4/2026 20:25,10,Zcash,$974.33 ,12.68%,$16.42B
9/4/2026 20:26,1,Bitcoin,"$78,861.32 ",-1.71%,$1.58T
9/4/2026 20:26,2,Ethereum,"$2,439.25 ",-1.48%,$297.63B
9/4/2026 20:26,3,Tether,$1.00 ,0.00%,$183.35B
9/4/2026 20:26,4,BNB,$710.85 ,-1.26%,$94.65B
9/4/2026 20:26,5,XRP,$1.38 ,-3.13%,$87.07B
9/4/2026 20:26,6,USDC,$1.00 ,-0.01%,$74.17B
9/4/2026 20:26,7,Solana,$100.60 ,-2.96%,$58.89B
9/4/2026 20:26,8,TRON,$0.33 ,-0.16%,$31.24B
9/4/2026 20:26,9,Hyperliquid,$83.99 ,0.38%,$21.13B
9/4/2026 20:26,10,Zcash,$975.18 ,12.78%,$16.43B
9/4/2026 20:28,1,Bitcoin,"$78,861.32 ",-1.71%,$1.58T
9/4/2026 20:28,2,Ethereum,"$2,439.25 ",-1.48%,$297.63B
9/4/2026 20:28,3,Tether,$1.00 ,0.00%,$183.35B
9/4/2026 20:28,4,BNB,$710.85 ,-1.26%,$94.65B
9/4/2026 20:28,5,XRP,$1.38 ,-3.13%,$87.07B
9/4/2026 20:28,6,USDC,$1.00 ,-0.01%,$74.17B
9/4/2026 20:28,7,Solana,$100.60 ,-2.96%,$58.89B
9/4/2026 20:28,8,TRON,$0.33 ,-0.16%,$31.24B
9/4/2026 20:28,9,Hyperliquid,$83.92 ,0.21%,$21.11B
9/4/2026 20:28,10,Zcash,$975.60 ,12.77%,$16.44B
9/4/2026 20:29,1,Bitcoin,"$78,861.32 ",-1.71%,$1.58T
9/4/2026 20:29,2,Ethereum,"$2,439.25 ",-1.48%,$297.63B
9/4/2026 20:29,3,Tether,$1.00 ,0.00%,$183.35B
9/4/2026 20:29,4,BNB,$710.85 ,-1.26%,$94.65B
9/4/2026 20:29,5,XRP,$1.38 ,-3.13%,$87.07B
9/4/2026 20:29,6,USDC,$1.00 ,-0.01%,$74.17B
9/4/2026 20:29,7,Solana,$100.60 ,-2.96%,$58.89B
9/4/2026 20:29,8,TRON,$0.33 ,-0.16%,$31.24B
9/4/2026 20:29,9,Hyperliquid,$83.84 ,0.23%,$21.09B
9/4/2026 20:29,10,Zcash,$969.96 ,12.26%,$16.34B
9/4/2026 20:30,1,Bitcoin,"$78,937.10 ",-1.64%,$1.58T
9/4/2026 20:30,2,Ethereum,"$2,437.75 ",-1.69%,$297.63B
9/4/2026 20:30,3,Tether,$1.00 ,0.00%,$183.35B
9/4/2026 20:30,4,BNB,$710.85 ,-1.26%,$94.65B
9/4/2026 20:30,5,XRP,$1.38 ,-3.13%,$87.07B
9/4/2026 20:30,6,USDC,$1.00 ,-0.01%,$74.17B
9/4/2026 20:30,7,Solana,$100.60 ,-2.96%,$58.89B
9/4/2026 20:30,8,TRON,$0.33 ,-0.16%,$31.24B
9/4/2026 20:30,9,Hyperliquid,$83.82 ,0.04%,$21.08B
9/4/2026 20:30,10,Zcash,$975.27 ,12.29%,$16.43B
9/6/2026 15:39,1,Bitcoin,"$79,921.14 ",0.35%,$1.6T
9/6/2026 15:39,2,Ethereum,"$2,499.93 ",1.69%,$304.84B
9/6/2026 15:39,3,Tether,$1.00 ,0.01%,$183.4B
9/6/2026 15:39,4,BNB,$757.47 ,1.29%,$100.86B
9/6/2026 15:39,5,XRP,$1.41 ,0.92%,$89.04B
9/6/2026 15:39,6,USDC,$1.00 ,0.01%,$74.55B
9/6/2026 15:39,7,Solana,$106.47 ,3.81%,$62.33B
9/6/2026 15:39,8,TRON,$0.33 ,0.58%,$31.72B
9/6/2026 15:39,9,Hyperliquid,$87.75 ,3.47%,$22.07B
9/6/2026 15:39,10,Zcash,"$1,182.69 ",17.08%,$19.93B
9/6/2026 15:40,1,Bitcoin,"$79,926.83 ",0.36%,$1.6T
9/6/2026 15:40,2,Ethereum,"$2,501.85 ",1.77%,$305.04B
9/6/2026 15:40,3,Tether,$1.00 ,0.00%,$183.39B
9/6/2026 15:40,4,BNB,$757.81 ,1.26%,$100.91B
9/6/2026 15:40,5,XRP,$1.41 ,0.86%,$89.04B
9/6/2026 15:40,6,USDC,$1.00 ,0.00%,$74.55B
9/6/2026 15:40,7,Solana,$106.53 ,3.88%,$62.37B
9/6/2026 15:40,8,TRON,$0.33 ,0.59%,$31.73B
9/6/2026 15:40,9,Hyperliquid,$87.80 ,3.54%,$22.08B
9/6/2026 15:40,10,Zcash,"$1,182.69 ",17.03%,$19.93B
9/6/2026 15:42,1,Bitcoin,"$79,926.83 ",0.36%,$1.6T
9/6/2026 15:42,2,Ethereum,"$2,501.85 ",1.77%,$305.04B
9/6/2026 15:42,3,Tether,$1.00 ,0.00%,$183.39B
9/6/2026 15:42,4,BNB,$757.81 ,1.26%,$100.91B
9/6/2026 15:42,5,XRP,$1.41 ,0.86%,$89.04B
9/6/2026 15:42,6,USDC,$1.00 ,0.00%,$74.55B
9/6/2026 15:42,7,Solana,$106.53 ,3.88%,$62.37B
9/6/2026 15:42,8,TRON,$0.33 ,0.59%,$31.73B
9/6/2026 15:42,9,Hyperliquid,$87.79 ,3.54%,$22.08B
9/6/2026 15:42,10,Zcash,"$1,183.06 ",17.09%,$19.94B
9/6/2026 15:43,1,Bitcoin,"$79,922.49 ",0.36%,$1.6T
9/6/2026 15:43,2,Ethereum,"$2,501.06 ",1.75%,$305.04B
9/6/2026 15:43,3,Tether,$1.00 ,0.00%,$183.39B
9/6/2026 15:43,4,BNB,$757.81 ,1.26%,$100.91B
9/6/2026 15:43,5,XRP,$1.41 ,0.86%,$89.04B
9/6/2026 15:43,6,USDC,$1.00 ,0.00%,$74.55B
9/6/2026 15:43,7,Solana,$106.53 ,3.88%,$62.37B
9/6/2026 15:43,8,TRON,$0.33 ,0.59%,$31.73B
9/6/2026 15:43,9,Hyperliquid,$87.82 ,3.49%,$22.09B
9/6/2026 15:43,10,Zcash,"$1,183.86 ",17.29%,$19.95B
9/6/2026 15:44,1,Bitcoin,"$79,928.79 ",0.38%,$1.6T
9/6/2026 15:44,2,Ethereum,"$2,500.50 ",1.72%,$305.2B
9/6/2026 15:44,3,Tether,$1.00 ,0.01%,$183.4B
9/6/2026 15:44,4,BNB,$757.94 ,1.32%,$100.92B
9/6/2026 15:44,5,XRP,$1.41 ,0.92%,$89.07B
9/6/2026 15:44,6,USDC,$1.00 ,0.01%,$74.55B
9/6/2026 15:44,7,Solana,$106.68 ,4.06%,$62.46B
9/6/2026 15:44,8,TRON,$0.33 ,0.57%,$31.73B
9/6/2026 15:44,9,Hyperliquid,$87.79 ,3.56%,$22.08B
9/6/2026 15:44,10,Zcash,"$1,183.98 ",17.25%,$19.95B
9/6/2026 15:45,1,Bitcoin,"$79,921.78 ",0.38%,$1.6T
9/6/2026 15:45,2,Ethereum,"$2,499.99 ",1.72%,$305.2B
9/6/2026 15:45,3,Tether,$1.00 ,0.01%,$183.4B
9/6/2026 15:45,4,BNB,$757.94 ,1.32%,$100.92B
9/6/2026 15:45,5,XRP,$1.41 ,0.92%,$89.07B
9/6/2026 15:45,6,USDC,$1.00 ,0.01%,$74.55B
9/6/2026 15:45,7,Solana,$106.68 ,4.06%,$62.46B
9/6/2026 15:45,8,TRON,$0.33 ,0.57%,$31.73B
9/6/2026 15:45,9,Hyperliquid,$87.70 ,3.44%,$22.05B
9/6/2026 15:45,10,Zcash,"$1,183.54 ",17.23%,$19.94B
9/6/2026 15:46,1,Bitcoin,"$79,921.78 ",0.38%,$1.6T
9/6/2026 15:46,2,Ethereum,"$2,499.99 ",1.72%,$305.2B
9/6/2026 15:46,3,Tether,$1.00 ,0.01%,$183.4B
9/6/2026 15:46,4,BNB,$757.94 ,1.32%,$100.92B
9/6/2026 15:46,5,XRP,$1.41 ,0.92%,$89.07B
9/6/2026 15:46,6,USDC,$1.00 ,0.01%,$74.55B
9/6/2026 15:46,7,Solana,$106.68 ,4.06%,$62.46B
9/6/2026 15:46,8,TRON,$0.33 ,0.57%,$31.73B
9/6/2026 15:46,9,Hyperliquid,$87.71 ,3.50%,$22.06B
9/6/2026 15:46,10,Zcash,"$1,183.57 ",17.26%,$19.95B
9/6/2026 15:48,1,Bitcoin,"$79,923.64 ",0.38%,$1.6T
9/6/2026 15:48,2,Ethereum,"$2,499.71 ",1.71%,$305.08B
9/6/2026 15:48,3,Tether,$1.00 ,0.01%,$183.4B
9/6/2026 15:48,4,BNB,$758.01 ,1.32%,$100.93B
9/6/2026 15:48,5,XRP,$1.41 ,0.89%,$89.03B
9/6/2026 15:48,6,USDC,$1.00 ,0.01%,$74.54B
9/6/2026 15:48,7,Solana,$106.68 ,4.09%,$62.45B
9/6/2026 15:48,8,TRON,$0.33 ,0.57%,$31.73B
9/6/2026 15:48,9,Hyperliquid,$87.71 ,3.50%,$22.06B
9/6/2026 15:48,10,Zcash,"$1,183.57 ",17.26%,$19.95B
9/6/2026 15:49,1,Bitcoin,"$79,923.64 ",0.38%,$1.6T
9/6/2026 15:49,2,Ethereum,"$2,499.71 ",1.71%,$305.08B
9/6/2026 15:49,3,Tether,$1.00 ,0.01%,$183.4B
9/6/2026 15:49,4,BNB,$758.01 ,1.32%,$100.93B
9/6/2026 15:49,5,XRP,$1.41 ,0.89%,$89.03B
9/6/2026 15:49,6,USDC,$1.00 ,0.01%,$74.54B
9/6/2026 15:49,7,Solana,$106.68 ,4.09%,$62.45B
9/6/2026 15:49,8,TRON,$0.33 ,0.57%,$31.73B
9/6/2026 15:49,9,Hyperliquid,$87.75 ,3.57%,$22.07B
9/6/2026 15:49,10,Zcash,"$1,185.23 ",17.44%,$19.97B
9/6/2026 15:50,1,Bitcoin,"$79,953.84 ",0.41%,$1.6T
9/6/2026 15:50,2,Ethereum,"$2,499.51 ",1.70%,$305.08B
9/6/2026 15:50,3,Tether,$1.00 ,0.01%,$183.4B
9/6/2026 15:50,4,BNB,$758.01 ,1.32%,$100.93B
9/6/2026 15:50,5,XRP,$1.41 ,0.89%,$89.03B
9/6/2026 15:50,6,USDC,$1.00 ,0.01%,$74.54B
9/6/2026 15:50,7,Solana,$106.68 ,4.09%,$62.45B
9/6/2026 15:50,8,TRON,$0.33 ,0.57%,$31.73B
9/6/2026 15:50,9,Hyperliquid,$87.74 ,3.55%,$22.06B
9/6/2026 15:50,10,Zcash,"$1,184.36 ",17.36%,$19.96B
9/6/2026 15:51,1,Bitcoin,"$79,953.84 ",0.41%,$1.6T
9/6/2026 15:51,2,Ethereum,"$2,499.51 ",1.70%,$305.08B
9/6/2026 15:51,3,Tether,$1.00 ,0.01%,$183.4B
9/6/2026 15:51,4,BNB,$758.01 ,1.32%,$100.93B
9/6/2026 15:51,5,XRP,$1.41 ,0.89%,$89.03B
9/6/2026 15:51,6,USDC,$1.00 ,0.01%,$74.54B
9/6/2026 15:51,7,Solana,$106.68 ,4.09%,$62.45B
9/6/2026 15:51,8,TRON,$0.33 ,0.57%,$31.73B
9/6/2026 15:51,9,Hyperliquid,$87.79 ,3.54%,$22.08B
9/6/2026 15:51,10,Zcash,"$1,183.06 ",17.09%,$19.94B
9/6/2026 15:53,1,Bitcoin,"$79,980.08 ",0.44%,$1.6T
9/6/2026 15:53,2,Ethereum,"$2,499.85 ",1.72%,$305.08B
9/6/2026 15:53,3,Tether,$1.00 ,0.01%,$183.4B
9/6/2026 15:53,4,BNB,$758.01 ,1.32%,$100.93B
9/6/2026 15:53,5,XRP,$1.41 ,0.89%,$89.03B
9/6/2026 15:53,6,USDC,$1.00 ,0.01%,$74.54B
9/6/2026 15:53,7,Solana,$106.68 ,4.09%,$62.45B
9/6/2026 15:53,8,TRON,$0.33 ,0.57%,$31.73B
9/6/2026 15:53,9,Hyperliquid,$87.69 ,3.56%,$22.05B
9/6/2026 15:53,10,Zcash,"$1,185.92 ",17.54%,$19.98B
9/6/2026 15:54,1,Bitcoin,"$79,980.08 ",0.44%,$1.6T
9/6/2026 15:54,2,Ethereum,"$2,499.85 ",1.72%,$305.08B
9/6/2026 15:54,3,Tether,$1.00 ,0.01%,$183.4B
9/6/2026 15:54,4,BNB,$758.01 ,1.32%,$100.93B
9/6/2026 15:54,5,XRP,$1.41 ,0.89%,$89.03B
9/6/2026 15:54,6,USDC,$1.00 ,0.01%,$74.54B
9/6/2026 15:54,7,Solana,$106.68 ,4.09%,$62.45B
9/6/2026 15:54,8,TRON,$0.33 ,0.57%,$31.73B
9/6/2026 15:54,9,Hyperliquid,$87.79 ,3.54%,$22.08B
9/6/2026 15:54,10,Zcash,"$1,183.06 ",17.09%,$19.94B
9/6/2026 15:55,1,Bitcoin,"$79,980.08 ",0.44%,$1.6T
9/6/2026 15:55,2,Ethereum,"$2,499.85 ",1.72%,$304.95B
9/6/2026 15:55,3,Tether,$1.00 ,0.01%,$183.4B
9/6/2026 15:55,4,BNB,$758.19 ,1.41%,$100.96B
9/6/2026 15:55,5,XRP,$1.41 ,0.90%,$89B
9/6/2026 15:55,6,USDC,$1.00 ,0.00%,$74.54B
9/6/2026 15:55,7,Solana,$106.60 ,4.06%,$62.41B
9/6/2026 15:55,8,TRON,$0.33 ,0.54%,$31.73B
9/6/2026 15:55,9,Hyperliquid,$87.71 ,3.50%,$22.06B
9/6/2026 15:55,10,Zcash,"$1,183.57 ",17.26%,$19.95B
9/6/2026 15:56,1,Bitcoin,"$79,980.08 ",0.44%,$1.6T
9/6/2026 15:56,2,Ethereum,"$2,499.85 ",1.72%,$304.95B
9/6/2026 15:56,3,Tether,$1.00 ,0.01%,$183.4B
9/6/2026 15:56,4,BNB,$758.19 ,1.41%,$100.96B
9/6/2026 15:56,5,XRP,$1.41 ,0.90%,$89B
9/6/2026 15:56,6,USDC,$1.00 ,0.00%,$74.54B
9/6/2026 15:56,7,Solana,$106.60 ,4.06%,$62.41B
9/6/2026 15:56,8,TRON,$0.33 ,0.54%,$31.73B
9/6/2026 15:56,9,Hyperliquid,$87.71 ,3.50%,$22.06B
9/6/2026 15:56,10,Zcash,"$1,183.57 ",17.26%,$19.95B
9/6/2026 15:57,1,Bitcoin,"$79,988.50 ",0.46%,$1.6T
9/6/2026 15:57,2,Ethereum,"$2,499.96 ",1.73%,$304.95B
9/6/2026 15:57,3,Tether,$1.00 ,0.01%,$183.4B
9/6/2026 15:57,4,BNB,$758.19 ,1.41%,$100.96B
9/6/2026 15:57,5,XRP,$1.41 ,0.90%,$89B
9/6/2026 15:57,6,USDC,$1.00 ,0.00%,$74.54B
9/6/2026 15:57,7,Solana,$106.60 ,4.06%,$62.41B
9/6/2026 15:57,8,TRON,$0.33 ,0.54%,$31.73B
9/6/2026 15:57,9,Hyperliquid,$87.66 ,3.49%,$22.04B
9/6/2026 15:57,10,Zcash,"$1,185.09 ",17.32%,$19.97B
9/6/2026 15:59,1,Bitcoin,"$79,961.26 ",0.39%,$1.6T
9/6/2026 15:59,2,Ethereum,"$2,499.71 ",1.76%,$305.08B
9/6/2026 15:59,3,Tether,$1.00 ,0.01%,$183.41B
9/6/2026 15:59,4,BNB,$757.99 ,1.10%,$100.93B
9/6/2026 15:59,5,XRP,$1.41 ,0.97%,$89.02B
9/6/2026 15:59,6,USDC,$1.00 ,0.01%,$74.55B
9/6/2026 15:59,7,Solana,$106.70 ,4.15%,$62.47B
9/6/2026 15:59,8,TRON,$0.33 ,0.53%,$31.73B
9/6/2026 15:59,9,Hyperliquid,$87.65 ,3.50%,$22.04B
9/6/2026 15:59,10,Zcash,"$1,185.05 ",17.34%,$19.97B
,,,,,
9/6/2026 16:04,1,Bitcoin,"$79,981.58 ",0.47%,$1.6T
9/6/2026 16:04,2,Ethereum,"$2,499.38 ",1.80%,$305.08B
9/6/2026 16:04,3,Tether,$1.00 ,0.01%,$183.41B
9/6/2026 16:04,4,BNB,$757.99 ,1.10%,$100.93B
9/6/2026 16:04,5,XRP,$1.41 ,0.97%,$89.02B
9/6/2026 16:04,6,USDC,$1.00 ,0.01%,$74.55B
9/6/2026 16:04,7,Solana,$106.70 ,4.15%,$62.47B
9/6/2026 16:04,8,TRON,$0.33 ,0.53%,$31.73B
9/6/2026 16:04,9,Hyperliquid,$87.65 ,3.50%,$22.04B
9/6/2026 16:04,10,Zcash,"$1,185.05 ",17.34%,$19.97B
,,,,,
9/6/2026 16:05,1,Bitcoin,"$79,981.58 ",0.47%,$1.6T
9/6/2026 16:05,2,Ethereum,"$2,499.38 ",1.80%,$305.08B
9/6/2026 16:05,3,Tether,$1.00 ,0.01%,$183.41B
9/6/2026 16:05,4,BNB,$757.99 ,1.10%,$100.93B
9/6/2026 16:05,5,XRP,$1.41 ,0.97%,$89.02B
9/6/2026 16:05,6,USDC,$1.00 ,0.01%,$74.55B
9/6/2026 16:05,7,Solana,$106.70 ,4.15%,$62.47B
9/6/2026 16:05,8,TRON,$0.33 ,0.53%,$31.73B
9/6/2026 16:05,9,Hyperliquid,$87.73 ,3.50%,$22.06B
9/6/2026 16:05,10,Zcash,"$1,184.56 ",16.94%,$19.96B
,,,,,
9/6/2026 16:06,1,Bitcoin,"$79,981.58 ",0.47%,$1.6T
9/6/2026 16:06,2,Ethereum,"$2,499.38 ",1.80%,$305.08B
9/6/2026 16:06,3,Tether,$1.00 ,0.01%,$183.41B
9/6/2026 16:06,4,BNB,$757.99 ,1.10%,$100.93B
9/6/2026 16:06,5,XRP,$1.41 ,0.97%,$89.02B
9/6/2026 16:06,6,USDC,$1.00 ,0.01%,$74.55B
9/6/2026 16:06,7,Solana,$106.70 ,4.15%,$62.47B
9/6/2026 16:06,8,TRON,$0.33 ,0.53%,$31.73B
9/6/2026 16:06,9,Hyperliquid,$87.65 ,3.50%,$22.04B
9/6/2026 16:06,10,Zcash,"$1,185.05 ",17.34%,$19.97B
,,,,,
9/6/2026 16:07,1,Bitcoin,"$79,983.30 ",0.42%,$1.6T
9/6/2026 16:07,2,Ethereum,"$2,498.46 ",1.75%,$304.93B
9/6/2026 16:07,3,Tether,$1.00 ,0.01%,$183.4B
9/6/2026 16:07,4,BNB,$757.18 ,0.97%,$100.82B
9/6/2026 16:07,5,XRP,$1.41 ,0.95%,$89.03B
9/6/2026 16:07,6,USDC,$1.00 ,0.01%,$74.54B
9/6/2026 16:07,7,Solana,$106.76 ,4.16%,$62.5B
9/6/2026 16:07,8,TRON,$0.33 ,0.49%,$31.73B
9/6/2026 16:07,9,Hyperliquid,$87.67 ,3.52%,$22.05B
9/6/2026 16:07,10,Zcash,"$1,185.22 ",17.28%,$19.97B
,,,,,
9/6/2026 16:07,1,Bitcoin,"$79,983.30 ",0.42%,$1.6T
9/6/2026 16:07,2,Ethereum,"$2,498.46 ",1.75%,$304.93B
9/6/2026 16:07,3,Tether,$1.00 ,0.01%,$183.4B
9/6/2026 16:07,4,BNB,$757.18 ,0.97%,$100.82B
9/6/2026 16:07,5,XRP,$1.41 ,0.95%,$89.03B
9/6/2026 16:07,6,USDC,$1.00 ,0.01%,$74.54B
9/6/2026 16:07,7,Solana,$106.76 ,4.16%,$62.5B
9/6/2026 16:07,8,TRON,$0.33 ,0.49%,$31.73B
9/6/2026 16:07,9,Hyperliquid,$87.67 ,3.52%,$22.05B
9/6/2026 16:07,10,Zcash,"$1,185.22 ",17.28%,$19.97B
,,,,,
9/6/2026 16:08,1,Bitcoin,"$79,983.30 ",0.42%,$1.6T
9/6/2026 16:08,2,Ethereum,"$2,498.46 ",1.75%,$304.93B
9/6/2026 16:08,3,Tether,$1.00 ,0.01%,$183.4B
9/6/2026 16:08,4,BNB,$757.18 ,0.97%,$100.82B
9/6/2026 16:08,5,XRP,$1.41 ,0.95%,$89.03B
9/6/2026 16:08,6,USDC,$1.00 ,0.01%,$74.54B
9/6/2026 16:08,7,Solana,$106.76 ,4.16%,$62.5B
9/6/2026 16:08,8,TRON,$0.33 ,0.49%,$31.73B
9/6/2026 16:08,9,Hyperliquid,$87.74 ,3.51%,$22.06B
9/6/2026 16:08,10,Zcash,"$1,186.12 ",17.23%,$19.99B
,,,,,
9/6/2026 16:09,1,Bitcoin,"$79,987.92 ",0.42%,$1.6T
9/6/2026 16:09,2,Ethereum,"$2,498.54 ",1.71%,$304.88B
9/6/2026 16:09,3,Tether,$1.00 ,0.00%,$183.39B
9/6/2026 16:09,4,BNB,$757.00 ,1.25%,$100.8B
9/6/2026 16:09,5,XRP,$1.41 ,0.90%,$89.02B
9/6/2026 16:09,6,USDC,$1.00 ,0.01%,$74.54B
9/6/2026 16:09,7,Solana,$106.56 ,3.91%,$62.38B
9/6/2026 16:09,8,TRON,$0.33 ,0.43%,$31.72B
9/6/2026 16:09,9,Hyperliquid,$87.73 ,3.50%,$22.06B
9/6/2026 16:09,10,Zcash,"$1,185.76 ",17.22%,$19.98B
,,,,,
9/6/2026 16:09,1,Bitcoin,"$79,987.92 ",0.42%,$1.6T
9/6/2026 16:09,2,Ethereum,"$2,498.54 ",1.71%,$304.88B
9/6/2026 16:09,3,Tether,$1.00 ,0.00%,$183.39B
9/6/2026 16:09,4,BNB,$757.00 ,1.25%,$100.8B
9/6/2026 16:09,5,XRP,$1.41 ,0.90%,$89.02B
9/6/2026 16:09,6,USDC,$1.00 ,0.01%,$74.54B
9/6/2026 16:09,7,Solana,$106.56 ,3.91%,$62.38B
9/6/2026 16:09,8,TRON,$0.33 ,0.43%,$31.72B
9/6/2026 16:09,9,Hyperliquid,$87.73 ,3.50%,$22.06B
9/6/2026 16:09,10,Zcash,"$1,183.70 ",16.85%,$19.95B
,,,,,
9/6/2026 16:10,1,Bitcoin,"$79,976.88 ",0.46%,$1.6T
9/6/2026 16:10,2,Ethereum,"$2,499.53 ",1.82%,$304.88B
9/6/2026 16:10,3,Tether,$1.00 ,0.00%,$183.39B
9/6/2026 16:10,4,BNB,$757.00 ,1.25%,$100.8B
9/6/2026 16:10,5,XRP,$1.41 ,0.90%,$89.02B
9/6/2026 16:10,6,USDC,$1.00 ,0.01%,$74.54B
9/6/2026 16:10,7,Solana,$106.56 ,3.91%,$62.38B
9/6/2026 16:10,8,TRON,$0.33 ,0.43%,$31.72B
9/6/2026 16:10,9,Hyperliquid,$87.73 ,3.50%,$22.06B
9/6/2026 16:10,10,Zcash,"$1,183.70 ",16.85%,$19.95B
,,,,,
9/6/2026 16:11,1,Bitcoin,"$79,976.88 ",0.46%,$1.6T
9/6/2026 16:11,2,Ethereum,"$2,499.53 ",1.82%,$304.88B
9/6/2026 16:11,3,Tether,$1.00 ,0.00%,$183.39B
9/6/2026 16:11,4,BNB,$757.00 ,1.25%,$100.8B
9/6/2026 16:11,5,XRP,$1.41 ,0.90%,$89.02B
9/6/2026 16:11,6,USDC,$1.00 ,0.01%,$74.54B
9/6/2026 16:11,7,Solana,$106.56 ,3.91%,$62.38B
9/6/2026 16:11,8,TRON,$0.33 ,0.43%,$31.72B
9/6/2026 16:11,9,Hyperliquid,$87.70 ,3.49%,$22.05B
9/6/2026 16:11,10,Zcash,"$1,184.47 ",17.11%,$19.96B
,,,,,
9/6/2026 16:11,1,Bitcoin,"$79,976.88 ",0.46%,$1.6T
9/6/2026 16:11,2,Ethereum,"$2,499.53 ",1.82%,$304.88B
9/6/2026 16:11,3,Tether,$1.00 ,0.00%,$183.39B
9/6/2026 16:11,4,BNB,$757.00 ,1.25%,$100.8B
9/6/2026 16:11,5,XRP,$1.41 ,0.90%,$89.02B
9/6/2026 16:11,6,USDC,$1.00 ,0.01%,$74.54B
9/6/2026 16:11,7,Solana,$106.56 ,3.91%,$62.38B
9/6/2026 16:11,8,TRON,$0.33 ,0.43%,$31.72B
9/6/2026 16:11,9,Hyperliquid,$87.69 ,3.48%,$22.05B
9/6/2026 16:11,10,Zcash,"$1,184.25 ",17.08%,$19.96B
,,,,,
9/6/2026 16:12,1,Bitcoin,"$79,976.88 ",0.46%,$1.6T
9/6/2026 16:12,2,Ethereum,"$2,499.53 ",1.82%,$304.88B
9/6/2026 16:12,3,Tether,$1.00 ,0.00%,$183.39B
9/6/2026 16:12,4,BNB,$757.00 ,1.25%,$100.8B
9/6/2026 16:12,5,XRP,$1.41 ,0.90%,$89.02B
9/6/2026 16:12,6,USDC,$1.00 ,0.01%,$74.54B
9/6/2026 16:12,7,Solana,$106.56 ,3.91%,$62.38B
9/6/2026 16:12,8,TRON,$0.33 ,0.43%,$31.72B
9/6/2026 16:12,9,Hyperliquid,$87.69 ,3.48%,$22.05B
9/6/2026 16:12,10,Zcash,"$1,183.80 ",17.02%,$19.95B
,,,,,
9/6/2026 16:12,1,Bitcoin,"$79,972.90 ",0.45%,$1.6T
9/6/2026 16:12,2,Ethereum,"$2,498.45 ",1.77%,$304.88B
9/6/2026 16:12,3,Tether,$1.00 ,0.00%,$183.39B
9/6/2026 16:12,4,BNB,$757.00 ,1.25%,$100.8B
9/6/2026 16:12,5,XRP,$1.41 ,0.90%,$89.02B
9/6/2026 16:12,6,USDC,$1.00 ,0.01%,$74.54B
9/6/2026 16:12,7,Solana,$106.56 ,3.91%,$62.38B
9/6/2026 16:12,8,TRON,$0.33 ,0.43%,$31.72B
9/6/2026 16:12,9,Hyperliquid,$87.69 ,3.47%,$22.05B
9/6/2026 16:12,10,Zcash,"$1,183.57 ",16.99%,$19.95B
,,,,,
9/6/2026 16:13,1,Bitcoin,"$79,972.90 ",0.45%,$1.6T
9/6/2026 16:13,2,Ethereum,"$2,498.45 ",1.77%,$304.88B
9/6/2026 16:13,3,Tether,$1.00 ,0.00%,$183.39B
9/6/2026 16:13,4,BNB,$757.00 ,1.25%,$100.8B
9/6/2026 16:13,5,XRP,$1.41 ,0.90%,$89.02B
9/6/2026 16:13,6,USDC,$1.00 ,0.01%,$74.54B
9/6/2026 16:13,7,Solana,$106.56 ,3.91%,$62.38B
9/6/2026 16:13,8,TRON,$0.33 ,0.43%,$31.72B
9/6/2026 16:13,9,Hyperliquid,$87.69 ,3.44%,$22.05B
9/6/2026 16:13,10,Zcash,"$1,183.53 ",17.00%,$19.94B
,,,,,
9/6/2026 16:13,1,Bitcoin,"$79,972.90 ",0.45%,$1.6T
9/6/2026 16:13,2,Ethereum,"$2,498.45 ",1.77%,$304.88B
9/6/2026 16:13,3,Tether,$1.00 ,0.00%,$183.39B
9/6/2026 16:13,4,BNB,$757.00 ,1.25%,$100.8B
9/6/2026 16:13,5,XRP,$1.41 ,0.90%,$89.02B
9/6/2026 16:13,6,USDC,$1.00 ,0.01%,$74.54B
9/6/2026 16:13,7,Solana,$106.56 ,3.91%,$62.38B
9/6/2026 16:13,8,TRON,$0.33 ,0.43%,$31.72B
9/6/2026 16:13,9,Hyperliquid,$87.73 ,3.50%,$22.06B
9/6/2026 16:13,10,Zcash,"$1,183.70 ",16.85%,$19.95B
,,,,,
9/6/2026 16:13,1,Bitcoin,"$79,972.90 ",0.45%,$1.6T
9/6/2026 16:13,2,Ethereum,"$2,498.45 ",1.77%,$304.88B
9/6/2026 16:13,3,Tether,$1.00 ,0.00%,$183.39B
9/6/2026 16:13,4,BNB,$757.00 ,1.25%,$100.8B
9/6/2026 16:13,5,XRP,$1.41 ,0.90%,$89.02B
9/6/2026 16:13,6,USDC,$1.00 ,0.01%,$74.54B
9/6/2026 16:13,7,Solana,$106.56 ,3.91%,$62.38B
9/6/2026 16:13,8,TRON,$0.33 ,0.43%,$31.72B
9/6/2026 16:13,9,Hyperliquid,$87.73 ,3.50%,$22.06B
9/6/2026 16:13,10,Zcash,"$1,183.70 ",16.85%,$19.95B
,,,,,
9/6/2026 16:13,1,Bitcoin,"$79,972.90 ",0.45%,$1.6T
9/6/2026 16:13,2,Ethereum,"$2,498.45 ",1.77%,$304.88B
9/6/2026 16:13,3,Tether,$1.00 ,0.00%,$183.39B
9/6/2026 16:13,4,BNB,$757.00 ,1.25%,$100.8B
9/6/2026 16:13,5,XRP,$1.41 ,0.90%,$89.02B
9/6/2026 16:13,6,USDC,$1.00 ,0.01%,$74.54B
9/6/2026 16:13,7,Solana,$106.56 ,3.91%,$62.38B
9/6/2026 16:13,8,TRON,$0.33 ,0.43%,$31.72B
9/6/2026 16:13,9,Hyperliquid,$87.68 ,3.44%,$22.05B
9/6/2026 16:13,10,Zcash,"$1,183.69 ",17.01%,$19.95B
,,,,,
9/6/2026 16:14,1,Bitcoin,"$79,972.90 ",0.45%,$1.6T
9/6/2026 16:14,2,Ethereum,"$2,498.45 ",1.77%,$304.88B
9/6/2026 16:14,3,Tether,$1.00 ,0.00%,$183.39B
9/6/2026 16:14,4,BNB,$757.00 ,1.25%,$100.8B
9/6/2026 16:14,5,XRP,$1.41 ,0.90%,$89.02B
9/6/2026 16:14,6,USDC,$1.00 ,0.01%,$74.54B
9/6/2026 16:14,7,Solana,$106.56 ,3.91%,$62.38B
9/6/2026 16:14,8,TRON,$0.33 ,0.43%,$31.72B
9/6/2026 16:14,9,Hyperliquid,$87.69 ,3.44%,$22.05B
9/6/2026 16:14,10,Zcash,"$1,183.73 ",17.01%,$19.95B
,,,,,
9/6/2026 16:14,1,Bitcoin,"$79,972.90 ",0.45%,$1.6T
9/6/2026 16:14,2,Ethereum,"$2,498.45 ",1.77%,$304.96B
9/6/2026 16:14,3,Tether,$1.00 ,0.00%,$183.41B
9/6/2026 16:14,4,BNB,$757.39 ,1.29%,$100.85B
9/6/2026 16:14,5,XRP,$1.41 ,0.87%,$89B
9/6/2026 16:14,6,USDC,$1.00 ,0.01%,$74.55B
9/6/2026 16:14,7,Solana,$106.50 ,3.83%,$62.35B
9/6/2026 16:14,8,TRON,$0.33 ,0.41%,$31.72B
9/6/2026 16:14,9,Hyperliquid,$87.69 ,3.44%,$22.05B
9/6/2026 16:14,10,Zcash,"$1,183.75 ",17.01%,$19.95B
,,,,,
9/6/2026 16:15,1,Bitcoin,"$79,972.90 ",0.45%,$1.6T
9/6/2026 16:15,2,Ethereum,"$2,498.45 ",1.77%,$304.96B
9/6/2026 16:15,3,Tether,$1.00 ,0.00%,$183.41B
9/6/2026 16:15,4,BNB,$757.39 ,1.29%,$100.85B
9/6/2026 16:15,5,XRP,$1.41 ,0.87%,$89B
9/6/2026 16:15,6,USDC,$1.00 ,0.01%,$74.55B
9/6/2026 16:15,7,Solana,$106.50 ,3.83%,$62.35B
9/6/2026 16:15,8,TRON,$0.33 ,0.41%,$31.72B
9/6/2026 16:15,9,Hyperliquid,$87.73 ,3.48%,$22.06B
9/6/2026 16:15,10,Zcash,"$1,184.06 ",17.03%,$19.95B
,,,,,
9/6/2026 16:15,1,Bitcoin,"$79,972.90 ",0.45%,$1.6T
9/6/2026 16:15,2,Ethereum,"$2,498.45 ",1.77%,$304.96B
9/6/2026 16:15,3,Tether,$1.00 ,0.00%,$183.41B
9/6/2026 16:15,4,BNB,$757.39 ,1.29%,$100.85B
9/6/2026 16:15,5,XRP,$1.41 ,0.87%,$89B
9/6/2026 16:15,6,USDC,$1.00 ,0.01%,$74.55B
9/6/2026 16:15,7,Solana,$106.50 ,3.83%,$62.35B
9/6/2026 16:15,8,TRON,$0.33 ,0.41%,$31.72B
9/6/2026 16:15,9,Hyperliquid,$87.73 ,3.51%,$22.06B
9/6/2026 16:15,10,Zcash,"$1,184.67 ",17.00%,$19.96B
,,,,,
9/6/2026 16:16,1,Bitcoin,"$79,972.90 ",0.45%,$1.6T
9/6/2026 16:16,2,Ethereum,"$2,498.45 ",1.77%,$304.96B
9/6/2026 16:16,3,Tether,$1.00 ,0.00%,$183.41B
9/6/2026 16:16,4,BNB,$757.39 ,1.29%,$100.85B
9/6/2026 16:16,5,XRP,$1.41 ,0.87%,$89B
9/6/2026 16:16,6,USDC,$1.00 ,0.01%,$74.55B
9/6/2026 16:16,7,Solana,$106.50 ,3.83%,$62.35B
9/6/2026 16:16,8,TRON,$0.33 ,0.41%,$31.72B
9/6/2026 16:16,9,Hyperliquid,$87.75 ,3.50%,$22.07B
9/6/2026 16:16,10,Zcash,"$1,184.08 ",17.04%,$19.95B
,,,,,
9/6/2026 16:16,1,Bitcoin,"$79,972.90 ",0.45%,$1.6T
9/6/2026 16:16,2,Ethereum,"$2,498.45 ",1.77%,$304.96B
9/6/2026 16:16,3,Tether,$1.00 ,0.00%,$183.41B
9/6/2026 16:16,4,BNB,$757.39 ,1.29%,$100.85B
9/6/2026 16:16,5,XRP,$1.41 ,0.87%,$89B
9/6/2026 16:16,6,USDC,$1.00 ,0.01%,$74.55B
9/6/2026 16:16,7,Solana,$106.50 ,3.83%,$62.35B
9/6/2026 16:16,8,TRON,$0.33 ,0.41%,$31.72B
9/6/2026 16:16,9,Hyperliquid,$87.75 ,3.50%,$22.07B
9/6/2026 16:16,10,Zcash,"$1,184.08 ",17.04%,$19.95B
,,,,,
9/6/2026 16:16,1,Bitcoin,"$79,972.90 ",0.45%,$1.6T
9/6/2026 16:16,2,Ethereum,"$2,498.45 ",1.77%,$304.96B
9/6/2026 16:16,3,Tether,$1.00 ,0.00%,$183.41B
9/6/2026 16:16,4,BNB,$757.39 ,1.29%,$100.85B
9/6/2026 16:16,5,XRP,$1.41 ,0.87%,$89B
9/6/2026 16:16,6,USDC,$1.00 ,0.01%,$74.55B
9/6/2026 16:16,7,Solana,$106.50 ,3.83%,$62.35B
9/6/2026 16:16,8,TRON,$0.33 ,0.41%,$31.72B
9/6/2026 16:16,9,Hyperliquid,$87.75 ,3.52%,$22.07B
9/6/2026 16:16,10,Zcash,"$1,184.74 ",17.12%,$19.97B
,,,,,
9/6/2026 16:17,1,Bitcoin,"$80,010.40 ",0.51%,$1.6T
9/6/2026 16:17,2,Ethereum,"$2,499.89 ",1.82%,$304.96B
9/6/2026 16:17,3,Tether,$1.00 ,0.00%,$183.41B
9/6/2026 16:17,4,BNB,$757.39 ,1.29%,$100.85B
9/6/2026 16:17,5,XRP,$1.41 ,0.87%,$89B
9/6/2026 16:17,6,USDC,$1.00 ,0.01%,$74.55B
9/6/2026 16:17,7,Solana,$106.50 ,3.83%,$62.35B
9/6/2026 16:17,8,TRON,$0.33 ,0.41%,$31.72B
9/6/2026 16:17,9,Hyperliquid,$87.74 ,3.51%,$22.07B
9/6/2026 16:17,10,Zcash,"$1,184.84 ",17.11%,$19.97B
,,,,,
9/6/2026 16:18,1,Bitcoin,"$80,010.40 ",0.51%,$1.6T
9/6/2026 16:18,2,Ethereum,"$2,499.89 ",1.82%,$304.96B
9/6/2026 16:18,3,Tether,$1.00 ,0.00%,$183.41B
9/6/2026 16:18,4,BNB,$757.39 ,1.29%,$100.85B
9/6/2026 16:18,5,XRP,$1.41 ,0.87%,$89B
9/6/2026 16:18,6,USDC,$1.00 ,0.01%,$74.55B
9/6/2026 16:18,7,Solana,$106.50 ,3.83%,$62.35B
9/6/2026 16:18,8,TRON,$0.33 ,0.41%,$31.72B
9/6/2026 16:18,9,Hyperliquid,$87.70 ,3.46%,$22.06B
9/6/2026 16:18,10,Zcash,"$1,185.05 ",17.12%,$19.97B
,,,,,
9/6/2026 16:19,1,Bitcoin,"$80,010.40 ",0.51%,$1.6T
9/6/2026 16:19,2,Ethereum,"$2,499.89 ",1.82%,$304.96B
9/6/2026 16:19,3,Tether,$1.00 ,0.00%,$183.41B
9/6/2026 16:19,4,BNB,$757.39 ,1.29%,$100.85B
9/6/2026 16:19,5,XRP,$1.41 ,0.87%,$89B
9/6/2026 16:19,6,USDC,$1.00 ,0.01%,$74.55B
9/6/2026 16:19,7,Solana,$106.50 ,3.83%,$62.35B
9/6/2026 16:19,8,TRON,$0.33 ,0.41%,$31.72B
9/6/2026 16:19,9,Hyperliquid,$87.70 ,3.45%,$22.05B
9/6/2026 16:19,10,Zcash,"$1,184.91 ",17.07%,$19.97B
,,,,,
9/6/2026 16:19,1,Bitcoin,"$80,010.40 ",0.51%,$1.6T
9/6/2026 16:19,2,Ethereum,"$2,499.89 ",1.82%,$304.96B
9/6/2026 16:19,3,Tether,$1.00 ,0.00%,$183.41B
9/6/2026 16:19,4,BNB,$757.39 ,1.29%,$100.85B
9/6/2026 16:19,5,XRP,$1.41 ,0.87%,$89B
9/6/2026 16:19,6,USDC,$1.00 ,0.01%,$74.55B
9/6/2026 16:19,7,Solana,$106.50 ,3.83%,$62.35B
9/6/2026 16:19,8,TRON,$0.33 ,0.41%,$31.72B
9/6/2026 16:19,9,Hyperliquid,$87.70 ,3.46%,$22.05B
9/6/2026 16:19,10,Zcash,"$1,185.34 ",17.11%,$19.98B
,,,,,
9/6/2026 16:20,1,Bitcoin,"$80,010.40 ",0.51%,$1.6T
9/6/2026 16:20,2,Ethereum,"$2,499.89 ",1.82%,$304.96B
9/6/2026 16:20,3,Tether,$1.00 ,0.00%,$183.41B
9/6/2026 16:20,4,BNB,$757.39 ,1.29%,$100.85B
9/6/2026 16:20,5,XRP,$1.41 ,0.87%,$89B
9/6/2026 16:20,6,USDC,$1.00 ,0.01%,$74.55B
9/6/2026 16:20,7,Solana,$106.50 ,3.83%,$62.35B
9/6/2026 16:20,8,TRON,$0.33 ,0.41%,$31.72B
9/6/2026 16:20,9,Hyperliquid,$87.73 ,3.51%,$22.06B
9/6/2026 16:20,10,Zcash,"$1,184.67 ",17.00%,$19.96B
,,,,,
9/6/2026 16:21,1,Bitcoin,"$79,998.58 ",0.49%,$1.6T
9/6/2026 16:21,2,Ethereum,"$2,500.67 ",1.85%,$305.01B
9/6/2026 16:21,3,Tether,$1.00 ,0.00%,$183.4B
9/6/2026 16:21,4,BNB,$757.24 ,1.26%,$100.83B
9/6/2026 16:21,5,XRP,$1.41 ,0.96%,$89.02B
9/6/2026 16:21,6,USDC,$1.00 ,0.00%,$74.54B
9/6/2026 16:21,7,Solana,$106.48 ,3.77%,$62.33B
9/6/2026 16:21,8,TRON,$0.33 ,0.41%,$31.72B
9/6/2026 16:21,9,Hyperliquid,$87.69 ,3.48%,$22.05B
9/6/2026 16:21,10,Zcash,"$1,184.26 ",17.06%,$19.96B
,,,,,
9/6/2026 16:22,1,Bitcoin,"$79,998.58 ",0.49%,$1.6T
9/6/2026 16:22,2,Ethereum,"$2,500.67 ",1.85%,$305.01B
9/6/2026 16:22,3,Tether,$1.00 ,0.00%,$183.4B
9/6/2026 16:22,4,BNB,$757.24 ,1.26%,$100.83B
9/6/2026 16:22,5,XRP,$1.41 ,0.96%,$89.02B
9/6/2026 16:22,6,USDC,$1.00 ,0.00%,$74.54B
9/6/2026 16:22,7,Solana,$106.48 ,3.77%,$62.33B
9/6/2026 16:22,8,TRON,$0.33 ,0.41%,$31.72B
9/6/2026 16:22,9,Hyperliquid,$87.78 ,3.55%,$22.08B
9/6/2026 16:22,10,Zcash,"$1,186.72 ",17.24%,$20B
,,,,,
9/6/2026 16:22,1,Bitcoin,"$79,998.58 ",0.49%,$1.6T
9/6/2026 16:22,2,Ethereum,"$2,500.67 ",1.85%,$305.01B
9/6/2026 16:22,3,Tether,$1.00 ,0.00%,$183.4B
9/6/2026 16:22,4,BNB,$757.24 ,1.26%,$100.83B
9/6/2026 16:22,5,XRP,$1.41 ,0.96%,$89.02B
9/6/2026 16:22,6,USDC,$1.00 ,0.00%,$74.54B
9/6/2026 16:22,7,Solana,$106.48 ,3.77%,$62.33B
9/6/2026 16:22,8,TRON,$0.33 ,0.41%,$31.72B
9/6/2026 16:22,9,Hyperliquid,$87.78 ,3.58%,$22.08B
9/6/2026 16:22,10,Zcash,"$1,187.69 ",17.37%,$20.01B
,,,,,
9/6/2026 16:23,1,Bitcoin,"$79,992.14 ",0.49%,$1.6T
9/6/2026 16:23,2,Ethereum,"$2,500.42 ",1.83%,$305.11B
9/6/2026 16:23,3,Tether,$1.00 ,0.00%,$183.39B
9/6/2026 16:23,4,BNB,$757.16 ,1.22%,$100.82B
9/6/2026 16:23,5,XRP,$1.42 ,1.09%,$89.14B
9/6/2026 16:23,6,USDC,$1.00 ,0.00%,$74.54B
9/6/2026 16:23,7,Solana,$106.56 ,3.85%,$62.38B
9/6/2026 16:23,8,TRON,$0.33 ,0.43%,$31.73B
9/6/2026 16:23,9,Hyperliquid,$87.70 ,3.45%,$22.05B
9/6/2026 16:23,10,Zcash,"$1,186.84 ",17.28%,$20B
,,,,,
9/6/2026 16:24,1,Bitcoin,"$79,992.14 ",0.49%,$1.6T
9/6/2026 16:24,2,Ethereum,"$2,500.42 ",1.83%,$305.11B
9/6/2026 16:24,3,Tether,$1.00 ,0.00%,$183.39B
9/6/2026 16:24,4,BNB,$757.16 ,1.22%,$100.82B
9/6/2026 16:24,5,XRP,$1.42 ,1.08%,$89.12B
9/6/2026 16:24,6,USDC,$1.00 ,0.00%,$74.54B
9/6/2026 16:24,7,Solana,$106.56 ,3.85%,$62.38B
9/6/2026 16:24,8,TRON,$0.33 ,0.43%,$31.73B
9/6/2026 16:24,9,Hyperliquid,$87.79 ,3.60%,$22.08B
9/6/2026 16:24,10,Zcash,"$1,186.90 ",17.30%,$20B
,,,,,
9/6/2026 16:24,1,Bitcoin,"$79,994.69 ",0.48%,$1.6T
9/6/2026 16:24,2,Ethereum,"$2,500.43 ",1.87%,$305.11B
9/6/2026 16:24,3,Tether,$1.00 ,0.00%,$183.39B
9/6/2026 16:24,4,BNB,$757.16 ,1.22%,$100.82B
9/6/2026 16:24,5,XRP,$1.42 ,1.08%,$89.12B
9/6/2026 16:24,6,USDC,$1.00 ,0.00%,$74.54B
9/6/2026 16:24,7,Solana,$106.56 ,3.85%,$62.38B
9/6/2026 16:24,8,TRON,$0.33 ,0.43%,$31.73B
9/6/2026 16:24,9,Hyperliquid,$87.84 ,3.65%,$22.09B
9/6/2026 16:24,10,Zcash,"$1,187.34 ",17.35%,$20.01B
,,,,,
9/6/2026 16:25,1,Bitcoin,"$79,994.69 ",0.48%,$1.6T
9/6/2026 16:25,2,Ethereum,"$2,500.43 ",1.87%,$305.11B
9/6/2026 16:25,3,Tether,$1.00 ,0.00%,$183.39B
9/6/2026 16:25,4,BNB,$757.16 ,1.22%,$100.82B
9/6/2026 16:25,5,XRP,$1.42 ,1.08%,$89.12B
9/6/2026 16:25,6,USDC,$1.00 ,0.00%,$74.54B
9/6/2026 16:25,7,Solana,$106.56 ,3.85%,$62.38B
9/6/2026 16:25,8,TRON,$0.33 ,0.43%,$31.73B
9/6/2026 16:25,9,Hyperliquid,$87.84 ,3.65%,$22.09B
9/6/2026 16:25,10,Zcash,"$1,187.42 ",17.38%,$20.01B
,,,,,
9/6/2026 16:26,1,Bitcoin,"$79,994.69 ",0.48%,$1.6T
9/6/2026 16:26,2,Ethereum,"$2,500.43 ",1.87%,$305.11B
9/6/2026 16:26,3,Tether,$1.00 ,0.00%,$183.39B
9/6/2026 16:26,4,BNB,$757.16 ,1.22%,$100.82B
9/6/2026 16:26,5,XRP,$1.42 ,1.08%,$89.12B
9/6/2026 16:26,6,USDC,$1.00 ,0.00%,$74.54B
9/6/2026 16:26,7,Solana,$106.56 ,3.85%,$62.38B
9/6/2026 16:26,8,TRON,$0.33 ,0.43%,$31.73B
9/6/2026 16:26,9,Hyperliquid,$87.84 ,3.66%,$22.09B
9/6/2026 16:26,10,Zcash,"$1,187.79 ",17.40%,$20.02B
,,,,,
9/6/2026 16:27,1,Bitcoin,"$79,990.85 ",0.49%,$1.6T
9/6/2026 16:27,2,Ethereum,"$2,500.15 ",1.84%,$305.11B
9/6/2026 16:27,3,Tether,$1.00 ,0.00%,$183.39B
9/6/2026 16:27,4,BNB,$757.16 ,1.22%,$100.82B
9/6/2026 16:27,5,XRP,$1.42 ,1.08%,$89.12B
9/6/2026 16:27,6,USDC,$1.00 ,0.00%,$74.54B
9/6/2026 16:27,7,Solana,$106.56 ,3.85%,$62.38B
9/6/2026 16:27,8,TRON,$0.33 ,0.43%,$31.73B
9/6/2026 16:27,9,Hyperliquid,$87.85 ,3.66%,$22.09B
9/6/2026 16:27,10,Zcash,"$1,187.80 ",17.40%,$20.02B
,,,,,
9/6/2026 16:27,1,Bitcoin,"$79,990.85 ",0.49%,$1.6T
9/6/2026 16:27,2,Ethereum,"$2,500.15 ",1.84%,$305.11B
9/6/2026 16:27,3,Tether,$1.00 ,0.00%,$183.39B
9/6/2026 16:27,4,BNB,$757.16 ,1.22%,$100.82B
9/6/2026 16:27,5,XRP,$1.42 ,1.08%,$89.12B
9/6/2026 16:27,6,USDC,$1.00 ,0.00%,$74.54B
9/6/2026 16:27,7,Solana,$106.56 ,3.85%,$62.38B
9/6/2026 16:27,8,TRON,$0.33 ,0.43%,$31.73B
9/6/2026 16:27,9,Hyperliquid,$87.83 ,3.65%,$22.09B
9/6/2026 16:27,10,Zcash,"$1,188.61 ",17.48%,$20.03B
,,,,,
9/6/2026 16:28,1,Bitcoin,"$79,990.85 ",0.49%,$1.6T
9/6/2026 16:28,2,Ethereum,"$2,500.15 ",1.84%,$305.11B
9/6/2026 16:28,3,Tether,$1.00 ,0.00%,$183.39B
9/6/2026 16:28,4,BNB,$757.16 ,1.22%,$100.82B
9/6/2026 16:28,5,XRP,$1.42 ,1.08%,$89.12B
9/6/2026 16:28,6,USDC,$1.00 ,0.00%,$74.54B
9/6/2026 16:28,7,Solana,$106.56 ,3.85%,$62.38B
9/6/2026 16:28,8,TRON,$0.33 ,0.43%,$31.73B
9/6/2026 16:28,9,Hyperliquid,$87.84 ,3.69%,$22.09B
9/6/2026 16:28,10,Zcash,"$1,188.59 ",17.47%,$20.03B
,,,,,
9/6/2026 16:28,1,Bitcoin,"$80,007.62 ",0.48%,$1.6T
9/6/2026 16:28,2,Ethereum,"$2,500.43 ",1.83%,$305.11B
9/6/2026 16:28,3,Tether,$1.00 ,0.00%,$183.38B
9/6/2026 16:28,4,BNB,$757.20 ,1.15%,$100.83B
9/6/2026 16:28,5,XRP,$1.42 ,1.10%,$89.15B
9/6/2026 16:28,6,USDC,$1.00 ,0.00%,$74.54B
9/6/2026 16:28,7,Solana,$106.52 ,3.84%,$62.36B
9/6/2026 16:28,8,TRON,$0.33 ,0.41%,$31.73B
9/6/2026 16:28,9,Hyperliquid,$87.84 ,3.69%,$22.09B
9/6/2026 16:28,10,Zcash,"$1,188.62 ",17.47%,$20.03B
,,,,,
9/6/2026 16:29,1,Bitcoin,"$80,007.62 ",0.48%,$1.6T
9/6/2026 16:29,2,Ethereum,"$2,500.43 ",1.83%,$305.11B
9/6/2026 16:29,3,Tether,$1.00 ,0.00%,$183.38B
9/6/2026 16:29,4,BNB,$757.20 ,1.15%,$100.83B
9/6/2026 16:29,5,XRP,$1.42 ,1.10%,$89.15B
9/6/2026 16:29,6,USDC,$1.00 ,0.00%,$74.54B
9/6/2026 16:29,7,Solana,$106.52 ,3.84%,$62.36B
9/6/2026 16:29,8,TRON,$0.33 ,0.41%,$31.73B
9/6/2026 16:29,9,Hyperliquid,$87.79 ,3.60%,$22.08B
9/6/2026 16:29,10,Zcash,"$1,186.90 ",17.30%,$20B
,,,,,
9/6/2026 16:29,1,Bitcoin,"$80,007.62 ",0.48%,$1.6T
9/6/2026 16:29,2,Ethereum,"$2,500.43 ",1.83%,$305.11B
9/6/2026 16:29,3,Tether,$1.00 ,0.00%,$183.38B
9/6/2026 16:29,4,BNB,$757.20 ,1.15%,$100.83B
9/6/2026 16:29,5,XRP,$1.42 ,1.10%,$89.15B
9/6/2026 16:29,6,USDC,$1.00 ,0.00%,$74.54B
9/6/2026 16:29,7,Solana,$106.52 ,3.84%,$62.36B
9/6/2026 16:29,8,TRON,$0.33 ,0.41%,$31.73B
9/6/2026 16:29,9,Hyperliquid,$87.84 ,3.69%,$22.09B
9/6/2026 16:29,10,Zcash,"$1,188.56 ",17.46%,$20.03B
,,,,,
9/6/2026 16:29,1,Bitcoin,"$80,007.62 ",0.48%,$1.6T
9/6/2026 16:29,2,Ethereum,"$2,500.43 ",1.83%,$305.11B
9/6/2026 16:29,3,Tether,$1.00 ,0.00%,$183.38B
9/6/2026 16:29,4,BNB,$757.20 ,1.15%,$100.83B
9/6/2026 16:29,5,XRP,$1.42 ,1.10%,$89.15B
9/6/2026 16:29,6,USDC,$1.00 ,0.00%,$74.54B
9/6/2026 16:29,7,Solana,$106.52 ,3.84%,$62.36B
9/6/2026 16:29,8,TRON,$0.33 ,0.41%,$31.73B
9/6/2026 16:29,9,Hyperliquid,$87.84 ,3.68%,$22.09B
9/6/2026 16:29,10,Zcash,"$1,188.26 ",17.43%,$20.02B
,,,,,
9/6/2026 16:30,1,Bitcoin,"$80,007.62 ",0.48%,$1.6T
9/6/2026 16:30,2,Ethereum,"$2,500.43 ",1.83%,$305.11B
9/6/2026 16:30,3,Tether,$1.00 ,0.00%,$183.38B
9/6/2026 16:30,4,BNB,$757.20 ,1.15%,$100.83B
9/6/2026 16:30,5,XRP,$1.42 ,1.10%,$89.15B
9/6/2026 16:30,6,USDC,$1.00 ,0.00%,$74.54B
9/6/2026 16:30,7,Solana,$106.52 ,3.84%,$62.36B
9/6/2026 16:30,8,TRON,$0.33 ,0.41%,$31.73B
9/6/2026 16:30,9,Hyperliquid,$87.84 ,3.68%,$22.09B
9/6/2026 16:30,10,Zcash,"$1,188.00 ",17.46%,$20.02B
,,,,,
9/6/2026 16:30,1,Bitcoin,"$80,007.62 ",0.48%,$1.6T
9/6/2026 16:30,2,Ethereum,"$2,500.43 ",1.83%,$305.11B
9/6/2026 16:30,3,Tether,$1.00 ,0.00%,$183.38B
9/6/2026 16:30,4,BNB,$757.20 ,1.15%,$100.83B
9/6/2026 16:30,5,XRP,$1.42 ,1.10%,$89.15B
9/6/2026 16:30,6,USDC,$1.00 ,0.00%,$74.54B
9/6/2026 16:30,7,Solana,$106.52 ,3.84%,$62.36B
9/6/2026 16:30,8,TRON,$0.33 ,0.41%,$31.73B
9/6/2026 16:30,9,Hyperliquid,$87.86 ,3.71%,$22.1B
9/6/2026 16:30,10,Zcash,"$1,187.57 ",17.42%,$20.01B
,,,,,
9/6/2026 16:30,1,Bitcoin,"$79,999.06 ",0.46%,$1.6T
9/6/2026 16:30,2,Ethereum,"$2,501.28 ",1.86%,$305.11B
9/6/2026 16:30,3,Tether,$1.00 ,0.00%,$183.38B
9/6/2026 16:30,4,BNB,$757.20 ,1.15%,$100.83B
9/6/2026 16:30,5,XRP,$1.42 ,1.10%,$89.15B
9/6/2026 16:30,6,USDC,$1.00 ,0.00%,$74.54B
9/6/2026 16:30,7,Solana,$106.52 ,3.84%,$62.36B
9/6/2026 16:30,8,TRON,$0.33 ,0.41%,$31.73B
9/6/2026 16:30,9,Hyperliquid,$87.86 ,3.71%,$22.1B
9/6/2026 16:30,10,Zcash,"$1,187.58 ",17.42%,$20.01B
,,,,,
9/6/2026 16:31,1,Bitcoin,"$79,999.06 ",0.46%,$1.6T
9/6/2026 16:31,2,Ethereum,"$2,501.28 ",1.86%,$305.11B
9/6/2026 16:31,3,Tether,$1.00 ,0.00%,$183.38B
9/6/2026 16:31,4,BNB,$757.20 ,1.15%,$100.83B
9/6/2026 16:31,5,XRP,$1.42 ,1.10%,$89.15B
9/6/2026 16:31,6,USDC,$1.00 ,0.00%,$74.54B
9/6/2026 16:31,7,Solana,$106.52 ,3.84%,$62.36B
9/6/2026 16:31,8,TRON,$0.33 ,0.41%,$31.73B
9/6/2026 16:31,9,Hyperliquid,$87.88 ,3.79%,$22.1B
9/6/2026 16:31,10,Zcash,"$1,187.58 ",17.50%,$20.01B
,,,,,
9/6/2026 16:31,1,Bitcoin,"$79,999.06 ",0.46%,$1.6T
9/6/2026 16:31,2,Ethereum,"$2,501.28 ",1.86%,$305.11B
9/6/2026 16:31,3,Tether,$1.00 ,0.00%,$183.38B
9/6/2026 16:31,4,BNB,$757.20 ,1.15%,$100.83B
9/6/2026 16:31,5,XRP,$1.42 ,1.10%,$89.15B
9/6/2026 16:31,6,USDC,$1.00 ,0.00%,$74.54B
9/6/2026 16:31,7,Solana,$106.52 ,3.84%,$62.36B
9/6/2026 16:31,8,TRON,$0.33 ,0.41%,$31.73B
9/6/2026 16:31,9,Hyperliquid,$87.86 ,3.77%,$22.1B
9/6/2026 16:31,10,Zcash,"$1,187.32 ",17.48%,$20.01B
,,,,,
9/6/2026 16:32,1,Bitcoin,"$79,999.06 ",0.46%,$1.6T
9/6/2026 16:32,2,Ethereum,"$2,501.28 ",1.86%,$305.11B
9/6/2026 16:32,3,Tether,$1.00 ,0.00%,$183.38B
9/6/2026 16:32,4,BNB,$757.20 ,1.15%,$100.83B
9/6/2026 16:32,5,XRP,$1.42 ,1.10%,$89.15B
9/6/2026 16:32,6,USDC,$1.00 ,0.00%,$74.54B
9/6/2026 16:32,7,Solana,$106.52 ,3.84%,$62.36B
9/6/2026 16:32,8,TRON,$0.33 ,0.41%,$31.73B
9/6/2026 16:32,9,Hyperliquid,$87.86 ,3.76%,$22.1B
9/6/2026 16:32,10,Zcash,"$1,187.00 ",17.45%,$20B
,,,,,
9/6/2026 16:32,1,Bitcoin,"$80,001.81 ",0.48%,$1.6T
9/6/2026 16:32,2,Ethereum,"$2,501.81 ",1.89%,$305.21B
9/6/2026 16:32,3,Tether,$1.00 ,0.00%,$183.39B
9/6/2026 16:32,4,BNB,$757.28 ,1.13%,$100.84B
9/6/2026 16:32,5,XRP,$1.42 ,1.09%,$89.2B
9/6/2026 16:32,6,USDC,$1.00 ,0.00%,$74.54B
9/6/2026 16:32,7,Solana,$106.61 ,3.92%,$62.41B
9/6/2026 16:32,8,TRON,$0.33 ,0.43%,$31.73B
9/6/2026 16:32,9,Hyperliquid,$87.86 ,3.77%,$22.1B
9/6/2026 16:32,10,Zcash,"$1,187.18 ",17.47%,$20.01B
,,,,,
9/6/2026 16:32,1,Bitcoin,"$80,001.81 ",0.48%,$1.6T
9/6/2026 16:32,2,Ethereum,"$2,501.81 ",1.89%,$305.21B
9/6/2026 16:32,3,Tether,$1.00 ,0.00%,$183.39B
9/6/2026 16:32,4,BNB,$757.28 ,1.13%,$100.84B
9/6/2026 16:32,5,XRP,$1.42 ,1.09%,$89.2B
9/6/2026 16:32,6,USDC,$1.00 ,0.00%,$74.54B
9/6/2026 16:32,7,Solana,$106.61 ,3.92%,$62.41B
9/6/2026 16:32,8,TRON,$0.33 ,0.43%,$31.73B
9/6/2026 16:32,9,Hyperliquid,$87.87 ,3.77%,$22.1B
9/6/2026 16:32,10,Zcash,"$1,187.40 ",17.49%,$20.01B
,,,,,
9/6/2026 16:33,1,Bitcoin,"$80,001.81 ",0.48%,$1.6T
9/6/2026 16:33,2,Ethereum,"$2,501.81 ",1.89%,$305.21B
9/6/2026 16:33,3,Tether,$1.00 ,0.00%,$183.39B
9/6/2026 16:33,4,BNB,$757.28 ,1.13%,$100.84B
9/6/2026 16:33,5,XRP,$1.42 ,1.09%,$89.2B
9/6/2026 16:33,6,USDC,$1.00 ,0.00%,$74.54B
9/6/2026 16:33,7,Solana,$106.61 ,3.92%,$62.41B
9/6/2026 16:33,8,TRON,$0.33 ,0.43%,$31.73B
9/6/2026 16:33,9,Hyperliquid,$87.87 ,3.77%,$22.1B
9/6/2026 16:33,10,Zcash,"$1,187.63 ",17.51%,$20.01B
,,,,,
9/6/2026 16:33,1,Bitcoin,"$80,001.81 ",0.48%,$1.6T
9/6/2026 16:33,2,Ethereum,"$2,501.81 ",1.89%,$305.21B
9/6/2026 16:33,3,Tether,$1.00 ,0.00%,$183.39B
9/6/2026 16:33,4,BNB,$757.28 ,1.13%,$100.84B
9/6/2026 16:33,5,XRP,$1.42 ,1.09%,$89.2B
9/6/2026 16:33,6,USDC,$1.00 ,0.00%,$74.54B
9/6/2026 16:33,7,Solana,$106.61 ,3.92%,$62.41B
9/6/2026 16:33,8,TRON,$0.33 ,0.43%,$31.73B
9/6/2026 16:33,9,Hyperliquid,$87.83 ,3.68%,$22.09B
9/6/2026 16:33,10,Zcash,"$1,188.57 ",17.47%,$20.03B
,,,,,
9/6/2026 16:33,1,Bitcoin,"$80,001.81 ",0.48%,$1.6T
9/6/2026 16:33,2,Ethereum,"$2,501.81 ",1.89%,$305.21B
9/6/2026 16:33,3,Tether,$1.00 ,0.00%,$183.39B
9/6/2026 16:33,4,BNB,$757.28 ,1.13%,$100.84B
9/6/2026 16:33,5,XRP,$1.42 ,1.09%,$89.2B
9/6/2026 16:33,6,USDC,$1.00 ,0.00%,$74.54B
9/6/2026 16:33,7,Solana,$106.61 ,3.92%,$62.41B
9/6/2026 16:33,8,TRON,$0.33 ,0.43%,$31.73B
9/6/2026 16:33,9,Hyperliquid,$87.86 ,3.75%,$22.09B
9/6/2026 16:33,10,Zcash,"$1,188.23 ",17.57%,$20.02B
,,,,,
9/6/2026 16:34,1,Bitcoin,"$80,001.81 ",0.48%,$1.6T
9/6/2026 16:34,2,Ethereum,"$2,501.81 ",1.89%,$305.21B
9/6/2026 16:34,3,Tether,$1.00 ,0.00%,$183.39B
9/6/2026 16:34,4,BNB,$757.28 ,1.13%,$100.84B
9/6/2026 16:34,5,XRP,$1.42 ,1.09%,$89.2B
9/6/2026 16:34,6,USDC,$1.00 ,0.00%,$74.54B
9/6/2026 16:34,7,Solana,$106.61 ,3.92%,$62.41B
9/6/2026 16:34,8,TRON,$0.33 ,0.43%,$31.73B
9/6/2026 16:34,9,Hyperliquid,$87.83 ,3.68%,$22.09B
9/6/2026 16:34,10,Zcash,"$1,188.57 ",17.47%,$20.03B
,,,,,
9/6/2026 16:34,1,Bitcoin,"$80,004.31 ",0.47%,$1.6T
9/6/2026 16:34,2,Ethereum,"$2,500.84 ",1.88%,$305.21B
9/6/2026 16:34,3,Tether,$1.00 ,0.00%,$183.39B
9/6/2026 16:34,4,BNB,$757.28 ,1.13%,$100.84B
9/6/2026 16:34,5,XRP,$1.42 ,1.09%,$89.2B
9/6/2026 16:34,6,USDC,$1.00 ,0.00%,$74.54B
9/6/2026 16:34,7,Solana,$106.61 ,3.92%,$62.41B
9/6/2026 16:34,8,TRON,$0.33 ,0.43%,$31.73B
9/6/2026 16:34,9,Hyperliquid,$87.85 ,3.75%,$22.09B
9/6/2026 16:34,10,Zcash,"$1,188.11 ",17.64%,$20.02B
,,,,,
9/6/2026 16:35,1,Bitcoin,"$80,004.31 ",0.47%,$1.6T
9/6/2026 16:35,2,Ethereum,"$2,500.84 ",1.88%,$305.21B
9/6/2026 16:35,3,Tether,$1.00 ,0.00%,$183.39B
9/6/2026 16:35,4,BNB,$757.28 ,1.13%,$100.84B
9/6/2026 16:35,5,XRP,$1.42 ,1.09%,$89.2B
9/6/2026 16:35,6,USDC,$1.00 ,0.00%,$74.54B
9/6/2026 16:35,7,Solana,$106.61 ,3.92%,$62.41B
9/6/2026 16:35,8,TRON,$0.33 ,0.43%,$31.73B
9/6/2026 16:35,9,Hyperliquid,$87.84 ,3.73%,$22.09B
9/6/2026 16:35,10,Zcash,"$1,187.82 ",17.62%,$20.02B
,,,,,
9/6/2026 16:35,1,Bitcoin,"$80,004.31 ",0.47%,$1.6T
9/6/2026 16:35,2,Ethereum,"$2,500.84 ",1.88%,$305.21B
9/6/2026 16:35,3,Tether,$1.00 ,0.00%,$183.39B
9/6/2026 16:35,4,BNB,$757.28 ,1.13%,$100.84B
9/6/2026 16:35,5,XRP,$1.42 ,1.09%,$89.2B
9/6/2026 16:35,6,USDC,$1.00 ,0.00%,$74.54B
9/6/2026 16:35,7,Solana,$106.61 ,3.92%,$62.41B
9/6/2026 16:35,8,TRON,$0.33 ,0.43%,$31.73B
9/6/2026 16:35,9,Hyperliquid,$87.84 ,3.73%,$22.09B
9/6/2026 16:35,10,Zcash,"$1,187.74 ",17.61%,$20.02B
,,,,,
9/6/2026 16:35,1,Bitcoin,"$80,004.31 ",0.47%,$1.6T
9/6/2026 16:35,2,Ethereum,"$2,500.84 ",1.88%,$305.21B
9/6/2026 16:35,3,Tether,$1.00 ,0.00%,$183.39B
9/6/2026 16:35,4,BNB,$757.28 ,1.13%,$100.84B
9/6/2026 16:35,5,XRP,$1.42 ,1.09%,$89.2B
9/6/2026 16:35,6,USDC,$1.00 ,0.00%,$74.54B
9/6/2026 16:35,7,Solana,$106.61 ,3.92%,$62.41B
9/6/2026 16:35,8,TRON,$0.33 ,0.43%,$31.73B
9/6/2026 16:35,9,Hyperliquid,$87.84 ,3.73%,$22.09B
9/6/2026 16:35,10,Zcash,"$1,187.63 ",17.60%,$20.01B
,,,,,
9/6/2026 16:36,1,Bitcoin,"$80,004.31 ",0.47%,$1.6T
9/6/2026 16:36,2,Ethereum,"$2,500.84 ",1.88%,$305.21B
9/6/2026 16:36,3,Tether,$1.00 ,0.00%,$183.39B
9/6/2026 16:36,4,BNB,$757.28 ,1.13%,$100.84B
9/6/2026 16:36,5,XRP,$1.42 ,1.09%,$89.2B
9/6/2026 16:36,6,USDC,$1.00 ,0.00%,$74.54B
9/6/2026 16:36,7,Solana,$106.61 ,3.92%,$62.41B
9/6/2026 16:36,8,TRON,$0.33 ,0.43%,$31.73B
9/6/2026 16:36,9,Hyperliquid,$87.85 ,3.75%,$22.09B
9/6/2026 16:36,10,Zcash,"$1,188.57 ",17.47%,$20.03B
,,,,,
9/6/2026 16:36,1,Bitcoin,"$80,004.31 ",0.47%,$1.6T
9/6/2026 16:36,2,Ethereum,"$2,500.84 ",1.88%,$305.21B
9/6/2026 16:36,3,Tether,$1.00 ,0.00%,$183.39B
9/6/2026 16:36,4,BNB,$757.28 ,1.13%,$100.84B
9/6/2026 16:36,5,XRP,$1.42 ,1.09%,$89.2B
9/6/2026 16:36,6,USDC,$1.00 ,0.00%,$74.54B
9/6/2026 16:36,7,Solana,$106.61 ,3.92%,$62.41B
9/6/2026 16:36,8,TRON,$0.33 ,0.43%,$31.73B
9/6/2026 16:36,9,Hyperliquid,$87.80 ,3.70%,$22.08B
9/6/2026 16:36,10,Zcash,"$1,187.31 ",17.77%,$20.01B
,,,,,
9/6/2026 16:37,1,Bitcoin,"$79,996.69 ",0.45%,$1.6T
9/6/2026 16:37,2,Ethereum,"$2,502.08 ",1.93%,$305.21B
9/6/2026 16:37,3,Tether,$1.00 ,0.00%,$183.39B
9/6/2026 16:37,4,BNB,$757.28 ,1.13%,$100.84B
9/6/2026 16:37,5,XRP,$1.42 ,1.09%,$89.2B
9/6/2026 16:37,6,USDC,$1.00 ,0.00%,$74.54B
9/6/2026 16:37,7,Solana,$106.61 ,3.92%,$62.41B
9/6/2026 16:37,8,TRON,$0.33 ,0.43%,$31.73B
9/6/2026 16:37,9,Hyperliquid,$87.83 ,3.71%,$22.09B
9/6/2026 16:37,10,Zcash,"$1,187.68 ",17.96%,$20.01B
,,,,,
9/6/2026 16:38,1,Bitcoin,"$79,996.69 ",0.45%,$1.6T
9/6/2026 16:38,2,Ethereum,"$2,502.08 ",1.93%,$305.21B
9/6/2026 16:38,3,Tether,$1.00 ,0.00%,$183.39B
9/6/2026 16:38,4,BNB,$757.28 ,1.13%,$100.84B
9/6/2026 16:38,5,XRP,$1.42 ,1.09%,$89.2B
9/6/2026 16:38,6,USDC,$1.00 ,0.00%,$74.54B
9/6/2026 16:38,7,Solana,$106.61 ,3.92%,$62.41B
9/6/2026 16:38,8,TRON,$0.33 ,0.43%,$31.73B
9/6/2026 16:38,9,Hyperliquid,$87.80 ,3.67%,$22.08B
9/6/2026 16:38,10,Zcash,"$1,187.12 ",17.90%,$20.01B
,,,,,
9/6/2026 16:39,1,Bitcoin,"$79,981.29 ",0.41%,$1.6T
9/6/2026 16:39,2,Ethereum,"$2,502.15 ",1.94%,$305.21B
9/6/2026 16:39,3,Tether,$1.00 ,0.00%,$183.39B
9/6/2026 16:39,4,BNB,$757.28 ,1.13%,$100.84B
9/6/2026 16:39,5,XRP,$1.42 ,1.09%,$89.2B
9/6/2026 16:39,6,USDC,$1.00 ,0.00%,$74.54B
9/6/2026 16:39,7,Solana,$106.61 ,3.92%,$62.41B
9/6/2026 16:39,8,TRON,$0.33 ,0.43%,$31.73B
9/6/2026 16:39,9,Hyperliquid,$87.80 ,3.67%,$22.08B
9/6/2026 16:39,10,Zcash,"$1,187.53 ",17.89%,$20.01B
,,,,,
9/6/2026 16:39,1,Bitcoin,"$79,981.29 ",0.41%,$1.6T
9/6/2026 16:39,2,Ethereum,"$2,502.15 ",1.94%,$305.21B
9/6/2026 16:39,3,Tether,$1.00 ,0.00%,$183.39B
9/6/2026 16:39,4,BNB,$757.28 ,1.13%,$100.84B
9/6/2026 16:39,5,XRP,$1.42 ,1.09%,$89.2B
9/6/2026 16:39,6,USDC,$1.00 ,0.00%,$74.54B
9/6/2026 16:39,7,Solana,$106.61 ,3.92%,$62.41B
9/6/2026 16:39,8,TRON,$0.33 ,0.43%,$31.73B
9/6/2026 16:39,9,Hyperliquid,$87.80 ,3.67%,$22.08B
9/6/2026 16:39,10,Zcash,"$1,187.91 ",17.93%,$20.02B
,,,,,
9/6/2026 16:39,1,Bitcoin,"$79,981.29 ",0.41%,$1.6T
9/6/2026 16:39,2,Ethereum,"$2,502.15 ",1.94%,$305.21B
9/6/2026 16:39,3,Tether,$1.00 ,0.00%,$183.39B
9/6/2026 16:39,4,BNB,$757.28 ,1.13%,$100.84B
9/6/2026 16:39,5,XRP,$1.42 ,1.09%,$89.2B
9/6/2026 16:39,6,USDC,$1.00 ,0.01%,$74.54B
9/6/2026 16:39,7,Solana,$106.61 ,3.92%,$62.41B
9/6/2026 16:39,8,TRON,$0.33 ,0.43%,$31.73B
9/6/2026 16:39,9,Hyperliquid,$87.83 ,3.68%,$22.09B
9/6/2026 16:39,10,Zcash,"$1,188.57 ",17.47%,$20.03B
,,,,,
9/6/2026 16:40,1,Bitcoin,"$79,981.29 ",0.41%,$1.6T
9/6/2026 16:40,2,Ethereum,"$2,502.15 ",1.94%,$305.21B
9/6/2026 16:40,3,Tether,$1.00 ,0.00%,$183.39B
9/6/2026 16:40,4,BNB,$757.28 ,1.13%,$100.84B
9/6/2026 16:40,5,XRP,$1.42 ,1.09%,$89.2B
9/6/2026 16:40,6,USDC,$1.00 ,0.00%,$74.54B
9/6/2026 16:40,7,Solana,$106.61 ,3.92%,$62.41B
9/6/2026 16:40,8,TRON,$0.33 ,0.43%,$31.73B
9/6/2026 16:40,9,Hyperliquid,$87.79 ,3.63%,$22.08B
9/6/2026 16:40,10,Zcash,"$1,187.37 ",17.66%,$20.01B
,,,,,
9/6/2026 16:40,1,Bitcoin,"$79,990.64 ",0.40%,$1.6T
9/6/2026 16:40,2,Ethereum,"$2,502.45 ",1.94%,$305.31B
9/6/2026 16:40,3,Tether,$1.00 ,0.01%,$183.41B
9/6/2026 16:40,4,BNB,$757.30 ,1.21%,$100.84B
9/6/2026 16:40,5,XRP,$1.42 ,1.15%,$89.2B
9/6/2026 16:40,6,USDC,$1.00 ,0.03%,$74.56B
9/6/2026 16:40,7,Solana,$106.61 ,3.95%,$62.41B
9/6/2026 16:40,8,TRON,$0.33 ,0.45%,$31.73B
9/6/2026 16:40,9,Hyperliquid,$87.79 ,3.63%,$22.08B
9/6/2026 16:40,10,Zcash,"$1,187.36 ",17.66%,$20.01B
,,,,,
9/6/2026 16:41,1,Bitcoin,"$79,990.64 ",0.40%,$1.6T
9/6/2026 16:41,2,Ethereum,"$2,502.45 ",1.94%,$305.31B
9/6/2026 16:41,3,Tether,$1.00 ,0.01%,$183.41B
9/6/2026 16:41,4,BNB,$757.30 ,1.21%,$100.84B
9/6/2026 16:41,5,XRP,$1.42 ,1.15%,$89.2B
9/6/2026 16:41,6,USDC,$1.00 ,0.03%,$74.56B
9/6/2026 16:41,7,Solana,$106.61 ,3.95%,$62.41B
9/6/2026 16:41,8,TRON,$0.33 ,0.45%,$31.73B
9/6/2026 16:41,9,Hyperliquid,$87.80 ,3.63%,$22.08B
9/6/2026 16:41,10,Zcash,"$1,187.31 ",17.68%,$20.01B
,,,,,
9/6/2026 16:41,1,Bitcoin,"$79,990.64 ",0.40%,$1.6T
9/6/2026 16:41,2,Ethereum,"$2,502.45 ",1.94%,$305.31B
9/6/2026 16:41,3,Tether,$1.00 ,0.01%,$183.41B
9/6/2026 16:41,4,BNB,$757.30 ,1.21%,$100.84B
9/6/2026 16:41,5,XRP,$1.42 ,1.15%,$89.2B
9/6/2026 16:41,6,USDC,$1.00 ,0.03%,$74.56B
9/6/2026 16:41,7,Solana,$106.61 ,3.95%,$62.41B
9/6/2026 16:41,8,TRON,$0.33 ,0.45%,$31.73B
9/6/2026 16:41,9,Hyperliquid,$87.87 ,3.77%,$22.1B
9/6/2026 16:41,10,Zcash,"$1,187.64 ",17.52%,$20.01B
,,,,,
9/6/2026 16:42,1,Bitcoin,"$79,990.64 ",0.40%,$1.6T
9/6/2026 16:42,2,Ethereum,"$2,502.45 ",1.94%,$305.31B
9/6/2026 16:42,3,Tether,$1.00 ,0.01%,$183.41B
9/6/2026 16:42,4,BNB,$757.30 ,1.21%,$100.84B
9/6/2026 16:42,5,XRP,$1.42 ,1.15%,$89.2B
9/6/2026 16:42,6,USDC,$1.00 ,0.03%,$74.56B
9/6/2026 16:42,7,Solana,$106.61 ,3.95%,$62.41B
9/6/2026 16:42,8,TRON,$0.33 ,0.45%,$31.73B
9/6/2026 16:42,9,Hyperliquid,$87.80 ,3.63%,$22.08B
9/6/2026 16:42,10,Zcash,"$1,187.05 ",17.65%,$20B
,,,,,
9/6/2026 16:42,1,Bitcoin,"$79,990.64 ",0.40%,$1.6T
9/6/2026 16:42,2,Ethereum,"$2,502.45 ",1.94%,$305.31B
9/6/2026 16:42,3,Tether,$1.00 ,0.01%,$183.41B
9/6/2026 16:42,4,BNB,$757.30 ,1.21%,$100.84B
9/6/2026 16:42,5,XRP,$1.42 ,1.15%,$89.2B
9/6/2026 16:42,6,USDC,$1.00 ,0.03%,$74.56B
9/6/2026 16:42,7,Solana,$106.61 ,3.95%,$62.41B
9/6/2026 16:42,8,TRON,$0.33 ,0.45%,$31.73B
9/6/2026 16:42,9,Hyperliquid,$87.79 ,3.62%,$22.08B
9/6/2026 16:42,10,Zcash,"$1,187.06 ",17.68%,$20B
,,,,,
9/6/2026 16:42,1,Bitcoin,"$79,990.64 ",0.40%,$1.6T
9/6/2026 16:42,2,Ethereum,"$2,502.45 ",1.94%,$305.31B
9/6/2026 16:42,3,Tether,$1.00 ,0.01%,$183.41B
9/6/2026 16:42,4,BNB,$757.30 ,1.21%,$100.84B
9/6/2026 16:42,5,XRP,$1.42 ,1.15%,$89.2B
9/6/2026 16:42,6,USDC,$1.00 ,0.03%,$74.56B
9/6/2026 16:42,7,Solana,$106.61 ,3.95%,$62.41B
9/6/2026 16:42,8,TRON,$0.33 ,0.45%,$31.73B
9/6/2026 16:42,9,Hyperliquid,$87.79 ,3.62%,$22.08B
9/6/2026 16:42,10,Zcash,"$1,186.05 ",17.58%,$19.99B
,,,,,
9/6/2026 16:42,1,Bitcoin,"$79,947.74 ",0.36%,$1.6T
9/6/2026 16:42,2,Ethereum,"$2,502.80 ",1.95%,$305.4B
9/6/2026 16:42,3,Tether,$1.00 ,0.01%,$183.39B
9/6/2026 16:42,4,BNB,$756.96 ,1.10%,$100.79B
9/6/2026 16:42,5,XRP,$1.42 ,1.06%,$89.14B
9/6/2026 16:42,6,USDC,$1.00 ,0.01%,$74.54B
9/6/2026 16:42,7,Solana,$106.57 ,3.95%,$62.39B
9/6/2026 16:42,8,TRON,$0.33 ,0.44%,$31.73B
9/6/2026 16:42,9,Hyperliquid,$87.79 ,3.62%,$22.08B
9/6/2026 16:42,10,Zcash,"$1,186.06 ",17.58%,$19.99B
,,,,,
9/6/2026 16:43,1,Bitcoin,"$79,947.74 ",0.36%,$1.6T
9/6/2026 16:43,2,Ethereum,"$2,502.80 ",1.95%,$305.4B
9/6/2026 16:43,3,Tether,$1.00 ,0.01%,$183.39B
9/6/2026 16:43,4,BNB,$756.96 ,1.10%,$100.79B
9/6/2026 16:43,5,XRP,$1.42 ,1.06%,$89.14B
9/6/2026 16:43,6,USDC,$1.00 ,0.01%,$74.54B
9/6/2026 16:43,7,Solana,$106.57 ,3.95%,$62.39B
9/6/2026 16:43,8,TRON,$0.33 ,0.44%,$31.73B
9/6/2026 16:43,9,Hyperliquid,$87.79 ,3.56%,$22.08B
9/6/2026 16:43,10,Zcash,"$1,186.13 ",17.62%,$19.99B
,,,,,
9/6/2026 16:43,1,Bitcoin,"$79,947.74 ",0.36%,$1.6T
9/6/2026 16:43,2,Ethereum,"$2,502.80 ",1.95%,$305.4B
9/6/2026 16:43,3,Tether,$1.00 ,0.01%,$183.39B
9/6/2026 16:43,4,BNB,$756.96 ,1.10%,$100.79B
9/6/2026 16:43,5,XRP,$1.42 ,1.06%,$89.14B
9/6/2026 16:43,6,USDC,$1.00 ,0.01%,$74.54B
9/6/2026 16:43,7,Solana,$106.57 ,3.95%,$62.39B
9/6/2026 16:43,8,TRON,$0.33 ,0.44%,$31.73B
9/6/2026 16:43,9,Hyperliquid,$87.79 ,3.56%,$22.08B
9/6/2026 16:43,10,Zcash,"$1,186.16 ",17.63%,$19.99B
,,,,,
9/6/2026 16:44,1,Bitcoin,"$79,947.74 ",0.36%,$1.6T
9/6/2026 16:44,2,Ethereum,"$2,502.80 ",1.95%,$305.4B
9/6/2026 16:44,3,Tether,$1.00 ,0.01%,$183.39B
9/6/2026 16:44,4,BNB,$756.96 ,1.10%,$100.79B
9/6/2026 16:44,5,XRP,$1.42 ,1.06%,$89.14B
9/6/2026 16:44,6,USDC,$1.00 ,0.01%,$74.54B
9/6/2026 16:44,7,Solana,$106.57 ,3.95%,$62.39B
9/6/2026 16:44,8,TRON,$0.33 ,0.44%,$31.73B
9/6/2026 16:44,9,Hyperliquid,$87.79 ,3.56%,$22.08B
9/6/2026 16:44,10,Zcash,"$1,186.21 ",17.68%,$19.99B
,,,,,
9/6/2026 16:44,1,Bitcoin,"$79,947.74 ",0.36%,$1.6T
9/6/2026 16:44,2,Ethereum,"$2,502.80 ",1.95%,$305.4B
9/6/2026 16:44,3,Tether,$1.00 ,0.01%,$183.39B
9/6/2026 16:44,4,BNB,$756.96 ,1.10%,$100.79B
9/6/2026 16:44,5,XRP,$1.42 ,1.06%,$89.14B
9/6/2026 16:44,6,USDC,$1.00 ,0.01%,$74.54B
9/6/2026 16:44,7,Solana,$106.57 ,3.95%,$62.39B
9/6/2026 16:44,8,TRON,$0.33 ,0.44%,$31.73B
9/6/2026 16:44,9,Hyperliquid,$87.79 ,3.56%,$22.08B
9/6/2026 16:44,10,Zcash,"$1,186.22 ",17.68%,$19.99B
,,,,,
9/6/2026 16:45,1,Bitcoin,"$79,947.74 ",0.36%,$1.6T
9/6/2026 16:45,2,Ethereum,"$2,501.86 ",1.92%,$305.4B
9/6/2026 16:45,3,Tether,$1.00 ,0.01%,$183.39B
9/6/2026 16:45,4,BNB,$756.96 ,1.10%,$100.79B
9/6/2026 16:45,5,XRP,$1.42 ,1.06%,$89.14B
9/6/2026 16:45,6,USDC,$1.00 ,0.01%,$74.54B
9/6/2026 16:45,7,Solana,$106.57 ,3.95%,$62.39B
9/6/2026 16:45,8,TRON,$0.33 ,0.44%,$31.73B
9/6/2026 16:45,9,Hyperliquid,$87.79 ,3.56%,$22.08B
9/6/2026 16:45,10,Zcash,"$1,186.82 ",17.74%,$20B
,,,,,
9/6/2026 16:45,1,Bitcoin,"$79,947.74 ",0.36%,$1.6T
9/6/2026 16:45,2,Ethereum,"$2,501.86 ",1.92%,$305.4B
9/6/2026 16:45,3,Tether,$1.00 ,0.01%,$183.39B
9/6/2026 16:45,4,BNB,$756.96 ,1.10%,$100.79B
9/6/2026 16:45,5,XRP,$1.42 ,1.06%,$89.14B
9/6/2026 16:45,6,USDC,$1.00 ,0.01%,$74.54B
9/6/2026 16:45,7,Solana,$106.57 ,3.95%,$62.39B
9/6/2026 16:45,8,TRON,$0.33 ,0.44%,$31.73B
9/6/2026 16:45,9,Hyperliquid,$87.79 ,3.56%,$22.08B
9/6/2026 16:45,10,Zcash,"$1,186.87 ",17.76%,$20B
,,,,,
9/6/2026 16:45,1,Bitcoin,"$79,947.74 ",0.36%,$1.6T
9/6/2026 16:45,2,Ethereum,"$2,501.86 ",1.92%,$305.4B
9/6/2026 16:45,3,Tether,$1.00 ,0.01%,$183.39B
9/6/2026 16:45,4,BNB,$756.96 ,1.10%,$100.79B
9/6/2026 16:45,5,XRP,$1.42 ,1.06%,$89.14B
9/6/2026 16:45,6,USDC,$1.00 ,0.01%,$74.54B
9/6/2026 16:45,7,Solana,$106.57 ,3.95%,$62.39B
9/6/2026 16:45,8,TRON,$0.33 ,0.44%,$31.73B
9/6/2026 16:45,9,Hyperliquid,$87.74 ,3.50%,$22.07B
9/6/2026 16:45,10,Zcash,"$1,187.34 ",17.81%,$20.01B
,,,,,
9/6/2026 16:45,1,Bitcoin,"$79,947.74 ",0.36%,$1.6T
9/6/2026 16:45,2,Ethereum,"$2,501.86 ",1.92%,$305.4B
9/6/2026 16:45,3,Tether,$1.00 ,0.01%,$183.39B
9/6/2026 16:45,4,BNB,$756.96 ,1.10%,$100.79B
9/6/2026 16:45,5,XRP,$1.42 ,1.06%,$89.14B
9/6/2026 16:45,6,USDC,$1.00 ,0.01%,$74.54B
9/6/2026 16:45,7,Solana,$106.57 ,3.95%,$62.39B
9/6/2026 16:45,8,TRON,$0.33 ,0.44%,$31.73B
9/6/2026 16:45,9,Hyperliquid,$87.74 ,3.50%,$22.07B
9/6/2026 16:45,10,Zcash,"$1,187.32 ",17.81%,$20.01B
,,,,,
9/6/2026 16:46,1,Bitcoin,"$79,947.74 ",0.36%,$1.6T
9/6/2026 16:46,2,Ethereum,"$2,501.86 ",1.92%,$305.4B
9/6/2026 16:46,3,Tether,$1.00 ,0.01%,$183.39B
9/6/2026 16:46,4,BNB,$756.96 ,1.10%,$100.79B
9/6/2026 16:46,5,XRP,$1.42 ,1.06%,$89.14B
9/6/2026 16:46,6,USDC,$1.00 ,0.01%,$74.54B
9/6/2026 16:46,7,Solana,$106.57 ,3.95%,$62.39B
9/6/2026 16:46,8,TRON,$0.33 ,0.44%,$31.73B
9/6/2026 16:46,9,Hyperliquid,$87.75 ,3.54%,$22.07B
9/6/2026 16:46,10,Zcash,"$1,186.59 ",17.87%,$20B
,,,,,
9/6/2026 16:46,1,Bitcoin,"$79,947.74 ",0.36%,$1.6T
9/6/2026 16:46,2,Ethereum,"$2,501.86 ",1.92%,$305.4B
9/6/2026 16:46,3,Tether,$1.00 ,0.01%,$183.39B
9/6/2026 16:46,4,BNB,$756.96 ,1.10%,$100.79B
9/6/2026 16:46,5,XRP,$1.42 ,1.06%,$89.14B
9/6/2026 16:46,6,USDC,$1.00 ,0.01%,$74.54B
9/6/2026 16:46,7,Solana,$106.57 ,3.95%,$62.39B
9/6/2026 16:46,8,TRON,$0.33 ,0.44%,$31.73B
9/6/2026 16:46,9,Hyperliquid,$87.76 ,3.55%,$22.07B
9/6/2026 16:46,10,Zcash,"$1,186.60 ",17.87%,$20B
,,,,,
9/6/2026 16:50,1,Bitcoin,"$79,956.06 ",0.39%,$1.6T
9/6/2026 16:50,2,Ethereum,"$2,501.87 ",1.93%,$305.31B
9/6/2026 16:50,3,Tether,$1.00 ,0.01%,$183.4B
9/6/2026 16:50,4,BNB,$757.12 ,0.49%,$100.82B
9/6/2026 16:50,5,XRP,$1.42 ,1.06%,$89.14B
9/6/2026 16:50,6,USDC,$1.00 ,0.01%,$74.54B
9/6/2026 16:50,7,Solana,$106.53 ,3.91%,$62.37B
9/6/2026 16:50,8,TRON,$0.33 ,0.44%,$31.73B
9/6/2026 16:50,9,Hyperliquid,$87.79 ,3.62%,$22.08B
9/6/2026 16:50,10,Zcash,"$1,187.06 ",17.68%,$20B
,,,,,
9/6/2026 16:51,1,Bitcoin,"$79,956.06 ",0.39%,$1.6T
9/6/2026 16:51,2,Ethereum,"$2,501.87 ",1.93%,$305.31B
9/6/2026 16:51,3,Tether,$1.00 ,0.01%,$183.4B
9/6/2026 16:51,4,BNB,$757.12 ,0.49%,$100.82B
9/6/2026 16:51,5,XRP,$1.42 ,1.06%,$89.14B
9/6/2026 16:51,6,USDC,$1.00 ,0.01%,$74.54B
9/6/2026 16:51,7,Solana,$106.53 ,3.91%,$62.37B
9/6/2026 16:51,8,TRON,$0.33 ,0.44%,$31.73B
9/6/2026 16:51,9,Hyperliquid,$87.88 ,3.73%,$22.1B
9/6/2026 16:51,10,Zcash,"$1,185.71 ",17.80%,$19.98B
,,,,,
9/6/2026 16:51,1,Bitcoin,"$79,991.18 ",0.46%,$1.6T
9/6/2026 16:51,2,Ethereum,"$2,502.98 ",2.01%,$305.31B
9/6/2026 16:51,3,Tether,$1.00 ,0.01%,$183.4B
9/6/2026 16:51,4,BNB,$757.12 ,0.49%,$100.82B
9/6/2026 16:51,5,XRP,$1.42 ,1.06%,$89.14B
9/6/2026 16:51,6,USDC,$1.00 ,0.01%,$74.54B
9/6/2026 16:51,7,Solana,$106.53 ,3.91%,$62.37B
9/6/2026 16:51,8,TRON,$0.33 ,0.44%,$31.73B
9/6/2026 16:51,9,Hyperliquid,$87.87 ,3.72%,$22.1B
9/6/2026 16:51,10,Zcash,"$1,185.55 ",17.78%,$19.98B
,,,,,
9/6/2026 16:52,1,Bitcoin,"$79,991.18 ",0.46%,$1.6T
9/6/2026 16:52,2,Ethereum,"$2,502.98 ",2.01%,$305.31B
9/6/2026 16:52,3,Tether,$1.00 ,0.01%,$183.4B
9/6/2026 16:52,4,BNB,$757.12 ,0.49%,$100.82B
9/6/2026 16:52,5,XRP,$1.42 ,1.06%,$89.14B
9/6/2026 16:52,6,USDC,$1.00 ,0.01%,$74.54B
9/6/2026 16:52,7,Solana,$106.53 ,3.91%,$62.37B
9/6/2026 16:52,8,TRON,$0.33 ,0.44%,$31.73B
9/6/2026 16:52,9,Hyperliquid,$87.91 ,3.71%,$22.11B
9/6/2026 16:52,10,Zcash,"$1,185.39 ",17.70%,$19.98B
,,,,,
9/6/2026 16:53,1,Bitcoin,"$79,991.18 ",0.46%,$1.6T
9/6/2026 16:53,2,Ethereum,"$2,502.98 ",2.01%,$305.31B
9/6/2026 16:53,3,Tether,$1.00 ,0.01%,$183.4B
9/6/2026 16:53,4,BNB,$757.12 ,0.49%,$100.82B
9/6/2026 16:53,5,XRP,$1.42 ,1.06%,$89.14B
9/6/2026 16:53,6,USDC,$1.00 ,0.01%,$74.54B
9/6/2026 16:53,7,Solana,$106.53 ,3.91%,$62.37B
9/6/2026 16:53,8,TRON,$0.33 ,0.44%,$31.73B
9/6/2026 16:53,9,Hyperliquid,$87.91 ,3.70%,$22.11B
9/6/2026 16:53,10,Zcash,"$1,185.22 ",17.61%,$19.97B
,,,,,
9/6/2026 16:54,1,Bitcoin,"$79,991.18 ",0.46%,$1.6T
9/6/2026 16:54,2,Ethereum,"$2,502.98 ",2.01%,$305.31B
9/6/2026 16:54,3,Tether,$1.00 ,0.01%,$183.4B
9/6/2026 16:54,4,BNB,$757.12 ,0.49%,$100.82B
9/6/2026 16:54,5,XRP,$1.42 ,1.06%,$89.14B
9/6/2026 16:54,6,USDC,$1.00 ,0.01%,$74.54B
9/6/2026 16:54,7,Solana,$106.56 ,4.11%,$62.38B
9/6/2026 16:54,8,TRON,$0.33 ,0.44%,$31.73B
9/6/2026 16:54,9,Hyperliquid,$88.05 ,3.88%,$22.14B
9/6/2026 16:54,10,Zcash,"$1,185.08 ",17.60%,$19.97B
,,,,,
9/6/2026 16:54,1,Bitcoin,"$79,991.18 ",0.46%,$1.6T
9/6/2026 16:54,2,Ethereum,"$2,502.98 ",2.01%,$305.31B
9/6/2026 16:54,3,Tether,$1.00 ,0.01%,$183.4B
9/6/2026 16:54,4,BNB,$757.12 ,0.49%,$100.82B
9/6/2026 16:54,5,XRP,$1.42 ,1.06%,$89.14B
9/6/2026 16:54,6,USDC,$1.00 ,0.01%,$74.54B
9/6/2026 16:54,7,Solana,$106.53 ,3.91%,$62.37B
9/6/2026 16:54,8,TRON,$0.33 ,0.44%,$31.73B
9/6/2026 16:54,9,Hyperliquid,$88.33 ,4.20%,$22.21B
9/6/2026 16:54,10,Zcash,"$1,184.11 ",17.51%,$19.95B
,,,,,
9/6/2026 16:55,1,Bitcoin,"$79,936.02 ",0.39%,$1.6T
9/6/2026 16:55,2,Ethereum,"$2,503.36 ",2.04%,$305.43B
9/6/2026 16:55,3,Tether,$1.00 ,0.01%,$183.4B
9/6/2026 16:55,4,BNB,$757.21 ,0.60%,$100.83B
9/6/2026 16:55,5,XRP,$1.42 ,1.17%,$89.2B
9/6/2026 16:55,6,USDC,$1.00 ,0.02%,$74.55B
9/6/2026 16:55,7,Solana,$106.56 ,4.01%,$62.38B
9/6/2026 16:55,8,TRON,$0.33 ,0.56%,$31.76B
9/6/2026 16:55,9,Hyperliquid,$88.34 ,4.19%,$22.22B
9/6/2026 16:55,10,Zcash,"$1,184.04 ",17.41%,$19.95B
,,,,,
9/6/2026 16:56,1,Bitcoin,"$79,936.02 ",0.39%,$1.6T
9/6/2026 16:56,2,Ethereum,"$2,503.36 ",2.04%,$305.43B
9/6/2026 16:56,3,Tether,$1.00 ,0.01%,$183.4B
9/6/2026 16:56,4,BNB,$757.21 ,0.60%,$100.83B
9/6/2026 16:56,5,XRP,$1.42 ,1.17%,$89.2B
9/6/2026 16:56,6,USDC,$1.00 ,0.02%,$74.55B
9/6/2026 16:56,7,Solana,$106.56 ,4.01%,$62.38B
9/6/2026 16:56,8,TRON,$0.33 ,0.56%,$31.76B
9/6/2026 16:56,9,Hyperliquid,$88.35 ,4.20%,$22.22B
9/6/2026 16:56,10,Zcash,"$1,177.53 ",16.77%,$19.84B
,,,,,
9/6/2026 16:57,1,Bitcoin,"$79,936.02 ",0.39%,$1.6T
9/6/2026 16:57,2,Ethereum,"$2,503.36 ",2.04%,$305.43B
9/6/2026 16:57,3,Tether,$1.00 ,0.01%,$183.4B
9/6/2026 16:57,4,BNB,$757.21 ,0.60%,$100.83B
9/6/2026 16:57,5,XRP,$1.42 ,1.17%,$89.2B
9/6/2026 16:57,6,USDC,$1.00 ,0.02%,$74.55B
9/6/2026 16:57,7,Solana,$106.56 ,4.01%,$62.38B
9/6/2026 16:57,8,TRON,$0.33 ,0.56%,$31.76B
9/6/2026 16:57,9,Hyperliquid,$88.34 ,4.19%,$22.22B
9/6/2026 16:57,10,Zcash,"$1,185.88 ",17.84%,$19.98B
,,,,,
9/6/2026 16:59,1,Bitcoin,"$79,946.82 ",0.40%,$1.6T
9/6/2026 16:59,2,Ethereum,"$2,502.47 ",2.01%,$305.43B
9/6/2026 16:59,3,Tether,$1.00 ,0.01%,$183.4B
9/6/2026 16:59,4,BNB,$757.21 ,0.60%,$100.83B
9/6/2026 16:59,5,XRP,$1.42 ,1.17%,$89.2B
9/6/2026 16:59,6,USDC,$1.00 ,0.02%,$74.55B
9/6/2026 16:59,7,Solana,$106.56 ,4.01%,$62.38B
9/6/2026 16:59,8,TRON,$0.33 ,0.56%,$31.76B
9/6/2026 16:59,9,Hyperliquid,$88.61 ,4.45%,$22.28B
9/6/2026 16:59,10,Zcash,"$1,174.12 ",16.43%,$19.79B
,,,,,
9/6/2026 16:59,1,Bitcoin,"$79,904.51 ",0.35%,$1.6T
9/6/2026 16:59,2,Ethereum,"$2,501.37 ",1.95%,$305.43B
9/6/2026 16:59,3,Tether,$1.00 ,0.00%,$183.39B
9/6/2026 16:59,4,BNB,$757.25 ,0.74%,$100.83B
9/6/2026 16:59,5,XRP,$1.42 ,1.17%,$89.13B
9/6/2026 16:59,6,USDC,$1.00 ,0.00%,$74.54B
9/6/2026 16:59,7,Solana,$106.56 ,4.11%,$62.38B
9/6/2026 16:59,8,TRON,$0.33 ,0.61%,$31.79B
9/6/2026 16:59,9,Hyperliquid,$88.57 ,4.39%,$22.27B
9/6/2026 16:59,10,Zcash,"$1,174.69 ",16.49%,$19.8B
,,,,,
9/6/2026 17:00,1,Bitcoin,"$79,904.51 ",0.35%,$1.6T
9/6/2026 17:00,2,Ethereum,"$2,501.37 ",1.95%,$305.43B
9/6/2026 17:00,3,Tether,$1.00 ,0.00%,$183.39B
9/6/2026 17:00,4,BNB,$757.25 ,0.74%,$100.83B
9/6/2026 17:00,5,XRP,$1.42 ,1.17%,$89.13B
9/6/2026 17:00,6,USDC,$1.00 ,0.00%,$74.54B
9/6/2026 17:00,7,Solana,$106.56 ,4.11%,$62.38B
9/6/2026 17:00,8,TRON,$0.33 ,0.61%,$31.79B
9/6/2026 17:00,9,Hyperliquid,$88.43 ,4.22%,$22.24B
9/6/2026 17:00,10,Zcash,"$1,172.72 ",16.25%,$19.76B
,,,,,
9/6/2026 17:01,1,Bitcoin,"$79,904.51 ",0.35%,$1.6T
9/6/2026 17:01,2,Ethereum,"$2,501.37 ",1.95%,$305.43B
9/6/2026 17:01,3,Tether,$1.00 ,0.00%,$183.39B
9/6/2026 17:01,4,BNB,$757.25 ,0.74%,$100.83B
9/6/2026 17:01,5,XRP,$1.42 ,1.17%,$89.13B
9/6/2026 17:01,6,USDC,$1.00 ,0.00%,$74.54B
9/6/2026 17:01,7,Solana,$106.56 ,4.11%,$62.38B
9/6/2026 17:01,8,TRON,$0.33 ,0.61%,$31.79B
9/6/2026 17:01,9,Hyperliquid,$88.41 ,4.15%,$22.23B
9/6/2026 17:01,10,Zcash,"$1,172.88 ",16.21%,$19.77B
,,,,,
9/6/2026 17:02,1,Bitcoin,"$79,904.51 ",0.35%,$1.6T
9/6/2026 17:02,2,Ethereum,"$2,500.82 ",1.93%,$305.43B
9/6/2026 17:02,3,Tether,$1.00 ,0.00%,$183.39B
9/6/2026 17:02,4,BNB,$757.25 ,0.74%,$100.83B
9/6/2026 17:02,5,XRP,$1.42 ,1.17%,$89.13B
9/6/2026 17:02,6,USDC,$1.00 ,0.00%,$74.54B
9/6/2026 17:02,7,Solana,$106.56 ,4.11%,$62.38B
9/6/2026 17:02,8,TRON,$0.33 ,0.61%,$31.79B
9/6/2026 17:02,9,Hyperliquid,$88.42 ,4.17%,$22.24B
9/6/2026 17:02,10,Zcash,"$1,173.94 ",16.35%,$19.78B
,,,,,
9/6/2026 17:02,1,Bitcoin,"$79,918.02 ",0.36%,$1.6T
9/6/2026 17:02,2,Ethereum,"$2,502.48 ",1.98%,$305.16B
9/6/2026 17:02,3,Tether,$1.00 ,0.00%,$183.39B
9/6/2026 17:02,4,BNB,$757.39 ,0.75%,$100.85B
9/6/2026 17:02,5,XRP,$1.42 ,1.17%,$89.11B
9/6/2026 17:02,6,USDC,$1.00 ,0.00%,$74.54B
9/6/2026 17:02,7,Solana,$106.59 ,4.17%,$62.4B
9/6/2026 17:02,8,TRON,$0.33 ,0.63%,$31.8B
9/6/2026 17:02,9,Hyperliquid,$88.42 ,4.17%,$22.24B
9/6/2026 17:02,10,Zcash,"$1,173.91 ",16.35%,$19.78B
,,,,,
9/6/2026 17:03,1,Bitcoin,"$79,918.02 ",0.36%,$1.6T
9/6/2026 17:03,2,Ethereum,"$2,502.48 ",1.98%,$305.16B
9/6/2026 17:03,3,Tether,$1.00 ,0.00%,$183.39B
9/6/2026 17:03,4,BNB,$757.39 ,0.75%,$100.85B
9/6/2026 17:03,5,XRP,$1.42 ,1.17%,$89.11B
9/6/2026 17:03,6,USDC,$1.00 ,0.00%,$74.54B
9/6/2026 17:03,7,Solana,$106.59 ,4.17%,$62.4B
9/6/2026 17:03,8,TRON,$0.33 ,0.63%,$31.8B
9/6/2026 17:03,9,Hyperliquid,$88.34 ,4.19%,$22.22B
9/6/2026 17:03,10,Zcash,"$1,178.08 ",16.85%,$19.85B
,,,,,
9/6/2026 17:04,1,Bitcoin,"$79,918.02 ",0.36%,$1.6T
9/6/2026 17:04,2,Ethereum,"$2,502.48 ",1.98%,$305.16B
9/6/2026 17:04,3,Tether,$1.00 ,0.00%,$183.39B
9/6/2026 17:04,4,BNB,$757.39 ,0.75%,$100.85B
9/6/2026 17:04,5,XRP,$1.42 ,1.17%,$89.11B
9/6/2026 17:04,6,USDC,$1.00 ,0.00%,$74.54B
9/6/2026 17:04,7,Solana,$106.59 ,4.17%,$62.4B
9/6/2026 17:04,8,TRON,$0.33 ,0.63%,$31.8B
9/6/2026 17:04,9,Hyperliquid,$88.42 ,4.21%,$22.24B
9/6/2026 17:04,10,Zcash,"$1,175.04 ",16.52%,$19.8B
,,,,,
9/6/2026 17:05,1,Bitcoin,"$79,918.02 ",0.36%,$1.6T
9/6/2026 17:05,2,Ethereum,"$2,502.48 ",1.98%,$305.16B
9/6/2026 17:05,3,Tether,$1.00 ,0.00%,$183.39B
9/6/2026 17:05,4,BNB,$757.39 ,0.75%,$100.85B
9/6/2026 17:05,5,XRP,$1.42 ,1.17%,$89.11B
9/6/2026 17:05,6,USDC,$1.00 ,0.00%,$74.54B
9/6/2026 17:05,7,Solana,$106.59 ,4.17%,$62.4B
9/6/2026 17:05,8,TRON,$0.33 ,0.63%,$31.8B
9/6/2026 17:05,9,Hyperliquid,$88.44 ,4.24%,$22.24B
9/6/2026 17:05,10,Zcash,"$1,174.85 ",16.50%,$19.8B
,,,,,
9/6/2026 17:05,1,Bitcoin,"$79,926.46 ",0.36%,$1.6T
9/6/2026 17:05,2,Ethereum,"$2,501.08 ",1.91%,$305.16B
9/6/2026 17:05,3,Tether,$1.00 ,0.00%,$183.39B
9/6/2026 17:05,4,BNB,$757.39 ,0.75%,$100.85B
9/6/2026 17:05,5,XRP,$1.42 ,1.17%,$89.11B
9/6/2026 17:05,6,USDC,$1.00 ,0.00%,$74.54B
9/6/2026 17:05,7,Solana,$106.59 ,4.17%,$62.4B
9/6/2026 17:05,8,TRON,$0.33 ,0.63%,$31.8B
9/6/2026 17:05,9,Hyperliquid,$88.45 ,4.24%,$22.24B
9/6/2026 17:05,10,Zcash,"$1,174.44 ",16.44%,$19.79B
,,,,,
9/6/2026 17:06,1,Bitcoin,"$79,926.46 ",0.36%,$1.6T
9/6/2026 17:06,2,Ethereum,"$2,501.08 ",1.91%,$305.16B
9/6/2026 17:06,3,Tether,$1.00 ,0.00%,$183.39B
9/6/2026 17:06,4,BNB,$757.39 ,0.75%,$100.85B
9/6/2026 17:06,5,XRP,$1.42 ,1.17%,$89.11B
9/6/2026 17:06,6,USDC,$1.00 ,0.00%,$74.54B
9/6/2026 17:06,7,Solana,$106.59 ,4.17%,$62.4B
9/6/2026 17:06,8,TRON,$0.33 ,0.63%,$31.8B
9/6/2026 17:06,9,Hyperliquid,$88.34 ,4.19%,$22.22B
9/6/2026 17:06,10,Zcash,"$1,178.08 ",16.85%,$19.85B
,,,,,
9/6/2026 17:09,1,Bitcoin,"$79,914.95 ",0.35%,$1.6T
9/6/2026 17:09,2,Ethereum,"$2,500.43 ",1.89%,$305.16B
9/6/2026 17:09,3,Tether,$1.00 ,0.00%,$183.39B
9/6/2026 17:09,4,BNB,$757.39 ,0.75%,$100.85B
9/6/2026 17:09,5,XRP,$1.42 ,1.17%,$89.11B
9/6/2026 17:09,6,USDC,$1.00 ,0.00%,$74.54B
9/6/2026 17:09,7,Solana,$106.59 ,4.17%,$62.4B
9/6/2026 17:09,8,TRON,$0.33 ,0.63%,$31.8B
9/6/2026 17:09,9,Hyperliquid,$88.25 ,3.96%,$22.19B
9/6/2026 17:09,10,Zcash,"$1,167.45 ",15.60%,$19.67B
,,,,,
9/6/2026 17:10,1,Bitcoin,"$79,916.73 ",0.35%,$1.6T
9/6/2026 17:10,2,Ethereum,"$2,500.68 ",1.89%,$305.28B
9/6/2026 17:10,3,Tether,$1.00 ,-0.01%,$183.39B
9/6/2026 17:10,4,BNB,$757.73 ,0.79%,$100.9B
9/6/2026 17:10,5,XRP,$1.42 ,1.18%,$89.09B
9/6/2026 17:10,6,USDC,$1.00 ,0.00%,$74.54B
9/6/2026 17:10,7,Solana,$106.60 ,4.22%,$62.4B
9/6/2026 17:10,8,TRON,$0.34 ,0.64%,$31.81B
9/6/2026 17:10,9,Hyperliquid,$88.25 ,3.95%,$22.19B
9/6/2026 17:10,10,Zcash,"$1,166.97 ",15.48%,$19.67B
,,,,,
9/6/2026 17:10,1,Bitcoin,"$79,916.73 ",0.35%,$1.6T
9/6/2026 17:10,2,Ethereum,"$2,500.68 ",1.89%,$305.28B
9/6/2026 17:10,3,Tether,$1.00 ,-0.01%,$183.39B
9/6/2026 17:10,4,BNB,$757.73 ,0.79%,$100.9B
9/6/2026 17:10,5,XRP,$1.42 ,1.18%,$89.09B
9/6/2026 17:10,6,USDC,$1.00 ,0.00%,$74.54B
9/6/2026 17:10,7,Solana,$106.60 ,4.22%,$62.4B
9/6/2026 17:10,8,TRON,$0.34 ,0.64%,$31.81B
9/6/2026 17:10,9,Hyperliquid,$88.25 ,3.95%,$22.19B
9/6/2026 17:10,10,Zcash,"$1,166.94 ",15.48%,$19.67B
,,,,,
9/6/2026 17:11,1,Bitcoin,"$79,917.43 ",0.35%,$1.6T
9/6/2026 17:11,2,Ethereum,"$2,502.70 ",1.97%,$305.28B
9/6/2026 17:11,3,Tether,$1.00 ,-0.01%,$183.39B
9/6/2026 17:11,4,BNB,$757.73 ,0.79%,$100.9B
9/6/2026 17:11,5,XRP,$1.42 ,1.18%,$89.09B
9/6/2026 17:11,6,USDC,$1.00 ,0.00%,$74.54B
9/6/2026 17:11,7,Solana,$106.60 ,4.22%,$62.4B
9/6/2026 17:11,8,TRON,$0.34 ,0.64%,$31.81B
9/6/2026 17:11,9,Hyperliquid,$88.24 ,3.93%,$22.19B
9/6/2026 17:11,10,Zcash,"$1,167.43 ",15.51%,$19.67B
,,,,,
9/6/2026 17:12,1,Bitcoin,"$79,917.43 ",0.35%,$1.6T
9/6/2026 17:12,2,Ethereum,"$2,502.70 ",1.97%,$305.28B
9/6/2026 17:12,3,Tether,$1.00 ,-0.01%,$183.39B
9/6/2026 17:12,4,BNB,$757.73 ,0.79%,$100.9B
9/6/2026 17:12,5,XRP,$1.42 ,1.18%,$89.09B
9/6/2026 17:12,6,USDC,$1.00 ,0.00%,$74.54B
9/6/2026 17:12,7,Solana,$106.60 ,4.22%,$62.4B
9/6/2026 17:12,8,TRON,$0.34 ,0.64%,$31.81B
9/6/2026 17:12,9,Hyperliquid,$88.23 ,3.91%,$22.19B
9/6/2026 17:12,10,Zcash,"$1,170.10 ",15.77%,$19.72B
,,,,,
9/6/2026 17:13,1,Bitcoin,"$79,917.43 ",0.35%,$1.6T
9/6/2026 17:13,2,Ethereum,"$2,502.70 ",1.97%,$305.28B
9/6/2026 17:13,3,Tether,$1.00 ,-0.01%,$183.39B
9/6/2026 17:13,4,BNB,$757.73 ,0.79%,$100.9B
9/6/2026 17:13,5,XRP,$1.42 ,1.18%,$89.09B
9/6/2026 17:13,6,USDC,$1.00 ,0.00%,$74.54B
9/6/2026 17:13,7,Solana,$106.60 ,4.22%,$62.4B
9/6/2026 17:13,8,TRON,$0.34 ,0.64%,$31.81B
9/6/2026 17:13,9,Hyperliquid,$88.22 ,3.85%,$22.19B
9/6/2026 17:13,10,Zcash,"$1,170.83 ",15.90%,$19.73B
,,,,,
9/6/2026 17:13,1,Bitcoin,"$79,912.72 ",0.35%,$1.6T
9/6/2026 17:13,2,Ethereum,"$2,500.37 ",1.88%,$305.28B
9/6/2026 17:13,3,Tether,$1.00 ,-0.01%,$183.39B
9/6/2026 17:13,4,BNB,$757.73 ,0.79%,$100.9B
9/6/2026 17:13,5,XRP,$1.42 ,1.18%,$89.09B
9/6/2026 17:13,6,USDC,$1.00 ,0.00%,$74.54B
9/6/2026 17:13,7,Solana,$106.60 ,4.22%,$62.4B
9/6/2026 17:13,8,TRON,$0.34 ,0.64%,$31.81B
9/6/2026 17:13,9,Hyperliquid,$88.23 ,3.86%,$22.19B
9/6/2026 17:13,10,Zcash,"$1,171.00 ",15.92%,$19.73B
,,,,,
9/6/2026 17:14,1,Bitcoin,"$79,912.72 ",0.35%,$1.6T
9/6/2026 17:14,2,Ethereum,"$2,500.37 ",1.88%,$305.28B
9/6/2026 17:14,3,Tether,$1.00 ,-0.01%,$183.39B
9/6/2026 17:14,4,BNB,$757.73 ,0.79%,$100.9B
9/6/2026 17:14,5,XRP,$1.42 ,1.18%,$89.09B
9/6/2026 17:14,6,USDC,$1.00 ,0.00%,$74.54B
9/6/2026 17:14,7,Solana,$106.60 ,4.22%,$62.4B
9/6/2026 17:14,8,TRON,$0.34 ,0.64%,$31.81B
9/6/2026 17:14,9,Hyperliquid,$88.22 ,3.85%,$22.19B
9/6/2026 17:14,10,Zcash,"$1,171.64 ",16.00%,$19.74B
,,,,,
9/6/2026 17:15,1,Bitcoin,"$79,911.38 ",0.35%,$1.6T
9/6/2026 17:15,2,Ethereum,"$2,500.40 ",1.88%,$305.1B
9/6/2026 17:15,3,Tether,$1.00 ,-0.01%,$183.39B
9/6/2026 17:15,4,BNB,$757.21 ,0.88%,$100.83B
9/6/2026 17:15,5,XRP,$1.42 ,1.21%,$89.1B
9/6/2026 17:15,6,USDC,$1.00 ,0.00%,$74.54B
9/6/2026 17:15,7,Solana,$106.54 ,4.16%,$62.37B
9/6/2026 17:15,8,TRON,$0.34 ,0.60%,$31.81B
9/6/2026 17:15,9,Hyperliquid,$88.30 ,4.01%,$22.21B
9/6/2026 17:15,10,Zcash,"$1,170.64 ",15.91%,$19.73B
,,,,,
9/6/2026 17:16,1,Bitcoin,"$79,911.38 ",0.35%,$1.6T
9/6/2026 17:16,2,Ethereum,"$2,500.40 ",1.88%,$305.1B
9/6/2026 17:16,3,Tether,$1.00 ,-0.01%,$183.39B
9/6/2026 17:16,4,BNB,$757.21 ,0.88%,$100.83B
9/6/2026 17:16,5,XRP,$1.42 ,1.21%,$89.1B
9/6/2026 17:16,6,USDC,$1.00 ,0.00%,$74.54B
9/6/2026 17:16,7,Solana,$106.54 ,4.16%,$62.37B
9/6/2026 17:16,8,TRON,$0.34 ,0.60%,$31.81B
9/6/2026 17:16,9,Hyperliquid,$88.20 ,3.79%,$22.18B
9/6/2026 17:16,10,Zcash,"$1,178.24 ",16.77%,$19.86B
,,,,,
9/6/2026 17:16,1,Bitcoin,"$79,911.38 ",0.35%,$1.6T
9/6/2026 17:16,2,Ethereum,"$2,500.40 ",1.88%,$305.1B
9/6/2026 17:16,3,Tether,$1.00 ,-0.01%,$183.39B
9/6/2026 17:16,4,BNB,$757.21 ,0.88%,$100.83B
9/6/2026 17:16,5,XRP,$1.42 ,1.21%,$89.1B
9/6/2026 17:16,6,USDC,$1.00 ,0.00%,$74.54B
9/6/2026 17:16,7,Solana,$106.54 ,4.16%,$62.37B
9/6/2026 17:16,8,TRON,$0.34 ,0.60%,$31.81B
9/6/2026 17:16,9,Hyperliquid,$88.30 ,4.01%,$22.21B
9/6/2026 17:16,10,Zcash,"$1,170.64 ",15.91%,$19.73B
,,,,,
9/6/2026 17:17,1,Bitcoin,"$79,917.35 ",0.35%,$1.6T
9/6/2026 17:17,2,Ethereum,"$2,501.09 ",1.92%,$305.1B
9/6/2026 17:17,3,Tether,$1.00 ,-0.01%,$183.39B
9/6/2026 17:17,4,BNB,$757.21 ,0.88%,$100.83B
9/6/2026 17:17,5,XRP,$1.42 ,1.21%,$89.1B
9/6/2026 17:17,6,USDC,$1.00 ,0.00%,$74.54B
9/6/2026 17:17,7,Solana,$106.49 ,4.13%,$62.34B
9/6/2026 17:17,8,TRON,$0.34 ,0.60%,$31.81B
9/6/2026 17:17,9,Hyperliquid,$88.30 ,4.01%,$22.21B
9/6/2026 17:17,10,Zcash,"$1,170.64 ",15.91%,$19.73B
,,,,,
9/6/2026 17:18,1,Bitcoin,"$79,917.35 ",0.35%,$1.6T
9/6/2026 17:18,2,Ethereum,"$2,501.09 ",1.92%,$305.1B
9/6/2026 17:18,3,Tether,$1.00 ,-0.01%,$183.39B
9/6/2026 17:18,4,BNB,$757.21 ,0.88%,$100.83B
9/6/2026 17:18,5,XRP,$1.42 ,1.21%,$89.1B
9/6/2026 17:18,6,USDC,$1.00 ,0.00%,$74.54B
9/6/2026 17:18,7,Solana,$106.54 ,4.16%,$62.37B
9/6/2026 17:18,8,TRON,$0.34 ,0.60%,$31.81B
9/6/2026 17:18,9,Hyperliquid,$88.30 ,4.01%,$22.21B
9/6/2026 17:18,10,Zcash,"$1,170.64 ",15.91%,$19.73B
,,,,,
9/6/2026 17:19,1,Bitcoin,"$79,961.93 ",0.43%,$1.6T
9/6/2026 17:19,2,Ethereum,"$2,501.79 ",1.96%,$305.19B
9/6/2026 17:19,3,Tether,$1.00 ,0.00%,$183.39B
9/6/2026 17:19,4,BNB,$757.38 ,1.14%,$100.85B
9/6/2026 17:19,5,XRP,$1.41 ,1.15%,$89.07B
9/6/2026 17:19,6,USDC,$1.00 ,0.00%,$74.55B
9/6/2026 17:19,7,Solana,$106.49 ,4.10%,$62.34B
9/6/2026 17:19,8,TRON,$0.34 ,0.60%,$31.81B
9/6/2026 17:19,9,Hyperliquid,$88.25 ,3.93%,$22.19B
9/6/2026 17:19,10,Zcash,"$1,167.93 ",15.56%,$19.68B
,,,,,
9/6/2026 17:20,1,Bitcoin,"$79,961.93 ",0.43%,$1.6T
9/6/2026 17:20,2,Ethereum,"$2,501.79 ",1.96%,$305.19B
9/6/2026 17:20,3,Tether,$1.00 ,-0.01%,$183.38B
9/6/2026 17:20,4,BNB,$757.38 ,1.14%,$100.85B
9/6/2026 17:20,5,XRP,$1.41 ,1.15%,$89.07B
9/6/2026 17:20,6,USDC,$1.00 ,0.00%,$74.55B
9/6/2026 17:20,7,Solana,$106.49 ,4.10%,$62.34B
9/6/2026 17:20,8,TRON,$0.34 ,0.60%,$31.81B
9/6/2026 17:20,9,Hyperliquid,$88.46 ,4.11%,$22.25B
9/6/2026 17:20,10,Zcash,"$1,183.28 ",17.35%,$19.94B
,,,,,
9/6/2026 17:20,1,Bitcoin,"$79,956.35 ",0.38%,$1.6T
9/6/2026 17:20,2,Ethereum,"$2,502.74 ",1.95%,$305.39B
9/6/2026 17:20,3,Tether,$1.00 ,-0.01%,$183.39B
9/6/2026 17:20,4,BNB,$758.04 ,1.51%,$100.94B
9/6/2026 17:20,5,XRP,$1.42 ,1.17%,$89.13B
9/6/2026 17:20,6,USDC,$1.00 ,-0.02%,$74.54B
9/6/2026 17:20,7,Solana,$106.53 ,4.13%,$62.37B
9/6/2026 17:20,8,TRON,$0.34 ,0.60%,$31.81B
9/6/2026 17:20,9,Hyperliquid,$88.25 ,3.93%,$22.19B
9/6/2026 17:20,10,Zcash,"$1,167.93 ",15.56%,$19.68B
,,,,,
9/6/2026 17:21,1,Bitcoin,"$79,949.95 ",0.37%,$1.6T
9/6/2026 17:21,2,Ethereum,"$2,502.40 ",1.95%,$305.35B
9/6/2026 17:21,3,Tether,$1.00 ,0.00%,$183.39B
9/6/2026 17:21,4,BNB,$758.23 ,1.53%,$100.96B
9/6/2026 17:21,5,XRP,$1.42 ,1.16%,$89.12B
9/6/2026 17:21,6,USDC,$1.00 ,-0.01%,$74.54B
9/6/2026 17:21,7,Solana,$106.53 ,4.13%,$62.36B
9/6/2026 17:21,8,TRON,$0.34 ,0.60%,$31.81B
9/6/2026 17:21,9,Hyperliquid,$88.36 ,3.98%,$22.22B
9/6/2026 17:21,10,Zcash,"$1,167.93 ",15.56%,$19.68B
,,,,,
9/6/2026 17:22,1,Bitcoin,"$79,949.78 ",0.36%,$1.6T
9/6/2026 17:22,2,Ethereum,"$2,502.37 ",1.94%,$305.35B
9/6/2026 17:22,3,Tether,$1.00 ,0.00%,$183.39B
9/6/2026 17:22,4,BNB,$758.33 ,1.45%,$100.98B
9/6/2026 17:22,5,XRP,$1.42 ,1.11%,$89.12B
9/6/2026 17:22,6,USDC,$1.00 ,-0.01%,$74.55B
9/6/2026 17:22,7,Solana,$106.53 ,4.09%,$62.36B
9/6/2026 17:22,8,TRON,$0.34 ,0.60%,$31.81B
9/6/2026 17:22,9,Hyperliquid,$88.25 ,3.93%,$22.19B
9/6/2026 17:22,10,Zcash,"$1,167.93 ",15.56%,$19.68B
,,,,,
9/6/2026 17:22,1,Bitcoin,"$79,934.98 ",0.35%,$1.6T
9/6/2026 17:22,2,Ethereum,"$2,501.99 ",1.92%,$305.3B
9/6/2026 17:22,3,Tether,$1.00 ,-0.01%,$183.38B
9/6/2026 17:22,4,BNB,$758.33 ,1.45%,$100.98B
9/6/2026 17:22,5,XRP,$1.42 ,1.11%,$89.12B
9/6/2026 17:22,6,USDC,$1.00 ,-0.01%,$74.54B
9/6/2026 17:22,7,Solana,$106.52 ,4.09%,$62.36B
9/6/2026 17:22,8,TRON,$0.34 ,0.60%,$31.81B
9/6/2026 17:22,9,Hyperliquid,$88.25 ,3.93%,$22.19B
9/6/2026 17:22,10,Zcash,"$1,167.93 ",15.56%,$19.68B
,,,,,
9/6/2026 17:23,1,Bitcoin,"$79,961.91 ",0.43%,$1.6T
9/6/2026 17:23,2,Ethereum,"$2,502.63 ",2.00%,$305.19B
9/6/2026 17:23,3,Tether,$1.00 ,0.00%,$183.4B
9/6/2026 17:23,4,BNB,$758.33 ,1.45%,$100.98B
9/6/2026 17:23,5,XRP,$1.41 ,1.15%,$89.07B
9/6/2026 17:23,6,USDC,$1.00 ,-0.02%,$74.54B
9/6/2026 17:23,7,Solana,$106.52 ,4.07%,$62.36B
9/6/2026 17:23,8,TRON,$0.34 ,0.60%,$31.81B
9/6/2026 17:23,9,Hyperliquid,$88.25 ,3.93%,$22.19B
9/6/2026 17:23,10,Zcash,"$1,167.93 ",15.56%,$19.68B
,,,,,
9/6/2026 17:24,1,Bitcoin,"$79,915.12 ",0.30%,$1.6T
9/6/2026 17:24,2,Ethereum,"$2,501.26 ",1.85%,$305.21B
9/6/2026 17:24,3,Tether,$1.00 ,0.00%,$183.39B
9/6/2026 17:24,4,BNB,$758.04 ,1.54%,$100.94B
9/6/2026 17:24,5,XRP,$1.42 ,1.06%,$89.1B
9/6/2026 17:24,6,USDC,$1.00 ,0.00%,$74.55B
9/6/2026 17:24,7,Solana,$106.50 ,4.05%,$62.35B
9/6/2026 17:24,8,TRON,$0.34 ,0.63%,$31.81B
9/6/2026 17:24,9,Hyperliquid,$88.29 ,3.91%,$22.2B
9/6/2026 17:24,10,Zcash,"$1,178.24 ",16.81%,$19.86B
,,,,,
9/6/2026 17:25,1,Bitcoin,"$79,961.91 ",0.43%,$1.6T
9/6/2026 17:25,2,Ethereum,"$2,502.83 ",2.00%,$305.38B
9/6/2026 17:25,3,Tether,$1.00 ,0.00%,$183.39B
9/6/2026 17:25,4,BNB,$758.36 ,1.43%,$100.98B
9/6/2026 17:25,5,XRP,$1.42 ,1.02%,$89.1B
9/6/2026 17:25,6,USDC,$1.00 ,0.00%,$74.55B
9/6/2026 17:25,7,Solana,$106.48 ,4.01%,$62.34B
9/6/2026 17:25,8,TRON,$0.34 ,0.63%,$31.81B
9/6/2026 17:25,9,Hyperliquid,$88.29 ,3.91%,$22.2B
9/6/2026 17:25,10,Zcash,"$1,178.24 ",16.81%,$19.86B
,,,,,
9/6/2026 17:25,1,Bitcoin,"$79,919.47 ",0.34%,$1.6T
9/6/2026 17:25,2,Ethereum,"$2,501.48 ",1.89%,$305.24B
9/6/2026 17:25,3,Tether,$1.00 ,-0.01%,$183.39B
9/6/2026 17:25,4,BNB,$758.37 ,1.43%,$100.98B
9/6/2026 17:25,5,XRP,$1.42 ,1.02%,$89.1B
9/6/2026 17:25,6,USDC,$1.00 ,0.00%,$74.55B
9/6/2026 17:25,7,Solana,$106.47 ,4.00%,$62.33B
9/6/2026 17:25,8,TRON,$0.34 ,0.63%,$31.81B
9/6/2026 17:25,9,Hyperliquid,$88.29 ,3.91%,$22.2B
9/6/2026 17:25,10,Zcash,"$1,178.24 ",16.81%,$19.86B
,,,,,
9/6/2026 17:26,1,Bitcoin,"$79,949.78 ",0.36%,$1.6T
9/6/2026 17:26,2,Ethereum,"$2,502.44 ",1.95%,$305.38B
9/6/2026 17:26,3,Tether,$1.00 ,0.00%,$183.39B
9/6/2026 17:26,4,BNB,$758.32 ,1.42%,$100.97B
9/6/2026 17:26,5,XRP,$1.42 ,1.22%,$89.14B
9/6/2026 17:26,6,USDC,$1.00 ,0.00%,$74.55B
9/6/2026 17:26,7,Solana,$106.47 ,3.99%,$62.33B
9/6/2026 17:26,8,TRON,$0.34 ,0.63%,$31.81B
9/6/2026 17:26,9,Hyperliquid,$88.29 ,3.91%,$22.2B
9/6/2026 17:26,10,Zcash,"$1,178.24 ",16.81%,$19.86B
,,,,,
9/6/2026 17:27,1,Bitcoin,"$79,913.90 ",0.34%,$1.6T
9/6/2026 17:27,2,Ethereum,"$2,501.31 ",1.89%,$305.21B
9/6/2026 17:27,3,Tether,$1.00 ,-0.01%,$183.39B
9/6/2026 17:27,4,BNB,$758.17 ,1.40%,$100.96B
9/6/2026 17:27,5,XRP,$1.42 ,1.03%,$89.1B
9/6/2026 17:27,6,USDC,$1.00 ,-0.01%,$74.54B
9/6/2026 17:27,7,Solana,$106.42 ,3.95%,$62.3B
9/6/2026 17:27,8,TRON,$0.34 ,0.63%,$31.81B
9/6/2026 17:27,9,Hyperliquid,$88.37 ,3.98%,$22.22B
9/6/2026 17:27,10,Zcash,"$1,184.60 ",17.01%,$19.96B
,,,,,
9/6/2026 17:28,1,Bitcoin,"$79,913.98 ",0.34%,$1.6T
9/6/2026 17:28,2,Ethereum,"$2,501.36 ",1.90%,$305.22B
9/6/2026 17:28,3,Tether,$1.00 ,0.00%,$183.39B
9/6/2026 17:28,4,BNB,$758.04 ,1.54%,$100.94B
9/6/2026 17:28,5,XRP,$1.42 ,1.22%,$89.14B
9/6/2026 17:28,6,USDC,$1.00 ,0.00%,$74.55B
9/6/2026 17:28,7,Solana,$106.42 ,3.94%,$62.3B
9/6/2026 17:28,8,TRON,$0.34 ,0.63%,$31.81B
9/6/2026 17:28,9,Hyperliquid,$88.29 ,3.91%,$22.2B
9/6/2026 17:28,10,Zcash,"$1,178.24 ",16.81%,$19.86B
,,,,,
9/6/2026 17:28,1,Bitcoin,"$79,913.30 ",0.34%,$1.6T
9/6/2026 17:28,2,Ethereum,"$2,501.35 ",1.90%,$305.22B
9/6/2026 17:28,3,Tether,$1.00 ,-0.01%,$183.39B
9/6/2026 17:28,4,BNB,$758.13 ,1.39%,$100.95B
9/6/2026 17:28,5,XRP,$1.42 ,1.05%,$89.1B
9/6/2026 17:28,6,USDC,$1.00 ,0.00%,$74.55B
9/6/2026 17:28,7,Solana,$106.41 ,3.94%,$62.3B
9/6/2026 17:28,8,TRON,$0.34 ,0.63%,$31.81B
9/6/2026 17:28,9,Hyperliquid,$88.29 ,3.91%,$22.2B
9/6/2026 17:28,10,Zcash,"$1,184.49 ",16.88%,$19.96B
,,,,,
9/6/2026 17:29,1,Bitcoin,"$79,917.32 ",0.38%,$1.6T
9/6/2026 17:29,2,Ethereum,"$2,501.42 ",1.93%,$305.23B
9/6/2026 17:29,3,Tether,$1.00 ,0.00%,$183.39B
9/6/2026 17:29,4,BNB,$758.14 ,1.39%,$100.95B
9/6/2026 17:29,5,XRP,$1.42 ,1.08%,$89.1B
9/6/2026 17:29,6,USDC,$1.00 ,0.01%,$74.55B
9/6/2026 17:29,7,Solana,$106.41 ,3.95%,$62.3B
9/6/2026 17:29,8,TRON,$0.34 ,0.63%,$31.81B
9/6/2026 17:29,9,Hyperliquid,$88.29 ,3.91%,$22.2B
9/6/2026 17:29,10,Zcash,"$1,178.24 ",16.81%,$19.86B
,,,,,
9/6/2026 17:30,1,Bitcoin,"$79,922.35 ",0.38%,$1.6T
9/6/2026 17:30,2,Ethereum,"$2,501.57 ",1.94%,$305.25B
9/6/2026 17:30,3,Tether,$1.00 ,-0.01%,$183.39B
9/6/2026 17:30,4,BNB,$758.36 ,1.43%,$100.98B
9/6/2026 17:30,5,XRP,$1.42 ,1.10%,$89.12B
9/6/2026 17:30,6,USDC,$1.00 ,0.00%,$74.54B
9/6/2026 17:30,7,Solana,$106.44 ,3.98%,$62.31B
9/6/2026 17:30,8,TRON,$0.34 ,0.60%,$31.81B
9/6/2026 17:30,9,Hyperliquid,$88.47 ,4.13%,$22.25B
9/6/2026 17:30,10,Zcash,"$1,184.54 ",16.86%,$19.96B
,,,,,
9/6/2026 17:31,1,Bitcoin,"$79,922.17 ",0.37%,$1.6T
9/6/2026 17:31,2,Ethereum,"$2,501.54 ",1.92%,$305.24B
9/6/2026 17:31,3,Tether,$1.00 ,-0.01%,$183.39B
9/6/2026 17:31,4,BNB,$758.17 ,1.37%,$100.95B
9/6/2026 17:31,5,XRP,$1.42 ,1.12%,$89.12B
9/6/2026 17:31,6,USDC,$1.00 ,0.00%,$74.55B
9/6/2026 17:31,7,Solana,$106.45 ,4.00%,$62.32B
9/6/2026 17:31,8,TRON,$0.34 ,0.60%,$31.81B
9/6/2026 17:31,9,Hyperliquid,$88.33 ,3.95%,$22.21B
9/6/2026 17:31,10,Zcash,"$1,184.32 ",17.20%,$19.96B
,,,,,
9/6/2026 17:32,1,Bitcoin,"$79,922.17 ",0.35%,$1.6T
9/6/2026 17:32,2,Ethereum,"$2,501.54 ",1.89%,$305.24B
9/6/2026 17:32,3,Tether,$1.00 ,-0.01%,$183.39B
9/6/2026 17:32,4,BNB,$758.15 ,1.36%,$100.95B
9/6/2026 17:32,5,XRP,$1.42 ,1.12%,$89.13B
9/6/2026 17:32,6,USDC,$1.00 ,-0.01%,$74.55B
9/6/2026 17:32,7,Solana,$106.46 ,4.00%,$62.32B
9/6/2026 17:32,8,TRON,$0.34 ,0.60%,$31.81B
9/6/2026 17:32,9,Hyperliquid,$88.33 ,3.95%,$22.21B
9/6/2026 17:32,10,Zcash,"$1,184.32 ",17.20%,$19.96B
,,,,,
9/6/2026 17:40,1,Bitcoin,"$79,914.13 ",0.32%,$1.6T
9/6/2026 17:40,2,Ethereum,"$2,501.36 ",1.86%,$305.22B
9/6/2026 17:40,3,Tether,$1.00 ,-0.01%,$183.38B
9/6/2026 17:40,4,BNB,$757.96 ,1.06%,$100.93B
9/6/2026 17:40,5,XRP,$1.42 ,1.12%,$89.13B
9/6/2026 17:40,6,USDC,$1.00 ,0.00%,$74.55B
9/6/2026 17:40,7,Solana,$106.46 ,3.99%,$62.32B
9/6/2026 17:40,8,TRON,$0.34 ,0.54%,$31.8B
9/6/2026 17:40,9,Hyperliquid,$88.50 ,4.28%,$22.26B
9/6/2026 17:40,10,Zcash,"$1,183.87 ",16.60%,$19.95B
,,,,,
9/6/2026 17:41,1,Bitcoin,"$79,887.14 ",0.27%,$1.6T
9/6/2026 17:41,2,Ethereum,"$2,500.42 ",1.83%,$305.11B
9/6/2026 17:41,3,Tether,$1.00 ,-0.01%,$183.38B
9/6/2026 17:41,4,BNB,$757.96 ,1.06%,$100.93B
9/6/2026 17:41,5,XRP,$1.42 ,1.08%,$89.14B
9/6/2026 17:41,6,USDC,$1.00 ,0.00%,$74.55B
9/6/2026 17:41,7,Solana,$106.46 ,3.99%,$62.32B
9/6/2026 17:41,8,TRON,$0.34 ,0.54%,$31.8B
9/6/2026 17:41,9,Hyperliquid,$88.50 ,4.28%,$22.26B
9/6/2026 17:41,10,Zcash,"$1,183.87 ",16.60%,$19.95B
,,,,,
9/6/2026 17:41,1,Bitcoin,"$79,881.70 ",0.26%,$1.6T
9/6/2026 17:41,2,Ethereum,"$2,499.80 ",1.80%,$305.03B
9/6/2026 17:41,3,Tether,$1.00 ,0.00%,$183.39B
9/6/2026 17:41,4,BNB,$757.77 ,0.90%,$100.9B
9/6/2026 17:41,5,XRP,$1.42 ,1.07%,$89.14B
9/6/2026 17:41,6,USDC,$1.00 ,0.00%,$74.57B
9/6/2026 17:41,7,Solana,$106.48 ,3.95%,$62.34B
9/6/2026 17:41,8,TRON,$0.34 ,0.54%,$31.8B
9/6/2026 17:41,9,Hyperliquid,$88.50 ,4.28%,$22.26B
9/6/2026 17:41,10,Zcash,"$1,183.87 ",16.60%,$19.95B
,,,,,
9/6/2026 17:42,1,Bitcoin,"$79,905.38 ",0.29%,$1.6T
9/6/2026 17:42,2,Ethereum,"$2,499.67 ",1.79%,$305.22B
9/6/2026 17:42,3,Tether,$1.00 ,-0.01%,$183.38B
9/6/2026 17:42,4,BNB,$757.96 ,1.06%,$100.93B
9/6/2026 17:42,5,XRP,$1.42 ,1.12%,$89.13B
9/6/2026 17:42,6,USDC,$1.00 ,0.00%,$74.55B
9/6/2026 17:42,7,Solana,$106.46 ,3.99%,$62.32B
9/6/2026 17:42,8,TRON,$0.34 ,0.54%,$31.8B
9/6/2026 17:42,9,Hyperliquid,$88.48 ,4.30%,$22.25B
9/6/2026 17:42,10,Zcash,"$1,173.46 ",15.73%,$19.78B
,,,,,
9/6/2026 17:43,1,Bitcoin,"$79,874.87 ",0.26%,$1.6T
9/6/2026 17:43,2,Ethereum,"$2,499.84 ",1.81%,$305.04B
9/6/2026 17:43,3,Tether,$1.00 ,-0.01%,$183.38B
9/6/2026 17:43,4,BNB,$757.96 ,1.06%,$100.93B
9/6/2026 17:43,5,XRP,$1.42 ,1.10%,$89.15B
9/6/2026 17:43,6,USDC,$1.00 ,0.00%,$74.55B
9/6/2026 17:43,7,Solana,$106.46 ,3.99%,$62.32B
9/6/2026 17:43,8,TRON,$0.34 ,0.54%,$31.8B
9/6/2026 17:43,9,Hyperliquid,$88.50 ,4.28%,$22.26B
9/6/2026 17:43,10,Zcash,"$1,173.78 ",15.75%,$19.78B
,,,,,
9/6/2026 17:44,1,Bitcoin,"$79,886.20 ",0.27%,$1.6T
9/6/2026 17:44,2,Ethereum,"$2,500.12 ",1.82%,$305.07B
9/6/2026 17:44,3,Tether,$1.00 ,-0.01%,$183.39B
9/6/2026 17:44,4,BNB,$757.66 ,0.81%,$100.89B
9/6/2026 17:44,5,XRP,$1.42 ,1.10%,$89.15B
9/6/2026 17:44,6,USDC,$1.00 ,0.00%,$74.57B
9/6/2026 17:44,7,Solana,$106.49 ,3.97%,$62.34B
9/6/2026 17:44,8,TRON,$0.34 ,0.54%,$31.8B
9/6/2026 17:44,9,Hyperliquid,$88.50 ,4.28%,$22.26B
9/6/2026 17:44,10,Zcash,"$1,183.87 ",16.60%,$19.95B
,,,,,
9/6/2026 17:44,1,Bitcoin,"$79,942.90 ",0.34%,$1.6T
9/6/2026 17:44,2,Ethereum,"$2,502.14 ",1.90%,$305.32B
9/6/2026 17:44,3,Tether,$1.00 ,0.00%,$183.4B
9/6/2026 17:44,4,BNB,$757.70 ,0.82%,$100.89B
9/6/2026 17:44,5,XRP,$1.42 ,1.11%,$89.16B
9/6/2026 17:44,6,USDC,$1.00 ,0.00%,$74.57B
9/6/2026 17:44,7,Solana,$106.51 ,3.99%,$62.35B
9/6/2026 17:44,8,TRON,$0.34 ,0.54%,$31.8B
9/6/2026 17:44,9,Hyperliquid,$88.50 ,4.28%,$22.26B
9/6/2026 17:44,10,Zcash,"$1,183.87 ",16.60%,$19.95B
,,,,,
9/6/2026 17:45,1,Bitcoin,"$79,972.85 ",0.38%,$1.6T
9/6/2026 17:45,2,Ethereum,"$2,503.88 ",1.97%,$305.53B
9/6/2026 17:45,3,Tether,$1.00 ,-0.01%,$183.39B
9/6/2026 17:45,4,BNB,$757.82 ,0.89%,$100.91B
9/6/2026 17:45,5,XRP,$1.42 ,1.15%,$89.2B
9/6/2026 17:45,6,USDC,$1.00 ,0.00%,$74.55B
9/6/2026 17:45,7,Solana,$106.55 ,4.03%,$62.38B
9/6/2026 17:45,8,TRON,$0.33 ,0.50%,$31.79B
9/6/2026 17:45,9,Hyperliquid,$88.30 ,4.09%,$22.21B
9/6/2026 17:45,10,Zcash,"$1,173.13 ",15.70%,$19.77B
,,,,,
9/6/2026 17:46,1,Bitcoin,"$79,871.68 ",0.25%,$1.6T
9/6/2026 17:46,2,Ethereum,"$2,499.80 ",1.81%,$305.09B
9/6/2026 17:46,3,Tether,$1.00 ,-0.01%,$183.39B
9/6/2026 17:46,4,BNB,$757.82 ,0.89%,$100.91B
9/6/2026 17:46,5,XRP,$1.42 ,1.10%,$89.12B
9/6/2026 17:46,6,USDC,$1.00 ,0.01%,$74.57B
9/6/2026 17:46,7,Solana,$106.56 ,4.05%,$62.38B
9/6/2026 17:46,8,TRON,$0.33 ,0.50%,$31.79B
9/6/2026 17:46,9,Hyperliquid,$88.30 ,4.09%,$22.21B
9/6/2026 17:46,10,Zcash,"$1,180.05 ",16.14%,$19.89B
,,,,,
9/6/2026 17:47,1,Bitcoin,"$79,986.95 ",0.40%,$1.6T
9/6/2026 17:47,2,Ethereum,"$2,503.97 ",1.98%,$305.54B
9/6/2026 17:47,3,Tether,$1.00 ,0.00%,$183.39B
9/6/2026 17:47,4,BNB,$758.03 ,0.77%,$100.94B
9/6/2026 17:47,5,XRP,$1.42 ,1.16%,$89.2B
9/6/2026 17:47,6,USDC,$1.00 ,0.01%,$74.57B
9/6/2026 17:47,7,Solana,$106.56 ,4.05%,$62.38B
9/6/2026 17:47,8,TRON,$0.33 ,0.50%,$31.79B
9/6/2026 17:47,9,Hyperliquid,$88.80 ,4.72%,$22.33B
9/6/2026 17:47,10,Zcash,"$1,172.96 ",15.72%,$19.77B
,,,,,
9/6/2026 17:47,1,Bitcoin,"$79,986.28 ",0.40%,$1.6T
9/6/2026 17:47,2,Ethereum,"$2,504.05 ",1.98%,$305.55B
9/6/2026 17:47,3,Tether,$1.00 ,-0.01%,$183.38B
9/6/2026 17:47,4,BNB,$758.04 ,0.77%,$100.94B
9/6/2026 17:47,5,XRP,$1.42 ,1.17%,$89.21B
9/6/2026 17:47,6,USDC,$1.00 ,0.00%,$74.57B
9/6/2026 17:47,7,Solana,$106.57 ,4.06%,$62.39B
9/6/2026 17:47,8,TRON,$0.33 ,0.50%,$31.79B
9/6/2026 17:47,9,Hyperliquid,$88.30 ,4.09%,$22.21B
9/6/2026 17:47,10,Zcash,"$1,180.05 ",16.14%,$19.89B
,,,,,
9/6/2026 17:48,1,Bitcoin,"$79,984.39 ",0.40%,$1.6T
9/6/2026 17:48,2,Ethereum,"$2,503.87 ",1.97%,$305.53B
9/6/2026 17:48,3,Tether,$1.00 ,0.00%,$183.39B
9/6/2026 17:48,4,BNB,$758.23 ,0.79%,$100.96B
9/6/2026 17:48,5,XRP,$1.42 ,1.19%,$89.22B
9/6/2026 17:48,6,USDC,$1.00 ,0.00%,$74.57B
9/6/2026 17:48,7,Solana,$106.64 ,4.14%,$62.43B
9/6/2026 17:48,8,TRON,$0.33 ,0.50%,$31.79B
9/6/2026 17:48,9,Hyperliquid,$88.30 ,4.09%,$22.21B
9/6/2026 17:48,10,Zcash,"$1,180.05 ",16.14%,$19.89B
,,,,,
9/6/2026 17:48,1,Bitcoin,"$79,937.74 ",0.34%,$1.6T
9/6/2026 17:48,2,Ethereum,"$2,500.12 ",1.82%,$305.09B
9/6/2026 17:48,3,Tether,$1.00 ,0.00%,$183.39B
9/6/2026 17:48,4,BNB,$757.82 ,0.89%,$100.91B
9/6/2026 17:48,5,XRP,$1.42 ,1.10%,$89.12B
9/6/2026 17:48,6,USDC,$1.00 ,0.00%,$74.55B
9/6/2026 17:48,7,Solana,$106.46 ,3.97%,$62.33B
9/6/2026 17:48,8,TRON,$0.33 ,0.50%,$31.79B
9/6/2026 17:48,9,Hyperliquid,$88.30 ,4.09%,$22.21B
9/6/2026 17:48,10,Zcash,"$1,180.05 ",16.14%,$19.89B
,,,,,
9/6/2026 17:49,1,Bitcoin,"$79,967.58 ",0.38%,$1.6T
9/6/2026 17:49,2,Ethereum,"$2,503.41 ",1.96%,$305.47B
9/6/2026 17:49,3,Tether,$1.00 ,-0.01%,$183.39B
9/6/2026 17:49,4,BNB,$758.21 ,0.70%,$100.96B
9/6/2026 17:49,5,XRP,$1.42 ,1.20%,$89.22B
9/6/2026 17:49,6,USDC,$1.00 ,0.00%,$74.56B
9/6/2026 17:49,7,Solana,$106.65 ,4.15%,$62.43B
9/6/2026 17:49,8,TRON,$0.33 ,0.50%,$31.79B
9/6/2026 17:49,9,Hyperliquid,$88.30 ,4.09%,$22.21B
9/6/2026 17:49,10,Zcash,"$1,180.05 ",16.14%,$19.89B
,,,,,
9/6/2026 17:49,1,Bitcoin,"$79,967.60 ",0.38%,$1.6T
9/6/2026 17:49,2,Ethereum,"$2,503.40 ",1.96%,$305.47B
9/6/2026 17:49,3,Tether,$1.00 ,-0.01%,$183.38B
9/6/2026 17:49,4,BNB,$758.21 ,0.70%,$100.96B
9/6/2026 17:49,5,XRP,$1.42 ,1.20%,$89.22B
9/6/2026 17:49,6,USDC,$1.00 ,0.00%,$74.56B
9/6/2026 17:49,7,Solana,$106.65 ,4.15%,$62.43B
9/6/2026 17:49,8,TRON,$0.33 ,0.48%,$31.79B
9/6/2026 17:49,9,Hyperliquid,$88.30 ,4.09%,$22.21B
9/6/2026 17:49,10,Zcash,"$1,173.36 ",15.72%,$19.77B
,,,,,
9/6/2026 17:50,1,Bitcoin,"$79,971.34 ",0.38%,$1.6T
9/6/2026 17:50,2,Ethereum,"$2,502.41 ",1.91%,$305.03B
9/6/2026 17:50,3,Tether,$1.00 ,0.00%,$183.39B
9/6/2026 17:50,4,BNB,$757.65 ,0.82%,$100.89B
9/6/2026 17:50,5,XRP,$1.42 ,1.07%,$89.14B
9/6/2026 17:50,6,USDC,$1.00 ,0.00%,$74.57B
9/6/2026 17:50,7,Solana,$106.48 ,3.95%,$62.34B
9/6/2026 17:50,8,TRON,$0.33 ,0.48%,$31.79B
9/6/2026 17:50,9,Hyperliquid,$88.30 ,4.09%,$22.21B
9/6/2026 17:50,10,Zcash,"$1,173.36 ",15.72%,$19.77B
,,,,,
9/6/2026 17:51,1,Bitcoin,"$79,968.97 ",0.39%,$1.6T
9/6/2026 17:51,2,Ethereum,"$2,503.57 ",1.98%,$305.49B
9/6/2026 17:51,3,Tether,$1.00 ,0.00%,$183.4B
9/6/2026 17:51,4,BNB,$757.97 ,0.65%,$100.93B
9/6/2026 17:51,5,XRP,$1.42 ,1.19%,$89.21B
9/6/2026 17:51,6,USDC,$1.00 ,0.00%,$74.57B
9/6/2026 17:51,7,Solana,$106.48 ,3.95%,$62.34B
9/6/2026 17:51,8,TRON,$0.33 ,0.48%,$31.79B
9/6/2026 17:51,9,Hyperliquid,$88.94 ,4.87%,$22.37B
9/6/2026 17:51,10,Zcash,"$1,173.36 ",15.72%,$19.77B
,,,,,
9/6/2026 17:52,1,Bitcoin,"$79,975.72 ",0.40%,$1.6T
9/6/2026 17:52,2,Ethereum,"$2,503.56 ",1.98%,$305.49B
9/6/2026 17:52,3,Tether,$1.00 ,0.01%,$183.39B
9/6/2026 17:52,4,BNB,$757.97 ,0.58%,$100.93B
9/6/2026 17:52,5,XRP,$1.42 ,1.21%,$89.22B
9/6/2026 17:52,6,USDC,$1.00 ,0.01%,$74.57B
9/6/2026 17:52,7,Solana,$106.60 ,4.12%,$62.4B
9/6/2026 17:52,8,TRON,$0.33 ,0.48%,$31.79B
9/6/2026 17:52,9,Hyperliquid,$88.94 ,4.83%,$22.37B
9/6/2026 17:52,10,Zcash,"$1,174.36 ",15.90%,$19.79B
,,,,,
9/6/2026 17:52,1,Bitcoin,"$79,974.16 ",0.40%,$1.6T
9/6/2026 17:52,2,Ethereum,"$2,503.28 ",1.97%,$305.45B
9/6/2026 17:52,3,Tether,$1.00 ,0.01%,$183.38B
9/6/2026 17:52,4,BNB,$757.94 ,0.58%,$100.92B
9/6/2026 17:52,5,XRP,$1.42 ,1.20%,$89.22B
9/6/2026 17:52,6,USDC,$1.00 ,0.00%,$74.57B
9/6/2026 17:52,7,Solana,$106.59 ,4.12%,$62.4B
9/6/2026 17:52,8,TRON,$0.33 ,0.48%,$31.79B
9/6/2026 17:52,9,Hyperliquid,$88.30 ,4.09%,$22.21B
9/6/2026 17:52,10,Zcash,"$1,173.36 ",15.72%,$19.77B
,,,,,
9/6/2026 17:53,1,Bitcoin,"$79,980.79 ",0.39%,$1.6T
9/6/2026 17:53,2,Ethereum,"$2,504.20 ",1.99%,$305.03B
9/6/2026 17:53,3,Tether,$1.00 ,0.00%,$183.39B
9/6/2026 17:53,4,BNB,$757.65 ,0.82%,$100.89B
9/6/2026 17:53,5,XRP,$1.42 ,1.07%,$89.14B
9/6/2026 17:53,6,USDC,$1.00 ,0.00%,$74.57B
9/6/2026 17:53,7,Solana,$106.48 ,3.95%,$62.34B
9/6/2026 17:53,8,TRON,$0.33 ,0.48%,$31.79B
9/6/2026 17:53,9,Hyperliquid,$89.00 ,4.88%,$22.38B
9/6/2026 17:53,10,Zcash,"$1,173.36 ",15.72%,$19.77B
,,,,,
9/6/2026 17:54,1,Bitcoin,"$79,987.37 ",0.40%,$1.6T
9/6/2026 17:54,2,Ethereum,"$2,503.39 ",1.96%,$305.47B
9/6/2026 17:54,3,Tether,$1.00 ,-0.01%,$183.38B
9/6/2026 17:54,4,BNB,$757.96 ,0.55%,$100.93B
9/6/2026 17:54,5,XRP,$1.42 ,1.21%,$89.23B
9/6/2026 17:54,6,USDC,$1.00 ,-0.01%,$74.56B
9/6/2026 17:54,7,Solana,$106.56 ,4.09%,$62.39B
9/6/2026 17:54,8,TRON,$0.34 ,0.59%,$31.81B
9/6/2026 17:54,9,Hyperliquid,$88.87 ,4.80%,$22.35B
9/6/2026 17:54,10,Zcash,"$1,173.54 ",15.79%,$19.78B
,,,,,
9/6/2026 17:55,1,Bitcoin,"$79,989.93 ",0.39%,$1.6T
9/6/2026 17:55,2,Ethereum,"$2,503.40 ",1.95%,$305.47B
9/6/2026 17:55,3,Tether,$1.00 ,0.00%,$183.39B
9/6/2026 17:55,4,BNB,$757.96 ,0.46%,$100.93B
9/6/2026 17:55,5,XRP,$1.42 ,1.20%,$89.23B
9/6/2026 17:55,6,USDC,$1.00 ,-0.01%,$74.57B
9/6/2026 17:55,7,Solana,$106.58 ,4.07%,$62.39B
9/6/2026 17:55,8,TRON,$0.34 ,0.59%,$31.81B
9/6/2026 17:55,9,Hyperliquid,$88.87 ,4.80%,$22.35B
9/6/2026 17:55,10,Zcash,"$1,176.17 ",16.13%,$19.82B
,,,,,
9/6/2026 17:55,1,Bitcoin,"$79,958.29 ",0.37%,$1.6T
9/6/2026 17:55,2,Ethereum,"$2,503.90 ",1.98%,$305.57B
9/6/2026 17:55,3,Tether,$1.00 ,0.00%,$183.39B
9/6/2026 17:55,4,BNB,$758.23 ,0.70%,$100.96B
9/6/2026 17:55,5,XRP,$1.42 ,1.17%,$89.2B
9/6/2026 17:55,6,USDC,$1.00 ,0.00%,$74.57B
9/6/2026 17:55,7,Solana,$106.58 ,4.07%,$62.39B
9/6/2026 17:55,8,TRON,$0.34 ,0.59%,$31.81B
9/6/2026 17:55,9,Hyperliquid,$88.87 ,4.80%,$22.35B
9/6/2026 17:55,10,Zcash,"$1,173.54 ",15.79%,$19.78B
,,,,,
9/6/2026 17:56,1,Bitcoin,"$79,985.75 ",0.40%,$1.6T
9/6/2026 17:56,2,Ethereum,"$2,503.56 ",1.98%,$305.57B
9/6/2026 17:56,3,Tether,$1.00 ,0.00%,$183.39B
9/6/2026 17:56,4,BNB,$758.23 ,0.70%,$100.96B
9/6/2026 17:56,5,XRP,$1.42 ,1.17%,$89.2B
9/6/2026 17:56,6,USDC,$1.00 ,0.00%,$74.57B
9/6/2026 17:56,7,Solana,$106.58 ,4.07%,$62.39B
9/6/2026 17:56,8,TRON,$0.34 ,0.59%,$31.81B
9/6/2026 17:56,9,Hyperliquid,$88.87 ,4.80%,$22.35B
9/6/2026 17:56,10,Zcash,"$1,173.54 ",15.79%,$19.78B
,,,,,
9/6/2026 17:57,1,Bitcoin,"$79,985.75 ",0.40%,$1.6T
9/6/2026 17:57,2,Ethereum,"$2,503.56 ",1.98%,$305.57B
9/6/2026 17:57,3,Tether,$1.00 ,0.00%,$183.39B
9/6/2026 17:57,4,BNB,$758.23 ,0.70%,$100.96B
9/6/2026 17:57,5,XRP,$1.42 ,1.17%,$89.2B
9/6/2026 17:57,6,USDC,$1.00 ,0.00%,$74.57B
9/6/2026 17:57,7,Solana,$106.58 ,4.07%,$62.39B
9/6/2026 17:57,8,TRON,$0.34 ,0.59%,$31.81B
9/6/2026 17:57,9,Hyperliquid,$89.27 ,5.06%,$22.45B
9/6/2026 17:57,10,Zcash,"$1,177.19 ",16.31%,$19.84B
,,,,,
9/6/2026 18:01,1,Bitcoin,"$79,980.36 ",0.39%,$1.6T
9/6/2026 18:01,2,Ethereum,"$2,503.23 ",1.94%,$305.46B
9/6/2026 18:01,3,Tether,$1.00 ,-0.01%,$183.38B
9/6/2026 18:01,4,BNB,$757.96 ,0.55%,$100.93B
9/6/2026 18:01,5,XRP,$1.42 ,1.20%,$89.22B
9/6/2026 18:01,6,USDC,$1.00 ,0.00%,$74.57B
9/6/2026 18:01,7,Solana,$106.58 ,4.11%,$62.4B
9/6/2026 18:01,8,TRON,$0.34 ,0.66%,$31.82B
9/6/2026 18:01,9,Hyperliquid,$89.04 ,4.79%,$22.39B
9/6/2026 18:01,10,Zcash,"$1,175.09 ",16.01%,$19.8B
,,,,,
9/6/2026 18:02,1,Bitcoin,"$79,980.36 ",0.39%,$1.6T
9/6/2026 18:02,2,Ethereum,"$2,503.23 ",1.94%,$305.46B
9/6/2026 18:02,3,Tether,$1.00 ,-0.01%,$183.38B
9/6/2026 18:02,4,BNB,$757.96 ,0.55%,$100.93B
9/6/2026 18:02,5,XRP,$1.42 ,1.20%,$89.22B
9/6/2026 18:02,6,USDC,$1.00 ,0.00%,$74.57B
9/6/2026 18:02,7,Solana,$106.58 ,4.11%,$62.4B
9/6/2026 18:02,8,TRON,$0.34 ,0.66%,$31.82B
9/6/2026 18:02,9,Hyperliquid,$89.04 ,4.79%,$22.39B
9/6/2026 18:02,10,Zcash,"$1,175.09 ",16.01%,$19.8B
,,,,,
9/6/2026 18:02,1,Bitcoin,"$79,975.29 ",0.42%,$1.6T
9/6/2026 18:02,2,Ethereum,"$2,503.23 ",1.94%,$305.46B
9/6/2026 18:02,3,Tether,$1.00 ,-0.01%,$183.38B
9/6/2026 18:02,4,BNB,$757.96 ,0.55%,$100.93B
9/6/2026 18:02,5,XRP,$1.42 ,1.20%,$89.22B
9/6/2026 18:02,6,USDC,$1.00 ,0.00%,$74.57B
9/6/2026 18:02,7,Solana,$106.58 ,4.11%,$62.4B
9/6/2026 18:02,8,TRON,$0.34 ,0.66%,$31.82B
9/6/2026 18:02,9,Hyperliquid,$89.51 ,5.20%,$22.51B
9/6/2026 18:02,10,Zcash,"$1,177.47 ",16.56%,$19.84B
,,,,,
9/6/2026 18:03,1,Bitcoin,"$79,980.36 ",0.39%,$1.6T
9/6/2026 18:03,2,Ethereum,"$2,503.23 ",1.94%,$305.46B
9/6/2026 18:03,3,Tether,$1.00 ,-0.01%,$183.38B
9/6/2026 18:03,4,BNB,$757.96 ,0.55%,$100.93B
9/6/2026 18:03,5,XRP,$1.42 ,1.20%,$89.22B
9/6/2026 18:03,6,USDC,$1.00 ,0.00%,$74.57B
9/6/2026 18:03,7,Solana,$106.58 ,4.11%,$62.4B
9/6/2026 18:03,8,TRON,$0.34 ,0.66%,$31.82B
9/6/2026 18:03,9,Hyperliquid,$89.04 ,4.79%,$22.39B
9/6/2026 18:03,10,Zcash,"$1,175.09 ",16.01%,$19.8B
,,,,,
9/6/2026 18:04,1,Bitcoin,"$79,968.90 ",0.35%,$1.6T
9/6/2026 18:04,2,Ethereum,"$2,502.99 ",1.89%,$305.42B
9/6/2026 18:04,3,Tether,$1.00 ,0.00%,$183.39B
9/6/2026 18:04,4,BNB,$758.25 ,0.49%,$100.97B
9/6/2026 18:04,5,XRP,$1.42 ,1.23%,$89.37B
9/6/2026 18:04,6,USDC,$1.00 ,0.00%,$74.57B
9/6/2026 18:04,7,Solana,$106.55 ,4.07%,$62.38B
9/6/2026 18:04,8,TRON,$0.34 ,0.68%,$31.82B
9/6/2026 18:04,9,Hyperliquid,$89.35 ,5.03%,$22.47B
9/6/2026 18:04,10,Zcash,"$1,176.27 ",16.22%,$19.82B
,,,,,
9/6/2026 18:04,1,Bitcoin,"$80,002.97 ",0.39%,$1.6T
9/6/2026 18:04,2,Ethereum,"$2,503.91 ",1.92%,$305.53B
9/6/2026 18:04,3,Tether,$1.00 ,0.01%,$183.41B
9/6/2026 18:04,4,BNB,$757.64 ,0.18%,$100.89B
9/6/2026 18:04,5,XRP,$1.42 ,1.23%,$89.37B
9/6/2026 18:04,6,USDC,$1.00 ,0.01%,$74.58B
9/6/2026 18:04,7,Solana,$106.70 ,4.14%,$62.46B
9/6/2026 18:04,8,TRON,$0.34 ,0.68%,$31.82B
9/6/2026 18:04,9,Hyperliquid,$89.51 ,5.26%,$22.51B
9/6/2026 18:04,10,Zcash,"$1,178.96 ",16.56%,$19.87B
,,,,,
9/6/2026 18:05,1,Bitcoin,"$79,982.02 ",0.45%,$1.6T
9/6/2026 18:05,2,Ethereum,"$2,501.86 ",1.91%,$305.4B
9/6/2026 18:05,3,Tether,$1.00 ,0.00%,$183.39B
9/6/2026 18:05,4,BNB,$757.64 ,0.18%,$100.88B
9/6/2026 18:05,5,XRP,$1.42 ,1.18%,$89.22B
9/6/2026 18:05,6,USDC,$1.00 ,0.00%,$74.57B
9/6/2026 18:05,7,Solana,$106.71 ,4.15%,$62.47B
9/6/2026 18:05,8,TRON,$0.34 ,0.68%,$31.82B
9/6/2026 18:05,9,Hyperliquid,$89.39 ,5.08%,$22.48B
9/6/2026 18:05,10,Zcash,"$1,176.29 ",16.19%,$19.82B
,,,,,
9/6/2026 18:06,1,Bitcoin,"$79,974.69 ",0.39%,$1.6T
9/6/2026 18:06,2,Ethereum,"$2,502.53 ",1.92%,$305.4B
9/6/2026 18:06,3,Tether,$1.00 ,0.00%,$183.39B
9/6/2026 18:06,4,BNB,$757.48 ,0.15%,$100.86B
9/6/2026 18:06,5,XRP,$1.42 ,1.18%,$89.22B
9/6/2026 18:06,6,USDC,$1.00 ,0.00%,$74.57B
9/6/2026 18:06,7,Solana,$106.55 ,4.07%,$62.38B
9/6/2026 18:06,8,TRON,$0.34 ,0.68%,$31.82B
9/6/2026 18:06,9,Hyperliquid,$89.32 ,5.04%,$22.46B
9/6/2026 18:06,10,Zcash,"$1,175.80 ",16.11%,$19.81B
,,,,,
9/6/2026 18:07,1,Bitcoin,"$79,974.69 ",0.39%,$1.6T
9/6/2026 18:07,2,Ethereum,"$2,502.53 ",1.92%,$305.4B
9/6/2026 18:07,3,Tether,$1.00 ,0.00%,$183.39B
9/6/2026 18:07,4,BNB,$758.25 ,0.49%,$100.97B
9/6/2026 18:07,5,XRP,$1.42 ,1.18%,$89.22B
9/6/2026 18:07,6,USDC,$1.00 ,0.00%,$74.57B
9/6/2026 18:07,7,Solana,$106.55 ,4.07%,$62.38B
9/6/2026 18:07,8,TRON,$0.34 ,0.68%,$31.82B
9/6/2026 18:07,9,Hyperliquid,$89.51 ,5.26%,$22.51B
9/6/2026 18:07,10,Zcash,"$1,178.96 ",16.56%,$19.87B
,,,,,
9/6/2026 18:08,1,Bitcoin,"$79,966.81 ",0.33%,$1.6T
9/6/2026 18:08,2,Ethereum,"$2,502.91 ",1.81%,$305.41B
9/6/2026 18:08,3,Tether,$1.00 ,-0.01%,$183.38B
9/6/2026 18:08,4,BNB,$757.64 ,0.18%,$100.88B
9/6/2026 18:08,5,XRP,$1.42 ,0.98%,$89.35B
9/6/2026 18:08,6,USDC,$1.00 ,-0.02%,$74.57B
9/6/2026 18:08,7,Solana,$106.80 ,4.12%,$62.52B
9/6/2026 18:08,8,TRON,$0.34 ,0.69%,$31.82B
9/6/2026 18:08,9,Hyperliquid,$89.37 ,5.05%,$22.48B
9/6/2026 18:08,10,Zcash,"$1,177.64 ",16.55%,$19.85B
,,,,,
9/6/2026 18:08,1,Bitcoin,"$80,002.61 ",0.39%,$1.6T
9/6/2026 18:08,2,Ethereum,"$2,502.80 ",1.88%,$305.42B
9/6/2026 18:08,3,Tether,$1.00 ,-0.01%,$183.39B
9/6/2026 18:08,4,BNB,$757.64 ,0.18%,$100.88B
9/6/2026 18:08,5,XRP,$1.42 ,1.35%,$89.37B
9/6/2026 18:08,6,USDC,$1.00 ,-0.01%,$74.57B
9/6/2026 18:08,7,Solana,$106.65 ,4.16%,$62.44B
9/6/2026 18:08,8,TRON,$0.34 ,0.69%,$31.82B
9/6/2026 18:08,9,Hyperliquid,$89.29 ,5.07%,$22.46B
9/6/2026 18:08,10,Zcash,"$1,174.97 ",15.84%,$19.8B
,,,,,
9/6/2026 18:08,1,Bitcoin,"$80,002.61 ",0.39%,$1.6T
9/6/2026 18:08,2,Ethereum,"$2,502.80 ",1.88%,$305.42B
9/6/2026 18:08,3,Tether,$1.00 ,-0.01%,$183.39B
9/6/2026 18:08,4,BNB,$757.64 ,0.18%,$100.88B
9/6/2026 18:08,5,XRP,$1.42 ,1.35%,$89.37B
9/6/2026 18:08,6,USDC,$1.00 ,-0.01%,$74.57B
9/6/2026 18:08,7,Solana,$106.65 ,4.16%,$62.44B
9/6/2026 18:08,8,TRON,$0.34 ,0.69%,$31.82B
9/6/2026 18:08,9,Hyperliquid,$89.37 ,5.05%,$22.48B
9/6/2026 18:08,10,Zcash,"$1,177.64 ",16.55%,$19.85B
,,,,,
9/6/2026 18:08,1,Bitcoin,"$80,002.61 ",0.39%,$1.6T
9/6/2026 18:08,2,Ethereum,"$2,502.80 ",1.88%,$305.42B
9/6/2026 18:08,3,Tether,$1.00 ,-0.01%,$183.39B
9/6/2026 18:08,4,BNB,$757.64 ,0.18%,$100.88B
9/6/2026 18:08,5,XRP,$1.42 ,1.35%,$89.37B
9/6/2026 18:08,6,USDC,$1.00 ,-0.01%,$74.57B
9/6/2026 18:08,7,Solana,$106.65 ,4.16%,$62.44B
9/6/2026 18:08,8,TRON,$0.34 ,0.69%,$31.82B
9/6/2026 18:08,9,Hyperliquid,$89.28 ,5.09%,$22.45B
9/6/2026 18:08,10,Zcash,"$1,175.66 ",15.91%,$19.81B
,,,,,
9/6/2026 18:09,1,Bitcoin,"$79,985.95 ",0.38%,$1.6T
9/6/2026 18:09,2,Ethereum,"$2,502.90 ",1.84%,$305.41B
9/6/2026 18:09,3,Tether,$1.00 ,0.00%,$183.39B
9/6/2026 18:09,4,BNB,$756.93 ,0.02%,$100.79B
9/6/2026 18:09,5,XRP,$1.42 ,0.95%,$89.39B
9/6/2026 18:09,6,USDC,$1.00 ,0.01%,$74.58B
9/6/2026 18:09,7,Solana,$106.89 ,4.17%,$62.58B
9/6/2026 18:09,8,TRON,$0.34 ,0.69%,$31.82B
9/6/2026 18:09,9,Hyperliquid,$89.37 ,5.05%,$22.48B
9/6/2026 18:09,10,Zcash,"$1,177.64 ",16.55%,$19.85B
,,,,,
9/6/2026 18:10,1,Bitcoin,"$79,989.70 ",0.34%,$1.6T
9/6/2026 18:10,2,Ethereum,"$2,502.80 ",1.80%,$305.4B
9/6/2026 18:10,3,Tether,$1.00 ,0.00%,$183.39B
9/6/2026 18:10,4,BNB,$756.93 ,-0.03%,$100.79B
9/6/2026 18:10,5,XRP,$1.42 ,0.82%,$89.39B
9/6/2026 18:10,6,USDC,$1.00 ,0.00%,$74.58B
9/6/2026 18:10,7,Solana,$106.93 ,4.04%,$62.6B
9/6/2026 18:10,8,TRON,$0.34 ,0.69%,$31.82B
9/6/2026 18:10,9,Hyperliquid,$89.37 ,5.05%,$22.48B
9/6/2026 18:10,10,Zcash,"$1,177.64 ",16.55%,$19.85B
,,,,,
9/6/2026 18:11,1,Bitcoin,"$79,976.93 ",0.32%,$1.6T
9/6/2026 18:11,2,Ethereum,"$2,501.75 ",1.72%,$305.27B
9/6/2026 18:11,3,Tether,$1.00 ,0.00%,$183.4B
9/6/2026 18:11,4,BNB,$756.81 ,-0.09%,$100.77B
9/6/2026 18:11,5,XRP,$1.42 ,0.81%,$89.39B
9/6/2026 18:11,6,USDC,$1.00 ,0.01%,$74.58B
9/6/2026 18:11,7,Solana,$106.93 ,4.03%,$62.6B
9/6/2026 18:11,8,TRON,$0.34 ,0.69%,$31.82B
9/6/2026 18:11,9,Hyperliquid,$89.37 ,5.05%,$22.48B
9/6/2026 18:11,10,Zcash,"$1,177.64 ",16.55%,$19.85B
,,,,,
9/6/2026 18:11,1,Bitcoin,"$79,997.75 ",0.37%,$1.6T
9/6/2026 18:11,2,Ethereum,"$2,503.86 ",1.87%,$305.42B
9/6/2026 18:11,3,Tether,$1.00 ,-0.01%,$183.39B
9/6/2026 18:11,4,BNB,$757.64 ,0.18%,$100.88B
9/6/2026 18:11,5,XRP,$1.42 ,1.35%,$89.37B
9/6/2026 18:11,6,USDC,$1.00 ,-0.01%,$74.57B
9/6/2026 18:11,7,Solana,$106.65 ,4.16%,$62.44B
9/6/2026 18:11,8,TRON,$0.34 ,0.69%,$31.82B
9/6/2026 18:11,9,Hyperliquid,$89.37 ,5.05%,$22.48B
9/6/2026 18:11,10,Zcash,"$1,177.64 ",16.55%,$19.85B
,,,,,
9/6/2026 18:12,1,Bitcoin,"$79,959.68 ",0.27%,$1.6T
9/6/2026 18:12,2,Ethereum,"$2,500.68 ",1.67%,$305.14B
9/6/2026 18:12,3,Tether,$1.00 ,-0.02%,$183.38B
9/6/2026 18:12,4,BNB,$756.72 ,-0.12%,$100.76B
9/6/2026 18:12,5,XRP,$1.42 ,0.79%,$89.37B
9/6/2026 18:12,6,USDC,$1.00 ,-0.01%,$74.57B
9/6/2026 18:12,7,Solana,$106.95 ,4.03%,$62.61B
9/6/2026 18:12,8,TRON,$0.34 ,0.69%,$31.82B
9/6/2026 18:12,9,Hyperliquid,$89.37 ,5.05%,$22.48B
9/6/2026 18:12,10,Zcash,"$1,177.64 ",16.55%,$19.85B
,,,,,
9/6/2026 18:13,1,Bitcoin,"$79,967.56 ",0.37%,$1.6T
9/6/2026 18:13,2,Ethereum,"$2,504.05 ",1.85%,$305.42B
9/6/2026 18:13,3,Tether,$1.00 ,-0.01%,$183.39B
9/6/2026 18:13,4,BNB,$757.64 ,0.18%,$100.88B
9/6/2026 18:13,5,XRP,$1.42 ,1.35%,$89.37B
9/6/2026 18:13,6,USDC,$1.00 ,-0.01%,$74.57B
9/6/2026 18:13,7,Solana,$106.65 ,4.16%,$62.44B
9/6/2026 18:13,8,TRON,$0.34 ,0.69%,$31.82B
9/6/2026 18:13,9,Hyperliquid,$89.37 ,5.05%,$22.48B
9/6/2026 18:13,10,Zcash,"$1,177.64 ",16.55%,$19.85B
,,,,,
9/6/2026 18:13,1,Bitcoin,"$79,967.56 ",0.37%,$1.6T
9/6/2026 18:13,2,Ethereum,"$2,504.05 ",1.85%,$305.42B
9/6/2026 18:13,3,Tether,$1.00 ,-0.01%,$183.39B
9/6/2026 18:13,4,BNB,$757.64 ,0.18%,$100.88B
9/6/2026 18:13,5,XRP,$1.42 ,1.35%,$89.37B
9/6/2026 18:13,6,USDC,$1.00 ,-0.01%,$74.57B
9/6/2026 18:13,7,Solana,$106.65 ,4.16%,$62.44B
9/6/2026 18:13,8,TRON,$0.34 ,0.69%,$31.82B
9/6/2026 18:13,9,Hyperliquid,$89.16 ,4.90%,$22.42B
9/6/2026 18:13,10,Zcash,"$1,173.29 ",15.67%,$19.77B
,,,,,
9/6/2026 18:14,1,Bitcoin,"$79,981.17 ",0.33%,$1.6T
9/6/2026 18:14,2,Ethereum,"$2,502.79 ",1.80%,$305.42B
9/6/2026 18:14,3,Tether,$1.00 ,0.00%,$183.39B
9/6/2026 18:14,4,BNB,$756.93 ,-0.03%,$100.79B
9/6/2026 18:14,5,XRP,$1.42 ,0.93%,$89.37B
9/6/2026 18:14,6,USDC,$1.00 ,0.01%,$74.57B
9/6/2026 18:14,7,Solana,$106.83 ,4.11%,$62.54B
9/6/2026 18:14,8,TRON,$0.34 ,0.70%,$31.82B
9/6/2026 18:14,9,Hyperliquid,$89.26 ,5.08%,$22.45B
9/6/2026 18:14,10,Zcash,"$1,175.69 ",15.81%,$19.81B
,,,,,
9/6/2026 18:15,1,Bitcoin,"$79,981.17 ",0.33%,$1.6T
9/6/2026 18:15,2,Ethereum,"$2,502.79 ",1.80%,$305.42B
9/6/2026 18:15,3,Tether,$1.00 ,0.00%,$183.39B
9/6/2026 18:15,4,BNB,$756.93 ,-0.03%,$100.79B
9/6/2026 18:15,5,XRP,$1.42 ,0.93%,$89.37B
9/6/2026 18:15,6,USDC,$1.00 ,0.01%,$74.57B
9/6/2026 18:15,7,Solana,$106.83 ,4.11%,$62.54B
9/6/2026 18:15,8,TRON,$0.34 ,0.70%,$31.82B
9/6/2026 18:15,9,Hyperliquid,$89.11 ,4.85%,$22.41B
9/6/2026 18:15,10,Zcash,"$1,171.60 ",15.57%,$19.74B
,,,,,
9/6/2026 18:15,1,Bitcoin,"$79,981.17 ",0.33%,$1.6T
9/6/2026 18:15,2,Ethereum,"$2,502.79 ",1.80%,$305.42B
9/6/2026 18:15,3,Tether,$1.00 ,0.00%,$183.39B
9/6/2026 18:15,4,BNB,$756.93 ,-0.03%,$100.79B
9/6/2026 18:15,5,XRP,$1.42 ,0.93%,$89.37B
9/6/2026 18:15,6,USDC,$1.00 ,0.01%,$74.57B
9/6/2026 18:15,7,Solana,$106.83 ,4.11%,$62.54B
9/6/2026 18:15,8,TRON,$0.34 ,0.70%,$31.82B
9/6/2026 18:15,9,Hyperliquid,$89.26 ,5.08%,$22.45B
9/6/2026 18:15,10,Zcash,"$1,175.69 ",15.81%,$19.81B
,,,,,
9/6/2026 18:16,1,Bitcoin,"$79,960.18 ",0.27%,$1.6T
9/6/2026 18:16,2,Ethereum,"$2,500.43 ",1.64%,$305.11B
9/6/2026 18:16,3,Tether,$1.00 ,-0.01%,$183.38B
9/6/2026 18:16,4,BNB,$755.79 ,-0.21%,$100.64B
9/6/2026 18:16,5,XRP,$1.42 ,0.57%,$89.22B
9/6/2026 18:16,6,USDC,$1.00 ,0.00%,$74.58B
9/6/2026 18:16,7,Solana,$107.01 ,4.01%,$62.64B
9/6/2026 18:16,8,TRON,$0.34 ,0.70%,$31.82B
9/6/2026 18:16,9,Hyperliquid,$89.26 ,5.08%,$22.45B
9/6/2026 18:16,10,Zcash,"$1,175.69 ",15.81%,$19.81B
,,,,,
9/6/2026 18:17,1,Bitcoin,"$79,965.61 ",0.25%,$1.6T
9/6/2026 18:17,2,Ethereum,"$2,500.50 ",1.58%,$305.12B
9/6/2026 18:17,3,Tether,$1.00 ,0.00%,$183.39B
9/6/2026 18:17,4,BNB,$755.74 ,-0.25%,$100.63B
9/6/2026 18:17,5,XRP,$1.42 ,0.53%,$89.21B
9/6/2026 18:17,6,USDC,$1.00 ,0.00%,$74.58B
9/6/2026 18:17,7,Solana,$107.00 ,3.98%,$62.64B
9/6/2026 18:17,8,TRON,$0.34 ,0.70%,$31.82B
9/6/2026 18:17,9,Hyperliquid,$89.26 ,5.08%,$22.45B
9/6/2026 18:17,10,Zcash,"$1,175.69 ",15.81%,$19.81B
,,,,,
9/6/2026 18:18,1,Bitcoin,"$79,986.67 ",0.31%,$1.6T
9/6/2026 18:18,2,Ethereum,"$2,499.79 ",1.63%,$305.03B
9/6/2026 18:18,3,Tether,$1.00 ,-0.01%,$183.38B
9/6/2026 18:18,4,BNB,$755.10 ,-0.34%,$100.55B
9/6/2026 18:18,5,XRP,$1.42 ,0.44%,$89.14B
9/6/2026 18:18,6,USDC,$1.00 ,0.00%,$74.57B
9/6/2026 18:18,7,Solana,$106.94 ,3.92%,$62.61B
9/6/2026 18:18,8,TRON,$0.34 ,0.70%,$31.82B
9/6/2026 18:18,9,Hyperliquid,$89.26 ,5.08%,$22.45B
9/6/2026 18:18,10,Zcash,"$1,175.69 ",15.81%,$19.81B
,,,,,
9/6/2026 18:19,1,Bitcoin,"$79,986.67 ",0.31%,$1.6T
9/6/2026 18:19,2,Ethereum,"$2,500.74 ",1.68%,$305.42B
9/6/2026 18:19,3,Tether,$1.00 ,0.00%,$183.39B
9/6/2026 18:19,4,BNB,$756.93 ,-0.03%,$100.79B
9/6/2026 18:19,5,XRP,$1.42 ,0.93%,$89.37B
9/6/2026 18:19,6,USDC,$1.00 ,0.01%,$74.57B
9/6/2026 18:19,7,Solana,$106.83 ,4.11%,$62.54B
9/6/2026 18:19,8,TRON,$0.34 ,0.70%,$31.82B
9/6/2026 18:19,9,Hyperliquid,$89.16 ,4.94%,$22.42B
9/6/2026 18:19,10,Zcash,"$1,168.76 ",15.61%,$19.7B
,,,,,
9/7/2026 15:23,1,Bitcoin,"$79,334.18 ",-0.67%,$1.59T
9/7/2026 15:23,2,Ethereum,"$2,487.85 ",-0.37%,$303.58B
9/7/2026 15:23,3,Tether,$1.00 ,-0.03%,$183.38B
9/7/2026 15:23,4,BNB,$744.54 ,-1.76%,$99.14B
9/7/2026 15:23,5,XRP,$1.40 ,-1.30%,$88B
9/7/2026 15:23,6,USDC,$1.00 ,0.00%,$74.5B
9/7/2026 15:23,7,Solana,$104.95 ,-1.44%,$61.52B
9/7/2026 15:23,8,TRON,$0.34 ,0.77%,$31.96B
9/7/2026 15:23,9,Hyperliquid,$87.39 ,-0.28%,$22.01B
9/7/2026 15:23,10,Zcash,"$1,188.96 ",0.45%,$20.04B
,,,,,
9/7/2026 15:23,1,Bitcoin,"$79,399.26 ",-0.58%,$1.59T
9/7/2026 15:23,2,Ethereum,"$2,491.86 ",-0.19%,$303.99B
9/7/2026 15:23,3,Tether,$1.00 ,-0.03%,$183.38B
9/7/2026 15:23,4,BNB,$744.54 ,-1.76%,$99.14B
9/7/2026 15:23,5,XRP,$1.40 ,-1.30%,$88B
9/7/2026 15:23,6,USDC,$1.00 ,0.00%,$74.5B
9/7/2026 15:23,7,Solana,$104.95 ,-1.44%,$61.52B
9/7/2026 15:23,8,TRON,$0.34 ,0.77%,$31.96B
9/7/2026 15:23,9,Hyperliquid,$87.26 ,-0.25%,$21.98B
9/7/2026 15:23,10,Zcash,"$1,188.52 ",0.01%,$20.03B
,,,,,
9/7/2026 15:24,1,Bitcoin,"$79,331.32 ",-0.67%,$1.59T
9/7/2026 15:24,2,Ethereum,"$2,487.48 ",-0.39%,$303.54B
9/7/2026 15:24,3,Tether,$1.00 ,-0.01%,$183.39B
9/7/2026 15:24,4,BNB,$744.00 ,-1.75%,$99.07B
9/7/2026 15:24,5,XRP,$1.40 ,-1.28%,$87.91B
9/7/2026 15:24,6,USDC,$1.00 ,0.00%,$74.47B
9/7/2026 15:24,7,Solana,$104.95 ,-1.47%,$61.51B
9/7/2026 15:24,8,TRON,$0.34 ,0.77%,$31.96B
9/7/2026 15:24,9,Hyperliquid,$87.26 ,-0.25%,$21.98B
9/7/2026 15:24,10,Zcash,"$1,188.52 ",0.01%,$20.03B
,,,,,
9/7/2026 15:24,1,Bitcoin,"$79,399.26 ",-0.58%,$1.59T
9/7/2026 15:24,2,Ethereum,"$2,491.86 ",-0.19%,$303.99B
9/7/2026 15:24,3,Tether,$1.00 ,-0.03%,$183.38B
9/7/2026 15:24,4,BNB,$744.54 ,-1.76%,$99.14B
9/7/2026 15:24,5,XRP,$1.40 ,-1.30%,$88B
9/7/2026 15:24,6,USDC,$1.00 ,0.00%,$74.5B
9/7/2026 15:24,7,Solana,$104.95 ,-1.44%,$61.52B
9/7/2026 15:24,8,TRON,$0.34 ,0.77%,$31.96B
9/7/2026 15:24,9,Hyperliquid,$87.38 ,-0.29%,$22.01B
9/7/2026 15:24,10,Zcash,"$1,189.00 ",0.45%,$20.04B
,,,,,
9/7/2026 15:24,1,Bitcoin,"$79,317.29 ",-0.69%,$1.59T
9/7/2026 15:24,2,Ethereum,"$2,485.88 ",-0.48%,$303.34B
9/7/2026 15:24,3,Tether,$1.00 ,-0.01%,$183.39B
9/7/2026 15:24,4,BNB,$743.64 ,-1.80%,$99.02B
9/7/2026 15:24,5,XRP,$1.39 ,-1.42%,$87.79B
9/7/2026 15:24,6,USDC,$1.00 ,0.00%,$74.47B
9/7/2026 15:24,7,Solana,$104.82 ,-1.59%,$61.44B
9/7/2026 15:24,8,TRON,$0.34 ,0.77%,$31.96B
9/7/2026 15:24,9,Hyperliquid,$87.26 ,-0.25%,$21.98B
9/7/2026 15:24,10,Zcash,"$1,188.52 ",0.01%,$20.03B
,,,,,
9/7/2026 15:24,1,Bitcoin,"$79,399.26 ",-0.58%,$1.59T
9/7/2026 15:24,2,Ethereum,"$2,491.86 ",-0.19%,$303.99B
9/7/2026 15:24,3,Tether,$1.00 ,-0.03%,$183.38B
9/7/2026 15:24,4,BNB,$744.54 ,-1.76%,$99.14B
9/7/2026 15:24,5,XRP,$1.40 ,-1.30%,$88B
9/7/2026 15:24,6,USDC,$1.00 ,0.00%,$74.5B
9/7/2026 15:24,7,Solana,$104.95 ,-1.44%,$61.52B
9/7/2026 15:24,8,TRON,$0.34 ,0.77%,$31.96B
9/7/2026 15:24,9,Hyperliquid,$87.28 ,-0.40%,$21.98B
9/7/2026 15:24,10,Zcash,"$1,187.62 ",0.33%,$20.02B
,,,,,
9/7/2026 15:25,1,Bitcoin,"$79,337.42 ",-0.67%,$1.59T
9/7/2026 15:25,2,Ethereum,"$2,487.35 ",-0.43%,$303.52B
9/7/2026 15:25,3,Tether,$1.00 ,-0.01%,$183.39B
9/7/2026 15:25,4,BNB,$743.60 ,-1.79%,$99.02B
9/7/2026 15:25,5,XRP,$1.39 ,-1.41%,$87.79B
9/7/2026 15:25,6,USDC,$1.00 ,0.01%,$74.47B
9/7/2026 15:25,7,Solana,$104.83 ,-1.55%,$61.44B
9/7/2026 15:25,8,TRON,$0.34 ,0.77%,$31.96B
9/7/2026 15:25,9,Hyperliquid,$87.26 ,-0.25%,$21.98B
9/7/2026 15:25,10,Zcash,"$1,188.52 ",0.01%,$20.03B
,,,,,
9/7/2026 15:25,1,Bitcoin,"$79,345.68 ",-0.65%,$1.59T
9/7/2026 15:25,2,Ethereum,"$2,489.47 ",-0.29%,$304.07B
9/7/2026 15:25,3,Tether,$1.00 ,0.00%,$183.4B
9/7/2026 15:25,4,BNB,$744.67 ,-1.69%,$99.16B
9/7/2026 15:25,5,XRP,$1.40 ,-1.26%,$87.95B
9/7/2026 15:25,6,USDC,$1.00 ,0.02%,$74.48B
9/7/2026 15:25,7,Solana,$104.97 ,-1.35%,$61.53B
9/7/2026 15:25,8,TRON,$0.34 ,0.79%,$31.97B
9/7/2026 15:25,9,Hyperliquid,$87.28 ,-0.44%,$21.99B
9/7/2026 15:25,10,Zcash,"$1,187.34 ",0.34%,$20.01B
,,,,,
9/7/2026 15:26,1,Bitcoin,"$79,345.68 ",-0.65%,$1.59T
9/7/2026 15:26,2,Ethereum,"$2,489.47 ",-0.29%,$304.07B
9/7/2026 15:26,3,Tether,$1.00 ,0.00%,$183.4B
9/7/2026 15:26,4,BNB,$744.67 ,-1.69%,$99.16B
9/7/2026 15:26,5,XRP,$1.40 ,-1.26%,$87.95B
9/7/2026 15:26,6,USDC,$1.00 ,0.02%,$74.48B
9/7/2026 15:26,7,Solana,$104.97 ,-1.35%,$61.53B
9/7/2026 15:26,8,TRON,$0.34 ,0.79%,$31.97B
9/7/2026 15:26,9,Hyperliquid,$87.28 ,-0.40%,$21.99B
9/7/2026 15:26,10,Zcash,"$1,187.32 ",0.32%,$20.01B
,,,,,
9/7/2026 15:27,1,Bitcoin,"$79,345.68 ",-0.65%,$1.59T
9/7/2026 15:27,2,Ethereum,"$2,489.47 ",-0.29%,$304.07B
9/7/2026 15:27,3,Tether,$1.00 ,0.00%,$183.4B
9/7/2026 15:27,4,BNB,$744.67 ,-1.69%,$99.16B
9/7/2026 15:27,5,XRP,$1.40 ,-1.26%,$87.95B
9/7/2026 15:27,6,USDC,$1.00 ,0.02%,$74.48B
9/7/2026 15:27,7,Solana,$104.97 ,-1.35%,$61.53B
9/7/2026 15:27,8,TRON,$0.34 ,0.79%,$31.97B
9/7/2026 15:27,9,Hyperliquid,$87.37 ,-0.21%,$22.01B
9/7/2026 15:27,10,Zcash,"$1,188.59 ",0.39%,$20.03B
,,,,,
9/7/2026 15:27,1,Bitcoin,"$79,354.38 ",-0.64%,$1.59T
9/7/2026 15:27,2,Ethereum,"$2,486.48 ",-0.47%,$303.41B
9/7/2026 15:27,3,Tether,$1.00 ,0.00%,$183.42B
9/7/2026 15:27,4,BNB,$743.14 ,-1.86%,$98.95B
9/7/2026 15:27,5,XRP,$1.39 ,-1.48%,$87.72B
9/7/2026 15:27,6,USDC,$1.00 ,0.02%,$74.49B
9/7/2026 15:27,7,Solana,$104.73 ,-1.63%,$61.39B
9/7/2026 15:27,8,TRON,$0.34 ,0.79%,$31.97B
9/7/2026 15:27,9,Hyperliquid,$87.37 ,-0.21%,$22.01B
9/7/2026 15:27,10,Zcash,"$1,188.59 ",0.39%,$20.03B
,,,,,
9/7/2026 15:28,1,Bitcoin,"$79,334.06 ",-0.68%,$1.59T
9/7/2026 15:28,2,Ethereum,"$2,486.11 ",-0.50%,$303.37B
9/7/2026 15:28,3,Tether,$1.00 ,-0.02%,$183.39B
9/7/2026 15:28,4,BNB,$743.22 ,-1.88%,$98.96B
9/7/2026 15:28,5,XRP,$1.39 ,-1.49%,$87.71B
9/7/2026 15:28,6,USDC,$1.00 ,-0.01%,$74.47B
9/7/2026 15:28,7,Solana,$104.72 ,-1.64%,$61.38B
9/7/2026 15:28,8,TRON,$0.34 ,0.79%,$31.97B
9/7/2026 15:28,9,Hyperliquid,$87.37 ,-0.21%,$22.01B
9/7/2026 15:28,10,Zcash,"$1,188.59 ",0.39%,$20.03B
,,,,,
9/7/2026 15:29,1,Bitcoin,"$79,345.68 ",-0.65%,$1.59T
9/7/2026 15:29,2,Ethereum,"$2,489.47 ",-0.29%,$304.07B
9/7/2026 15:29,3,Tether,$1.00 ,-0.01%,$183.39B
9/7/2026 15:29,4,BNB,$743.19 ,-1.88%,$98.96B
9/7/2026 15:29,5,XRP,$1.39 ,-1.51%,$87.69B
9/7/2026 15:29,6,USDC,$1.00 ,0.00%,$74.47B
9/7/2026 15:29,7,Solana,$104.71 ,-1.64%,$61.38B
9/7/2026 15:29,8,TRON,$0.34 ,0.79%,$31.97B
9/7/2026 15:29,9,Hyperliquid,$87.37 ,-0.21%,$22.01B
9/7/2026 15:29,10,Zcash,"$1,188.59 ",0.39%,$20.03B
,,,,,
9/7/2026 15:30,1,Bitcoin,"$79,298.59 ",-0.73%,$1.59T
9/7/2026 15:30,2,Ethereum,"$2,484.66 ",-0.57%,$303.19B
9/7/2026 15:30,3,Tether,$1.00 ,-0.01%,$183.4B
9/7/2026 15:30,4,BNB,$743.13 ,-1.89%,$98.95B
9/7/2026 15:30,5,XRP,$1.39 ,-1.51%,$87.69B
9/7/2026 15:30,6,USDC,$1.00 ,0.00%,$74.47B
9/7/2026 15:30,7,Solana,$104.70 ,-1.65%,$61.37B
9/7/2026 15:30,8,TRON,$0.34 ,0.76%,$31.96B
9/7/2026 15:30,9,Hyperliquid,$87.38 ,-0.29%,$22.01B
9/7/2026 15:30,10,Zcash,"$1,189.00 ",0.45%,$20.04B
,,,,,
9/7/2026 15:30,1,Bitcoin,"$79,370.65 ",-0.65%,$1.59T
9/7/2026 15:30,2,Ethereum,"$2,487.69 ",-0.46%,$303.56B
9/7/2026 15:30,3,Tether,$1.00 ,-0.01%,$183.39B
9/7/2026 15:30,4,BNB,$743.60 ,-1.79%,$99.01B
9/7/2026 15:30,5,XRP,$1.40 ,-1.29%,$87.9B
9/7/2026 15:30,6,USDC,$1.00 ,0.00%,$74.47B
9/7/2026 15:30,7,Solana,$104.94 ,-1.48%,$61.51B
9/7/2026 15:30,8,TRON,$0.34 ,0.76%,$31.96B
9/7/2026 15:30,9,Hyperliquid,$87.26 ,-0.60%,$21.98B
9/7/2026 15:30,10,Zcash,"$1,187.16 ",0.24%,$20.01B
,,,,,
9/7/2026 15:31,1,Bitcoin,"$79,351.00 ",-0.66%,$1.59T
9/7/2026 15:31,2,Ethereum,"$2,486.92 ",-0.45%,$303.54B
9/7/2026 15:31,3,Tether,$1.00 ,-0.01%,$183.39B
9/7/2026 15:31,4,BNB,$743.60 ,-1.79%,$99.01B
9/7/2026 15:31,5,XRP,$1.40 ,-1.29%,$87.9B
9/7/2026 15:31,6,USDC,$1.00 ,0.00%,$74.47B
9/7/2026 15:31,7,Solana,$104.94 ,-1.48%,$61.51B
9/7/2026 15:31,8,TRON,$0.34 ,0.76%,$31.96B
9/7/2026 15:31,9,Hyperliquid,$87.30 ,-0.63%,$21.99B
9/7/2026 15:31,10,Zcash,"$1,187.76 ",0.30%,$20.02B
,,,,,
9/7/2026 15:32,1,Bitcoin,"$79,351.00 ",-0.66%,$1.59T
9/7/2026 15:32,2,Ethereum,"$2,486.92 ",-0.45%,$303.54B
9/7/2026 15:32,3,Tether,$1.00 ,-0.01%,$183.39B
9/7/2026 15:32,4,BNB,$743.60 ,-1.79%,$99.01B
9/7/2026 15:32,5,XRP,$1.40 ,-1.29%,$87.9B
9/7/2026 15:32,6,USDC,$1.00 ,0.00%,$74.47B
9/7/2026 15:32,7,Solana,$104.94 ,-1.48%,$61.51B
9/7/2026 15:32,8,TRON,$0.34 ,0.76%,$31.96B
9/7/2026 15:32,9,Hyperliquid,$87.38 ,-0.29%,$22.01B
9/7/2026 15:32,10,Zcash,"$1,189.00 ",0.45%,$20.04B
,,,,,
9/7/2026 15:32,1,Bitcoin,"$79,351.00 ",-0.66%,$1.59T
9/7/2026 15:32,2,Ethereum,"$2,486.92 ",-0.45%,$303.54B
9/7/2026 15:32,3,Tether,$1.00 ,-0.01%,$183.39B
9/7/2026 15:32,4,BNB,$743.60 ,-1.79%,$99.01B
9/7/2026 15:32,5,XRP,$1.40 ,-1.29%,$87.9B
9/7/2026 15:32,6,USDC,$1.00 ,0.00%,$74.47B
9/7/2026 15:32,7,Solana,$104.94 ,-1.48%,$61.51B
9/7/2026 15:32,8,TRON,$0.34 ,0.76%,$31.96B
9/7/2026 15:32,9,Hyperliquid,$87.38 ,-0.29%,$22.01B
9/7/2026 15:32,10,Zcash,"$1,189.00 ",0.45%,$20.04B
,,,,,
9/7/2026 15:33,1,Bitcoin,"$79,351.00 ",-0.66%,$1.59T
9/7/2026 15:33,2,Ethereum,"$2,486.92 ",-0.45%,$303.54B
9/7/2026 15:33,3,Tether,$1.00 ,-0.01%,$183.39B
9/7/2026 15:33,4,BNB,$742.86 ,-1.95%,$98.92B
9/7/2026 15:33,5,XRP,$1.40 ,-1.29%,$87.9B
9/7/2026 15:33,6,USDC,$1.00 ,0.00%,$74.47B
9/7/2026 15:33,7,Solana,$104.94 ,-1.48%,$61.51B
9/7/2026 15:33,8,TRON,$0.34 ,0.76%,$31.96B
9/7/2026 15:33,9,Hyperliquid,$87.40 ,-0.48%,$22.02B
9/7/2026 15:33,10,Zcash,"$1,187.95 ",0.35%,$20.02B
,,,,,
9/7/2026 15:34,1,Bitcoin,"$79,379.38 ",-0.66%,$1.59T
9/7/2026 15:34,2,Ethereum,"$2,484.50 ",-0.59%,$303.47B
9/7/2026 15:34,3,Tether,$1.00 ,-0.01%,$183.4B
9/7/2026 15:34,4,BNB,$743.20 ,-1.88%,$98.96B
9/7/2026 15:34,5,XRP,$1.39 ,-1.41%,$87.78B
9/7/2026 15:34,6,USDC,$1.00 ,0.00%,$74.47B
9/7/2026 15:34,7,Solana,$104.82 ,-1.55%,$61.44B
9/7/2026 15:34,8,TRON,$0.34 ,0.76%,$31.96B
9/7/2026 15:34,9,Hyperliquid,$87.29 ,-0.45%,$21.99B
9/7/2026 15:34,10,Zcash,"$1,187.91 ",0.35%,$20.02B
,,,,,
9/7/2026 15:35,1,Bitcoin,"$79,379.38 ",-0.66%,$1.59T
9/7/2026 15:35,2,Ethereum,"$2,484.50 ",-0.59%,$303.47B
9/7/2026 15:35,3,Tether,$1.00 ,-0.01%,$183.4B
9/7/2026 15:35,4,BNB,$742.95 ,-1.96%,$98.93B
9/7/2026 15:35,5,XRP,$1.39 ,-1.41%,$87.78B
9/7/2026 15:35,6,USDC,$1.00 ,0.00%,$74.47B
9/7/2026 15:35,7,Solana,$104.77 ,-1.72%,$61.41B
9/7/2026 15:35,8,TRON,$0.34 ,0.76%,$31.96B
9/7/2026 15:35,9,Hyperliquid,$87.42 ,-0.42%,$22.02B
9/7/2026 15:35,10,Zcash,"$1,188.08 ",0.33%,$20.02B
,,,,,
9/7/2026 15:35,1,Bitcoin,"$79,380.01 ",-0.68%,$1.59T
9/7/2026 15:35,2,Ethereum,"$2,487.40 ",-0.48%,$303.52B
9/7/2026 15:35,3,Tether,$1.00 ,-0.01%,$183.4B
9/7/2026 15:35,4,BNB,$743.20 ,-1.88%,$98.96B
9/7/2026 15:35,5,XRP,$1.39 ,-1.57%,$87.65B
9/7/2026 15:35,6,USDC,$1.00 ,0.00%,$74.47B
9/7/2026 15:35,7,Solana,$104.82 ,-1.55%,$61.44B
9/7/2026 15:35,8,TRON,$0.34 ,0.76%,$31.96B
9/7/2026 15:35,9,Hyperliquid,$87.29 ,-0.45%,$21.99B
9/7/2026 15:35,10,Zcash,"$1,187.14 ",0.26%,$20.01B
,,,,,
9/7/2026 15:36,1,Bitcoin,"$79,391.48 ",-0.70%,$1.59T
9/7/2026 15:36,2,Ethereum,"$2,488.21 ",-0.55%,$303.62B
9/7/2026 15:36,3,Tether,$1.00 ,-0.02%,$183.38B
9/7/2026 15:36,4,BNB,$743.20 ,-1.88%,$98.96B
9/7/2026 15:36,5,XRP,$1.39 ,-1.41%,$87.78B
9/7/2026 15:36,6,USDC,$1.00 ,0.00%,$74.47B
9/7/2026 15:36,7,Solana,$104.82 ,-1.55%,$61.44B
9/7/2026 15:36,8,TRON,$0.34 ,0.76%,$31.96B
9/7/2026 15:36,9,Hyperliquid,$87.29 ,-0.45%,$21.99B
9/7/2026 15:36,10,Zcash,"$1,187.14 ",0.26%,$20.01B
,,,,,
9/7/2026 15:37,1,Bitcoin,"$79,349.81 ",-0.70%,$1.59T
9/7/2026 15:37,2,Ethereum,"$2,488.22 ",-0.51%,$303.62B
9/7/2026 15:37,3,Tether,$1.00 ,-0.01%,$183.4B
9/7/2026 15:37,4,BNB,$743.20 ,-1.88%,$98.96B
9/7/2026 15:37,5,XRP,$1.39 ,-1.41%,$87.78B
9/7/2026 15:37,6,USDC,$1.00 ,0.00%,$74.47B
9/7/2026 15:37,7,Solana,$104.82 ,-1.55%,$61.44B
9/7/2026 15:37,8,TRON,$0.34 ,0.76%,$31.96B
9/7/2026 15:37,9,Hyperliquid,$87.50 ,-0.38%,$22.04B
9/7/2026 15:37,10,Zcash,"$1,189.28 ",0.28%,$20.04B
,,,,,
9/7/2026 15:38,1,Bitcoin,"$79,376.07 ",-0.68%,$1.59T
9/7/2026 15:38,2,Ethereum,"$2,485.62 ",-0.57%,$303.47B
9/7/2026 15:38,3,Tether,$1.00 ,-0.01%,$183.4B
9/7/2026 15:38,4,BNB,$743.20 ,-1.88%,$98.96B
9/7/2026 15:38,5,XRP,$1.39 ,-1.41%,$87.78B
9/7/2026 15:38,6,USDC,$1.00 ,0.00%,$74.47B
9/7/2026 15:38,7,Solana,$104.82 ,-1.55%,$61.44B
9/7/2026 15:38,8,TRON,$0.34 ,0.76%,$31.96B
9/7/2026 15:38,9,Hyperliquid,$87.49 ,-0.40%,$22.04B
9/7/2026 15:38,10,Zcash,"$1,189.47 ",0.30%,$20.05B
,,,,,
9/7/2026 15:38,1,Bitcoin,"$79,376.07 ",-0.68%,$1.59T
9/7/2026 15:38,2,Ethereum,"$2,485.62 ",-0.57%,$303.47B
9/7/2026 15:38,3,Tether,$1.00 ,-0.02%,$183.38B
9/7/2026 15:38,4,BNB,$743.20 ,-1.88%,$98.96B
9/7/2026 15:38,5,XRP,$1.39 ,-1.49%,$87.75B
9/7/2026 15:38,6,USDC,$1.00 ,0.00%,$74.49B
9/7/2026 15:38,7,Solana,$104.82 ,-1.55%,$61.44B
9/7/2026 15:38,8,TRON,$0.34 ,0.76%,$31.96B
9/7/2026 15:38,9,Hyperliquid,$87.29 ,-0.45%,$21.99B
9/7/2026 15:38,10,Zcash,"$1,187.14 ",0.26%,$20.01B
,,,,,
9/7/2026 15:39,1,Bitcoin,"$79,321.17 ",-0.76%,$1.59T
9/7/2026 15:39,2,Ethereum,"$2,485.90 ",-0.61%,$303.34B
9/7/2026 15:39,3,Tether,$1.00 ,-0.02%,$183.38B
9/7/2026 15:39,4,BNB,$743.28 ,-1.93%,$98.97B
9/7/2026 15:39,5,XRP,$1.39 ,-1.56%,$87.68B
9/7/2026 15:39,6,USDC,$1.00 ,0.01%,$74.5B
9/7/2026 15:39,7,Solana,$104.80 ,-1.77%,$61.43B
9/7/2026 15:39,8,TRON,$0.34 ,0.76%,$31.96B
9/7/2026 15:39,9,Hyperliquid,$87.29 ,-0.45%,$21.99B
9/7/2026 15:39,10,Zcash,"$1,187.14 ",0.26%,$20.01B
,,,,,
9/7/2026 15:40,1,Bitcoin,"$79,346.67 ",-0.73%,$1.59T
9/7/2026 15:40,2,Ethereum,"$2,487.04 ",-0.56%,$303.48B
9/7/2026 15:40,3,Tether,$1.00 ,-0.02%,$183.39B
9/7/2026 15:40,4,BNB,$743.24 ,-1.94%,$98.97B
9/7/2026 15:40,5,XRP,$1.39 ,-1.57%,$87.65B
9/7/2026 15:40,6,USDC,$1.00 ,0.00%,$74.47B
9/7/2026 15:40,7,Solana,$104.71 ,-1.71%,$61.37B
9/7/2026 15:40,8,TRON,$0.34 ,0.71%,$31.96B
9/7/2026 15:40,9,Hyperliquid,$87.30 ,-0.59%,$21.99B
9/7/2026 15:40,10,Zcash,"$1,187.32 ",0.29%,$20.01B
,,,,,
9/7/2026 15:41,1,Bitcoin,"$79,382.71 ",-0.72%,$1.59T
9/7/2026 15:41,2,Ethereum,"$2,487.68 ",-0.47%,$303.31B
9/7/2026 15:41,3,Tether,$1.00 ,-0.02%,$183.38B
9/7/2026 15:41,4,BNB,$742.91 ,-1.97%,$98.92B
9/7/2026 15:41,5,XRP,$1.39 ,-1.57%,$87.65B
9/7/2026 15:41,6,USDC,$1.00 ,0.00%,$74.47B
9/7/2026 15:41,7,Solana,$104.71 ,-1.71%,$61.37B
9/7/2026 15:41,8,TRON,$0.34 ,0.71%,$31.96B
9/7/2026 15:41,9,Hyperliquid,$87.30 ,-0.59%,$21.99B
9/7/2026 15:41,10,Zcash,"$1,187.32 ",0.29%,$20.01B
,,,,,
9/7/2026 15:41,1,Bitcoin,"$79,396.33 ",-0.66%,$1.59T
9/7/2026 15:41,2,Ethereum,"$2,488.03 ",-0.52%,$303.31B
9/7/2026 15:41,3,Tether,$1.00 ,-0.02%,$183.38B
9/7/2026 15:41,4,BNB,$742.91 ,-1.97%,$98.92B
9/7/2026 15:41,5,XRP,$1.39 ,-1.57%,$87.65B
9/7/2026 15:41,6,USDC,$1.00 ,0.00%,$74.47B
9/7/2026 15:41,7,Solana,$104.71 ,-1.71%,$61.37B
9/7/2026 15:41,8,TRON,$0.34 ,0.71%,$31.96B
9/7/2026 15:41,9,Hyperliquid,$87.39 ,-0.46%,$22.01B
9/7/2026 15:41,10,Zcash,"$1,188.35 ",0.49%,$20.03B
,,,,,
9/7/2026 15:42,1,Bitcoin,"$79,396.33 ",-0.66%,$1.59T
9/7/2026 15:42,2,Ethereum,"$2,488.03 ",-0.52%,$303.31B
9/7/2026 15:42,3,Tether,$1.00 ,-0.02%,$183.38B
9/7/2026 15:42,4,BNB,$742.91 ,-1.97%,$98.92B
9/7/2026 15:42,5,XRP,$1.39 ,-1.57%,$87.65B
9/7/2026 15:42,6,USDC,$1.00 ,0.00%,$74.47B
9/7/2026 15:42,7,Solana,$104.71 ,-1.71%,$61.37B
9/7/2026 15:42,8,TRON,$0.34 ,0.71%,$31.96B
9/7/2026 15:42,9,Hyperliquid,$87.35 ,-0.51%,$22B
9/7/2026 15:42,10,Zcash,"$1,188.97 ",0.50%,$20.04B
,,,,,
9/7/2026 15:43,1,Bitcoin,"$79,396.33 ",-0.66%,$1.59T
9/7/2026 15:43,2,Ethereum,"$2,488.03 ",-0.52%,$303.31B
9/7/2026 15:43,3,Tether,$1.00 ,-0.02%,$183.38B
9/7/2026 15:43,4,BNB,$742.91 ,-1.97%,$98.92B
9/7/2026 15:43,5,XRP,$1.39 ,-1.47%,$87.72B
9/7/2026 15:43,6,USDC,$1.00 ,0.00%,$74.49B
9/7/2026 15:43,7,Solana,$104.86 ,-1.69%,$61.47B
9/7/2026 15:43,8,TRON,$0.34 ,0.71%,$31.96B
9/7/2026 15:43,9,Hyperliquid,$87.30 ,-0.59%,$21.99B
9/7/2026 15:43,10,Zcash,"$1,187.32 ",0.29%,$20.01B
,,,,,
9/7/2026 15:43,1,Bitcoin,"$79,356.28 ",-0.70%,$1.59T
9/7/2026 15:43,2,Ethereum,"$2,487.48 ",-0.54%,$303.55B
9/7/2026 15:43,3,Tether,$1.00 ,-0.02%,$183.38B
9/7/2026 15:43,4,BNB,$743.39 ,-1.92%,$98.99B
9/7/2026 15:43,5,XRP,$1.39 ,-1.58%,$87.65B
9/7/2026 15:43,6,USDC,$1.00 ,0.00%,$74.47B
9/7/2026 15:43,7,Solana,$104.78 ,-1.72%,$61.42B
9/7/2026 15:43,8,TRON,$0.34 ,0.71%,$31.96B
9/7/2026 15:43,9,Hyperliquid,$87.42 ,-0.44%,$22.02B
9/7/2026 15:43,10,Zcash,"$1,189.27 ",0.27%,$20.04B
,,,,,
9/7/2026 15:44,1,Bitcoin,"$79,356.28 ",-0.70%,$1.59T
9/7/2026 15:44,2,Ethereum,"$2,487.48 ",-0.54%,$303.55B
9/7/2026 15:44,3,Tether,$1.00 ,-0.02%,$183.38B
9/7/2026 15:44,4,BNB,$743.39 ,-1.92%,$98.99B
9/7/2026 15:44,5,XRP,$1.39 ,-1.58%,$87.65B
9/7/2026 15:44,6,USDC,$1.00 ,0.00%,$74.47B
9/7/2026 15:44,7,Solana,$104.78 ,-1.72%,$61.42B
9/7/2026 15:44,8,TRON,$0.34 ,0.71%,$31.96B
9/7/2026 15:44,9,Hyperliquid,$87.42 ,-0.44%,$22.02B
9/7/2026 15:44,10,Zcash,"$1,189.27 ",0.27%,$20.04B
,,,,,
9/7/2026 15:44,1,Bitcoin,"$79,370.79 ",-0.69%,$1.59T
9/7/2026 15:44,2,Ethereum,"$2,488.02 ",-0.47%,$303.6B
9/7/2026 15:44,3,Tether,$1.00 ,-0.01%,$183.39B
9/7/2026 15:44,4,BNB,$743.26 ,-1.95%,$98.97B
9/7/2026 15:44,5,XRP,$1.39 ,-1.46%,$87.72B
9/7/2026 15:44,6,USDC,$1.00 ,0.01%,$74.5B
9/7/2026 15:44,7,Solana,$104.86 ,-1.69%,$61.47B
9/7/2026 15:44,8,TRON,$0.34 ,0.71%,$31.96B
9/7/2026 15:44,9,Hyperliquid,$87.42 ,-0.44%,$22.02B
9/7/2026 15:44,10,Zcash,"$1,189.27 ",0.27%,$20.04B
,,,,,
9/7/2026 15:45,1,Bitcoin,"$79,356.28 ",-0.70%,$1.59T
9/7/2026 15:45,2,Ethereum,"$2,487.48 ",-0.54%,$303.55B
9/7/2026 15:45,3,Tether,$1.00 ,-0.02%,$183.38B
9/7/2026 15:45,4,BNB,$743.39 ,-1.92%,$98.99B
9/7/2026 15:45,5,XRP,$1.39 ,-1.58%,$87.65B
9/7/2026 15:45,6,USDC,$1.00 ,0.00%,$74.47B
9/7/2026 15:45,7,Solana,$104.78 ,-1.72%,$61.42B
9/7/2026 15:45,8,TRON,$0.34 ,0.71%,$31.96B
9/7/2026 15:45,9,Hyperliquid,$87.42 ,-0.44%,$22.02B
9/7/2026 15:45,10,Zcash,"$1,189.27 ",0.27%,$20.04B
,,,,,
9/7/2026 15:45,1,Bitcoin,"$79,364.41 ",-0.70%,$1.59T
9/7/2026 15:45,2,Ethereum,"$2,487.83 ",-0.47%,$303.58B
9/7/2026 15:45,3,Tether,$1.00 ,-0.01%,$183.38B
9/7/2026 15:45,4,BNB,$743.32 ,-1.94%,$98.98B
9/7/2026 15:45,5,XRP,$1.39 ,-1.44%,$87.74B
9/7/2026 15:45,6,USDC,$1.00 ,0.00%,$74.49B
9/7/2026 15:45,7,Solana,$104.86 ,-1.67%,$61.47B
9/7/2026 15:45,8,TRON,$0.34 ,0.71%,$31.96B
9/7/2026 15:45,9,Hyperliquid,$87.42 ,-0.44%,$22.02B
9/7/2026 15:45,10,Zcash,"$1,189.27 ",0.27%,$20.04B
,,,,,
9/7/2026 15:46,1,Bitcoin,"$79,361.87 ",-0.71%,$1.59T
9/7/2026 15:46,2,Ethereum,"$2,487.64 ",-0.51%,$303.55B
9/7/2026 15:46,3,Tether,$1.00 ,-0.02%,$183.38B
9/7/2026 15:46,4,BNB,$743.39 ,-1.92%,$98.99B
9/7/2026 15:46,5,XRP,$1.39 ,-1.58%,$87.65B
9/7/2026 15:46,6,USDC,$1.00 ,0.00%,$74.47B
9/7/2026 15:46,7,Solana,$104.78 ,-1.72%,$61.42B
9/7/2026 15:46,8,TRON,$0.34 ,0.71%,$31.96B
9/7/2026 15:46,9,Hyperliquid,$87.42 ,-0.44%,$22.02B
9/7/2026 15:46,10,Zcash,"$1,189.27 ",0.27%,$20.04B
,,,,,
9/7/2026 15:46,1,Bitcoin,"$79,361.87 ",-0.71%,$1.59T
9/7/2026 15:46,2,Ethereum,"$2,487.64 ",-0.51%,$303.55B
9/7/2026 15:46,3,Tether,$1.00 ,-0.02%,$183.38B
9/7/2026 15:46,4,BNB,$743.39 ,-1.92%,$98.99B
9/7/2026 15:46,5,XRP,$1.39 ,-1.58%,$87.65B
9/7/2026 15:46,6,USDC,$1.00 ,0.00%,$74.47B
9/7/2026 15:46,7,Solana,$104.78 ,-1.72%,$61.42B
9/7/2026 15:46,8,TRON,$0.34 ,0.71%,$31.96B
9/7/2026 15:46,9,Hyperliquid,$87.42 ,-0.44%,$22.02B
9/7/2026 15:46,10,Zcash,"$1,189.27 ",0.27%,$20.04B
,,,,,
9/7/2026 15:46,1,Bitcoin,"$79,361.87 ",-0.71%,$1.59T
9/7/2026 15:46,2,Ethereum,"$2,487.64 ",-0.51%,$303.55B
9/7/2026 15:46,3,Tether,$1.00 ,-0.02%,$183.38B
9/7/2026 15:46,4,BNB,$743.39 ,-1.92%,$98.99B
9/7/2026 15:46,5,XRP,$1.39 ,-1.58%,$87.65B
9/7/2026 15:46,6,USDC,$1.00 ,0.00%,$74.47B
9/7/2026 15:46,7,Solana,$104.78 ,-1.72%,$61.42B
9/7/2026 15:46,8,TRON,$0.34 ,0.71%,$31.96B
9/7/2026 15:46,9,Hyperliquid,$87.42 ,-0.44%,$22.02B
9/7/2026 15:46,10,Zcash,"$1,189.27 ",0.27%,$20.04B
,,,,,
9/7/2026 15:46,1,Bitcoin,"$79,361.87 ",-0.71%,$1.59T
9/7/2026 15:46,2,Ethereum,"$2,487.64 ",-0.51%,$303.55B
9/7/2026 15:46,3,Tether,$1.00 ,-0.01%,$183.38B
9/7/2026 15:46,4,BNB,$743.39 ,-1.92%,$98.99B
9/7/2026 15:46,5,XRP,$1.39 ,-1.58%,$87.65B
9/7/2026 15:46,6,USDC,$1.00 ,0.00%,$74.47B
9/7/2026 15:46,7,Solana,$104.78 ,-1.72%,$61.42B
9/7/2026 15:46,8,TRON,$0.34 ,0.71%,$31.96B
9/7/2026 15:46,9,Hyperliquid,$87.42 ,-0.44%,$22.02B
9/7/2026 15:46,10,Zcash,"$1,189.27 ",0.27%,$20.04B
,,,,,
9/7/2026 15:47,1,Bitcoin,"$79,361.87 ",-0.71%,$1.59T
9/7/2026 15:47,2,Ethereum,"$2,487.64 ",-0.51%,$303.55B
9/7/2026 15:47,3,Tether,$1.00 ,-0.02%,$183.38B
9/7/2026 15:47,4,BNB,$743.39 ,-1.92%,$98.99B
9/7/2026 15:47,5,XRP,$1.39 ,-1.58%,$87.65B
9/7/2026 15:47,6,USDC,$1.00 ,0.00%,$74.47B
9/7/2026 15:47,7,Solana,$104.78 ,-1.72%,$61.42B
9/7/2026 15:47,8,TRON,$0.34 ,0.71%,$31.96B
9/7/2026 15:47,9,Hyperliquid,$87.42 ,-0.44%,$22.02B
9/7/2026 15:47,10,Zcash,"$1,189.27 ",0.27%,$20.04B
,,,,,
9/7/2026 15:47,1,Bitcoin,"$79,368.38 ",-0.69%,$1.59T
9/7/2026 15:47,2,Ethereum,"$2,487.94 ",-0.47%,$303.55B
9/7/2026 15:47,3,Tether,$1.00 ,-0.02%,$183.38B
9/7/2026 15:47,4,BNB,$743.39 ,-1.92%,$98.99B
9/7/2026 15:47,5,XRP,$1.39 ,-1.58%,$87.65B
9/7/2026 15:47,6,USDC,$1.00 ,0.00%,$74.47B
9/7/2026 15:47,7,Solana,$104.78 ,-1.72%,$61.42B
9/7/2026 15:47,8,TRON,$0.34 ,0.71%,$31.96B
9/7/2026 15:47,9,Hyperliquid,$87.42 ,-0.44%,$22.02B
9/7/2026 15:47,10,Zcash,"$1,189.27 ",0.27%,$20.04B
,,,,,
9/7/2026 15:48,1,Bitcoin,"$79,368.38 ",-0.69%,$1.59T
9/7/2026 15:48,2,Ethereum,"$2,487.94 ",-0.47%,$303.55B
9/7/2026 15:48,3,Tether,$1.00 ,-0.02%,$183.38B
9/7/2026 15:48,4,BNB,$743.39 ,-1.92%,$98.99B
9/7/2026 15:48,5,XRP,$1.39 ,-1.58%,$87.65B
9/7/2026 15:48,6,USDC,$1.00 ,0.00%,$74.47B
9/7/2026 15:48,7,Solana,$104.78 ,-1.72%,$61.42B
9/7/2026 15:48,8,TRON,$0.34 ,0.71%,$31.96B
9/7/2026 15:48,9,Hyperliquid,$87.37 ,-0.39%,$22.01B
9/7/2026 15:48,10,Zcash,"$1,189.46 ",0.50%,$20.05B
,,,,,
9/7/2026 15:49,1,Bitcoin,"$79,368.38 ",-0.69%,$1.59T
9/7/2026 15:49,2,Ethereum,"$2,487.94 ",-0.47%,$303.55B
9/7/2026 15:49,3,Tether,$1.00 ,-0.02%,$183.38B
9/7/2026 15:49,4,BNB,$743.39 ,-1.92%,$98.99B
9/7/2026 15:49,5,XRP,$1.39 ,-1.58%,$87.65B
9/7/2026 15:49,6,USDC,$1.00 ,0.00%,$74.47B
9/7/2026 15:49,7,Solana,$104.78 ,-1.72%,$61.42B
9/7/2026 15:49,8,TRON,$0.34 ,0.71%,$31.96B
9/7/2026 15:49,9,Hyperliquid,$87.37 ,-0.44%,$22.01B
9/7/2026 15:49,10,Zcash,"$1,191.48 ",0.51%,$20.08B
,,,,,
9/7/2026 15:50,1,Bitcoin,"$79,415.07 ",-0.71%,$1.59T
9/7/2026 15:50,2,Ethereum,"$2,489.75 ",-0.41%,$303.81B
9/7/2026 15:50,3,Tether,$1.00 ,-0.02%,$183.38B
9/7/2026 15:50,4,BNB,$743.39 ,-1.92%,$98.99B
9/7/2026 15:50,5,XRP,$1.39 ,-1.34%,$87.79B
9/7/2026 15:50,6,USDC,$1.00 ,0.00%,$74.47B
9/7/2026 15:50,7,Solana,$104.94 ,-1.61%,$61.51B
9/7/2026 15:50,8,TRON,$0.34 ,0.71%,$31.96B
9/7/2026 15:50,9,Hyperliquid,$87.41 ,-0.40%,$22.02B
9/7/2026 15:50,10,Zcash,"$1,191.83 ",0.63%,$20.09B
,,,,,
9/7/2026 15:50,1,Bitcoin,"$79,387.59 ",-0.71%,$1.59T
9/7/2026 15:50,2,Ethereum,"$2,488.23 ",-0.45%,$303.58B
9/7/2026 15:50,3,Tether,$1.00 ,-0.02%,$183.38B
9/7/2026 15:50,4,BNB,$743.53 ,-1.93%,$99.01B
9/7/2026 15:50,5,XRP,$1.39 ,-1.52%,$87.69B
9/7/2026 15:50,6,USDC,$1.00 ,-0.01%,$74.49B
9/7/2026 15:50,7,Solana,$104.94 ,-1.61%,$61.51B
9/7/2026 15:50,8,TRON,$0.34 ,0.76%,$31.97B
9/7/2026 15:50,9,Hyperliquid,$87.41 ,-0.40%,$22.02B
9/7/2026 15:50,10,Zcash,"$1,191.53 ",0.61%,$20.08B
,,,,,
9/7/2026 15:51,1,Bitcoin,"$79,387.59 ",-0.71%,$1.59T
9/7/2026 15:51,2,Ethereum,"$2,488.23 ",-0.45%,$303.58B
9/7/2026 15:51,3,Tether,$1.00 ,-0.02%,$183.38B
9/7/2026 15:51,4,BNB,$743.59 ,-1.92%,$99.01B
9/7/2026 15:51,5,XRP,$1.39 ,-1.52%,$87.69B
9/7/2026 15:51,6,USDC,$1.00 ,-0.01%,$74.49B
9/7/2026 15:51,7,Solana,$104.98 ,-1.56%,$61.53B
9/7/2026 15:51,8,TRON,$0.34 ,0.76%,$31.97B
9/7/2026 15:51,9,Hyperliquid,$87.38 ,-0.47%,$22.01B
9/7/2026 15:51,10,Zcash,"$1,188.46 ",0.46%,$20.03B
,,,,,
9/7/2026 15:52,1,Bitcoin,"$79,411.01 ",-0.72%,$1.59T
9/7/2026 15:52,2,Ethereum,"$2,489.44 ",-0.43%,$303.77B
9/7/2026 15:52,3,Tether,$1.00 ,-0.03%,$183.38B
9/7/2026 15:52,4,BNB,$743.59 ,-1.94%,$99.01B
9/7/2026 15:52,5,XRP,$1.39 ,-1.33%,$87.82B
9/7/2026 15:52,6,USDC,$1.00 ,-0.01%,$74.49B
9/7/2026 15:52,7,Solana,$104.97 ,-1.57%,$61.53B
9/7/2026 15:52,8,TRON,$0.34 ,0.76%,$31.97B
9/7/2026 15:52,9,Hyperliquid,$87.38 ,-0.47%,$22.01B
9/7/2026 15:52,10,Zcash,"$1,188.46 ",0.46%,$20.03B
,,,,,
9/7/2026 15:53,1,Bitcoin,"$79,393.24 ",-0.70%,$1.59T
9/7/2026 15:53,2,Ethereum,"$2,488.60 ",-0.43%,$303.58B
9/7/2026 15:53,3,Tether,$1.00 ,-0.02%,$183.38B
9/7/2026 15:53,4,BNB,$743.58 ,-1.94%,$99.01B
9/7/2026 15:53,5,XRP,$1.39 ,-1.52%,$87.69B
9/7/2026 15:53,6,USDC,$1.00 ,0.01%,$74.49B
9/7/2026 15:53,7,Solana,$104.82 ,-1.74%,$61.44B
9/7/2026 15:53,8,TRON,$0.34 ,0.76%,$31.97B
9/7/2026 15:53,9,Hyperliquid,$87.52 ,-0.20%,$22.05B
9/7/2026 15:53,10,Zcash,"$1,195.18 ",0.78%,$20.14B
,,,,,
9/7/2026 15:53,1,Bitcoin,"$79,393.24 ",-0.70%,$1.59T
9/7/2026 15:53,2,Ethereum,"$2,488.60 ",-0.43%,$303.58B
9/7/2026 15:53,3,Tether,$1.00 ,-0.02%,$183.38B
9/7/2026 15:53,4,BNB,$743.22 ,-1.95%,$98.96B
9/7/2026 15:53,5,XRP,$1.39 ,-1.52%,$87.69B
9/7/2026 15:53,6,USDC,$1.00 ,-0.01%,$74.49B
9/7/2026 15:53,7,Solana,$104.82 ,-1.74%,$61.44B
9/7/2026 15:53,8,TRON,$0.34 ,0.76%,$31.97B
9/7/2026 15:53,9,Hyperliquid,$87.38 ,-0.47%,$22.01B
9/7/2026 15:53,10,Zcash,"$1,188.46 ",0.46%,$20.03B
,,,,,
9/7/2026 15:54,1,Bitcoin,"$79,394.47 ",-0.75%,$1.59T
9/7/2026 15:54,2,Ethereum,"$2,489.04 ",-0.44%,$303.73B
9/7/2026 15:54,3,Tether,$1.00 ,-0.02%,$183.39B
9/7/2026 15:54,4,BNB,$743.79 ,-1.91%,$99.04B
9/7/2026 15:54,5,XRP,$1.39 ,-1.34%,$87.82B
9/7/2026 15:54,6,USDC,$1.00 ,-0.01%,$74.49B
9/7/2026 15:54,7,Solana,$105.00 ,-1.59%,$61.55B
9/7/2026 15:54,8,TRON,$0.34 ,0.77%,$31.97B
9/7/2026 15:54,9,Hyperliquid,$87.34 ,-0.42%,$22B
9/7/2026 15:54,10,Zcash,"$1,189.41 ",0.49%,$20.05B
,,,,,
9/7/2026 15:55,1,Bitcoin,"$79,395.96 ",-0.73%,$1.59T
9/7/2026 15:55,2,Ethereum,"$2,489.08 ",-0.43%,$303.73B
9/7/2026 15:55,3,Tether,$1.00 ,-0.01%,$183.39B
9/7/2026 15:55,4,BNB,$743.76 ,-1.88%,$99.04B
9/7/2026 15:55,5,XRP,$1.39 ,-1.36%,$87.82B
9/7/2026 15:55,6,USDC,$1.00 ,0.01%,$74.5B
9/7/2026 15:55,7,Solana,$105.00 ,-1.67%,$61.54B
9/7/2026 15:55,8,TRON,$0.34 ,0.77%,$31.97B
9/7/2026 15:55,9,Hyperliquid,$87.34 ,-0.42%,$22B
9/7/2026 15:55,10,Zcash,"$1,189.41 ",0.49%,$20.05B
,,,,,
9/7/2026 15:56,1,Bitcoin,"$79,412.79 ",-0.72%,$1.59T
9/7/2026 15:56,2,Ethereum,"$2,489.76 ",-0.40%,$303.69B
9/7/2026 15:56,3,Tether,$1.00 ,-0.02%,$183.39B
9/7/2026 15:56,4,BNB,$743.54 ,-1.93%,$99.01B
9/7/2026 15:56,5,XRP,$1.39 ,-1.39%,$87.76B
9/7/2026 15:56,6,USDC,$1.00 ,0.00%,$74.5B
9/7/2026 15:56,7,Solana,$104.88 ,-1.62%,$61.48B
9/7/2026 15:56,8,TRON,$0.34 ,0.77%,$31.97B
9/7/2026 15:56,9,Hyperliquid,$87.34 ,-0.42%,$22B
9/7/2026 15:56,10,Zcash,"$1,189.41 ",0.49%,$20.05B
,,,,,
9/7/2026 15:57,1,Bitcoin,"$79,412.79 ",-0.72%,$1.59T
9/7/2026 15:57,2,Ethereum,"$2,489.76 ",-0.40%,$303.69B
9/7/2026 15:57,3,Tether,$1.00 ,-0.02%,$183.39B
9/7/2026 15:57,4,BNB,$743.54 ,-1.93%,$99.01B
9/7/2026 15:57,5,XRP,$1.39 ,-1.39%,$87.76B
9/7/2026 15:57,6,USDC,$1.00 ,0.00%,$74.5B
9/7/2026 15:57,7,Solana,$104.88 ,-1.62%,$61.48B
9/7/2026 15:57,8,TRON,$0.34 ,0.77%,$31.97B
9/7/2026 15:57,9,Hyperliquid,$87.34 ,-0.42%,$22B
9/7/2026 15:57,10,Zcash,"$1,189.41 ",0.49%,$20.05B
,,,,,
9/7/2026 15:57,1,Bitcoin,"$79,421.77 ",-0.68%,$1.59T
9/7/2026 15:57,2,Ethereum,"$2,489.93 ",-0.36%,$303.83B
9/7/2026 15:57,3,Tether,$1.00 ,-0.01%,$183.4B
9/7/2026 15:57,4,BNB,$743.51 ,-1.91%,$99B
9/7/2026 15:57,5,XRP,$1.40 ,-1.34%,$87.84B
9/7/2026 15:57,6,USDC,$1.00 ,0.01%,$74.5B
9/7/2026 15:57,7,Solana,$104.96 ,-1.69%,$61.52B
9/7/2026 15:57,8,TRON,$0.34 ,0.77%,$31.97B
9/7/2026 15:57,9,Hyperliquid,$87.34 ,-0.42%,$22B
9/7/2026 15:57,10,Zcash,"$1,189.41 ",0.49%,$20.05B
,,,,,
9/7/2026 15:58,1,Bitcoin,"$79,418.96 ",-0.70%,$1.59T
9/7/2026 15:58,2,Ethereum,"$2,489.83 ",-0.38%,$303.82B
9/7/2026 15:58,3,Tether,$1.00 ,-0.01%,$183.39B
9/7/2026 15:58,4,BNB,$743.48 ,-1.81%,$99B
9/7/2026 15:58,5,XRP,$1.40 ,-1.34%,$87.84B
9/7/2026 15:58,6,USDC,$1.00 ,0.00%,$74.49B
9/7/2026 15:58,7,Solana,$104.96 ,-1.62%,$61.52B
9/7/2026 15:58,8,TRON,$0.34 ,0.79%,$31.98B
9/7/2026 15:58,9,Hyperliquid,$87.53 ,-0.17%,$22.05B
9/7/2026 15:58,10,Zcash,"$1,199.98 ",1.26%,$20.22B
,,,,,
9/7/2026 15:59,1,Bitcoin,"$79,420.95 ",-0.70%,$1.59T
9/7/2026 15:59,2,Ethereum,"$2,489.86 ",-0.38%,$303.83B
9/7/2026 15:59,3,Tether,$1.00 ,-0.01%,$183.39B
9/7/2026 15:59,4,BNB,$743.49 ,-1.79%,$99B
9/7/2026 15:59,5,XRP,$1.40 ,-1.33%,$87.85B
9/7/2026 15:59,6,USDC,$1.00 ,0.00%,$74.49B
9/7/2026 15:59,7,Solana,$104.96 ,-1.62%,$61.52B
9/7/2026 15:59,8,TRON,$0.34 ,0.79%,$31.98B
9/7/2026 15:59,9,Hyperliquid,$87.53 ,0.17%,$22.1B
9/7/2026 15:59,10,Zcash,"$1,199.98 ",1.26%,$20.22B
,,,,,
9/7/2026 16:00,1,Bitcoin,"$79,416.22 ",-0.69%,$1.59T
9/7/2026 16:00,2,Ethereum,"$2,489.10 ",-0.39%,$303.78B
9/7/2026 16:00,3,Tether,$1.00 ,-0.01%,$183.39B
9/7/2026 16:00,4,BNB,$743.78 ,-1.87%,$99.04B
9/7/2026 16:00,5,XRP,$1.39 ,-1.34%,$87.83B
9/7/2026 16:00,6,USDC,$1.00 ,-0.01%,$74.49B
9/7/2026 16:00,7,Solana,$105.00 ,-1.60%,$61.54B
9/7/2026 16:00,8,TRON,$0.34 ,0.79%,$31.98B
9/7/2026 16:00,9,Hyperliquid,$87.53 ,-0.17%,$22.05B
9/7/2026 16:00,10,Zcash,"$1,199.98 ",1.26%,$20.22B
,,,,,
9/7/2026 16:00,1,Bitcoin,"$79,416.22 ",-0.69%,$1.59T
9/7/2026 16:00,2,Ethereum,"$2,489.71 ",-0.37%,$303.81B
9/7/2026 16:00,3,Tether,$1.00 ,-0.01%,$183.39B
9/7/2026 16:00,4,BNB,$743.56 ,-1.79%,$99.01B
9/7/2026 16:00,5,XRP,$1.40 ,-1.32%,$87.86B
9/7/2026 16:00,6,USDC,$1.00 ,0.01%,$74.49B
9/7/2026 16:00,7,Solana,$104.97 ,-1.59%,$61.53B
9/7/2026 16:00,8,TRON,$0.34 ,0.79%,$31.98B
9/7/2026 16:00,9,Hyperliquid,$87.53 ,-0.17%,$22.05B
9/7/2026 16:00,10,Zcash,"$1,199.98 ",1.26%,$20.22B
,,,,,
9/7/2026 16:01,1,Bitcoin,"$79,419.81 ",-0.71%,$1.59T
9/7/2026 16:01,2,Ethereum,"$2,489.10 ",-0.39%,$303.78B
9/7/2026 16:01,3,Tether,$1.00 ,-0.01%,$183.39B
9/7/2026 16:01,4,BNB,$743.78 ,-1.87%,$99.04B
9/7/2026 16:01,5,XRP,$1.39 ,-1.34%,$87.83B
9/7/2026 16:01,6,USDC,$1.00 ,-0.01%,$74.49B
9/7/2026 16:01,7,Solana,$105.00 ,-1.60%,$61.54B
9/7/2026 16:01,8,TRON,$0.34 ,0.79%,$31.98B
9/7/2026 16:01,9,Hyperliquid,$87.53 ,-0.17%,$22.05B
9/7/2026 16:01,10,Zcash,"$1,199.98 ",1.26%,$20.22B
,,,,,
9/7/2026 16:02,1,Bitcoin,"$79,414.63 ",-0.71%,$1.59T
9/7/2026 16:02,2,Ethereum,"$2,489.87 ",-0.37%,$303.78B
9/7/2026 16:02,3,Tether,$1.00 ,-0.03%,$183.38B
9/7/2026 16:02,4,BNB,$743.78 ,-1.87%,$99.04B
9/7/2026 16:02,5,XRP,$1.39 ,-1.34%,$87.83B
9/7/2026 16:02,6,USDC,$1.00 ,-0.01%,$74.49B
9/7/2026 16:02,7,Solana,$105.00 ,-1.60%,$61.54B
9/7/2026 16:02,8,TRON,$0.34 ,0.79%,$31.98B
9/7/2026 16:02,9,Hyperliquid,$87.53 ,-0.17%,$22.05B
9/7/2026 16:02,10,Zcash,"$1,199.98 ",1.26%,$20.22B
,,,,,
9/7/2026 16:03,1,Bitcoin,"$79,414.63 ",-0.71%,$1.59T
9/7/2026 16:03,2,Ethereum,"$2,489.87 ",-0.37%,$303.78B
9/7/2026 16:03,3,Tether,$1.00 ,-0.03%,$183.38B
9/7/2026 16:03,4,BNB,$743.78 ,-1.87%,$99.04B
9/7/2026 16:03,5,XRP,$1.39 ,-1.34%,$87.83B
9/7/2026 16:03,6,USDC,$1.00 ,-0.01%,$74.49B
9/7/2026 16:03,7,Solana,$105.00 ,-1.60%,$61.54B
9/7/2026 16:03,8,TRON,$0.34 ,0.79%,$31.98B
9/7/2026 16:03,9,Hyperliquid,$87.68 ,-0.08%,$22.09B
9/7/2026 16:03,10,Zcash,"$1,201.20 ",1.44%,$20.24B
,,,,,
9/7/2026 16:03,1,Bitcoin,"$79,414.63 ",-0.71%,$1.59T
9/7/2026 16:03,2,Ethereum,"$2,489.87 ",-0.37%,$303.78B
9/7/2026 16:03,3,Tether,$1.00 ,-0.03%,$183.38B
9/7/2026 16:03,4,BNB,$743.78 ,-1.87%,$99.04B
9/7/2026 16:03,5,XRP,$1.39 ,-1.34%,$87.83B
9/7/2026 16:03,6,USDC,$1.00 ,-0.01%,$74.49B
9/7/2026 16:03,7,Solana,$105.00 ,-1.60%,$61.54B
9/7/2026 16:03,8,TRON,$0.34 ,0.79%,$31.98B
9/7/2026 16:03,9,Hyperliquid,$87.64 ,-0.13%,$22.08B
9/7/2026 16:03,10,Zcash,"$1,202.23 ",1.53%,$20.26B
,,,,,
9/7/2026 16:04,1,Bitcoin,"$79,400.98 ",-0.73%,$1.59T
9/7/2026 16:04,2,Ethereum,"$2,489.10 ",-0.38%,$303.73B
9/7/2026 16:04,3,Tether,$1.00 ,-0.03%,$183.38B
9/7/2026 16:04,4,BNB,$743.64 ,-1.77%,$99.02B
9/7/2026 16:04,5,XRP,$1.39 ,-1.33%,$87.81B
9/7/2026 16:04,6,USDC,$1.00 ,0.00%,$74.49B
9/7/2026 16:04,7,Solana,$104.94 ,-1.44%,$61.51B
9/7/2026 16:04,8,TRON,$0.34 ,0.79%,$31.98B
9/7/2026 16:04,9,Hyperliquid,$87.53 ,-0.17%,$22.05B
9/7/2026 16:04,10,Zcash,"$1,199.98 ",1.26%,$20.22B
,,,,,
9/7/2026 16:05,1,Bitcoin,"$79,409.37 ",-0.72%,$1.59T
9/7/2026 16:05,2,Ethereum,"$2,489.30 ",-0.38%,$303.76B
9/7/2026 16:05,3,Tether,$1.00 ,-0.01%,$183.4B
9/7/2026 16:05,4,BNB,$743.66 ,-1.77%,$99.02B
9/7/2026 16:05,5,XRP,$1.39 ,-1.33%,$87.82B
9/7/2026 16:05,6,USDC,$1.00 ,0.00%,$74.5B
9/7/2026 16:05,7,Solana,$104.94 ,-1.42%,$61.51B
9/7/2026 16:05,8,TRON,$0.34 ,0.79%,$31.98B
9/7/2026 16:05,9,Hyperliquid,$87.53 ,-0.17%,$22.05B
9/7/2026 16:05,10,Zcash,"$1,199.98 ",1.26%,$20.22B
,,,,,
9/7/2026 16:06,1,Bitcoin,"$79,405.55 ",-0.74%,$1.59T
9/7/2026 16:06,2,Ethereum,"$2,489.13 ",-0.40%,$303.74B
9/7/2026 16:06,3,Tether,$1.00 ,-0.01%,$183.4B
9/7/2026 16:06,4,BNB,$743.66 ,-1.78%,$99.02B
9/7/2026 16:06,5,XRP,$1.39 ,-1.33%,$87.82B
9/7/2026 16:06,6,USDC,$1.00 ,-0.01%,$74.49B
9/7/2026 16:06,7,Solana,$104.94 ,-1.44%,$61.51B
9/7/2026 16:06,8,TRON,$0.34 ,0.81%,$31.98B
9/7/2026 16:06,9,Hyperliquid,$87.73 ,0.08%,$22.1B
9/7/2026 16:06,10,Zcash,"$1,202.16 ",1.48%,$20.26B
,,,,,
9/7/2026 16:06,1,Bitcoin,"$79,399.03 ",-0.75%,$1.59T
9/7/2026 16:06,2,Ethereum,"$2,488.80 ",-0.42%,$303.7B
9/7/2026 16:06,3,Tether,$1.00 ,-0.01%,$183.4B
9/7/2026 16:06,4,BNB,$743.50 ,-1.81%,$99B
9/7/2026 16:06,5,XRP,$1.39 ,-1.35%,$87.82B
9/7/2026 16:06,6,USDC,$1.00 ,-0.01%,$74.49B
9/7/2026 16:06,7,Solana,$104.98 ,-1.67%,$61.53B
9/7/2026 16:06,8,TRON,$0.34 ,0.81%,$31.98B
9/7/2026 16:06,9,Hyperliquid,$87.73 ,0.08%,$22.1B
9/7/2026 16:06,10,Zcash,"$1,203.55 ",1.59%,$20.28B
,,,,,
9/7/2026 16:07,1,Bitcoin,"$79,403.54 ",-0.73%,$1.59T
9/7/2026 16:07,2,Ethereum,"$2,489.68 ",-0.35%,$303.81B
9/7/2026 16:07,3,Tether,$1.00 ,-0.01%,$183.4B
9/7/2026 16:07,4,BNB,$743.50 ,-1.81%,$99B
9/7/2026 16:07,5,XRP,$1.39 ,-1.35%,$87.82B
9/7/2026 16:07,6,USDC,$1.00 ,0.01%,$74.5B
9/7/2026 16:07,7,Solana,$104.98 ,-1.67%,$61.53B
9/7/2026 16:07,8,TRON,$0.34 ,0.81%,$31.98B
9/7/2026 16:07,9,Hyperliquid,$87.62 ,-0.13%,$22.07B
9/7/2026 16:07,10,Zcash,"$1,203.57 ",1.46%,$20.28B
,,,,,
9/7/2026 16:07,1,Bitcoin,"$79,403.54 ",-0.73%,$1.59T
9/7/2026 16:07,2,Ethereum,"$2,489.68 ",-0.35%,$303.81B
9/7/2026 16:07,3,Tether,$1.00 ,-0.01%,$183.4B
9/7/2026 16:07,4,BNB,$743.50 ,-1.81%,$99B
9/7/2026 16:07,5,XRP,$1.39 ,-1.35%,$87.82B
9/7/2026 16:07,6,USDC,$1.00 ,0.01%,$74.5B
9/7/2026 16:07,7,Solana,$104.98 ,-1.67%,$61.53B
9/7/2026 16:07,8,TRON,$0.34 ,0.81%,$31.98B
9/7/2026 16:07,9,Hyperliquid,$87.73 ,0.08%,$22.1B
9/7/2026 16:07,10,Zcash,"$1,199.14 ",1.17%,$20.21B
,,,,,
9/7/2026 16:08,1,Bitcoin,"$79,418.90 ",-0.70%,$1.59T
9/7/2026 16:08,2,Ethereum,"$2,489.78 ",-0.35%,$303.82B
9/7/2026 16:08,3,Tether,$1.00 ,-0.01%,$183.4B
9/7/2026 16:08,4,BNB,$743.70 ,-1.80%,$99.03B
9/7/2026 16:08,5,XRP,$1.39 ,-1.37%,$87.81B
9/7/2026 16:08,6,USDC,$1.00 ,0.01%,$74.5B
9/7/2026 16:08,7,Solana,$104.93 ,-1.46%,$61.5B
9/7/2026 16:08,8,TRON,$0.34 ,0.81%,$31.98B
9/7/2026 16:08,9,Hyperliquid,$87.73 ,0.08%,$22.1B
9/7/2026 16:08,10,Zcash,"$1,199.14 ",1.17%,$20.21B
,,,,,
9/7/2026 16:08,1,Bitcoin,"$79,403.54 ",-0.73%,$1.59T
9/7/2026 16:08,2,Ethereum,"$2,489.68 ",-0.35%,$303.81B
9/7/2026 16:08,3,Tether,$1.00 ,-0.01%,$183.4B
9/7/2026 16:08,4,BNB,$743.50 ,-1.81%,$99B
9/7/2026 16:08,5,XRP,$1.39 ,-1.35%,$87.82B
9/7/2026 16:08,6,USDC,$1.00 ,0.01%,$74.5B
9/7/2026 16:08,7,Solana,$104.98 ,-1.67%,$61.53B
9/7/2026 16:08,8,TRON,$0.34 ,0.81%,$31.98B
9/7/2026 16:08,9,Hyperliquid,$87.62 ,-0.13%,$22.07B
9/7/2026 16:08,10,Zcash,"$1,203.50 ",1.46%,$20.28B
,,,,,
9/7/2026 16:09,1,Bitcoin,"$79,406.99 ",-0.71%,$1.59T
9/7/2026 16:09,2,Ethereum,"$2,489.40 ",-0.36%,$303.77B
9/7/2026 16:09,3,Tether,$1.00 ,-0.02%,$183.39B
9/7/2026 16:09,4,BNB,$743.70 ,-1.79%,$99.03B
9/7/2026 16:09,5,XRP,$1.39 ,-1.37%,$87.81B
9/7/2026 16:09,6,USDC,$1.00 ,-0.01%,$74.49B
9/7/2026 16:09,7,Solana,$104.93 ,-1.45%,$61.51B
9/7/2026 16:09,8,TRON,$0.34 ,0.81%,$31.98B
9/7/2026 16:09,9,Hyperliquid,$87.73 ,0.08%,$22.1B
9/7/2026 16:09,10,Zcash,"$1,199.14 ",1.17%,$20.21B
,,,,,
9/7/2026 16:09,1,Bitcoin,"$79,403.54 ",-0.73%,$1.59T
9/7/2026 16:09,2,Ethereum,"$2,489.68 ",-0.35%,$303.81B
9/7/2026 16:09,3,Tether,$1.00 ,-0.01%,$183.4B
9/7/2026 16:09,4,BNB,$743.70 ,-1.79%,$99.03B
9/7/2026 16:09,5,XRP,$1.39 ,-1.35%,$87.82B
9/7/2026 16:09,6,USDC,$1.00 ,-0.01%,$74.49B
9/7/2026 16:09,7,Solana,$104.98 ,-1.67%,$61.53B
9/7/2026 16:09,8,TRON,$0.34 ,0.81%,$31.98B
9/7/2026 16:09,9,Hyperliquid,$87.73 ,0.08%,$22.1B
9/7/2026 16:09,10,Zcash,"$1,199.14 ",1.17%,$20.21B
,,,,,
9/7/2026 16:09,1,Bitcoin,"$79,405.22 ",-0.71%,$1.59T
9/7/2026 16:09,2,Ethereum,"$2,489.36 ",-0.36%,$303.76B
9/7/2026 16:09,3,Tether,$1.00 ,-0.02%,$183.39B
9/7/2026 16:09,4,BNB,$743.84 ,-1.78%,$99.05B
9/7/2026 16:09,5,XRP,$1.39 ,-1.34%,$87.83B
9/7/2026 16:09,6,USDC,$1.00 ,0.00%,$74.49B
9/7/2026 16:09,7,Solana,$104.95 ,-1.44%,$61.51B
9/7/2026 16:09,8,TRON,$0.34 ,0.81%,$31.98B
9/7/2026 16:09,9,Hyperliquid,$87.73 ,0.08%,$22.1B
9/7/2026 16:09,10,Zcash,"$1,199.14 ",1.17%,$20.21B
,,,,,
9/7/2026 16:09,1,Bitcoin,"$79,405.55 ",-0.74%,$1.59T
9/7/2026 16:09,2,Ethereum,"$2,489.21 ",-0.38%,$303.8B
9/7/2026 16:09,3,Tether,$1.00 ,-0.01%,$183.39B
9/7/2026 16:09,4,BNB,$743.84 ,-1.78%,$99.05B
9/7/2026 16:09,5,XRP,$1.40 ,-1.34%,$87.84B
9/7/2026 16:09,6,USDC,$1.00 ,0.00%,$74.49B
9/7/2026 16:09,7,Solana,$104.95 ,-1.44%,$61.51B
9/7/2026 16:09,8,TRON,$0.34 ,0.82%,$31.98B
9/7/2026 16:09,9,Hyperliquid,$87.73 ,0.04%,$22.1B
9/7/2026 16:09,10,Zcash,"$1,202.89 ",1.44%,$20.27B
,,,,,
9/7/2026 16:10,1,Bitcoin,"$79,405.55 ",-0.74%,$1.59T
9/7/2026 16:10,2,Ethereum,"$2,489.21 ",-0.38%,$303.8B
9/7/2026 16:10,3,Tether,$1.00 ,-0.01%,$183.39B
9/7/2026 16:10,4,BNB,$743.88 ,-1.73%,$99.05B
9/7/2026 16:10,5,XRP,$1.40 ,-1.34%,$87.84B
9/7/2026 16:10,6,USDC,$1.00 ,0.00%,$74.49B
9/7/2026 16:10,7,Solana,$104.95 ,-1.40%,$61.52B
9/7/2026 16:10,8,TRON,$0.34 ,0.82%,$31.98B
9/7/2026 16:10,9,Hyperliquid,$87.73 ,0.04%,$22.1B
9/7/2026 16:10,10,Zcash,"$1,199.14 ",1.16%,$20.27B
,,,,,
9/7/2026 16:10,1,Bitcoin,"$79,415.55 ",-0.70%,$1.59T
9/7/2026 16:10,2,Ethereum,"$2,489.91 ",-0.35%,$303.83B
9/7/2026 16:10,3,Tether,$1.00 ,-0.02%,$183.39B
9/7/2026 16:10,4,BNB,$743.59 ,-1.74%,$99.01B
9/7/2026 16:10,5,XRP,$1.39 ,-1.31%,$87.84B
9/7/2026 16:10,6,USDC,$1.00 ,0.00%,$74.49B
9/7/2026 16:10,7,Solana,$104.95 ,-1.40%,$61.52B
9/7/2026 16:10,8,TRON,$0.34 ,0.82%,$31.98B
9/7/2026 16:10,9,Hyperliquid,$87.61 ,-0.09%,$22.07B
9/7/2026 16:10,10,Zcash,"$1,202.77 ",1.55%,$20.27B
,,,,,
9/7/2026 16:11,1,Bitcoin,"$79,428.73 ",-0.70%,$1.59T
9/7/2026 16:11,2,Ethereum,"$2,490.36 ",-0.34%,$303.89B
9/7/2026 16:11,3,Tether,$1.00 ,-0.01%,$183.39B
9/7/2026 16:11,4,BNB,$743.59 ,-1.74%,$99.01B
9/7/2026 16:11,5,XRP,$1.40 ,-1.32%,$87.84B
9/7/2026 16:11,6,USDC,$1.00 ,0.00%,$74.49B
9/7/2026 16:11,7,Solana,$104.97 ,-1.53%,$61.53B
9/7/2026 16:11,8,TRON,$0.34 ,0.82%,$31.98B
9/7/2026 16:11,9,Hyperliquid,$87.73 ,0.04%,$22.1B
9/7/2026 16:11,10,Zcash,"$1,199.14 ",1.16%,$20.21B
,,,,,
9/7/2026 16:11,1,Bitcoin,"$79,405.55 ",-0.74%,$1.59T
9/7/2026 16:11,2,Ethereum,"$2,489.21 ",-0.38%,$303.8B
9/7/2026 16:11,3,Tether,$1.00 ,-0.01%,$183.39B
9/7/2026 16:11,4,BNB,$743.92 ,-1.73%,$99.06B
9/7/2026 16:11,5,XRP,$1.40 ,-1.34%,$87.84B
9/7/2026 16:11,6,USDC,$1.00 ,0.01%,$74.5B
9/7/2026 16:11,7,Solana,$104.97 ,-1.53%,$61.53B
9/7/2026 16:11,8,TRON,$0.34 ,0.82%,$31.98B
9/7/2026 16:11,9,Hyperliquid,$87.61 ,-0.10%,$22.07B
9/7/2026 16:11,10,Zcash,"$1,199.14 ",1.16%,$20.21B
,,,,,
9/7/2026 16:12,1,Bitcoin,"$79,406.99 ",-0.71%,$1.59T
9/7/2026 16:12,2,Ethereum,"$2,489.80 ",-0.35%,$303.8B
9/7/2026 16:12,3,Tether,$1.00 ,-0.01%,$183.39B
9/7/2026 16:12,4,BNB,$743.59 ,-1.74%,$99.01B
9/7/2026 16:12,5,XRP,$1.40 ,-1.34%,$87.84B
9/7/2026 16:12,6,USDC,$1.00 ,0.00%,$74.49B
9/7/2026 16:12,7,Solana,$104.97 ,-1.53%,$61.53B
9/7/2026 16:12,8,TRON,$0.34 ,0.82%,$31.98B
9/7/2026 16:12,9,Hyperliquid,$87.61 ,-0.09%,$22.07B
9/7/2026 16:12,10,Zcash,"$1,204.12 ",1.68%,$20.29B
,,,,,
9/7/2026 16:12,1,Bitcoin,"$79,428.12 ",-0.71%,$1.59T
9/7/2026 16:12,2,Ethereum,"$2,490.36 ",-0.37%,$303.89B
9/7/2026 16:12,3,Tether,$1.00 ,-0.02%,$183.38B
9/7/2026 16:12,4,BNB,$743.91 ,-1.74%,$99.06B
9/7/2026 16:12,5,XRP,$1.40 ,-1.32%,$87.85B
9/7/2026 16:12,6,USDC,$1.00 ,-0.01%,$74.45B
9/7/2026 16:12,7,Solana,$104.96 ,-1.43%,$61.52B
9/7/2026 16:12,8,TRON,$0.34 ,0.82%,$31.98B
9/7/2026 16:12,9,Hyperliquid,$87.73 ,0.04%,$22.1B
9/7/2026 16:12,10,Zcash,"$1,199.14 ",1.16%,$20.21B
,,,,,
9/7/2026 16:12,1,Bitcoin,"$79,406.99 ",-0.71%,$1.59T
9/7/2026 16:12,2,Ethereum,"$2,489.80 ",-0.35%,$303.8B
9/7/2026 16:12,3,Tether,$1.00 ,-0.01%,$183.39B
9/7/2026 16:12,4,BNB,$743.59 ,-1.74%,$99.01B
9/7/2026 16:12,5,XRP,$1.40 ,-1.34%,$87.84B
9/7/2026 16:12,6,USDC,$1.00 ,0.00%,$74.49B
9/7/2026 16:12,7,Solana,$104.97 ,-1.53%,$61.53B
9/7/2026 16:12,8,TRON,$0.34 ,0.82%,$31.98B
9/7/2026 16:12,9,Hyperliquid,$87.61 ,-0.09%,$22.07B
9/7/2026 16:12,10,Zcash,"$1,205.89 ",1.83%,$20.32B
,,,,,
9/7/2026 16:12,1,Bitcoin,"$79,428.00 ",-0.71%,$1.59T
9/7/2026 16:12,2,Ethereum,"$2,490.41 ",-0.37%,$303.89B
9/7/2026 16:12,3,Tether,$1.00 ,-0.02%,$183.38B
9/7/2026 16:12,4,BNB,$744.29 ,-1.69%,$99.11B
9/7/2026 16:12,5,XRP,$1.40 ,-1.29%,$87.87B
9/7/2026 16:12,6,USDC,$1.00 ,-0.01%,$74.45B
9/7/2026 16:12,7,Solana,$104.98 ,-1.40%,$61.54B
9/7/2026 16:12,8,TRON,$0.34 ,0.82%,$31.98B
9/7/2026 16:12,9,Hyperliquid,$87.73 ,0.04%,$22.1B
9/7/2026 16:12,10,Zcash,"$1,199.14 ",1.16%,$20.21B
,,,,,
9/7/2026 16:13,1,Bitcoin,"$79,406.99 ",-0.71%,$1.59T
9/7/2026 16:13,2,Ethereum,"$2,489.80 ",-0.35%,$303.8B
9/7/2026 16:13,3,Tether,$1.00 ,-0.01%,$183.39B
9/7/2026 16:13,4,BNB,$743.59 ,-1.74%,$99.01B
9/7/2026 16:13,5,XRP,$1.40 ,-1.34%,$87.84B
9/7/2026 16:13,6,USDC,$1.00 ,0.00%,$74.49B
9/7/2026 16:13,7,Solana,$104.97 ,-1.53%,$61.53B
9/7/2026 16:13,8,TRON,$0.34 ,0.82%,$31.98B
9/7/2026 16:13,9,Hyperliquid,$87.73 ,0.04%,$22.1B
9/7/2026 16:13,10,Zcash,"$1,199.14 ",1.16%,$20.21B
,,,,,
9/7/2026 16:13,1,Bitcoin,"$79,406.99 ",-0.71%,$1.59T
9/7/2026 16:13,2,Ethereum,"$2,489.80 ",-0.35%,$303.8B
9/7/2026 16:13,3,Tether,$1.00 ,-0.01%,$183.39B
9/7/2026 16:13,4,BNB,$743.59 ,-1.74%,$99.01B
9/7/2026 16:13,5,XRP,$1.40 ,-1.34%,$87.84B
9/7/2026 16:13,6,USDC,$1.00 ,0.00%,$74.49B
9/7/2026 16:13,7,Solana,$104.97 ,-1.53%,$61.53B
9/7/2026 16:13,8,TRON,$0.34 ,0.82%,$31.98B
9/7/2026 16:13,9,Hyperliquid,$87.73 ,0.04%,$22.1B
9/7/2026 16:13,10,Zcash,"$1,199.14 ",1.16%,$20.21B
,,,,,
9/7/2026 16:14,1,Bitcoin,"$79,433.93 ",-0.72%,$1.59T
9/7/2026 16:14,2,Ethereum,"$2,490.68 ",-0.39%,$303.92B
9/7/2026 16:14,3,Tether,$1.00 ,-0.01%,$183.39B
9/7/2026 16:14,4,BNB,$744.35 ,-1.71%,$99.11B
9/7/2026 16:14,5,XRP,$1.40 ,-1.34%,$87.88B
9/7/2026 16:14,6,USDC,$1.00 ,0.01%,$74.45B
9/7/2026 16:14,7,Solana,$105.01 ,-1.46%,$61.55B
9/7/2026 16:14,8,TRON,$0.34 ,0.83%,$31.98B
9/7/2026 16:14,9,Hyperliquid,$87.62 ,-0.12%,$22.07B
9/7/2026 16:14,10,Zcash,"$1,203.37 ",1.49%,$20.28B
,,,,,
9/7/2026 16:14,1,Bitcoin,"$79,432.98 ",-0.72%,$1.59T
9/7/2026 16:14,2,Ethereum,"$2,489.38 ",-0.37%,$303.77B
9/7/2026 16:14,3,Tether,$1.00 ,-0.02%,$183.39B
9/7/2026 16:14,4,BNB,$743.84 ,-1.74%,$99.05B
9/7/2026 16:14,5,XRP,$1.39 ,-1.37%,$87.81B
9/7/2026 16:14,6,USDC,$1.00 ,-0.01%,$74.49B
9/7/2026 16:14,7,Solana,$104.93 ,-1.45%,$61.51B
9/7/2026 16:14,8,TRON,$0.34 ,0.83%,$31.98B
9/7/2026 16:14,9,Hyperliquid,$87.62 ,-0.12%,$22.07B
9/7/2026 16:14,10,Zcash,"$1,203.37 ",1.49%,$20.28B
,,,,,
9/7/2026 16:15,1,Bitcoin,"$79,427.76 ",-0.70%,$1.59T
9/7/2026 16:15,2,Ethereum,"$2,489.38 ",-0.37%,$303.77B
9/7/2026 16:15,3,Tether,$1.00 ,-0.02%,$183.39B
9/7/2026 16:15,4,BNB,$743.84 ,-1.74%,$99.05B
9/7/2026 16:15,5,XRP,$1.39 ,-1.37%,$87.81B
9/7/2026 16:15,6,USDC,$1.00 ,-0.01%,$74.49B
9/7/2026 16:15,7,Solana,$104.93 ,-1.45%,$61.51B
9/7/2026 16:15,8,TRON,$0.34 ,0.83%,$31.98B
9/7/2026 16:15,9,Hyperliquid,$87.61 ,-0.09%,$22.07B
9/7/2026 16:15,10,Zcash,"$1,206.34 ",1.91%,$20.33B
,,,,,
9/7/2026 16:15,1,Bitcoin,"$79,432.30 ",-0.71%,$1.59T
9/7/2026 16:15,2,Ethereum,"$2,491.30 ",-0.38%,$304B
9/7/2026 16:15,3,Tether,$1.00 ,-0.02%,$183.39B
9/7/2026 16:15,4,BNB,$743.84 ,-1.74%,$99.05B
9/7/2026 16:15,5,XRP,$1.39 ,-1.37%,$87.81B
9/7/2026 16:15,6,USDC,$1.00 ,-0.01%,$74.49B
9/7/2026 16:15,7,Solana,$104.93 ,-1.45%,$61.51B
9/7/2026 16:15,8,TRON,$0.34 ,0.83%,$31.98B
9/7/2026 16:15,9,Hyperliquid,$87.62 ,-0.12%,$22.07B
9/7/2026 16:15,10,Zcash,"$1,203.37 ",1.49%,$20.28B
,,,,,
9/7/2026 16:15,1,Bitcoin,"$79,432.30 ",-0.71%,$1.59T
9/7/2026 16:15,2,Ethereum,"$2,490.35 ",-0.34%,$303.77B
9/7/2026 16:15,3,Tether,$1.00 ,-0.02%,$183.39B
9/7/2026 16:15,4,BNB,$743.84 ,-1.74%,$99.05B
9/7/2026 16:15,5,XRP,$1.39 ,-1.37%,$87.81B
9/7/2026 16:15,6,USDC,$1.00 ,-0.01%,$74.49B
9/7/2026 16:15,7,Solana,$104.93 ,-1.45%,$61.51B
9/7/2026 16:15,8,TRON,$0.34 ,0.83%,$31.98B
9/7/2026 16:15,9,Hyperliquid,$87.62 ,-0.12%,$22.07B
9/7/2026 16:15,10,Zcash,"$1,203.37 ",1.49%,$20.28B
,,,,,
9/7/2026 16:16,1,Bitcoin,"$79,433.03 ",-0.72%,$1.59T
9/7/2026 16:16,2,Ethereum,"$2,490.43 ",-0.38%,$303.77B
9/7/2026 16:16,3,Tether,$1.00 ,-0.02%,$183.39B
9/7/2026 16:16,4,BNB,$743.84 ,-1.74%,$99.05B
9/7/2026 16:16,5,XRP,$1.39 ,-1.37%,$87.81B
9/7/2026 16:16,6,USDC,$1.00 ,-0.01%,$74.49B
9/7/2026 16:16,7,Solana,$104.93 ,-1.45%,$61.51B
9/7/2026 16:16,8,TRON,$0.34 ,0.83%,$31.98B
9/7/2026 16:16,9,Hyperliquid,$87.62 ,-0.12%,$22.07B
9/7/2026 16:16,10,Zcash,"$1,203.37 ",1.49%,$20.28B
,,,,,
9/7/2026 16:16,1,Bitcoin,"$79,433.03 ",-0.72%,$1.59T
9/7/2026 16:16,2,Ethereum,"$2,490.43 ",-0.38%,$303.77B
9/7/2026 16:16,3,Tether,$1.00 ,-0.02%,$183.39B
9/7/2026 16:16,4,BNB,$743.84 ,-1.74%,$99.05B
9/7/2026 16:16,5,XRP,$1.39 ,-1.37%,$87.81B
9/7/2026 16:16,6,USDC,$1.00 ,-0.01%,$74.49B
9/7/2026 16:16,7,Solana,$104.93 ,-1.45%,$61.51B
9/7/2026 16:16,8,TRON,$0.34 ,0.83%,$31.98B
9/7/2026 16:16,9,Hyperliquid,$87.62 ,-0.12%,$22.07B
9/7/2026 16:16,10,Zcash,"$1,203.37 ",1.49%,$20.28B
,,,,,
9/7/2026 16:17,1,Bitcoin,"$79,433.03 ",-0.72%,$1.59T
9/7/2026 16:17,2,Ethereum,"$2,490.43 ",-0.38%,$303.77B
9/7/2026 16:17,3,Tether,$1.00 ,-0.02%,$183.39B
9/7/2026 16:17,4,BNB,$743.84 ,-1.74%,$99.05B
9/7/2026 16:17,5,XRP,$1.39 ,-1.37%,$87.81B
9/7/2026 16:17,6,USDC,$1.00 ,-0.01%,$74.49B
9/7/2026 16:17,7,Solana,$104.93 ,-1.45%,$61.51B
9/7/2026 16:17,8,TRON,$0.34 ,0.83%,$31.98B
9/7/2026 16:17,9,Hyperliquid,$87.62 ,-0.12%,$22.07B
9/7/2026 16:17,10,Zcash,"$1,203.37 ",1.49%,$20.28B
,,,,,
9/7/2026 16:17,1,Bitcoin,"$79,426.54 ",-0.74%,$1.59T
9/7/2026 16:17,2,Ethereum,"$2,491.28 ",-0.38%,$304B
9/7/2026 16:17,3,Tether,$1.00 ,-0.02%,$183.38B
9/7/2026 16:17,4,BNB,$744.50 ,-1.68%,$99.13B
9/7/2026 16:17,5,XRP,$1.40 ,-1.37%,$87.9B
9/7/2026 16:17,6,USDC,$1.00 ,-0.01%,$74.45B
9/7/2026 16:17,7,Solana,$105.06 ,-1.43%,$61.58B
9/7/2026 16:17,8,TRON,$0.34 ,0.83%,$31.98B
9/7/2026 16:17,9,Hyperliquid,$87.62 ,-0.12%,$22.07B
9/7/2026 16:17,10,Zcash,"$1,203.37 ",1.49%,$20.28B
,,,,,
9/7/2026 16:17,1,Bitcoin,"$79,427.69 ",-0.74%,$1.59T
9/7/2026 16:17,2,Ethereum,"$2,491.10 ",-0.38%,$303.98B
9/7/2026 16:17,3,Tether,$1.00 ,-0.01%,$183.39B
9/7/2026 16:17,4,BNB,$744.50 ,-1.68%,$99.13B
9/7/2026 16:17,5,XRP,$1.40 ,-1.37%,$87.9B
9/7/2026 16:17,6,USDC,$1.00 ,0.00%,$74.45B
9/7/2026 16:17,7,Solana,$105.06 ,-1.43%,$61.58B
9/7/2026 16:17,8,TRON,$0.34 ,0.83%,$31.98B
9/7/2026 16:17,9,Hyperliquid,$87.62 ,-0.12%,$22.07B
9/7/2026 16:17,10,Zcash,"$1,203.37 ",1.49%,$20.28B
,,,,,
9/7/2026 16:18,1,Bitcoin,"$79,433.03 ",-0.72%,$1.59T
9/7/2026 16:18,2,Ethereum,"$2,490.43 ",-0.38%,$303.77B
9/7/2026 16:18,3,Tether,$1.00 ,-0.02%,$183.39B
9/7/2026 16:18,4,BNB,$743.84 ,-1.74%,$99.05B
9/7/2026 16:18,5,XRP,$1.39 ,-1.37%,$87.81B
9/7/2026 16:18,6,USDC,$1.00 ,-0.01%,$74.49B
9/7/2026 16:18,7,Solana,$104.93 ,-1.45%,$61.51B
9/7/2026 16:18,8,TRON,$0.34 ,0.83%,$31.98B
9/7/2026 16:18,9,Hyperliquid,$87.62 ,-0.12%,$22.07B
9/7/2026 16:18,10,Zcash,"$1,203.37 ",1.49%,$20.28B
,,,,,
9/7/2026 16:18,1,Bitcoin,"$79,442.74 ",-0.72%,$1.59T
9/7/2026 16:18,2,Ethereum,"$2,491.12 ",-0.39%,$303.9B
9/7/2026 16:18,3,Tether,$1.00 ,-0.02%,$183.39B
9/7/2026 16:18,4,BNB,$744.30 ,-1.71%,$99.11B
9/7/2026 16:18,5,XRP,$1.40 ,-1.32%,$87.85B
9/7/2026 16:18,6,USDC,$1.00 ,0.00%,$74.49B
9/7/2026 16:18,7,Solana,$104.96 ,-1.43%,$61.52B
9/7/2026 16:18,8,TRON,$0.34 ,0.78%,$31.97B
9/7/2026 16:18,9,Hyperliquid,$87.72 ,-0.01%,$22.1B
9/7/2026 16:18,10,Zcash,"$1,207.34 ",1.89%,$20.35B
,,,,,
9/7/2026 16:18,1,Bitcoin,"$79,442.74 ",-0.72%,$1.59T
9/7/2026 16:18,2,Ethereum,"$2,491.12 ",-0.39%,$303.9B
9/7/2026 16:18,3,Tether,$1.00 ,-0.02%,$183.39B
9/7/2026 16:18,4,BNB,$744.30 ,-1.71%,$99.11B
9/7/2026 16:18,5,XRP,$1.40 ,-1.32%,$87.85B
9/7/2026 16:18,6,USDC,$1.00 ,0.00%,$74.49B
9/7/2026 16:18,7,Solana,$104.96 ,-1.43%,$61.52B
9/7/2026 16:18,8,TRON,$0.34 ,0.78%,$31.97B
9/7/2026 16:18,9,Hyperliquid,$87.61 ,-0.09%,$22.07B
9/7/2026 16:18,10,Zcash,"$1,204.12 ",1.68%,$20.29B
,,,,,
9/7/2026 16:19,1,Bitcoin,"$79,442.74 ",-0.72%,$1.59T
9/7/2026 16:19,2,Ethereum,"$2,491.12 ",-0.39%,$303.9B
9/7/2026 16:19,3,Tether,$1.00 ,-0.02%,$183.39B
9/7/2026 16:19,4,BNB,$744.30 ,-1.71%,$99.11B
9/7/2026 16:19,5,XRP,$1.40 ,-1.32%,$87.85B
9/7/2026 16:19,6,USDC,$1.00 ,0.00%,$74.49B
9/7/2026 16:19,7,Solana,$104.96 ,-1.43%,$61.52B
9/7/2026 16:19,8,TRON,$0.34 ,0.78%,$31.97B
9/7/2026 16:19,9,Hyperliquid,$87.61 ,-0.09%,$22.07B
9/7/2026 16:19,10,Zcash,"$1,204.12 ",1.68%,$20.29B
,,,,,
9/7/2026 16:19,1,Bitcoin,"$79,395.29 ",-0.75%,$1.59T
9/7/2026 16:19,2,Ethereum,"$2,490.72 ",-0.38%,$303.93B
9/7/2026 16:19,3,Tether,$1.00 ,-0.01%,$183.39B
9/7/2026 16:19,4,BNB,$744.33 ,-1.70%,$99.11B
9/7/2026 16:19,5,XRP,$1.40 ,-1.37%,$87.89B
9/7/2026 16:19,6,USDC,$1.00 ,0.00%,$74.45B
9/7/2026 16:19,7,Solana,$105.04 ,-1.39%,$61.57B
9/7/2026 16:19,8,TRON,$0.34 ,0.78%,$31.97B
9/7/2026 16:19,9,Hyperliquid,$87.61 ,-0.09%,$22.07B
9/7/2026 16:19,10,Zcash,"$1,204.12 ",1.68%,$20.29B
,,,,,
9/7/2026 16:19,1,Bitcoin,"$79,442.74 ",-0.72%,$1.59T
9/7/2026 16:19,2,Ethereum,"$2,491.12 ",-0.39%,$303.9B
9/7/2026 16:19,3,Tether,$1.00 ,-0.02%,$183.39B
9/7/2026 16:19,4,BNB,$744.30 ,-1.71%,$99.11B
9/7/2026 16:19,5,XRP,$1.40 ,-1.32%,$87.85B
9/7/2026 16:19,6,USDC,$1.00 ,0.00%,$74.49B
9/7/2026 16:19,7,Solana,$105.04 ,-1.39%,$61.57B
9/7/2026 16:19,8,TRON,$0.34 ,0.78%,$31.97B
9/7/2026 16:19,9,Hyperliquid,$87.61 ,-0.09%,$22.07B
9/7/2026 16:19,10,Zcash,"$1,204.12 ",1.68%,$20.29B
,,,,,
9/7/2026 16:20,1,Bitcoin,"$79,442.74 ",-0.72%,$1.59T
9/7/2026 16:20,2,Ethereum,"$2,490.72 ",-0.39%,$303.93B
9/7/2026 16:20,3,Tether,$1.00 ,-0.02%,$183.39B
9/7/2026 16:20,4,BNB,$744.33 ,-1.70%,$99.11B
9/7/2026 16:20,5,XRP,$1.40 ,-1.38%,$87.89B
9/7/2026 16:20,6,USDC,$1.00 ,0.00%,$74.45B
9/7/2026 16:20,7,Solana,$104.96 ,-1.43%,$61.52B
9/7/2026 16:20,8,TRON,$0.34 ,0.78%,$31.97B
9/7/2026 16:20,9,Hyperliquid,$87.61 ,-0.09%,$22.07B
9/7/2026 16:20,10,Zcash,"$1,204.12 ",1.68%,$20.29B
,,,,,
9/7/2026 16:20,1,Bitcoin,"$79,438.97 ",-0.73%,$1.59T
9/7/2026 16:20,2,Ethereum,"$2,491.65 ",-0.36%,$303.9B
9/7/2026 16:20,3,Tether,$1.00 ,-0.02%,$183.39B
9/7/2026 16:20,4,BNB,$744.30 ,-1.71%,$99.11B
9/7/2026 16:20,5,XRP,$1.40 ,-1.32%,$87.85B
9/7/2026 16:20,6,USDC,$1.00 ,0.01%,$74.45B
9/7/2026 16:20,7,Solana,$104.96 ,-1.43%,$61.52B
9/7/2026 16:20,8,TRON,$0.34 ,0.78%,$31.97B
9/7/2026 16:20,9,Hyperliquid,$87.74 ,0.03%,$22.1B
9/7/2026 16:20,10,Zcash,"$1,207.02 ",1.81%,$20.34B
,,,,,
9/7/2026 16:21,1,Bitcoin,"$79,401.66 ",-0.74%,$1.59T
9/7/2026 16:21,2,Ethereum,"$2,490.72 ",-0.39%,$303.93B
9/7/2026 16:21,3,Tether,$1.00 ,-0.01%,$183.39B
9/7/2026 16:21,4,BNB,$744.31 ,-1.70%,$99.11B
9/7/2026 16:21,5,XRP,$1.40 ,-1.38%,$87.89B
9/7/2026 16:21,6,USDC,$1.00 ,0.00%,$74.45B
9/7/2026 16:21,7,Solana,$105.03 ,-1.39%,$61.57B
9/7/2026 16:21,8,TRON,$0.34 ,0.78%,$31.97B
9/7/2026 16:21,9,Hyperliquid,$87.61 ,-0.09%,$22.07B
9/7/2026 16:21,10,Zcash,"$1,204.12 ",1.68%,$20.29B
,,,,,
9/7/2026 16:21,1,Bitcoin,"$79,422.01 ",-0.72%,$1.59T
9/7/2026 16:21,2,Ethereum,"$2,491.32 ",-0.36%,$304B
9/7/2026 16:21,3,Tether,$1.00 ,0.00%,$183.4B
9/7/2026 16:21,4,BNB,$744.23 ,-1.71%,$99.1B
9/7/2026 16:21,5,XRP,$1.40 ,-1.36%,$87.9B
9/7/2026 16:21,6,USDC,$1.00 ,0.01%,$74.46B
9/7/2026 16:21,7,Solana,$105.04 ,-1.38%,$61.57B
9/7/2026 16:21,8,TRON,$0.34 ,0.78%,$31.97B
9/7/2026 16:21,9,Hyperliquid,$87.61 ,-0.09%,$22.07B
9/7/2026 16:21,10,Zcash,"$1,204.12 ",1.68%,$20.29B
,,,,,
9/7/2026 16:21,1,Bitcoin,"$79,440.52 ",-0.69%,$1.59T
9/7/2026 16:21,2,Ethereum,"$2,491.97 ",-0.34%,$304.08B
9/7/2026 16:21,3,Tether,$1.00 ,-0.01%,$183.39B
9/7/2026 16:21,4,BNB,$744.26 ,-1.71%,$99.1B
9/7/2026 16:21,5,XRP,$1.40 ,-1.35%,$87.92B
9/7/2026 16:21,6,USDC,$1.00 ,0.00%,$74.46B
9/7/2026 16:21,7,Solana,$105.05 ,-1.37%,$61.58B
9/7/2026 16:21,8,TRON,$0.34 ,0.78%,$31.97B
9/7/2026 16:21,9,Hyperliquid,$87.61 ,-0.09%,$22.07B
9/7/2026 16:21,10,Zcash,"$1,204.12 ",1.68%,$20.29B
,,,,,
9/7/2026 16:22,1,Bitcoin,"$79,436.20 ",-0.70%,$1.59T
9/7/2026 16:22,2,Ethereum,"$2,491.81 ",-0.34%,$304.06B
9/7/2026 16:22,3,Tether,$1.00 ,-0.01%,$183.38B
9/7/2026 16:22,4,BNB,$744.27 ,-1.73%,$99.1B
9/7/2026 16:22,5,XRP,$1.40 ,-1.36%,$87.92B
9/7/2026 16:22,6,USDC,$1.00 ,0.00%,$74.45B
9/7/2026 16:22,7,Solana,$105.06 ,-1.34%,$61.58B
9/7/2026 16:22,8,TRON,$0.34 ,0.78%,$31.97B
9/7/2026 16:22,9,Hyperliquid,$87.61 ,-0.09%,$22.07B
9/7/2026 16:22,10,Zcash,"$1,204.12 ",1.68%,$20.29B
,,,,,
9/7/2026 16:22,1,Bitcoin,"$79,438.97 ",-0.73%,$1.59T
9/7/2026 16:22,2,Ethereum,"$2,491.56 ",-0.35%,$304.03B
9/7/2026 16:22,3,Tether,$1.00 ,-0.01%,$183.38B
9/7/2026 16:22,4,BNB,$744.30 ,-1.71%,$99.11B
9/7/2026 16:22,5,XRP,$1.40 ,-1.32%,$87.85B
9/7/2026 16:22,6,USDC,$1.00 ,0.00%,$74.45B
9/7/2026 16:22,7,Solana,$104.96 ,-1.43%,$61.52B
9/7/2026 16:22,8,TRON,$0.34 ,0.78%,$31.97B
9/7/2026 16:22,9,Hyperliquid,$87.61 ,-0.09%,$22.07B
9/7/2026 16:22,10,Zcash,"$1,204.12 ",1.68%,$20.29B
,,,,,
9/7/2026 16:22,1,Bitcoin,"$79,438.97 ",-0.73%,$1.59T
9/7/2026 16:22,2,Ethereum,"$2,491.65 ",-0.36%,$303.9B
9/7/2026 16:22,3,Tether,$1.00 ,-0.02%,$183.39B
9/7/2026 16:22,4,BNB,$744.30 ,-1.71%,$99.11B
9/7/2026 16:22,5,XRP,$1.40 ,-1.32%,$87.85B
9/7/2026 16:22,6,USDC,$1.00 ,0.00%,$74.49B
9/7/2026 16:22,7,Solana,$104.96 ,-1.43%,$61.52B
9/7/2026 16:22,8,TRON,$0.34 ,0.78%,$31.97B
9/7/2026 16:22,9,Hyperliquid,$87.76 ,-0.02%,$22.11B
9/7/2026 16:22,10,Zcash,"$1,207.47 ",1.75%,$20.35B
,,,,,
9/7/2026 16:23,1,Bitcoin,"$79,438.97 ",-0.73%,$1.59T
9/7/2026 16:23,2,Ethereum,"$2,491.65 ",-0.36%,$303.9B
9/7/2026 16:23,3,Tether,$1.00 ,-0.02%,$183.39B
9/7/2026 16:23,4,BNB,$744.30 ,-1.71%,$99.11B
9/7/2026 16:23,5,XRP,$1.40 ,-1.32%,$87.85B
9/7/2026 16:23,6,USDC,$1.00 ,0.00%,$74.49B
9/7/2026 16:23,7,Solana,$104.96 ,-1.43%,$61.52B
9/7/2026 16:23,8,TRON,$0.34 ,0.78%,$31.97B
9/7/2026 16:23,9,Hyperliquid,$87.76 ,-0.02%,$22.11B
9/7/2026 16:23,10,Zcash,"$1,207.44 ",1.73%,$20.35B
,,,,,
9/7/2026 16:24,1,Bitcoin,"$79,396.15 ",-0.75%,$1.59T
9/7/2026 16:24,2,Ethereum,"$2,490.76 ",-0.38%,$303.96B
9/7/2026 16:24,3,Tether,$1.00 ,-0.01%,$183.39B
9/7/2026 16:24,4,BNB,$744.33 ,-1.69%,$99.11B
9/7/2026 16:24,5,XRP,$1.40 ,-1.37%,$87.9B
9/7/2026 16:24,6,USDC,$1.00 ,0.00%,$74.46B
9/7/2026 16:24,7,Solana,$105.05 ,-1.41%,$61.58B
9/7/2026 16:24,8,TRON,$0.34 ,0.79%,$31.98B
9/7/2026 16:24,9,Hyperliquid,$87.64 ,-0.10%,$22.08B
9/7/2026 16:24,10,Zcash,"$1,207.55 ",1.91%,$20.35B
,,,,,
9/7/2026 16:25,1,Bitcoin,"$79,421.19 ",-0.72%,$1.59T
9/7/2026 16:25,2,Ethereum,"$2,491.82 ",-0.34%,$304.06B
9/7/2026 16:25,3,Tether,$1.00 ,-0.01%,$183.39B
9/7/2026 16:25,4,BNB,$744.35 ,-1.72%,$99.11B
9/7/2026 16:25,5,XRP,$1.40 ,-1.34%,$87.95B
9/7/2026 16:25,6,USDC,$1.00 ,0.00%,$74.45B
9/7/2026 16:25,7,Solana,$105.09 ,-1.34%,$61.6B
9/7/2026 16:25,8,TRON,$0.34 ,0.79%,$31.98B
9/7/2026 16:25,9,Hyperliquid,$87.64 ,-0.10%,$22.08B
9/7/2026 16:25,10,Zcash,"$1,207.55 ",1.91%,$20.35B
,,,,,
9/7/2026 16:25,1,Bitcoin,"$79,396.15 ",-0.75%,$1.59T
9/7/2026 16:25,2,Ethereum,"$2,490.76 ",-0.38%,$303.96B
9/7/2026 16:25,3,Tether,$1.00 ,-0.01%,$183.39B
9/7/2026 16:25,4,BNB,$744.33 ,-1.69%,$99.11B
9/7/2026 16:25,5,XRP,$1.40 ,-1.37%,$87.9B
9/7/2026 16:25,6,USDC,$1.00 ,0.00%,$74.46B
9/7/2026 16:25,7,Solana,$105.05 ,-1.41%,$61.58B
9/7/2026 16:25,8,TRON,$0.34 ,0.79%,$31.98B
9/7/2026 16:25,9,Hyperliquid,$87.77 ,-0.08%,$22.11B
9/7/2026 16:25,10,Zcash,"$1,207.61 ",1.71%,$20.35B
,,,,,
9/7/2026 16:26,1,Bitcoin,"$79,423.16 ",-0.71%,$1.59T
9/7/2026 16:26,2,Ethereum,"$2,491.81 ",-0.34%,$303.96B
9/7/2026 16:26,3,Tether,$1.00 ,-0.01%,$183.39B
9/7/2026 16:26,4,BNB,$744.33 ,-1.69%,$99.11B
9/7/2026 16:26,5,XRP,$1.40 ,-1.37%,$87.9B
9/7/2026 16:26,6,USDC,$1.00 ,0.00%,$74.46B
9/7/2026 16:26,7,Solana,$105.05 ,-1.41%,$61.58B
9/7/2026 16:26,8,TRON,$0.34 ,0.79%,$31.98B
9/7/2026 16:26,9,Hyperliquid,$87.64 ,-0.10%,$22.08B
9/7/2026 16:26,10,Zcash,"$1,207.55 ",1.91%,$20.35B
,,,,,
9/7/2026 16:27,1,Bitcoin,"$79,423.16 ",-0.71%,$1.59T
9/7/2026 16:27,2,Ethereum,"$2,491.81 ",-0.34%,$303.96B
9/7/2026 16:27,3,Tether,$1.00 ,-0.01%,$183.39B
9/7/2026 16:27,4,BNB,$744.33 ,-1.69%,$99.11B
9/7/2026 16:27,5,XRP,$1.40 ,-1.37%,$87.9B
9/7/2026 16:27,6,USDC,$1.00 ,0.00%,$74.46B
9/7/2026 16:27,7,Solana,$105.05 ,-1.41%,$61.58B
9/7/2026 16:27,8,TRON,$0.34 ,0.79%,$31.98B
9/7/2026 16:27,9,Hyperliquid,$87.76 ,-0.10%,$22.11B
9/7/2026 16:27,10,Zcash,"$1,206.41 ",1.57%,$20.33B
,,,,,
9/7/2026 16:27,1,Bitcoin,"$79,423.16 ",-0.71%,$1.59T
9/7/2026 16:27,2,Ethereum,"$2,491.81 ",-0.34%,$303.96B
9/7/2026 16:27,3,Tether,$1.00 ,-0.01%,$183.39B
9/7/2026 16:27,4,BNB,$743.94 ,-1.75%,$99.06B
9/7/2026 16:27,5,XRP,$1.40 ,-1.37%,$87.9B
9/7/2026 16:27,6,USDC,$1.00 ,0.01%,$74.46B
9/7/2026 16:27,7,Solana,$105.03 ,-1.48%,$61.56B
9/7/2026 16:27,8,TRON,$0.34 ,0.79%,$31.98B
9/7/2026 16:27,9,Hyperliquid,$87.64 ,-0.10%,$22.08B
9/7/2026 16:27,10,Zcash,"$1,207.55 ",1.91%,$20.35B
,,,,,
9/7/2026 16:28,1,Bitcoin,"$79,423.99 ",-0.73%,$1.59T
9/7/2026 16:28,2,Ethereum,"$2,491.44 ",-0.36%,$303.96B
9/7/2026 16:28,3,Tether,$1.00 ,-0.01%,$183.39B
9/7/2026 16:28,4,BNB,$744.33 ,-1.69%,$99.11B
9/7/2026 16:28,5,XRP,$1.40 ,-1.37%,$87.9B
9/7/2026 16:28,6,USDC,$1.00 ,0.00%,$74.46B
9/7/2026 16:28,7,Solana,$105.05 ,-1.41%,$61.58B
9/7/2026 16:28,8,TRON,$0.34 ,0.79%,$31.98B
9/7/2026 16:28,9,Hyperliquid,$87.70 ,-0.16%,$22.09B
9/7/2026 16:28,10,Zcash,"$1,205.55 ",1.43%,$20.32B
,,,,,
9/7/2026 16:29,1,Bitcoin,"$79,423.99 ",-0.73%,$1.59T
9/7/2026 16:29,2,Ethereum,"$2,491.44 ",-0.36%,$303.96B
9/7/2026 16:29,3,Tether,$1.00 ,-0.01%,$183.39B
9/7/2026 16:29,4,BNB,$744.33 ,-1.69%,$99.11B
9/7/2026 16:29,5,XRP,$1.40 ,-1.37%,$87.9B
9/7/2026 16:29,6,USDC,$1.00 ,0.00%,$74.46B
9/7/2026 16:29,7,Solana,$105.05 ,-1.41%,$61.58B
9/7/2026 16:29,8,TRON,$0.34 ,0.79%,$31.98B
9/7/2026 16:29,9,Hyperliquid,$87.64 ,-0.10%,$22.08B
9/7/2026 16:29,10,Zcash,"$1,207.55 ",1.91%,$20.35B
,,,,,
9/7/2026 16:30,1,Bitcoin,"$79,352.11 ",-0.81%,$1.59T
9/7/2026 16:30,2,Ethereum,"$2,488.69 ",-0.51%,$303.68B
9/7/2026 16:30,3,Tether,$1.00 ,-0.01%,$183.39B
9/7/2026 16:30,4,BNB,$743.77 ,-1.79%,$99.04B
9/7/2026 16:30,5,XRP,$1.39 ,-1.57%,$87.8B
9/7/2026 16:30,6,USDC,$1.00 ,0.00%,$74.45B
9/7/2026 16:30,7,Solana,$105.01 ,-1.53%,$61.55B
9/7/2026 16:30,8,TRON,$0.34 ,0.80%,$31.98B
9/7/2026 16:30,9,Hyperliquid,$87.76 ,-0.03%,$22.11B
9/7/2026 16:30,10,Zcash,"$1,207.53 ",1.74%,$20.35B
,,,,,
9/7/2026 16:31,1,Bitcoin,"$79,343.35 ",-0.82%,$1.59T
9/7/2026 16:31,2,Ethereum,"$2,491.11 ",-0.41%,$304.02B
9/7/2026 16:31,3,Tether,$1.00 ,-0.01%,$183.38B
9/7/2026 16:31,4,BNB,$744.34 ,-1.70%,$99.11B
9/7/2026 16:31,5,XRP,$1.40 ,-1.37%,$87.92B
9/7/2026 16:31,6,USDC,$1.00 ,0.00%,$74.45B
9/7/2026 16:31,7,Solana,$105.05 ,-1.38%,$61.58B
9/7/2026 16:31,8,TRON,$0.34 ,0.80%,$31.98B
9/7/2026 16:31,9,Hyperliquid,$87.76 ,-0.13%,$22.11B
9/7/2026 16:31,10,Zcash,"$1,205.42 ",1.50%,$20.32B
,,,,,
9/7/2026 16:31,1,Bitcoin,"$79,343.35 ",-0.82%,$1.59T
9/7/2026 16:31,2,Ethereum,"$2,491.11 ",-0.41%,$304.02B
9/7/2026 16:31,3,Tether,$1.00 ,-0.01%,$183.38B
9/7/2026 16:31,4,BNB,$743.80 ,-1.82%,$99.04B
9/7/2026 16:31,5,XRP,$1.40 ,-1.37%,$87.92B
9/7/2026 16:31,6,USDC,$1.00 ,0.00%,$74.45B
9/7/2026 16:31,7,Solana,$105.05 ,-1.38%,$61.58B
9/7/2026 16:31,8,TRON,$0.34 ,0.80%,$31.98B
9/7/2026 16:31,9,Hyperliquid,$87.80 ,-0.08%,$22.12B
9/7/2026 16:31,10,Zcash,"$1,205.82 ",1.53%,$20.32B
,,,,,
9/7/2026 16:32,1,Bitcoin,"$79,343.35 ",-0.82%,$1.59T
9/7/2026 16:32,2,Ethereum,"$2,491.11 ",-0.41%,$304.02B
9/7/2026 16:32,3,Tether,$1.00 ,-0.01%,$183.38B
9/7/2026 16:32,4,BNB,$743.71 ,-1.82%,$99.03B
9/7/2026 16:32,5,XRP,$1.40 ,-1.37%,$87.92B
9/7/2026 16:32,6,USDC,$1.00 ,-0.01%,$74.45B
9/7/2026 16:32,7,Solana,$105.04 ,-1.47%,$61.57B
9/7/2026 16:32,8,TRON,$0.34 ,0.80%,$31.98B
9/7/2026 16:32,9,Hyperliquid,$87.76 ,-0.03%,$22.11B
9/7/2026 16:32,10,Zcash,"$1,207.53 ",1.74%,$20.35B
,,,,,
9/7/2026 16:33,1,Bitcoin,"$79,324.11 ",-0.85%,$1.59T
9/7/2026 16:33,2,Ethereum,"$2,487.88 ",-0.57%,$303.58B
9/7/2026 16:33,3,Tether,$1.00 ,-0.01%,$183.39B
9/7/2026 16:33,4,BNB,$743.55 ,-1.83%,$99.01B
9/7/2026 16:33,5,XRP,$1.40 ,-1.53%,$87.84B
9/7/2026 16:33,6,USDC,$1.00 ,-0.03%,$74.45B
9/7/2026 16:33,7,Solana,$105.04 ,-1.47%,$61.57B
9/7/2026 16:33,8,TRON,$0.34 ,0.78%,$31.97B
9/7/2026 16:33,9,Hyperliquid,$87.76 ,-0.10%,$22.11B
9/7/2026 16:33,10,Zcash,"$1,205.26 ",1.40%,$20.31B
,,,,,
9/7/2026 17:15,1,Bitcoin,"$79,414.76 ",-0.62%,$1.59T
9/7/2026 17:15,2,Ethereum,"$2,490.33 ",-0.40%,$304.19B
9/7/2026 17:15,3,Tether,$1.00 ,-0.01%,$183.39B
9/7/2026 17:15,4,BNB,$744.09 ,-1.80%,$99.08B
9/7/2026 17:15,5,XRP,$1.39 ,-1.46%,$87.79B
9/7/2026 17:15,6,USDC,$1.00 ,0.00%,$74.41B
9/7/2026 17:15,7,Solana,$104.97 ,-1.53%,$61.53B
9/7/2026 17:15,8,TRON,$0.34 ,0.44%,$31.95B
9/7/2026 17:15,9,Hyperliquid,$87.86 ,-0.63%,$22.13B
9/7/2026 17:15,10,Zcash,"$1,198.60 ",2.02%,$20.2B
,,,,,
9/7/2026 17:16,1,Bitcoin,"$79,414.76 ",-0.62%,$1.59T
9/7/2026 17:16,2,Ethereum,"$2,490.33 ",-0.40%,$304.07B
9/7/2026 17:16,3,Tether,$1.00 ,-0.01%,$183.38B
9/7/2026 17:16,4,BNB,$744.08 ,-1.77%,$99.08B
9/7/2026 17:16,5,XRP,$1.39 ,-1.50%,$87.79B
9/7/2026 17:16,6,USDC,$1.00 ,0.00%,$74.41B
9/7/2026 17:16,7,Solana,$104.96 ,-1.53%,$61.52B
9/7/2026 17:16,8,TRON,$0.34 ,0.40%,$31.93B
9/7/2026 17:16,9,Hyperliquid,$87.76 ,-0.52%,$22.11B
9/7/2026 17:16,10,Zcash,"$1,195.95 ",2.07%,$20.16B
,,,,,
9/7/2026 17:16,1,Bitcoin,"$79,414.76 ",-0.62%,$1.59T
9/7/2026 17:16,2,Ethereum,"$2,490.33 ",-0.40%,$304.07B
9/7/2026 17:16,3,Tether,$1.00 ,-0.01%,$183.38B
9/7/2026 17:16,4,BNB,$744.08 ,-1.77%,$99.08B
9/7/2026 17:16,5,XRP,$1.39 ,-1.50%,$87.79B
9/7/2026 17:16,6,USDC,$1.00 ,0.00%,$74.41B
9/7/2026 17:16,7,Solana,$104.96 ,-1.53%,$61.52B
9/7/2026 17:16,8,TRON,$0.34 ,0.40%,$31.93B
9/7/2026 17:16,9,Hyperliquid,$87.87 ,-0.65%,$22.14B
9/7/2026 17:16,10,Zcash,"$1,198.45 ",2.09%,$20.2B
,,,,,
9/7/2026 17:17,1,Bitcoin,"$79,404.91 ",-0.70%,$1.59T
9/7/2026 17:17,2,Ethereum,"$2,490.26 ",-0.50%,$303.87B
9/7/2026 17:17,3,Tether,$1.00 ,-0.01%,$183.39B
9/7/2026 17:17,4,BNB,$743.88 ,-1.83%,$99.05B
9/7/2026 17:17,5,XRP,$1.39 ,-1.55%,$87.76B
9/7/2026 17:17,6,USDC,$1.00 ,0.00%,$74.41B
9/7/2026 17:17,7,Solana,$104.88 ,-1.52%,$61.48B
9/7/2026 17:17,8,TRON,$0.34 ,0.40%,$31.93B
9/7/2026 17:17,9,Hyperliquid,$87.87 ,-0.65%,$22.14B
9/7/2026 17:17,10,Zcash,"$1,198.45 ",2.09%,$20.2B
,,,,,
9/7/2026 17:18,1,Bitcoin,"$79,415.19 ",-0.68%,$1.59T
9/7/2026 17:18,2,Ethereum,"$2,490.82 ",-0.41%,$304.07B
9/7/2026 17:18,3,Tether,$1.00 ,-0.01%,$183.38B
9/7/2026 17:18,4,BNB,$744.08 ,-1.77%,$99.08B
9/7/2026 17:18,5,XRP,$1.39 ,-1.50%,$87.79B
9/7/2026 17:18,6,USDC,$1.00 ,0.00%,$74.41B
9/7/2026 17:18,7,Solana,$104.96 ,-1.53%,$61.52B
9/7/2026 17:18,8,TRON,$0.34 ,0.40%,$31.93B
9/7/2026 17:18,9,Hyperliquid,$87.76 ,-0.61%,$22.11B
9/7/2026 17:18,10,Zcash,"$1,195.70 ",1.48%,$20.15B
,,,,,
9/7/2026 17:18,1,Bitcoin,"$79,417.91 ",-0.62%,$1.59T
9/7/2026 17:18,2,Ethereum,"$2,490.82 ",-0.41%,$304.07B
9/7/2026 17:18,3,Tether,$1.00 ,-0.01%,$183.38B
9/7/2026 17:18,4,BNB,$744.08 ,-1.77%,$99.08B
9/7/2026 17:18,5,XRP,$1.39 ,-1.50%,$87.79B
9/7/2026 17:18,6,USDC,$1.00 ,0.00%,$74.41B
9/7/2026 17:18,7,Solana,$104.90 ,-1.50%,$61.49B
9/7/2026 17:18,8,TRON,$0.34 ,0.40%,$31.93B
9/7/2026 17:18,9,Hyperliquid,$87.87 ,-0.65%,$22.14B
9/7/2026 17:18,10,Zcash,"$1,198.45 ",2.09%,$20.2B
,,,,,
9/7/2026 17:19,1,Bitcoin,"$79,404.75 ",-0.68%,$1.59T
9/7/2026 17:19,2,Ethereum,"$2,490.49 ",-0.47%,$303.94B
9/7/2026 17:19,3,Tether,$1.00 ,-0.02%,$183.39B
9/7/2026 17:19,4,BNB,$744.24 ,-1.82%,$99.1B
9/7/2026 17:19,5,XRP,$1.39 ,-1.45%,$87.77B
9/7/2026 17:19,6,USDC,$1.00 ,0.00%,$74.4B
9/7/2026 17:19,7,Solana,$104.90 ,-1.54%,$61.48B
9/7/2026 17:19,8,TRON,$0.34 ,0.37%,$31.93B
9/7/2026 17:19,9,Hyperliquid,$87.82 ,-0.49%,$22.12B
9/7/2026 17:19,10,Zcash,"$1,196.45 ",2.44%,$20.16B
,,,,,
9/7/2026 17:20,1,Bitcoin,"$79,399.33 ",-0.70%,$1.59T
9/7/2026 17:20,2,Ethereum,"$2,490.26 ",-0.51%,$303.87B
9/7/2026 17:20,3,Tether,$1.00 ,-0.01%,$183.39B
9/7/2026 17:20,4,BNB,$744.24 ,-1.82%,$99.1B
9/7/2026 17:20,5,XRP,$1.39 ,-1.52%,$87.77B
9/7/2026 17:20,6,USDC,$1.00 ,0.01%,$74.45B
9/7/2026 17:20,7,Solana,$104.89 ,-1.54%,$61.48B
9/7/2026 17:20,8,TRON,$0.34 ,0.37%,$31.93B
9/7/2026 17:20,9,Hyperliquid,$87.82 ,-0.49%,$22.12B
9/7/2026 17:20,10,Zcash,"$1,196.45 ",2.44%,$20.16B
,,,,,
9/7/2026 17:21,1,Bitcoin,"$79,417.04 ",-0.68%,$1.59T
9/7/2026 17:21,2,Ethereum,"$2,490.26 ",-0.50%,$303.94B
9/7/2026 17:21,3,Tether,$1.00 ,-0.02%,$183.39B
9/7/2026 17:21,4,BNB,$743.84 ,-1.79%,$99.05B
9/7/2026 17:21,5,XRP,$1.39 ,-1.45%,$87.77B
9/7/2026 17:21,6,USDC,$1.00 ,0.00%,$74.41B
9/7/2026 17:21,7,Solana,$104.91 ,-1.48%,$61.49B
9/7/2026 17:21,8,TRON,$0.34 ,0.37%,$31.93B
9/7/2026 17:21,9,Hyperliquid,$87.82 ,-0.49%,$22.12B
9/7/2026 17:21,10,Zcash,"$1,195.21 ",1.02%,$20.14B
,,,,,
9/7/2026 17:21,1,Bitcoin,"$79,417.04 ",-0.68%,$1.59T
9/7/2026 17:21,2,Ethereum,"$2,490.26 ",-0.50%,$303.94B
9/7/2026 17:21,3,Tether,$1.00 ,-0.02%,$183.39B
9/7/2026 17:21,4,BNB,$743.84 ,-1.79%,$99.05B
9/7/2026 17:21,5,XRP,$1.39 ,-1.45%,$87.77B
9/7/2026 17:21,6,USDC,$1.00 ,0.00%,$74.41B
9/7/2026 17:21,7,Solana,$104.91 ,-1.48%,$61.49B
9/7/2026 17:21,8,TRON,$0.34 ,0.37%,$31.93B
9/7/2026 17:21,9,Hyperliquid,$87.82 ,-0.49%,$22.12B
9/7/2026 17:21,10,Zcash,"$1,196.45 ",2.44%,$20.16B
,,,,,
9/7/2026 17:22,1,Bitcoin,"$79,413.91 ",-0.67%,$1.59T
9/7/2026 17:22,2,Ethereum,"$2,490.87 ",-0.46%,$303.95B
9/7/2026 17:22,3,Tether,$1.00 ,-0.01%,$183.38B
9/7/2026 17:22,4,BNB,$744.39 ,-1.84%,$99.12B
9/7/2026 17:22,5,XRP,$1.39 ,-1.53%,$87.76B
9/7/2026 17:22,6,USDC,$1.00 ,0.00%,$74.45B
9/7/2026 17:22,7,Solana,$104.86 ,-1.57%,$61.46B
9/7/2026 17:22,8,TRON,$0.34 ,0.37%,$31.93B
9/7/2026 17:22,9,Hyperliquid,$87.82 ,-0.49%,$22.12B
9/7/2026 17:22,10,Zcash,"$1,196.45 ",2.44%,$20.16B
,,,,,
9/7/2026 17:23,1,Bitcoin,"$79,404.15 ",-0.70%,$1.59T
9/7/2026 17:23,2,Ethereum,"$2,490.27 ",-0.50%,$303.94B
9/7/2026 17:23,3,Tether,$1.00 ,-0.02%,$183.39B
9/7/2026 17:23,4,BNB,$743.84 ,-1.79%,$99.05B
9/7/2026 17:23,5,XRP,$1.39 ,-1.45%,$87.77B
9/7/2026 17:23,6,USDC,$1.00 ,0.00%,$74.41B
9/7/2026 17:23,7,Solana,$104.91 ,-1.48%,$61.49B
9/7/2026 17:23,8,TRON,$0.34 ,0.37%,$31.93B
9/7/2026 17:23,9,Hyperliquid,$87.82 ,-0.49%,$22.12B
9/7/2026 17:23,10,Zcash,"$1,196.45 ",2.44%,$20.16B
,,,,,
9/7/2026 17:24,1,Bitcoin,"$79,404.15 ",-0.70%,$1.59T
9/7/2026 17:24,2,Ethereum,"$2,490.27 ",-0.50%,$303.94B
9/7/2026 17:24,3,Tether,$1.00 ,-0.02%,$183.39B
9/7/2026 17:24,4,BNB,$743.84 ,-1.79%,$99.05B
9/7/2026 17:24,5,XRP,$1.39 ,-1.45%,$87.77B
9/7/2026 17:24,6,USDC,$1.00 ,0.00%,$74.41B
9/7/2026 17:24,7,Solana,$104.91 ,-1.48%,$61.49B
9/7/2026 17:24,8,TRON,$0.34 ,0.37%,$31.93B
9/7/2026 17:24,9,Hyperliquid,$87.82 ,-0.49%,$22.12B
9/7/2026 17:24,10,Zcash,"$1,196.45 ",2.44%,$20.16B
,,,,,
9/7/2026 17:24,1,Bitcoin,"$79,418.89 ",-0.62%,$1.59T
9/7/2026 17:24,2,Ethereum,"$2,490.20 ",-0.44%,$303.87B
9/7/2026 17:24,3,Tether,$1.00 ,-0.01%,$183.39B
9/7/2026 17:24,4,BNB,$744.39 ,-1.84%,$99.12B
9/7/2026 17:24,5,XRP,$1.39 ,-1.51%,$87.77B
9/7/2026 17:24,6,USDC,$1.00 ,0.01%,$74.46B
9/7/2026 17:24,7,Solana,$104.87 ,-1.54%,$61.47B
9/7/2026 17:24,8,TRON,$0.34 ,0.37%,$31.93B
9/7/2026 17:24,9,Hyperliquid,$87.82 ,-0.49%,$22.12B
9/7/2026 17:24,10,Zcash,"$1,196.45 ",2.44%,$20.16B
,,,,,
9/7/2026 17:48,1,Bitcoin,"$79,434.05 ",-0.55%,$1.59T
9/7/2026 17:48,2,Ethereum,"$2,489.66 ",-0.41%,$304.02B
9/7/2026 17:48,3,Tether,$1.00 ,-0.02%,$183.38B
9/7/2026 17:48,4,BNB,$745.43 ,-1.63%,$99.26B
9/7/2026 17:48,5,XRP,$1.40 ,-1.37%,$87.89B
9/7/2026 17:48,6,USDC,$1.00 ,-0.01%,$74.45B
9/7/2026 17:48,7,Solana,$104.98 ,-1.37%,$61.53B
9/7/2026 17:48,8,TRON,$0.34 ,0.43%,$31.93B
9/7/2026 17:48,9,Hyperliquid,$88.05 ,-0.24%,$22.18B
9/7/2026 17:48,10,Zcash,"$1,194.29 ",1.63%,$20.13B
,,,,,
9/7/2026 17:49,1,Bitcoin,"$79,422.14 ",-0.64%,$1.59T
9/7/2026 17:49,2,Ethereum,"$2,489.37 ",-0.43%,$304.02B
9/7/2026 17:49,3,Tether,$1.00 ,-0.01%,$183.38B
9/7/2026 17:49,4,BNB,$745.43 ,-1.63%,$99.26B
9/7/2026 17:49,5,XRP,$1.40 ,-1.37%,$87.89B
9/7/2026 17:49,6,USDC,$1.00 ,-0.01%,$74.45B
9/7/2026 17:49,7,Solana,$104.98 ,-1.37%,$61.53B
9/7/2026 17:49,8,TRON,$0.34 ,0.43%,$31.93B
9/7/2026 17:49,9,Hyperliquid,$88.05 ,-0.24%,$22.18B
9/7/2026 17:49,10,Zcash,"$1,194.29 ",1.63%,$20.13B
,,,,,
9/7/2026 17:49,1,Bitcoin,"$79,468.40 ",-0.64%,$1.59T
9/7/2026 17:49,2,Ethereum,"$2,489.37 ",-0.43%,$304.02B
9/7/2026 17:49,3,Tether,$1.00 ,-0.02%,$183.37B
9/7/2026 17:49,4,BNB,$745.13 ,-1.73%,$99.22B
9/7/2026 17:49,5,XRP,$1.40 ,-1.37%,$88B
9/7/2026 17:49,6,USDC,$1.00 ,-0.01%,$74.42B
9/7/2026 17:49,7,Solana,$105.05 ,-1.49%,$61.58B
9/7/2026 17:49,8,TRON,$0.34 ,0.43%,$31.93B
9/7/2026 17:49,9,Hyperliquid,$88.05 ,-0.24%,$22.18B
9/7/2026 17:49,10,Zcash,"$1,194.29 ",1.63%,$20.13B
,,,,,
9/7/2026 17:50,1,Bitcoin,"$79,477.67 ",-0.60%,$1.59T
9/7/2026 17:50,2,Ethereum,"$2,492.29 ",-0.44%,$304.12B
9/7/2026 17:50,3,Tether,$1.00 ,-0.01%,$183.39B
9/7/2026 17:50,4,BNB,$745.18 ,-1.71%,$99.23B
9/7/2026 17:50,5,XRP,$1.40 ,-1.35%,$88.01B
9/7/2026 17:50,6,USDC,$1.00 ,0.00%,$74.42B
9/7/2026 17:50,7,Solana,$105.07 ,-1.47%,$61.58B
9/7/2026 17:50,8,TRON,$0.34 ,0.43%,$31.93B
9/7/2026 17:50,9,Hyperliquid,$88.05 ,-0.24%,$22.18B
9/7/2026 17:50,10,Zcash,"$1,194.29 ",1.63%,$20.13B
,,,,,
9/7/2026 17:51,1,Bitcoin,"$79,422.14 ",-0.64%,$1.59T
9/7/2026 17:51,2,Ethereum,"$2,493.62 ",-0.38%,$304.28B
9/7/2026 17:51,3,Tether,$1.00 ,-0.02%,$183.38B
9/7/2026 17:51,4,BNB,$745.37 ,-1.68%,$99.25B
9/7/2026 17:51,5,XRP,$1.40 ,-1.29%,$88.06B
9/7/2026 17:51,6,USDC,$1.00 ,0.01%,$74.42B
9/7/2026 17:51,7,Solana,$104.98 ,-1.37%,$61.53B
9/7/2026 17:51,8,TRON,$0.34 ,0.43%,$31.93B
9/7/2026 17:51,9,Hyperliquid,$88.05 ,-0.24%,$22.18B
9/7/2026 17:51,10,Zcash,"$1,194.29 ",1.63%,$20.13B
,,,,,
9/7/2026 17:52,1,Bitcoin,"$79,409.50 ",-0.72%,$1.59T
9/7/2026 17:52,2,Ethereum,"$2,489.12 ",-0.59%,$303.8B
9/7/2026 17:52,3,Tether,$1.00 ,-0.02%,$183.37B
9/7/2026 17:52,4,BNB,$745.43 ,-1.65%,$99.26B
9/7/2026 17:52,5,XRP,$1.40 ,-1.29%,$87.99B
9/7/2026 17:52,6,USDC,$1.00 ,-0.01%,$74.45B
9/7/2026 17:52,7,Solana,$105.01 ,-1.38%,$61.55B
9/7/2026 17:52,8,TRON,$0.34 ,0.40%,$31.92B
9/7/2026 17:52,9,Hyperliquid,$88.19 ,-0.85%,$22.21B
9/7/2026 17:52,10,Zcash,"$1,194.33 ",1.70%,$20.13B
,,,,,
9/7/2026 17:52,1,Bitcoin,"$79,409.50 ",-0.72%,$1.59T
9/7/2026 17:52,2,Ethereum,"$2,489.12 ",-0.59%,$303.8B
9/7/2026 17:52,3,Tether,$1.00 ,-0.02%,$183.37B
9/7/2026 17:52,4,BNB,$745.19 ,-1.64%,$99.23B
9/7/2026 17:52,5,XRP,$1.40 ,-1.29%,$87.99B
9/7/2026 17:52,6,USDC,$1.00 ,-0.01%,$74.42B
9/7/2026 17:52,7,Solana,$105.01 ,-1.38%,$61.55B
9/7/2026 17:52,8,TRON,$0.34 ,0.40%,$31.92B
9/7/2026 17:52,9,Hyperliquid,$88.11 ,-0.22%,$22.19B
9/7/2026 17:52,10,Zcash,"$1,193.66 ",1.73%,$20.12B
,,,,,
9/7/2026 17:53,1,Bitcoin,"$79,412.32 ",-0.71%,$1.59T
9/7/2026 17:53,2,Ethereum,"$2,491.92 ",-0.46%,$304.08B
9/7/2026 17:53,3,Tether,$1.00 ,-0.02%,$183.37B
9/7/2026 17:53,4,BNB,$745.19 ,-1.64%,$99.23B
9/7/2026 17:53,5,XRP,$1.40 ,-1.29%,$88.07B
9/7/2026 17:53,6,USDC,$1.00 ,-0.01%,$74.45B
9/7/2026 17:53,7,Solana,$105.01 ,-1.38%,$61.55B
9/7/2026 17:53,8,TRON,$0.34 ,0.40%,$31.92B
9/7/2026 17:53,9,Hyperliquid,$88.18 ,-0.92%,$22.21B
9/7/2026 17:53,10,Zcash,"$1,194.22 ",1.67%,$20.13B
,,,,,
9/7/2026 17:54,1,Bitcoin,"$79,412.32 ",-0.71%,$1.59T
9/7/2026 17:54,2,Ethereum,"$2,489.53 ",-0.59%,$303.8B
9/7/2026 17:54,3,Tether,$1.00 ,-0.02%,$183.37B
9/7/2026 17:54,4,BNB,$745.19 ,-1.64%,$99.23B
9/7/2026 17:54,5,XRP,$1.40 ,-1.29%,$87.99B
9/7/2026 17:54,6,USDC,$1.00 ,-0.01%,$74.45B
9/7/2026 17:54,7,Solana,$105.01 ,-1.38%,$61.55B
9/7/2026 17:54,8,TRON,$0.34 ,0.40%,$31.92B
9/7/2026 17:54,9,Hyperliquid,$88.20 ,-0.89%,$22.22B
9/7/2026 17:54,10,Zcash,"$1,193.42 ",1.56%,$20.11B
,,,,,
9/7/2026 17:55,1,Bitcoin,"$79,412.32 ",-0.71%,$1.59T
9/7/2026 17:55,2,Ethereum,"$2,489.53 ",-0.59%,$303.8B
9/7/2026 17:55,3,Tether,$1.00 ,-0.02%,$183.37B
9/7/2026 17:55,4,BNB,$745.19 ,-1.64%,$99.23B
9/7/2026 17:55,5,XRP,$1.40 ,-1.29%,$87.99B
9/7/2026 17:55,6,USDC,$1.00 ,-0.01%,$74.45B
9/7/2026 17:55,7,Solana,$105.01 ,-1.38%,$61.55B
9/7/2026 17:55,8,TRON,$0.34 ,0.40%,$31.92B
9/7/2026 17:55,9,Hyperliquid,$88.11 ,-0.22%,$22.19B
9/7/2026 17:55,10,Zcash,"$1,193.66 ",1.73%,$20.12B
,,,,,
9/7/2026 17:55,1,Bitcoin,"$79,495.99 ",-0.60%,$1.59T
9/7/2026 17:55,2,Ethereum,"$2,492.41 ",-0.43%,$303.78B
9/7/2026 17:55,3,Tether,$1.00 ,0.00%,$183.4B
9/7/2026 17:55,4,BNB,$745.09 ,-1.73%,$99.21B
9/7/2026 17:55,5,XRP,$1.40 ,-1.35%,$88B
9/7/2026 17:55,6,USDC,$1.00 ,0.00%,$74.42B
9/7/2026 17:55,7,Solana,$105.02 ,-1.47%,$61.55B
9/7/2026 17:55,8,TRON,$0.34 ,0.30%,$31.91B
9/7/2026 17:55,9,Hyperliquid,$88.09 ,-0.81%,$22.19B
9/7/2026 17:55,10,Zcash,"$1,194.28 ",1.77%,$20.13B
,,,,,
9/7/2026 17:56,1,Bitcoin,"$79,495.99 ",-0.60%,$1.59T
9/7/2026 17:56,2,Ethereum,"$2,492.41 ",-0.43%,$303.78B
9/7/2026 17:56,3,Tether,$1.00 ,0.00%,$183.4B
9/7/2026 17:56,4,BNB,$745.09 ,-1.73%,$99.21B
9/7/2026 17:56,5,XRP,$1.40 ,-1.35%,$88B
9/7/2026 17:56,6,USDC,$1.00 ,0.00%,$74.42B
9/7/2026 17:56,7,Solana,$105.02 ,-1.47%,$61.55B
9/7/2026 17:56,8,TRON,$0.34 ,0.30%,$31.91B
9/7/2026 17:56,9,Hyperliquid,$88.09 ,-0.81%,$22.19B
9/7/2026 17:56,10,Zcash,"$1,194.28 ",1.77%,$20.13B
,,,,,
9/7/2026 17:57,1,Bitcoin,"$79,513.43 ",-0.58%,$1.59T
9/7/2026 17:57,2,Ethereum,"$2,493.12 ",-0.39%,$304.22B
9/7/2026 17:57,3,Tether,$1.00 ,-0.01%,$183.38B
9/7/2026 17:57,4,BNB,$745.54 ,-1.64%,$99.27B
9/7/2026 17:57,5,XRP,$1.40 ,-1.27%,$88.09B
9/7/2026 17:57,6,USDC,$1.00 ,0.00%,$74.42B
9/7/2026 17:57,7,Solana,$105.29 ,-1.19%,$61.71B
9/7/2026 17:57,8,TRON,$0.34 ,0.30%,$31.91B
9/7/2026 17:57,9,Hyperliquid,$88.09 ,-0.81%,$22.19B
9/7/2026 17:57,10,Zcash,"$1,194.28 ",1.77%,$20.13B
,,,,,
9/7/2026 17:57,1,Bitcoin,"$79,495.99 ",-0.60%,$1.59T
9/7/2026 17:57,2,Ethereum,"$2,492.41 ",-0.43%,$303.78B
9/7/2026 17:57,3,Tether,$1.00 ,0.00%,$183.4B
9/7/2026 17:57,4,BNB,$745.09 ,-1.73%,$99.21B
9/7/2026 17:57,5,XRP,$1.40 ,-1.35%,$88B
9/7/2026 17:57,6,USDC,$1.00 ,0.00%,$74.42B
9/7/2026 17:57,7,Solana,$105.02 ,-1.47%,$61.55B
9/7/2026 17:57,8,TRON,$0.34 ,0.30%,$31.91B
9/7/2026 17:57,9,Hyperliquid,$88.09 ,-0.81%,$22.19B
9/7/2026 17:57,10,Zcash,"$1,194.28 ",1.77%,$20.13B
,,,,,
9/7/2026 18:08,1,Bitcoin,"$79,485.59 ",-0.60%,$1.59T
9/7/2026 18:08,2,Ethereum,"$2,493.59 ",-0.37%,$304.28B
9/7/2026 18:08,3,Tether,$1.00 ,-0.01%,$183.38B
9/7/2026 18:08,4,BNB,$745.67 ,-1.66%,$99.29B
9/7/2026 18:08,5,XRP,$1.40 ,-1.33%,$88.15B
9/7/2026 18:08,6,USDC,$1.00 ,0.00%,$74.42B
9/7/2026 18:08,7,Solana,$105.28 ,-1.19%,$61.71B
9/7/2026 18:08,8,TRON,$0.34 ,0.21%,$31.89B
9/7/2026 18:08,9,Hyperliquid,$88.17 ,-1.26%,$22.21B
9/7/2026 18:08,10,Zcash,"$1,193.58 ",1.58%,$20.12B
,,,,,
9/7/2026 18:09,1,Bitcoin,"$79,499.97 ",-0.63%,$1.59T
9/7/2026 18:09,2,Ethereum,"$2,493.78 ",-0.36%,$304.21B
9/7/2026 18:09,3,Tether,$1.00 ,-0.01%,$183.38B
9/7/2026 18:09,4,BNB,$745.67 ,-1.66%,$99.29B
9/7/2026 18:09,5,XRP,$1.40 ,-1.27%,$88.08B
9/7/2026 18:09,6,USDC,$1.00 ,0.00%,$74.42B
9/7/2026 18:09,7,Solana,$105.28 ,-1.19%,$61.71B
9/7/2026 18:09,8,TRON,$0.34 ,0.21%,$31.89B
9/7/2026 18:09,9,Hyperliquid,$88.10 ,-1.32%,$22.19B
9/7/2026 18:09,10,Zcash,"$1,192.69 ",1.45%,$20.1B
,,,,,
9/7/2026 18:10,1,Bitcoin,"$79,494.86 ",-0.63%,$1.59T
9/7/2026 18:10,2,Ethereum,"$2,493.15 ",-0.43%,$304.29B
9/7/2026 18:10,3,Tether,$1.00 ,-0.02%,$183.37B
9/7/2026 18:10,4,BNB,$745.53 ,-1.60%,$99.27B
9/7/2026 18:10,5,XRP,$1.40 ,-1.37%,$88.14B
9/7/2026 18:10,6,USDC,$1.00 ,-0.01%,$74.42B
9/7/2026 18:10,7,Solana,$105.35 ,-1.21%,$61.75B
9/7/2026 18:10,8,TRON,$0.34 ,0.13%,$31.86B
9/7/2026 18:10,9,Hyperliquid,$88.07 ,-1.34%,$22.18B
9/7/2026 18:10,10,Zcash,"$1,191.39 ",1.37%,$20.08B
,,,,,
9/7/2026 18:10,1,Bitcoin,"$79,450.43 ",-0.67%,$1.59T
9/7/2026 18:10,2,Ethereum,"$2,493.24 ",-0.38%,$304.24B
9/7/2026 18:10,3,Tether,$1.00 ,-0.02%,$183.37B
9/7/2026 18:10,4,BNB,$745.53 ,-1.60%,$99.27B
9/7/2026 18:10,5,XRP,$1.40 ,-1.37%,$88.14B
9/7/2026 18:10,6,USDC,$1.00 ,-0.01%,$74.42B
9/7/2026 18:10,7,Solana,$105.35 ,-1.21%,$61.75B
9/7/2026 18:10,8,TRON,$0.34 ,0.13%,$31.86B
9/7/2026 18:10,9,Hyperliquid,$88.05 ,-1.35%,$22.18B
9/7/2026 18:10,10,Zcash,"$1,191.40 ",1.37%,$20.08B
,,,,,
9/7/2026 18:11,1,Bitcoin,"$79,477.84 ",-0.64%,$1.59T
9/7/2026 18:11,2,Ethereum,"$2,493.83 ",-0.36%,$304.29B
9/7/2026 18:11,3,Tether,$1.00 ,-0.02%,$183.37B
9/7/2026 18:11,4,BNB,$745.53 ,-1.60%,$99.27B
9/7/2026 18:11,5,XRP,$1.40 ,-1.37%,$88.14B
9/7/2026 18:11,6,USDC,$1.00 ,-0.01%,$74.42B
9/7/2026 18:11,7,Solana,$105.35 ,-1.21%,$61.75B
9/7/2026 18:11,8,TRON,$0.34 ,0.13%,$31.86B
9/7/2026 18:11,9,Hyperliquid,$88.05 ,-1.31%,$22.18B
9/7/2026 18:11,10,Zcash,"$1,191.59 ",1.42%,$20.08B
,,,,,
9/7/2026 18:12,1,Bitcoin,"$79,477.84 ",-0.64%,$1.59T
9/7/2026 18:12,2,Ethereum,"$2,493.83 ",-0.36%,$304.29B
9/7/2026 18:12,3,Tether,$1.00 ,-0.02%,$183.37B
9/7/2026 18:12,4,BNB,$745.53 ,-1.60%,$99.27B
9/7/2026 18:12,5,XRP,$1.40 ,-1.37%,$88.14B
9/7/2026 18:12,6,USDC,$1.00 ,-0.01%,$74.42B
9/7/2026 18:12,7,Solana,$105.35 ,-1.21%,$61.75B
9/7/2026 18:12,8,TRON,$0.34 ,0.13%,$31.86B
9/7/2026 18:12,9,Hyperliquid,$88.25 ,-1.41%,$22.23B
9/7/2026 18:12,10,Zcash,"$1,195.89 ",1.55%,$20.16B
,,,,,
9/7/2026 18:13,1,Bitcoin,"$79,477.84 ",-0.64%,$1.59T
9/7/2026 18:13,2,Ethereum,"$2,493.83 ",-0.36%,$304.29B
9/7/2026 18:13,3,Tether,$1.00 ,-0.02%,$183.37B
9/7/2026 18:13,4,BNB,$745.53 ,-1.60%,$99.27B
9/7/2026 18:13,5,XRP,$1.40 ,-1.37%,$88.14B
9/7/2026 18:13,6,USDC,$1.00 ,-0.01%,$74.42B
9/7/2026 18:13,7,Solana,$105.35 ,-1.21%,$61.75B
9/7/2026 18:13,8,TRON,$0.34 ,0.13%,$31.86B
9/7/2026 18:13,9,Hyperliquid,$88.25 ,-1.41%,$22.23B
9/7/2026 18:13,10,Zcash,"$1,195.89 ",1.55%,$20.16B
,,,,,
9/7/2026 18:13,1,Bitcoin,"$79,477.84 ",-0.64%,$1.59T
9/7/2026 18:13,2,Ethereum,"$2,493.83 ",-0.36%,$304.29B
9/7/2026 18:13,3,Tether,$1.00 ,-0.02%,$183.37B
9/7/2026 18:13,4,BNB,$745.53 ,-1.60%,$99.27B
9/7/2026 18:13,5,XRP,$1.40 ,-1.37%,$88.14B
9/7/2026 18:13,6,USDC,$1.00 ,-0.01%,$74.42B
9/7/2026 18:13,7,Solana,$105.35 ,-1.21%,$61.75B
9/7/2026 18:13,8,TRON,$0.34 ,0.13%,$31.86B
9/7/2026 18:13,9,Hyperliquid,$88.25 ,-1.41%,$22.23B
9/7/2026 18:13,10,Zcash,"$1,195.89 ",1.55%,$20.16B
,,,,,
9/7/2026 18:14,1,Bitcoin,"$79,467.61 ",-0.65%,$1.59T
9/7/2026 18:14,2,Ethereum,"$2,493.85 ",-0.32%,$304.31B
9/7/2026 18:14,3,Tether,$1.00 ,-0.02%,$183.38B
9/7/2026 18:14,4,BNB,$745.54 ,-1.43%,$99.27B
9/7/2026 18:14,5,XRP,$1.40 ,-1.35%,$88.14B
9/7/2026 18:14,6,USDC,$1.00 ,-0.01%,$74.41B
9/7/2026 18:14,7,Solana,$105.23 ,-1.70%,$61.68B
9/7/2026 18:14,8,TRON,$0.34 ,0.09%,$31.85B
9/7/2026 18:14,9,Hyperliquid,$88.15 ,-1.26%,$22.21B
9/7/2026 18:14,10,Zcash,"$1,193.49 ",1.51%,$20.11B
,,,,,
9/7/2026 18:15,1,Bitcoin,"$79,451.76 ",-0.66%,$1.59T
9/7/2026 18:15,2,Ethereum,"$2,493.36 ",-0.38%,$304.27B
9/7/2026 18:15,3,Tether,$1.00 ,-0.02%,$183.37B
9/7/2026 18:15,4,BNB,$745.29 ,-1.54%,$99.24B
9/7/2026 18:15,5,XRP,$1.40 ,-1.37%,$88.15B
9/7/2026 18:15,6,USDC,$1.00 ,-0.01%,$74.41B
9/7/2026 18:15,7,Solana,$105.27 ,-1.45%,$61.71B
9/7/2026 18:15,8,TRON,$0.34 ,0.09%,$31.85B
9/7/2026 18:15,9,Hyperliquid,$88.15 ,-1.26%,$22.21B
9/7/2026 18:15,10,Zcash,"$1,193.49 ",1.51%,$20.11B
,,,,,
9/7/2026 18:16,1,Bitcoin,"$79,467.02 ",-0.62%,$1.59T
9/7/2026 18:16,2,Ethereum,"$2,493.27 ",-0.35%,$304.27B
9/7/2026 18:16,3,Tether,$1.00 ,-0.02%,$183.37B
9/7/2026 18:16,4,BNB,$745.29 ,-1.54%,$99.24B
9/7/2026 18:16,5,XRP,$1.40 ,-1.37%,$88.15B
9/7/2026 18:16,6,USDC,$1.00 ,-0.01%,$74.41B
9/7/2026 18:16,7,Solana,$105.27 ,-1.45%,$61.71B
9/7/2026 18:16,8,TRON,$0.34 ,0.09%,$31.85B
9/7/2026 18:16,9,Hyperliquid,$88.15 ,-1.26%,$22.21B
9/7/2026 18:16,10,Zcash,"$1,193.49 ",1.51%,$20.11B
,,,,,
9/7/2026 18:16,1,Bitcoin,"$79,472.73 ",-0.61%,$1.59T
9/7/2026 18:16,2,Ethereum,"$2,494.73 ",-0.22%,$304.42B
9/7/2026 18:16,3,Tether,$1.00 ,-0.01%,$183.39B
9/7/2026 18:16,4,BNB,$745.62 ,-1.35%,$99.28B
9/7/2026 18:16,5,XRP,$1.40 ,-1.14%,$88.21B
9/7/2026 18:16,6,USDC,$1.00 ,0.01%,$74.43B
9/7/2026 18:16,7,Solana,$105.22 ,-1.67%,$61.67B
9/7/2026 18:16,8,TRON,$0.34 ,0.09%,$31.85B
9/7/2026 18:16,9,Hyperliquid,$88.15 ,-1.26%,$22.21B
9/7/2026 18:16,10,Zcash,"$1,193.49 ",1.51%,$20.11B
,,,,,
9/7/2026 18:17,1,Bitcoin,"$79,508.12 ",-0.57%,$1.59T
9/7/2026 18:17,2,Ethereum,"$2,493.72 ",-0.28%,$304.27B
9/7/2026 18:17,3,Tether,$1.00 ,-0.01%,$183.39B
9/7/2026 18:17,4,BNB,$745.67 ,-1.34%,$99.29B
9/7/2026 18:17,5,XRP,$1.40 ,-1.10%,$88.23B
9/7/2026 18:17,6,USDC,$1.00 ,0.00%,$74.43B
9/7/2026 18:17,7,Solana,$105.26 ,-1.63%,$61.7B
9/7/2026 18:17,8,TRON,$0.34 ,0.09%,$31.85B
9/7/2026 18:17,9,Hyperliquid,$88.15 ,-1.26%,$22.21B
9/7/2026 18:17,10,Zcash,"$1,193.49 ",1.51%,$20.11B
,,,,,
9/7/2026 18:18,1,Bitcoin,"$79,469.21 ",-0.65%,$1.59T
9/7/2026 18:18,2,Ethereum,"$2,493.72 ",-0.28%,$304.27B
9/7/2026 18:18,3,Tether,$1.00 ,-0.02%,$183.37B
9/7/2026 18:18,4,BNB,$745.29 ,-1.54%,$99.24B
9/7/2026 18:18,5,XRP,$1.40 ,-1.37%,$88.15B
9/7/2026 18:18,6,USDC,$1.00 ,-0.01%,$74.41B
9/7/2026 18:18,7,Solana,$105.27 ,-1.45%,$61.71B
9/7/2026 18:18,8,TRON,$0.34 ,0.09%,$31.85B
9/7/2026 18:18,9,Hyperliquid,$88.15 ,-1.26%,$22.21B
9/7/2026 18:18,10,Zcash,"$1,193.49 ",1.51%,$20.11B
,,,,,
9/7/2026 18:19,1,Bitcoin,"$79,522.97 ",-0.53%,$1.59T
9/7/2026 18:19,2,Ethereum,"$2,498.75 ",-0.04%,$304.91B
9/7/2026 18:19,3,Tether,$1.00 ,0.00%,$183.4B
9/7/2026 18:19,4,BNB,$745.93 ,-1.28%,$99.32B
9/7/2026 18:19,5,XRP,$1.40 ,-1.00%,$88.31B
9/7/2026 18:19,6,USDC,$1.00 ,0.02%,$74.44B
9/7/2026 18:19,7,Solana,$105.37 ,-1.51%,$61.76B
9/7/2026 18:19,8,TRON,$0.34 ,0.09%,$31.85B
9/7/2026 18:19,9,Hyperliquid,$88.15 ,-1.26%,$22.21B
9/7/2026 18:19,10,Zcash,"$1,193.49 ",1.51%,$20.11B
,,,,,
9/7/2026 18:19,1,Bitcoin,"$79,469.21 ",-0.65%,$1.59T
9/7/2026 18:19,2,Ethereum,"$2,493.72 ",-0.28%,$304.27B
9/7/2026 18:19,3,Tether,$1.00 ,-0.02%,$183.37B
9/7/2026 18:19,4,BNB,$745.29 ,-1.54%,$99.24B
9/7/2026 18:19,5,XRP,$1.40 ,-1.37%,$88.15B
9/7/2026 18:19,6,USDC,$1.00 ,-0.01%,$74.41B
9/7/2026 18:19,7,Solana,$105.27 ,-1.45%,$61.71B
9/7/2026 18:19,8,TRON,$0.34 ,0.09%,$31.85B
9/7/2026 18:19,9,Hyperliquid,$88.15 ,-1.26%,$22.21B
9/7/2026 18:19,10,Zcash,"$1,193.49 ",1.51%,$20.11B
,,,,,
9/7/2026 18:20,1,Bitcoin,"$79,469.21 ",-0.65%,$1.59T
9/7/2026 18:20,2,Ethereum,"$2,493.72 ",-0.28%,$304.27B
9/7/2026 18:20,3,Tether,$1.00 ,-0.02%,$183.37B
9/7/2026 18:20,4,BNB,$745.29 ,-1.54%,$99.24B
9/7/2026 18:20,5,XRP,$1.40 ,-1.37%,$88.15B
9/7/2026 18:20,6,USDC,$1.00 ,-0.01%,$74.41B
9/7/2026 18:20,7,Solana,$105.27 ,-1.45%,$61.71B
9/7/2026 18:20,8,TRON,$0.34 ,0.09%,$31.85B
9/7/2026 18:20,9,Hyperliquid,$88.15 ,-1.26%,$22.21B
9/7/2026 18:20,10,Zcash,"$1,193.49 ",1.51%,$20.11B
,,,,,
9/7/2026 18:20,1,Bitcoin,"$79,498.59 ",-0.56%,$1.59T
9/7/2026 18:20,2,Ethereum,"$2,495.50 ",-0.20%,$304.3B
9/7/2026 18:20,3,Tether,$1.00 ,-0.01%,$183.38B
9/7/2026 18:20,4,BNB,$745.52 ,-1.43%,$99.27B
9/7/2026 18:20,5,XRP,$1.40 ,-1.39%,$88.13B
9/7/2026 18:20,6,USDC,$1.00 ,0.00%,$74.42B
9/7/2026 18:20,7,Solana,$105.24 ,-1.66%,$61.69B
9/7/2026 18:20,8,TRON,$0.34 ,0.12%,$31.86B
9/7/2026 18:20,9,Hyperliquid,$88.05 ,-1.30%,$22.18B
9/7/2026 18:20,10,Zcash,"$1,191.61 ",1.45%,$20.08B
,,,,,
9/7/2026 18:21,1,Bitcoin,"$79,535.99 ",-0.52%,$1.59T
9/7/2026 18:21,2,Ethereum,"$2,498.92 ",-0.03%,$304.93B
9/7/2026 18:21,3,Tether,$1.00 ,-0.01%,$183.38B
9/7/2026 18:21,4,BNB,$745.52 ,-1.43%,$99.27B
9/7/2026 18:21,5,XRP,$1.40 ,-1.39%,$88.13B
9/7/2026 18:21,6,USDC,$1.00 ,0.00%,$74.42B
9/7/2026 18:21,7,Solana,$105.24 ,-1.66%,$61.69B
9/7/2026 18:21,8,TRON,$0.34 ,0.12%,$31.86B
9/7/2026 18:21,9,Hyperliquid,$88.05 ,-1.30%,$22.18B
9/7/2026 18:21,10,Zcash,"$1,191.61 ",1.45%,$20.08B
,,,,,
9/7/2026 18:22,1,Bitcoin,"$79,478.53 ",-0.60%,$1.59T
9/7/2026 18:22,2,Ethereum,"$2,494.30 ",-0.24%,$304.3B
9/7/2026 18:22,3,Tether,$1.00 ,-0.01%,$183.38B
9/7/2026 18:22,4,BNB,$745.52 ,-1.43%,$99.27B
9/7/2026 18:22,5,XRP,$1.40 ,-1.39%,$88.13B
9/7/2026 18:22,6,USDC,$1.00 ,0.00%,$74.42B
9/7/2026 18:22,7,Solana,$105.24 ,-1.66%,$61.69B
9/7/2026 18:22,8,TRON,$0.34 ,0.12%,$31.86B
9/7/2026 18:22,9,Hyperliquid,$88.05 ,-1.30%,$22.18B
9/7/2026 18:22,10,Zcash,"$1,191.61 ",1.45%,$20.08B
,,,,,
9/7/2026 18:23,1,Bitcoin,"$79,541.32 ",-0.54%,$1.59T
9/7/2026 18:23,2,Ethereum,"$2,499.03 ",-0.05%,$304.94B
9/7/2026 18:23,3,Tether,$1.00 ,-0.01%,$183.38B
9/7/2026 18:23,4,BNB,$746.32 ,-1.20%,$99.38B
9/7/2026 18:23,5,XRP,$1.40 ,-0.84%,$88.36B
9/7/2026 18:23,6,USDC,$1.00 ,0.00%,$74.42B
9/7/2026 18:23,7,Solana,$105.49 ,-1.35%,$61.83B
9/7/2026 18:23,8,TRON,$0.34 ,0.12%,$31.86B
9/7/2026 18:23,9,Hyperliquid,$88.05 ,-1.30%,$22.18B
9/7/2026 18:23,10,Zcash,"$1,191.61 ",1.45%,$20.08B
,,,,,
9/7/2026 18:23,1,Bitcoin,"$79,580.10 ",-0.50%,$1.59T
9/7/2026 18:23,2,Ethereum,"$2,502.09 ",0.04%,$305.32B
9/7/2026 18:23,3,Tether,$1.00 ,-0.02%,$183.38B
9/7/2026 18:23,4,BNB,$746.38 ,-1.21%,$99.38B
9/7/2026 18:23,5,XRP,$1.40 ,-0.83%,$88.37B
9/7/2026 18:23,6,USDC,$1.00 ,-0.01%,$74.42B
9/7/2026 18:23,7,Solana,$105.50 ,-1.37%,$61.84B
9/7/2026 18:23,8,TRON,$0.34 ,0.12%,$31.86B
9/7/2026 18:23,9,Hyperliquid,$88.05 ,-1.30%,$22.18B
9/7/2026 18:23,10,Zcash,"$1,191.61 ",1.45%,$20.08B
,,,,,
9/7/2026 18:24,1,Bitcoin,"$79,520.55 ",-0.53%,$1.59T
9/7/2026 18:24,2,Ethereum,"$2,496.75 ",-0.12%,$304.3B
9/7/2026 18:24,3,Tether,$1.00 ,-0.01%,$183.38B
9/7/2026 18:24,4,BNB,$745.52 ,-1.43%,$99.27B
9/7/2026 18:24,5,XRP,$1.40 ,-1.39%,$88.13B
9/7/2026 18:24,6,USDC,$1.00 ,0.00%,$74.42B
9/7/2026 18:24,7,Solana,$105.24 ,-1.66%,$61.69B
9/7/2026 18:24,8,TRON,$0.34 ,0.12%,$31.86B
9/7/2026 18:24,9,Hyperliquid,$88.13 ,-1.14%,$22.2B
9/7/2026 18:24,10,Zcash,"$1,197.54 ",2.40%,$20.18B
,,,,,
9/7/2026 18:25,1,Bitcoin,"$79,520.55 ",-0.53%,$1.59T
9/7/2026 18:25,2,Ethereum,"$2,496.75 ",-0.12%,$304.3B
9/7/2026 18:25,3,Tether,$1.00 ,-0.01%,$183.38B
9/7/2026 18:25,4,BNB,$745.52 ,-1.43%,$99.27B
9/7/2026 18:25,5,XRP,$1.40 ,-1.39%,$88.13B
9/7/2026 18:25,6,USDC,$1.00 ,0.00%,$74.42B
9/7/2026 18:25,7,Solana,$105.24 ,-1.66%,$61.69B
9/7/2026 18:25,8,TRON,$0.34 ,0.12%,$31.86B
9/7/2026 18:25,9,Hyperliquid,$88.05 ,-1.30%,$22.18B
9/7/2026 18:25,10,Zcash,"$1,191.61 ",1.45%,$20.08B
,,,,,
9/7/2026 18:26,1,Bitcoin,"$79,543.61 ",-0.53%,$1.59T
9/7/2026 18:26,2,Ethereum,"$2,498.73 ",-0.04%,$304.67B
9/7/2026 18:26,3,Tether,$1.00 ,-0.01%,$183.39B
9/7/2026 18:26,4,BNB,$745.93 ,-1.21%,$99.33B
9/7/2026 18:26,5,XRP,$1.40 ,-1.09%,$88.23B
9/7/2026 18:26,6,USDC,$1.00 ,0.01%,$74.43B
9/7/2026 18:26,7,Solana,$105.26 ,-1.61%,$61.7B
9/7/2026 18:26,8,TRON,$0.34 ,0.14%,$31.87B
9/7/2026 18:26,9,Hyperliquid,$88.11 ,-1.30%,$22.2B
9/7/2026 18:26,10,Zcash,"$1,197.10 ",2.34%,$20.18B
,,,,,
9/7/2026 18:26,1,Bitcoin,"$79,543.61 ",-0.53%,$1.59T
9/7/2026 18:26,2,Ethereum,"$2,498.73 ",-0.04%,$304.67B
9/7/2026 18:26,3,Tether,$1.00 ,-0.01%,$183.39B
9/7/2026 18:26,4,BNB,$745.93 ,-1.21%,$99.33B
9/7/2026 18:26,5,XRP,$1.40 ,-1.09%,$88.23B
9/7/2026 18:26,6,USDC,$1.00 ,0.01%,$74.43B
9/7/2026 18:26,7,Solana,$105.26 ,-1.61%,$61.7B
9/7/2026 18:26,8,TRON,$0.34 ,0.14%,$31.87B
9/7/2026 18:26,9,Hyperliquid,$88.07 ,-1.34%,$22.19B
9/7/2026 18:26,10,Zcash,"$1,196.77 ",2.31%,$20.17B
,,,,,
9/7/2026 18:27,1,Bitcoin,"$79,543.61 ",-0.53%,$1.59T
9/7/2026 18:27,2,Ethereum,"$2,498.73 ",-0.04%,$304.67B
9/7/2026 18:27,3,Tether,$1.00 ,-0.01%,$183.39B
9/7/2026 18:27,4,BNB,$745.93 ,-1.21%,$99.33B
9/7/2026 18:27,5,XRP,$1.40 ,-1.09%,$88.23B
9/7/2026 18:27,6,USDC,$1.00 ,0.01%,$74.43B
9/7/2026 18:27,7,Solana,$105.26 ,-1.61%,$61.7B
9/7/2026 18:27,8,TRON,$0.34 ,0.14%,$31.87B
9/7/2026 18:27,9,Hyperliquid,$88.03 ,-1.20%,$22.17B
9/7/2026 18:27,10,Zcash,"$1,193.58 ",2.15%,$20.12B
,,,,,
9/7/2026 18:28,1,Bitcoin,"$79,587.26 ",-0.48%,$1.59T
9/7/2026 18:28,2,Ethereum,"$2,499.14 ",-0.08%,$304.67B
9/7/2026 18:28,3,Tether,$1.00 ,-0.01%,$183.39B
9/7/2026 18:28,4,BNB,$745.93 ,-1.21%,$99.33B
9/7/2026 18:28,5,XRP,$1.40 ,-1.09%,$88.23B
9/7/2026 18:28,6,USDC,$1.00 ,0.01%,$74.43B
9/7/2026 18:28,7,Solana,$105.26 ,-1.61%,$61.7B
9/7/2026 18:28,8,TRON,$0.34 ,0.14%,$31.87B
9/7/2026 18:28,9,Hyperliquid,$88.03 ,-1.20%,$22.17B
9/7/2026 18:28,10,Zcash,"$1,193.58 ",2.15%,$20.12B
,,,,,
9/7/2026 18:29,1,Bitcoin,"$79,587.26 ",-0.48%,$1.59T
9/7/2026 18:29,2,Ethereum,"$2,499.14 ",-0.08%,$304.67B
9/7/2026 18:29,3,Tether,$1.00 ,-0.02%,$183.37B
9/7/2026 18:29,4,BNB,$747.07 ,-1.20%,$99.48B
9/7/2026 18:29,5,XRP,$1.41 ,-0.54%,$88.6B
9/7/2026 18:29,6,USDC,$1.00 ,0.00%,$74.43B
9/7/2026 18:29,7,Solana,$105.77 ,-1.14%,$62B
9/7/2026 18:29,8,TRON,$0.34 ,0.14%,$31.87B
9/7/2026 18:29,9,Hyperliquid,$88.03 ,-1.20%,$22.17B
9/7/2026 18:29,10,Zcash,"$1,193.58 ",2.15%,$20.12B
,,,,,
9/7/2026 18:29,1,Bitcoin,"$79,587.26 ",-0.48%,$1.59T
9/7/2026 18:29,2,Ethereum,"$2,499.14 ",-0.08%,$304.67B
9/7/2026 18:29,3,Tether,$1.00 ,-0.01%,$183.39B
9/7/2026 18:29,4,BNB,$745.93 ,-1.21%,$99.33B
9/7/2026 18:29,5,XRP,$1.40 ,-1.09%,$88.23B
9/7/2026 18:29,6,USDC,$1.00 ,0.01%,$74.43B
9/7/2026 18:29,7,Solana,$105.26 ,-1.61%,$61.7B
9/7/2026 18:29,8,TRON,$0.34 ,0.14%,$31.87B
9/7/2026 18:29,9,Hyperliquid,$88.03 ,-1.20%,$22.17B
9/7/2026 18:29,10,Zcash,"$1,193.58 ",2.15%,$20.12B
,,,,,
9/7/2026 18:30,1,Bitcoin,"$79,588.48 ",-0.44%,$1.59T
9/7/2026 18:30,2,Ethereum,"$2,505.69 ",0.14%,$305.35B
9/7/2026 18:30,3,Tether,$1.00 ,-0.01%,$183.39B
9/7/2026 18:30,4,BNB,$746.65 ,-1.24%,$99.42B
9/7/2026 18:30,5,XRP,$1.40 ,-0.83%,$88.37B
9/7/2026 18:30,6,USDC,$1.00 ,0.01%,$74.43B
9/7/2026 18:30,7,Solana,$105.51 ,-1.36%,$61.85B
9/7/2026 18:30,8,TRON,$0.34 ,0.08%,$31.86B
9/7/2026 18:30,9,Hyperliquid,$88.08 ,-1.19%,$22.19B
9/7/2026 18:30,10,Zcash,"$1,196.33 ",2.30%,$20.16B
,,,,,
9/7/2026 18:31,1,Bitcoin,"$79,588.48 ",-0.44%,$1.59T
9/7/2026 18:31,2,Ethereum,"$2,505.69 ",0.14%,$305.35B
9/7/2026 18:31,3,Tether,$1.00 ,-0.01%,$183.39B
9/7/2026 18:31,4,BNB,$746.65 ,-1.24%,$99.42B
9/7/2026 18:31,5,XRP,$1.40 ,-0.83%,$88.37B
9/7/2026 18:31,6,USDC,$1.00 ,0.01%,$74.43B
9/7/2026 18:31,7,Solana,$105.51 ,-1.36%,$61.85B
9/7/2026 18:31,8,TRON,$0.34 ,0.08%,$31.86B
9/7/2026 18:31,9,Hyperliquid,$88.08 ,-1.19%,$22.19B
9/7/2026 18:31,10,Zcash,"$1,196.33 ",2.30%,$20.16B
,,,,,
9/7/2026 18:32,1,Bitcoin,"$79,610.11 ",-0.42%,$1.59T
9/7/2026 18:32,2,Ethereum,"$2,506.14 ",0.23%,$305.35B
9/7/2026 18:32,3,Tether,$1.00 ,-0.01%,$183.39B
9/7/2026 18:32,4,BNB,$746.65 ,-1.24%,$99.42B
9/7/2026 18:32,5,XRP,$1.40 ,-0.83%,$88.37B
9/7/2026 18:32,6,USDC,$1.00 ,0.01%,$74.43B
9/7/2026 18:32,7,Solana,$105.51 ,-1.36%,$61.85B
9/7/2026 18:32,8,TRON,$0.34 ,0.08%,$31.86B
9/7/2026 18:32,9,Hyperliquid,$88.09 ,-1.22%,$22.19B
9/7/2026 18:32,10,Zcash,"$1,196.83 ",2.26%,$20.17B
,,,,,
9/7/2026 19:10,1,Bitcoin,"$79,406.42 ",-0.53%,$1.59T
9/7/2026 19:10,2,Ethereum,"$2,499.65 ",0.28%,$305.02B
9/7/2026 19:10,3,Tether,$1.00 ,-0.02%,$183.38B
9/7/2026 19:10,4,BNB,$746.26 ,-0.70%,$99.37B
9/7/2026 19:10,5,XRP,$1.40 ,-0.70%,$88.21B
9/7/2026 19:10,6,USDC,$1.00 ,-0.01%,$74.42B
9/7/2026 19:10,7,Solana,$105.20 ,-1.01%,$61.66B
9/7/2026 19:10,8,TRON,$0.34 ,0.06%,$31.85B
9/7/2026 19:10,9,Hyperliquid,$87.97 ,-0.99%,$22.08B
9/7/2026 19:10,10,Zcash,"$1,188.18 ",0.25%,$20.03B
,,,,,
9/7/2026 19:10,1,Bitcoin,"$79,351.72 ",-0.60%,$1.59T
9/7/2026 19:10,2,Ethereum,"$2,498.02 ",0.21%,$304.82B
9/7/2026 19:10,3,Tether,$1.00 ,0.00%,$183.4B
9/7/2026 19:10,4,BNB,$746.24 ,-0.70%,$99.37B
9/7/2026 19:10,5,XRP,$1.40 ,-0.72%,$88.19B
9/7/2026 19:10,6,USDC,$1.00 ,-0.01%,$74.42B
9/7/2026 19:10,7,Solana,$105.18 ,-1.03%,$61.65B
9/7/2026 19:10,8,TRON,$0.34 ,0.06%,$31.85B
9/7/2026 19:10,9,Hyperliquid,$87.97 ,-0.99%,$22.16B
9/7/2026 19:10,10,Zcash,"$1,188.18 ",0.25%,$20.03B
,,,,,
9/7/2026 19:11,1,Bitcoin,"$79,358.14 ",-0.57%,$1.59T
9/7/2026 19:11,2,Ethereum,"$2,499.97 ",0.49%,$305.65B
9/7/2026 19:11,3,Tether,$1.00 ,-0.01%,$183.39B
9/7/2026 19:11,4,BNB,$746.94 ,-0.60%,$99.46B
9/7/2026 19:11,5,XRP,$1.41 ,-0.22%,$88.55B
9/7/2026 19:11,6,USDC,$1.00 ,0.00%,$74.42B
9/7/2026 19:11,7,Solana,$105.65 ,-0.48%,$61.92B
9/7/2026 19:11,8,TRON,$0.34 ,0.06%,$31.85B
9/7/2026 19:11,9,Hyperliquid,$87.65 ,-1.28%,$22.08B
9/7/2026 19:11,10,Zcash,"$1,188.18 ",0.25%,$20.03B
,,,,,
9/7/2026 19:12,1,Bitcoin,"$79,365.09 ",-0.56%,$1.59T
9/7/2026 19:12,2,Ethereum,"$2,498.83 ",0.22%,$304.92B
9/7/2026 19:12,3,Tether,$1.00 ,-0.01%,$183.38B
9/7/2026 19:12,4,BNB,$746.03 ,-0.73%,$99.34B
9/7/2026 19:12,5,XRP,$1.40 ,-0.75%,$88.16B
9/7/2026 19:12,6,USDC,$1.00 ,-0.01%,$74.43B
9/7/2026 19:12,7,Solana,$105.18 ,-1.08%,$61.65B
9/7/2026 19:12,8,TRON,$0.34 ,0.06%,$31.85B
9/7/2026 19:12,9,Hyperliquid,$87.97 ,-0.99%,$22.16B
9/7/2026 19:12,10,Zcash,"$1,188.18 ",0.25%,$20.03B
,,,,,
9/7/2026 19:13,1,Bitcoin,"$79,373.63 ",-0.55%,$1.59T
9/7/2026 19:13,2,Ethereum,"$2,499.61 ",0.25%,$305.02B
9/7/2026 19:13,3,Tether,$1.00 ,-0.01%,$183.37B
9/7/2026 19:13,4,BNB,$745.99 ,-0.74%,$99.33B
9/7/2026 19:13,5,XRP,$1.40 ,-0.77%,$88.15B
9/7/2026 19:13,6,USDC,$1.00 ,0.00%,$74.42B
9/7/2026 19:13,7,Solana,$105.19 ,-1.11%,$61.65B
9/7/2026 19:13,8,TRON,$0.34 ,0.06%,$31.85B
9/7/2026 19:13,9,Hyperliquid,$87.97 ,-0.99%,$22.16B
9/7/2026 19:13,10,Zcash,"$1,188.18 ",0.25%,$20.03B
,,,,,
9/7/2026 19:13,1,Bitcoin,"$79,365.83 ",-0.56%,$1.59T
9/7/2026 19:13,2,Ethereum,"$2,498.36 ",0.27%,$305.65B
9/7/2026 19:13,3,Tether,$1.00 ,-0.01%,$183.39B
9/7/2026 19:13,4,BNB,$746.94 ,-0.60%,$99.46B
9/7/2026 19:13,5,XRP,$1.41 ,-0.22%,$88.55B
9/7/2026 19:13,6,USDC,$1.00 ,0.00%,$74.42B
9/7/2026 19:13,7,Solana,$105.65 ,-0.48%,$61.92B
9/7/2026 19:13,8,TRON,$0.34 ,0.06%,$31.85B
9/7/2026 19:13,9,Hyperliquid,$87.75 ,-1.40%,$22.1B
9/7/2026 19:13,10,Zcash,"$1,188.18 ",0.25%,$20.03B
,,,,,
9/7/2026 19:14,1,Bitcoin,"$79,406.42 ",-0.53%,$1.59T
9/7/2026 19:14,2,Ethereum,"$2,499.52 ",0.24%,$305.65B
9/7/2026 19:14,3,Tether,$1.00 ,-0.01%,$183.39B
9/7/2026 19:14,4,BNB,$746.94 ,-0.60%,$99.46B
9/7/2026 19:14,5,XRP,$1.41 ,-0.22%,$88.55B
9/7/2026 19:14,6,USDC,$1.00 ,0.00%,$74.42B
9/7/2026 19:14,7,Solana,$105.65 ,-0.48%,$61.92B
9/7/2026 19:14,8,TRON,$0.34 ,0.06%,$31.85B
9/7/2026 19:14,9,Hyperliquid,$87.75 ,-1.52%,$22.1B
9/7/2026 19:14,10,Zcash,"$1,182.70 ",-0.32%,$19.93B
,,,,,
9/7/2026 19:15,1,Bitcoin,"$79,352.11 ",-0.56%,$1.59T
9/7/2026 19:15,2,Ethereum,"$2,499.52 ",0.24%,$305.65B
9/7/2026 19:15,3,Tether,$1.00 ,-0.01%,$183.39B
9/7/2026 19:15,4,BNB,$746.94 ,-0.60%,$99.46B
9/7/2026 19:15,5,XRP,$1.41 ,-0.22%,$88.55B
9/7/2026 19:15,6,USDC,$1.00 ,0.00%,$74.42B
9/7/2026 19:15,7,Solana,$105.65 ,-0.48%,$61.92B
9/7/2026 19:15,8,TRON,$0.34 ,0.06%,$31.85B
9/7/2026 19:15,9,Hyperliquid,$87.77 ,-1.51%,$22.11B
9/7/2026 19:15,10,Zcash,"$1,182.44 ",-0.34%,$19.93B
,,,,,
9/7/2026 19:16,1,Bitcoin,"$79,406.42 ",-0.53%,$1.59T
9/7/2026 19:16,2,Ethereum,"$2,499.52 ",0.24%,$305.65B
9/7/2026 19:16,3,Tether,$1.00 ,-0.01%,$183.39B
9/7/2026 19:16,4,BNB,$746.94 ,-0.60%,$99.46B
9/7/2026 19:16,5,XRP,$1.41 ,-0.22%,$88.55B
9/7/2026 19:16,6,USDC,$1.00 ,0.00%,$74.42B
9/7/2026 19:16,7,Solana,$105.65 ,-0.48%,$61.92B
9/7/2026 19:16,8,TRON,$0.34 ,0.06%,$31.85B
9/7/2026 19:16,9,Hyperliquid,$87.83 ,-1.52%,$22.12B
9/7/2026 19:16,10,Zcash,"$1,182.57 ",-0.33%,$19.93B
,,,,,
9/7/2026 19:16,1,Bitcoin,"$79,355.20 ",-0.58%,$1.59T
9/7/2026 19:16,2,Ethereum,"$2,498.39 ",0.20%,$305B
9/7/2026 19:16,3,Tether,$1.00 ,0.00%,$183.38B
9/7/2026 19:16,4,BNB,$746.26 ,-0.70%,$99.37B
9/7/2026 19:16,5,XRP,$1.40 ,-0.63%,$88.22B
9/7/2026 19:16,6,USDC,$1.00 ,0.00%,$74.43B
9/7/2026 19:16,7,Solana,$105.10 ,-1.02%,$61.61B
9/7/2026 19:16,8,TRON,$0.34 ,0.02%,$31.83B
9/7/2026 19:16,9,Hyperliquid,$87.82 ,-1.53%,$22.12B
9/7/2026 19:16,10,Zcash,"$1,182.18 ",-0.36%,$19.92B
,,,,,
9/7/2026 19:17,1,Bitcoin,"$79,355.20 ",-0.58%,$1.59T
9/7/2026 19:17,2,Ethereum,"$2,498.39 ",0.20%,$305B
9/7/2026 19:17,3,Tether,$1.00 ,0.00%,$183.38B
9/7/2026 19:17,4,BNB,$746.26 ,-0.70%,$99.37B
9/7/2026 19:17,5,XRP,$1.40 ,-0.63%,$88.22B
9/7/2026 19:17,6,USDC,$1.00 ,0.00%,$74.43B
9/7/2026 19:17,7,Solana,$105.10 ,-1.02%,$61.61B
9/7/2026 19:17,8,TRON,$0.34 ,0.02%,$31.83B
9/7/2026 19:17,9,Hyperliquid,$87.78 ,-1.59%,$22.11B
9/7/2026 19:17,10,Zcash,"$1,181.68 ",-0.35%,$19.92B
,,,,,
9/7/2026 19:18,1,Bitcoin,"$79,330.08 ",-0.62%,$1.59T
9/7/2026 19:18,2,Ethereum,"$2,497.57 ",0.15%,$304.77B
9/7/2026 19:18,3,Tether,$1.00 ,0.00%,$183.39B
9/7/2026 19:18,4,BNB,$745.06 ,-0.86%,$99.21B
9/7/2026 19:18,5,XRP,$1.40 ,-0.84%,$88.08B
9/7/2026 19:18,6,USDC,$1.00 ,0.01%,$74.43B
9/7/2026 19:18,7,Solana,$105.06 ,-1.35%,$61.58B
9/7/2026 19:18,8,TRON,$0.34 ,0.02%,$31.83B
9/7/2026 19:18,9,Hyperliquid,$87.59 ,-1.27%,$22.06B
9/7/2026 19:18,10,Zcash,"$1,182.78 ",-0.34%,$19.93B
,,,,,
9/7/2026 19:19,1,Bitcoin,"$79,340.76 ",-0.63%,$1.59T
9/7/2026 19:19,2,Ethereum,"$2,497.69 ",0.14%,$304.78B
9/7/2026 19:19,3,Tether,$1.00 ,0.00%,$183.38B
9/7/2026 19:19,4,BNB,$744.97 ,-0.90%,$99.2B
9/7/2026 19:19,5,XRP,$1.40 ,-0.89%,$88.07B
9/7/2026 19:19,6,USDC,$1.00 ,-0.01%,$74.42B
9/7/2026 19:19,7,Solana,$105.04 ,-1.44%,$61.57B
9/7/2026 19:19,8,TRON,$0.34 ,0.06%,$31.84B
9/7/2026 19:19,9,Hyperliquid,$87.65 ,-1.32%,$22.08B
9/7/2026 19:19,10,Zcash,"$1,181.32 ",-0.60%,$19.91B
,,,,,
9/7/2026 19:19,1,Bitcoin,"$79,365.76 ",-0.54%,$1.59T
9/7/2026 19:19,2,Ethereum,"$2,498.49 ",0.23%,$304.87B
9/7/2026 19:19,3,Tether,$1.00 ,-0.01%,$183.38B
9/7/2026 19:19,4,BNB,$746.14 ,-0.72%,$99.35B
9/7/2026 19:19,5,XRP,$1.40 ,-0.73%,$88.18B
9/7/2026 19:19,6,USDC,$1.00 ,-0.01%,$74.42B
9/7/2026 19:19,7,Solana,$105.18 ,-1.07%,$61.65B
9/7/2026 19:19,8,TRON,$0.34 ,0.06%,$31.84B
9/7/2026 19:19,9,Hyperliquid,$87.65 ,-1.32%,$22.08B
9/7/2026 19:19,10,Zcash,"$1,181.32 ",-0.60%,$19.91B
,,,,,
9/7/2026 19:20,1,Bitcoin,"$79,327.87 ",-0.62%,$1.59T
9/7/2026 19:20,2,Ethereum,"$2,497.57 ",0.17%,$304.77B
9/7/2026 19:20,3,Tether,$1.00 ,-0.01%,$183.38B
9/7/2026 19:20,4,BNB,$746.14 ,-0.72%,$99.35B
9/7/2026 19:20,5,XRP,$1.40 ,-0.90%,$88.06B
9/7/2026 19:20,6,USDC,$1.00 ,-0.01%,$74.42B
9/7/2026 19:20,7,Solana,$105.03 ,-1.46%,$61.56B
9/7/2026 19:20,8,TRON,$0.34 ,0.06%,$31.84B
9/7/2026 19:20,9,Hyperliquid,$87.61 ,-1.85%,$22.07B
9/7/2026 19:20,10,Zcash,"$1,181.32 ",-0.28%,$19.91B
,,,,,
9/7/2026 19:21,1,Bitcoin,"$79,320.73 ",-0.63%,$1.59T
9/7/2026 19:21,2,Ethereum,"$2,497.77 ",0.14%,$304.87B
9/7/2026 19:21,3,Tether,$1.00 ,-0.01%,$183.38B
9/7/2026 19:21,4,BNB,$744.74 ,-0.93%,$99.17B
9/7/2026 19:21,5,XRP,$1.40 ,-0.73%,$88.18B
9/7/2026 19:21,6,USDC,$1.00 ,0.00%,$74.43B
9/7/2026 19:21,7,Solana,$105.18 ,-1.07%,$61.65B
9/7/2026 19:21,8,TRON,$0.34 ,0.06%,$31.84B
9/7/2026 19:21,9,Hyperliquid,$87.65 ,-1.32%,$22.08B
9/7/2026 19:21,10,Zcash,"$1,181.32 ",-0.60%,$19.91B
,,,,,
9/7/2026 19:22,1,Bitcoin,"$79,320.73 ",-0.63%,$1.59T
9/7/2026 19:22,2,Ethereum,"$2,497.77 ",0.14%,$304.87B
9/7/2026 19:22,3,Tether,$1.00 ,-0.01%,$183.38B
9/7/2026 19:22,4,BNB,$744.72 ,-0.91%,$99.16B
9/7/2026 19:22,5,XRP,$1.40 ,-0.73%,$88.18B
9/7/2026 19:22,6,USDC,$1.00 ,-0.01%,$74.42B
9/7/2026 19:22,7,Solana,$105.18 ,-1.07%,$61.65B
9/7/2026 19:22,8,TRON,$0.34 ,0.06%,$31.84B
9/7/2026 19:22,9,Hyperliquid,$87.57 ,-1.88%,$22.06B
9/7/2026 19:22,10,Zcash,"$1,180.90 ",-0.34%,$19.9B
,,,,,
9/7/2026 19:22,1,Bitcoin,"$79,340.76 ",-0.63%,$1.59T
9/7/2026 19:22,2,Ethereum,"$2,497.23 ",0.14%,$304.87B
9/7/2026 19:22,3,Tether,$1.00 ,-0.01%,$183.38B
9/7/2026 19:22,4,BNB,$746.14 ,-0.72%,$99.35B
9/7/2026 19:22,5,XRP,$1.40 ,-0.73%,$88.18B
9/7/2026 19:22,6,USDC,$1.00 ,-0.01%,$74.42B
9/7/2026 19:22,7,Solana,$105.18 ,-1.07%,$61.65B
9/7/2026 19:22,8,TRON,$0.34 ,0.06%,$31.84B
9/7/2026 19:22,9,Hyperliquid,$87.65 ,-1.32%,$22.08B
9/7/2026 19:22,10,Zcash,"$1,181.32 ",-0.60%,$19.91B
,,,,,
9/7/2026 19:23,1,Bitcoin,"$79,369.31 ",-0.57%,$1.59T
9/7/2026 19:23,2,Ethereum,"$2,499.06 ",0.17%,$304.95B
9/7/2026 19:23,3,Tether,$1.00 ,0.00%,$183.4B
9/7/2026 19:23,4,BNB,$744.83 ,-0.90%,$99.18B
9/7/2026 19:23,5,XRP,$1.40 ,-0.94%,$88.01B
9/7/2026 19:23,6,USDC,$1.00 ,0.00%,$74.43B
9/7/2026 19:23,7,Solana,$105.01 ,-1.51%,$61.55B
9/7/2026 19:23,8,TRON,$0.34 ,0.06%,$31.84B
9/7/2026 19:23,9,Hyperliquid,$87.65 ,-1.32%,$22.08B
9/7/2026 19:23,10,Zcash,"$1,181.32 ",-0.60%,$19.91B
,,,,,
9/7/2026 19:24,1,Bitcoin,"$79,405.62 ",-0.51%,$1.59T
9/7/2026 19:24,2,Ethereum,"$2,498.01 ",0.19%,$304.72B
9/7/2026 19:24,3,Tether,$1.00 ,0.00%,$183.39B
9/7/2026 19:24,4,BNB,$745.17 ,-0.85%,$99.22B
9/7/2026 19:24,5,XRP,$1.40 ,-0.91%,$88.04B
9/7/2026 19:24,6,USDC,$1.00 ,0.01%,$74.43B
9/7/2026 19:24,7,Solana,$105.08 ,-1.33%,$61.59B
9/7/2026 19:24,8,TRON,$0.34 ,0.06%,$31.83B
9/7/2026 19:24,9,Hyperliquid,$87.73 ,-1.67%,$22.1B
9/7/2026 19:24,10,Zcash,"$1,181.63 ",-0.29%,$19.91B
,,,,,
9/7/2026 19:25,1,Bitcoin,"$79,320.53 ",-0.61%,$1.59T
9/7/2026 19:25,2,Ethereum,"$2,498.01 ",0.19%,$304.72B
9/7/2026 19:25,3,Tether,$1.00 ,0.00%,$183.38B
9/7/2026 19:25,4,BNB,$744.97 ,-0.90%,$99.2B
9/7/2026 19:25,5,XRP,$1.40 ,-0.89%,$88.07B
9/7/2026 19:25,6,USDC,$1.00 ,0.00%,$74.43B
9/7/2026 19:25,7,Solana,$105.08 ,-1.33%,$61.59B
9/7/2026 19:25,8,TRON,$0.34 ,0.06%,$31.83B
9/7/2026 19:25,9,Hyperliquid,$87.73 ,-1.67%,$22.1B
9/7/2026 19:25,10,Zcash,"$1,181.63 ",-0.29%,$19.91B
,,,,,
9/7/2026 19:25,1,Bitcoin,"$79,320.53 ",-0.61%,$1.59T
9/7/2026 19:25,2,Ethereum,"$2,498.01 ",0.19%,$304.72B
9/7/2026 19:25,3,Tether,$1.00 ,-0.01%,$183.38B
9/7/2026 19:25,4,BNB,$744.97 ,-0.90%,$99.2B
9/7/2026 19:25,5,XRP,$1.40 ,-0.89%,$88.07B
9/7/2026 19:25,6,USDC,$1.00 ,0.00%,$74.43B
9/7/2026 19:25,7,Solana,$105.08 ,-1.33%,$61.59B
9/7/2026 19:25,8,TRON,$0.34 ,0.06%,$31.83B
9/7/2026 19:25,9,Hyperliquid,$87.73 ,-1.67%,$22.1B
9/7/2026 19:25,10,Zcash,"$1,181.63 ",-0.29%,$19.91B
,,,,,
9/7/2026 19:26,1,Bitcoin,"$79,390.25 ",-0.53%,$1.59T
9/7/2026 19:26,2,Ethereum,"$2,497.82 ",0.12%,$304.72B
9/7/2026 19:26,3,Tether,$1.00 ,0.00%,$183.38B
9/7/2026 19:26,4,BNB,$744.97 ,-0.90%,$99.2B
9/7/2026 19:26,5,XRP,$1.40 ,-0.89%,$88.07B
9/7/2026 19:26,6,USDC,$1.00 ,0.00%,$74.43B
9/7/2026 19:26,7,Solana,$105.08 ,-1.33%,$61.59B
9/7/2026 19:26,8,TRON,$0.34 ,0.06%,$31.83B
9/7/2026 19:26,9,Hyperliquid,$87.73 ,-1.67%,$22.1B
9/7/2026 19:26,10,Zcash,"$1,181.63 ",-0.29%,$19.91B
,,,,,
9/7/2026 19:27,1,Bitcoin,"$79,390.25 ",-0.53%,$1.59T
9/7/2026 19:27,2,Ethereum,"$2,497.82 ",0.12%,$304.72B
9/7/2026 19:27,3,Tether,$1.00 ,0.00%,$183.38B
9/7/2026 19:27,4,BNB,$745.69 ,-0.78%,$99.29B
9/7/2026 19:27,5,XRP,$1.40 ,-0.89%,$88.07B
9/7/2026 19:27,6,USDC,$1.00 ,0.00%,$74.43B
9/7/2026 19:27,7,Solana,$105.08 ,-1.33%,$61.59B
9/7/2026 19:27,8,TRON,$0.34 ,0.06%,$31.83B
9/7/2026 19:27,9,Hyperliquid,$87.61 ,-1.99%,$22.07B
9/7/2026 19:27,10,Zcash,"$1,183.13 ",-0.02%,$19.94B
,,,,,
9/7/2026 19:28,1,Bitcoin,"$79,371.92 ",-0.57%,$1.59T
9/7/2026 19:28,2,Ethereum,"$2,499.82 ",0.19%,$305.04B
9/7/2026 19:28,3,Tether,$1.00 ,-0.01%,$183.37B
9/7/2026 19:28,4,BNB,$745.79 ,-0.71%,$99.31B
9/7/2026 19:28,5,XRP,$1.40 ,-0.93%,$88.06B
9/7/2026 19:28,6,USDC,$1.00 ,0.00%,$74.42B
9/7/2026 19:28,7,Solana,$105.14 ,-1.57%,$61.63B
9/7/2026 19:28,8,TRON,$0.34 ,0.06%,$31.83B
9/7/2026 19:28,9,Hyperliquid,$87.73 ,-1.67%,$22.1B
9/7/2026 19:28,10,Zcash,"$1,181.63 ",-0.29%,$19.91B
,,,,,
9/7/2026 19:29,1,Bitcoin,"$79,376.56 ",-0.53%,$1.59T
9/7/2026 19:29,2,Ethereum,"$2,501.40 ",0.29%,$305.04B
9/7/2026 19:29,3,Tether,$1.00 ,0.00%,$183.39B
9/7/2026 19:29,4,BNB,$745.30 ,-0.83%,$99.24B
9/7/2026 19:29,5,XRP,$1.40 ,-0.91%,$88.06B
9/7/2026 19:29,6,USDC,$1.00 ,0.00%,$74.43B
9/7/2026 19:29,7,Solana,$105.03 ,-1.50%,$61.56B
9/7/2026 19:29,8,TRON,$0.34 ,0.06%,$31.83B
9/7/2026 19:29,9,Hyperliquid,$87.59 ,-2.04%,$22.06B
9/7/2026 19:29,10,Zcash,"$1,183.30 ",0.05%,$19.94B
,,,,,
9/7/2026 19:29,1,Bitcoin,"$79,395.90 ",-0.52%,$1.59T
9/7/2026 19:29,2,Ethereum,"$2,501.40 ",0.29%,$305.04B
9/7/2026 19:29,3,Tether,$1.00 ,0.00%,$183.39B
9/7/2026 19:29,4,BNB,$745.30 ,-0.83%,$99.24B
9/7/2026 19:29,5,XRP,$1.40 ,-0.91%,$88.06B
9/7/2026 19:29,6,USDC,$1.00 ,0.00%,$74.43B
9/7/2026 19:29,7,Solana,$105.03 ,-1.50%,$61.56B
9/7/2026 19:29,8,TRON,$0.34 ,0.06%,$31.83B
9/7/2026 19:29,9,Hyperliquid,$87.59 ,-1.90%,$22.06B
9/7/2026 19:29,10,Zcash,"$1,183.20 ",0.04%,$19.94B
,,,,,
9/7/2026 19:37,1,Bitcoin,"$79,367.50 ",-0.55%,$1.59T
9/7/2026 19:37,2,Ethereum,"$2,498.54 ",0.15%,$305.12B
9/7/2026 19:37,3,Tether,$1.00 ,-0.01%,$183.38B
9/7/2026 19:37,4,BNB,$745.81 ,-0.71%,$99.31B
9/7/2026 19:37,5,XRP,$1.40 ,-0.93%,$88.05B
9/7/2026 19:37,6,USDC,$1.00 ,0.00%,$74.43B
9/7/2026 19:37,7,Solana,$105.14 ,-1.57%,$61.63B
9/7/2026 19:37,8,TRON,$0.34 ,0.07%,$31.83B
9/7/2026 19:37,9,Hyperliquid,$87.62 ,-1.97%,$22.07B
9/7/2026 19:37,10,Zcash,"$1,182.83 ",-0.04%,$19.94B
,,,,,
9/7/2026 19:37,1,Bitcoin,"$79,178.87 ",-0.77%,$1.58T
9/7/2026 19:37,2,Ethereum,"$2,487.99 ",-0.17%,$303.6B
9/7/2026 19:37,3,Tether,$1.00 ,0.00%,$183.39B
9/7/2026 19:37,4,BNB,$744.80 ,-0.71%,$99.18B
9/7/2026 19:37,5,XRP,$1.40 ,-1.10%,$87.88B
9/7/2026 19:37,6,USDC,$1.00 ,0.00%,$74.46B
9/7/2026 19:37,7,Solana,$104.86 ,-1.86%,$61.46B
9/7/2026 19:37,8,TRON,$0.34 ,0.07%,$31.83B
9/7/2026 19:37,9,Hyperliquid,$87.62 ,-1.97%,$22.07B
9/7/2026 19:37,10,Zcash,"$1,182.83 ",-0.04%,$19.94B
,,,,,
9/7/2026 19:38,1,Bitcoin,"$79,145.37 ",-0.79%,$1.58T
9/7/2026 19:38,2,Ethereum,"$2,487.26 ",-0.18%,$303.51B
9/7/2026 19:38,3,Tether,$1.00 ,0.00%,$183.39B
9/7/2026 19:38,4,BNB,$744.73 ,-0.71%,$99.16B
9/7/2026 19:38,5,XRP,$1.40 ,-1.12%,$87.86B
9/7/2026 19:38,6,USDC,$1.00 ,0.01%,$74.47B
9/7/2026 19:38,7,Solana,$104.81 ,-1.90%,$61.44B
9/7/2026 19:38,8,TRON,$0.34 ,0.07%,$31.83B
9/7/2026 19:38,9,Hyperliquid,$87.62 ,-1.97%,$22.07B
9/7/2026 19:38,10,Zcash,"$1,182.83 ",-0.04%,$19.94B
,,,,,
9/7/2026 19:39,1,Bitcoin,"$79,126.37 ",-0.82%,$1.58T
9/7/2026 19:39,2,Ethereum,"$2,487.39 ",-0.17%,$303.52B
9/7/2026 19:39,3,Tether,$1.00 ,-0.01%,$183.38B
9/7/2026 19:39,4,BNB,$745.81 ,-0.71%,$99.31B
9/7/2026 19:39,5,XRP,$1.40 ,-0.93%,$88.05B
9/7/2026 19:39,6,USDC,$1.00 ,0.00%,$74.46B
9/7/2026 19:39,7,Solana,$105.14 ,-1.57%,$61.63B
9/7/2026 19:39,8,TRON,$0.34 ,0.07%,$31.83B
9/7/2026 19:39,9,Hyperliquid,$87.34 ,-2.31%,$22B
9/7/2026 19:39,10,Zcash,"$1,172.35 ",-0.42%,$19.76B
,,,,,
9/7/2026 19:40,1,Bitcoin,"$79,331.34 ",-0.62%,$1.59T
9/7/2026 19:40,2,Ethereum,"$2,499.01 ",0.22%,$305.12B
9/7/2026 19:40,3,Tether,$1.00 ,-0.01%,$183.38B
9/7/2026 19:40,4,BNB,$745.81 ,-0.71%,$99.31B
9/7/2026 19:40,5,XRP,$1.40 ,-0.93%,$88.05B
9/7/2026 19:40,6,USDC,$1.00 ,0.00%,$74.43B
9/7/2026 19:40,7,Solana,$105.14 ,-1.57%,$61.63B
9/7/2026 19:40,8,TRON,$0.34 ,0.07%,$31.83B
9/7/2026 19:40,9,Hyperliquid,$87.23 ,-2.44%,$21.97B
9/7/2026 19:40,10,Zcash,"$1,172.12 ",-0.44%,$19.75B
,,,,,
9/7/2026 19:40,1,Bitcoin,"$79,331.34 ",-0.62%,$1.59T
9/7/2026 19:40,2,Ethereum,"$2,499.01 ",0.22%,$305.12B
9/7/2026 19:40,3,Tether,$1.00 ,-0.01%,$183.38B
9/7/2026 19:40,4,BNB,$745.81 ,-0.71%,$99.31B
9/7/2026 19:40,5,XRP,$1.40 ,-0.93%,$88.05B
9/7/2026 19:40,6,USDC,$1.00 ,0.00%,$74.43B
9/7/2026 19:40,7,Solana,$105.14 ,-1.57%,$61.63B
9/7/2026 19:40,8,TRON,$0.34 ,0.07%,$31.83B
9/7/2026 19:40,9,Hyperliquid,$87.62 ,-1.97%,$22.07B
9/7/2026 19:40,10,Zcash,"$1,172.77 ",-0.43%,$19.77B
,,,,,
9/7/2026 19:41,1,Bitcoin,"$79,169.99 ",-0.76%,$1.59T
9/7/2026 19:41,2,Ethereum,"$2,490.04 ",-0.09%,$304.94B
9/7/2026 19:41,3,Tether,$1.00 ,-0.01%,$183.38B
9/7/2026 19:41,4,BNB,$745.57 ,-0.62%,$99.28B
9/7/2026 19:41,5,XRP,$1.40 ,-0.87%,$88.07B
9/7/2026 19:41,6,USDC,$1.00 ,0.00%,$74.43B
9/7/2026 19:41,7,Solana,$105.14 ,-1.62%,$61.63B
9/7/2026 19:41,8,TRON,$0.34 ,0.09%,$31.83B
9/7/2026 19:41,9,Hyperliquid,$87.27 ,-2.32%,$21.98B
9/7/2026 19:41,10,Zcash,"$1,173.41 ",-0.29%,$19.78B
,,,,,
9/7/2026 19:42,1,Bitcoin,"$79,191.46 ",-0.74%,$1.59T
9/7/2026 19:42,2,Ethereum,"$2,489.03 ",-0.01%,$303.72B
9/7/2026 19:42,3,Tether,$1.00 ,-0.01%,$183.38B
9/7/2026 19:42,4,BNB,$744.51 ,-0.60%,$99.14B
9/7/2026 19:42,5,XRP,$1.39 ,-1.18%,$87.77B
9/7/2026 19:42,6,USDC,$1.00 ,0.00%,$74.46B
9/7/2026 19:42,7,Solana,$104.61 ,-2.03%,$61.32B
9/7/2026 19:42,8,TRON,$0.34 ,0.09%,$31.83B
9/7/2026 19:42,9,Hyperliquid,$87.56 ,-2.08%,$22.06B
9/7/2026 19:42,10,Zcash,"$1,182.59 ",0.01%,$19.93B
,,,,,
9/7/2026 19:43,1,Bitcoin,"$79,169.99 ",-0.76%,$1.59T
9/7/2026 19:43,2,Ethereum,"$2,490.04 ",-0.09%,$304.94B
9/7/2026 19:43,3,Tether,$1.00 ,-0.01%,$183.38B
9/7/2026 19:43,4,BNB,$745.57 ,-0.62%,$99.28B
9/7/2026 19:43,5,XRP,$1.40 ,-0.87%,$88.07B
9/7/2026 19:43,6,USDC,$1.00 ,0.00%,$74.43B
9/7/2026 19:43,7,Solana,$105.14 ,-1.62%,$61.63B
9/7/2026 19:43,8,TRON,$0.34 ,0.09%,$31.83B
9/7/2026 19:43,9,Hyperliquid,$87.56 ,-2.08%,$22.06B
9/7/2026 19:43,10,Zcash,"$1,182.59 ",0.01%,$19.93B
,,,,,
9/7/2026 19:43,1,Bitcoin,"$79,136.47 ",-0.80%,$1.59T
9/7/2026 19:43,2,Ethereum,"$2,488.31 ",-0.14%,$304.94B
9/7/2026 19:43,3,Tether,$1.00 ,-0.01%,$183.38B
9/7/2026 19:43,4,BNB,$745.57 ,-0.62%,$99.28B
9/7/2026 19:43,5,XRP,$1.40 ,-0.87%,$88.07B
9/7/2026 19:43,6,USDC,$1.00 ,0.00%,$74.43B
9/7/2026 19:43,7,Solana,$105.14 ,-1.62%,$61.63B
9/7/2026 19:43,8,TRON,$0.34 ,0.09%,$31.83B
9/7/2026 19:43,9,Hyperliquid,$87.56 ,-2.08%,$22.06B
9/7/2026 19:43,10,Zcash,"$1,182.59 ",0.01%,$19.93B
,,,,,
9/7/2026 19:44,1,Bitcoin,"$79,136.47 ",-0.80%,$1.59T
9/7/2026 19:44,2,Ethereum,"$2,488.31 ",-0.14%,$304.94B
9/7/2026 19:44,3,Tether,$1.00 ,-0.01%,$183.38B
9/7/2026 19:44,4,BNB,$745.57 ,-0.62%,$99.28B
9/7/2026 19:44,5,XRP,$1.40 ,-0.87%,$88.07B
9/7/2026 19:44,6,USDC,$1.00 ,0.00%,$74.43B
9/7/2026 19:44,7,Solana,$105.14 ,-1.62%,$61.63B
9/7/2026 19:44,8,TRON,$0.34 ,0.09%,$31.83B
9/7/2026 19:44,9,Hyperliquid,$87.56 ,-2.08%,$22.06B
9/7/2026 19:44,10,Zcash,"$1,182.59 ",0.01%,$19.93B
,,,,,
9/7/2026 19:45,1,Bitcoin,"$79,164.27 ",-0.73%,$1.58T
9/7/2026 19:45,2,Ethereum,"$2,486.76 ",-0.05%,$303.45B
9/7/2026 19:45,3,Tether,$1.00 ,0.00%,$183.39B
9/7/2026 19:45,4,BNB,$744.49 ,-0.46%,$99.13B
9/7/2026 19:45,5,XRP,$1.39 ,-1.22%,$87.67B
9/7/2026 19:45,6,USDC,$1.00 ,0.00%,$74.47B
9/7/2026 19:45,7,Solana,$104.55 ,-1.90%,$61.28B
9/7/2026 19:45,8,TRON,$0.34 ,0.03%,$31.82B
9/7/2026 19:45,9,Hyperliquid,$87.29 ,-2.18%,$21.99B
9/7/2026 19:45,10,Zcash,"$1,174.07 ",-0.25%,$19.79B
,,,,,
9/7/2026 19:46,1,Bitcoin,"$79,205.24 ",-0.72%,$1.58T
9/7/2026 19:46,2,Ethereum,"$2,488.39 ",-0.07%,$303.64B
9/7/2026 19:46,3,Tether,$1.00 ,-0.01%,$183.37B
9/7/2026 19:46,4,BNB,$744.74 ,-0.70%,$99.17B
9/7/2026 19:46,5,XRP,$1.40 ,-1.10%,$87.87B
9/7/2026 19:46,6,USDC,$1.00 ,0.00%,$74.42B
9/7/2026 19:46,7,Solana,$104.83 ,-1.89%,$61.45B
9/7/2026 19:46,8,TRON,$0.34 ,0.03%,$31.82B
9/7/2026 19:46,9,Hyperliquid,$87.27 ,-2.15%,$21.98B
9/7/2026 19:46,10,Zcash,"$1,173.80 ",-0.35%,$19.78B
,,,,,
9/7/2026 19:47,1,Bitcoin,"$79,205.24 ",-0.72%,$1.58T
9/7/2026 19:47,2,Ethereum,"$2,488.39 ",-0.07%,$303.64B
9/7/2026 19:47,3,Tether,$1.00 ,-0.01%,$183.37B
9/7/2026 19:47,4,BNB,$744.74 ,-0.70%,$99.17B
9/7/2026 19:47,5,XRP,$1.40 ,-1.10%,$87.87B
9/7/2026 19:47,6,USDC,$1.00 ,0.00%,$74.42B
9/7/2026 19:47,7,Solana,$104.83 ,-1.89%,$61.45B
9/7/2026 19:47,8,TRON,$0.34 ,0.03%,$31.82B
9/7/2026 19:47,9,Hyperliquid,$87.25 ,-2.16%,$21.98B
9/7/2026 19:47,10,Zcash,"$1,174.50 ",-0.29%,$19.79B
,,,,,
9/7/2026 19:47,1,Bitcoin,"$79,120.24 ",-0.79%,$1.58T
9/7/2026 19:47,2,Ethereum,"$2,487.52 ",-0.04%,$303.64B
9/7/2026 19:47,3,Tether,$1.00 ,-0.01%,$183.37B
9/7/2026 19:47,4,BNB,$744.74 ,-0.70%,$99.17B
9/7/2026 19:47,5,XRP,$1.40 ,-1.10%,$87.87B
9/7/2026 19:47,6,USDC,$1.00 ,0.00%,$74.42B
9/7/2026 19:47,7,Solana,$104.83 ,-1.89%,$61.45B
9/7/2026 19:47,8,TRON,$0.34 ,0.03%,$31.82B
9/7/2026 19:47,9,Hyperliquid,$87.26 ,-2.09%,$21.98B
9/7/2026 19:47,10,Zcash,"$1,175.10 ",-0.20%,$19.8B
,,,,,
9/7/2026 19:48,1,Bitcoin,"$79,120.24 ",-0.79%,$1.58T
9/7/2026 19:48,2,Ethereum,"$2,487.52 ",-0.04%,$303.64B
9/7/2026 19:48,3,Tether,$1.00 ,-0.01%,$183.37B
9/7/2026 19:48,4,BNB,$744.74 ,-0.70%,$99.17B
9/7/2026 19:48,5,XRP,$1.40 ,-1.10%,$87.87B
9/7/2026 19:48,6,USDC,$1.00 ,0.00%,$74.42B
9/7/2026 19:48,7,Solana,$104.83 ,-1.89%,$61.45B
9/7/2026 19:48,8,TRON,$0.34 ,0.03%,$31.82B
9/7/2026 19:48,9,Hyperliquid,$87.19 ,-2.15%,$21.96B
9/7/2026 19:48,10,Zcash,"$1,175.38 ",-0.18%,$19.81B
,,,,,
9/7/2026 19:49,1,Bitcoin,"$79,120.24 ",-0.79%,$1.58T
9/7/2026 19:49,2,Ethereum,"$2,487.52 ",-0.04%,$303.64B
9/7/2026 19:49,3,Tether,$1.00 ,-0.01%,$183.37B
9/7/2026 19:49,4,BNB,$744.74 ,-0.70%,$99.17B
9/7/2026 19:49,5,XRP,$1.40 ,-1.10%,$87.87B
9/7/2026 19:49,6,USDC,$1.00 ,0.00%,$74.42B
9/7/2026 19:49,7,Solana,$104.83 ,-1.89%,$61.45B
9/7/2026 19:49,8,TRON,$0.34 ,0.03%,$31.82B
9/7/2026 19:49,9,Hyperliquid,$87.17 ,-2.14%,$21.96B
9/7/2026 19:49,10,Zcash,"$1,175.29 ",-0.08%,$19.81B
,,,,,
9/7/2026 19:50,1,Bitcoin,"$79,120.24 ",-0.79%,$1.58T
9/7/2026 19:50,2,Ethereum,"$2,487.52 ",-0.04%,$303.64B
9/7/2026 19:50,3,Tether,$1.00 ,-0.01%,$183.37B
9/7/2026 19:50,4,BNB,$744.74 ,-0.70%,$99.17B
9/7/2026 19:50,5,XRP,$1.40 ,-1.10%,$87.87B
9/7/2026 19:50,6,USDC,$1.00 ,0.00%,$74.42B
9/7/2026 19:50,7,Solana,$104.83 ,-1.89%,$61.45B
9/7/2026 19:50,8,TRON,$0.34 ,0.03%,$31.82B
9/7/2026 19:50,9,Hyperliquid,$87.41 ,-2.24%,$22.02B
9/7/2026 19:50,10,Zcash,"$1,172.15 ",-0.43%,$19.76B
,,,,,
9/7/2026 19:52,1,Bitcoin,"$79,155.57 ",-0.76%,$1.58T
9/7/2026 19:52,2,Ethereum,"$2,486.77 ",-0.05%,$303.79B
9/7/2026 19:52,3,Tether,$1.00 ,0.00%,$183.39B
9/7/2026 19:52,4,BNB,$744.45 ,-0.61%,$99.13B
9/7/2026 19:52,5,XRP,$1.39 ,-1.18%,$87.77B
9/7/2026 19:52,6,USDC,$1.00 ,0.01%,$74.47B
9/7/2026 19:52,7,Solana,$104.60 ,-2.03%,$61.31B
9/7/2026 19:52,8,TRON,$0.34 ,0.06%,$31.82B
9/7/2026 19:52,9,Hyperliquid,$87.04 ,-1.93%,$21.93B
9/7/2026 19:52,10,Zcash,"$1,175.51 ",0.55%,$19.81B
,,,,,
9/7/2026 19:53,1,Bitcoin,"$79,155.57 ",-0.76%,$1.58T
9/7/2026 19:53,2,Ethereum,"$2,486.77 ",-0.05%,$303.79B
9/7/2026 19:53,3,Tether,$1.00 ,0.00%,$183.39B
9/7/2026 19:53,4,BNB,$744.45 ,-0.61%,$99.13B
9/7/2026 19:53,5,XRP,$1.39 ,-1.18%,$87.77B
9/7/2026 19:53,6,USDC,$1.00 ,0.01%,$74.47B
9/7/2026 19:53,7,Solana,$104.60 ,-2.03%,$61.31B
9/7/2026 19:53,8,TRON,$0.34 ,0.06%,$31.82B
9/7/2026 19:53,9,Hyperliquid,$87.28 ,-2.31%,$21.98B
9/7/2026 19:53,10,Zcash,"$1,173.21 ",-0.32%,$19.77B
,,,,,
9/7/2026 19:53,1,Bitcoin,"$79,129.74 ",-0.80%,$1.58T
9/7/2026 19:53,2,Ethereum,"$2,487.96 ",0.12%,$303.79B
9/7/2026 19:53,3,Tether,$1.00 ,0.00%,$183.39B
9/7/2026 19:53,4,BNB,$744.45 ,-0.61%,$99.13B
9/7/2026 19:53,5,XRP,$1.39 ,-1.18%,$87.77B
9/7/2026 19:53,6,USDC,$1.00 ,0.01%,$74.47B
9/7/2026 19:53,7,Solana,$104.60 ,-2.03%,$61.31B
9/7/2026 19:53,8,TRON,$0.34 ,0.06%,$31.82B
9/7/2026 19:53,9,Hyperliquid,$87.28 ,-2.31%,$21.98B
9/7/2026 19:53,10,Zcash,"$1,173.21 ",-0.32%,$19.77B
,,,,,
9/7/2026 19:54,1,Bitcoin,"$79,129.74 ",-0.80%,$1.58T
9/7/2026 19:54,2,Ethereum,"$2,487.96 ",0.12%,$303.79B
9/7/2026 19:54,3,Tether,$1.00 ,0.00%,$183.39B
9/7/2026 19:54,4,BNB,$744.45 ,-0.61%,$99.13B
9/7/2026 19:54,5,XRP,$1.39 ,-1.18%,$87.77B
9/7/2026 19:54,6,USDC,$1.00 ,0.01%,$74.47B
9/7/2026 19:54,7,Solana,$104.60 ,-2.03%,$61.31B
9/7/2026 19:54,8,TRON,$0.34 ,0.06%,$31.82B
9/7/2026 19:54,9,Hyperliquid,$87.28 ,-2.31%,$21.98B
9/7/2026 19:54,10,Zcash,"$1,173.21 ",-0.32%,$19.77B
,,,,,
9/7/2026 19:55,1,Bitcoin,"$79,073.63 ",-0.71%,$1.58T
9/7/2026 19:55,2,Ethereum,"$2,484.11 ",0.08%,$303.12B
9/7/2026 19:55,3,Tether,$1.00 ,-0.01%,$183.37B
9/7/2026 19:55,4,BNB,$744.08 ,-0.19%,$99.08B
9/7/2026 19:55,5,XRP,$1.39 ,-0.86%,$87.65B
9/7/2026 19:55,6,USDC,$1.00 ,-0.01%,$74.46B
9/7/2026 19:55,7,Solana,$104.41 ,-1.40%,$61.2B
9/7/2026 19:55,8,TRON,$0.34 ,0.12%,$31.83B
9/7/2026 19:55,9,Hyperliquid,$86.96 ,-1.74%,$21.9B
9/7/2026 19:55,10,Zcash,"$1,176.25 ",0.82%,$19.82B
,,,,,
9/7/2026 19:56,1,Bitcoin,"$79,093.13 ",-0.70%,$1.58T
9/7/2026 19:56,2,Ethereum,"$2,484.82 ",0.09%,$303.21B
9/7/2026 19:56,3,Tether,$1.00 ,-0.01%,$183.37B
9/7/2026 19:56,4,BNB,$744.09 ,-0.18%,$99.08B
9/7/2026 19:56,5,XRP,$1.39 ,-0.85%,$87.66B
9/7/2026 19:56,6,USDC,$1.00 ,0.00%,$74.46B
9/7/2026 19:56,7,Solana,$104.41 ,-1.41%,$61.2B
9/7/2026 19:56,8,TRON,$0.34 ,0.12%,$31.83B
9/7/2026 19:56,9,Hyperliquid,$87.27 ,-2.06%,$21.98B
9/7/2026 19:56,10,Zcash,"$1,174.76 ",-0.23%,$19.8B
,,,,,
9/7/2026 19:56,1,Bitcoin,"$79,090.56 ",-0.71%,$1.58T
9/7/2026 19:56,2,Ethereum,"$2,485.71 ",-0.01%,$303.59B
9/7/2026 19:56,3,Tether,$1.00 ,-0.01%,$183.39B
9/7/2026 19:56,4,BNB,$744.36 ,-0.46%,$99.12B
9/7/2026 19:56,5,XRP,$1.39 ,-1.10%,$87.68B
9/7/2026 19:56,6,USDC,$1.00 ,-0.01%,$74.46B
9/7/2026 19:56,7,Solana,$104.52 ,-1.73%,$61.27B
9/7/2026 19:56,8,TRON,$0.34 ,0.12%,$31.83B
9/7/2026 19:56,9,Hyperliquid,$87.27 ,-2.06%,$21.98B
9/7/2026 19:56,10,Zcash,"$1,176.51 ",0.88%,$19.83B
,,,,,
9/7/2026 19:57,1,Bitcoin,"$79,101.36 ",-0.67%,$1.58T
9/7/2026 19:57,2,Ethereum,"$2,484.41 ",0.15%,$303.59B
9/7/2026 19:57,3,Tether,$1.00 ,-0.01%,$183.39B
9/7/2026 19:57,4,BNB,$744.36 ,-0.46%,$99.12B
9/7/2026 19:57,5,XRP,$1.39 ,-1.10%,$87.68B
9/7/2026 19:57,6,USDC,$1.00 ,-0.01%,$74.46B
9/7/2026 19:57,7,Solana,$104.52 ,-1.73%,$61.27B
9/7/2026 19:57,8,TRON,$0.34 ,0.12%,$31.83B
9/7/2026 19:57,9,Hyperliquid,$86.66 ,-2.23%,$21.83B
9/7/2026 19:57,10,Zcash,"$1,176.98 ",0.90%,$19.84B
,,,,,
9/7/2026 19:58,1,Bitcoin,"$79,101.36 ",-0.67%,$1.58T
9/7/2026 19:58,2,Ethereum,"$2,484.41 ",0.15%,$303.59B
9/7/2026 19:58,3,Tether,$1.00 ,-0.01%,$183.39B
9/7/2026 19:58,4,BNB,$744.36 ,-0.46%,$99.12B
9/7/2026 19:58,5,XRP,$1.39 ,-1.10%,$87.68B
9/7/2026 19:58,6,USDC,$1.00 ,-0.01%,$74.46B
9/7/2026 19:58,7,Solana,$104.52 ,-1.73%,$61.27B
9/7/2026 19:58,8,TRON,$0.34 ,0.12%,$31.83B
9/7/2026 19:58,9,Hyperliquid,$87.27 ,-2.06%,$21.98B
9/7/2026 19:58,10,Zcash,"$1,174.76 ",-0.23%,$19.8B
,,,,,
9/7/2026 19:59,1,Bitcoin,"$79,088.18 ",-0.75%,$1.58T
9/7/2026 19:59,2,Ethereum,"$2,484.82 ",0.05%,$303.21B
9/7/2026 19:59,3,Tether,$1.00 ,-0.01%,$183.39B
9/7/2026 19:59,4,BNB,$743.82 ,-0.16%,$99.04B
9/7/2026 19:59,5,XRP,$1.39 ,-0.85%,$87.68B
9/7/2026 19:59,6,USDC,$1.00 ,-0.01%,$74.46B
9/7/2026 19:59,7,Solana,$104.52 ,-1.73%,$61.27B
9/7/2026 19:59,8,TRON,$0.34 ,0.12%,$31.83B
9/7/2026 19:59,9,Hyperliquid,$87.27 ,-2.06%,$21.98B
9/7/2026 19:59,10,Zcash,"$1,174.76 ",-0.23%,$19.8B
,,,,,
9/7/2026 19:59,1,Bitcoin,"$79,075.37 ",-0.71%,$1.58T
9/7/2026 19:59,2,Ethereum,"$2,484.62 ",0.10%,$303.59B
9/7/2026 19:59,3,Tether,$1.00 ,-0.01%,$183.39B
9/7/2026 19:59,4,BNB,$744.36 ,-0.46%,$99.12B
9/7/2026 19:59,5,XRP,$1.39 ,-1.10%,$87.68B
9/7/2026 19:59,6,USDC,$1.00 ,-0.01%,$74.46B
9/7/2026 19:59,7,Solana,$104.52 ,-1.73%,$61.27B
9/7/2026 19:59,8,TRON,$0.34 ,0.12%,$31.83B
9/7/2026 19:59,9,Hyperliquid,$87.27 ,-2.06%,$21.98B
9/7/2026 19:59,10,Zcash,"$1,174.76 ",-0.23%,$19.8B
,,,,,
9/7/2026 20:00,1,Bitcoin,"$79,075.37 ",-0.71%,$1.58T
9/7/2026 20:00,2,Ethereum,"$2,482.99 ",0.01%,$302.99B
9/7/2026 20:00,3,Tether,$1.00 ,-0.01%,$183.39B
9/7/2026 20:00,4,BNB,$744.36 ,-0.46%,$99.12B
9/7/2026 20:00,5,XRP,$1.39 ,-1.10%,$87.68B
9/7/2026 20:00,6,USDC,$1.00 ,-0.01%,$74.46B
9/7/2026 20:00,7,Solana,$104.52 ,-1.73%,$61.27B
9/7/2026 20:00,8,TRON,$0.34 ,0.12%,$31.83B
9/7/2026 20:00,9,Hyperliquid,$86.61 ,-2.39%,$21.82B
9/7/2026 20:00,10,Zcash,"$1,178.28 ",1.30%,$19.86B
,,,,,
9/7/2026 20:01,1,Bitcoin,"$79,034.63 ",-0.74%,$1.58T
9/7/2026 20:01,2,Ethereum,"$2,482.30 ",0.08%,$302.9B
9/7/2026 20:01,3,Tether,$1.00 ,0.00%,$183.39B
9/7/2026 20:01,4,BNB,$743.50 ,-0.16%,$99B
9/7/2026 20:01,5,XRP,$1.39 ,-0.84%,$87.62B
9/7/2026 20:01,6,USDC,$1.00 ,0.01%,$74.46B
9/7/2026 20:01,7,Solana,$104.27 ,-1.62%,$61.12B
9/7/2026 20:01,8,TRON,$0.34 ,0.12%,$31.83B
9/7/2026 20:01,9,Hyperliquid,$87.27 ,-2.06%,$21.98B
9/7/2026 20:01,10,Zcash,"$1,174.76 ",-0.23%,$19.8B
,,,,,
9/7/2026 20:02,1,Bitcoin,"$79,016.08 ",-0.76%,$1.58T
9/7/2026 20:02,2,Ethereum,"$2,484.82 ",0.09%,$303.19B
9/7/2026 20:02,3,Tether,$1.00 ,-0.02%,$183.38B
9/7/2026 20:02,4,BNB,$744.07 ,-0.19%,$99.08B
9/7/2026 20:02,5,XRP,$1.39 ,-0.87%,$87.63B
9/7/2026 20:02,6,USDC,$1.00 ,-0.02%,$74.46B
9/7/2026 20:02,7,Solana,$104.43 ,-1.36%,$61.21B
9/7/2026 20:02,8,TRON,$0.34 ,0.05%,$31.82B
9/7/2026 20:02,9,Hyperliquid,$87.05 ,-1.87%,$21.93B
9/7/2026 20:02,10,Zcash,"$1,175.60 ",0.71%,$19.81B
,,,,,
9/7/2026 20:02,1,Bitcoin,"$79,114.02 ",-0.71%,$1.58T
9/7/2026 20:02,2,Ethereum,"$2,484.82 ",0.09%,$303.19B
9/7/2026 20:02,3,Tether,$1.00 ,-0.02%,$183.38B
9/7/2026 20:02,4,BNB,$744.07 ,-0.19%,$99.08B
9/7/2026 20:02,5,XRP,$1.39 ,-0.87%,$87.63B
9/7/2026 20:02,6,USDC,$1.00 ,-0.02%,$74.46B
9/7/2026 20:02,7,Solana,$104.43 ,-1.36%,$61.21B
9/7/2026 20:02,8,TRON,$0.34 ,0.05%,$31.82B
9/7/2026 20:02,9,Hyperliquid,$86.62 ,-2.26%,$21.82B
9/7/2026 20:02,10,Zcash,"$1,177.99 ",2.33%,$19.85B
,,,,,
9/7/2026 20:03,1,Bitcoin,"$79,022.91 ",-0.75%,$1.58T
9/7/2026 20:03,2,Ethereum,"$2,483.14 ",0.02%,$303.33B
9/7/2026 20:03,3,Tether,$1.00 ,0.00%,$183.38B
9/7/2026 20:03,4,BNB,$743.87 ,-0.15%,$99.05B
9/7/2026 20:03,5,XRP,$1.39 ,-0.83%,$87.69B
9/7/2026 20:03,6,USDC,$1.00 ,0.00%,$74.47B
9/7/2026 20:03,7,Solana,$104.41 ,-1.44%,$61.2B
9/7/2026 20:03,8,TRON,$0.34 ,0.01%,$31.81B
9/7/2026 20:03,9,Hyperliquid,$86.58 ,-2.26%,$21.81B
9/7/2026 20:03,10,Zcash,"$1,177.30 ",2.37%,$19.84B
,,,,,
9/7/2026 20:03,1,Bitcoin,"$79,024.73 ",-0.57%,$1.58T
9/7/2026 20:03,2,Ethereum,"$2,480.83 ",0.29%,$302.72B
9/7/2026 20:03,3,Tether,$1.00 ,-0.01%,$183.39B
9/7/2026 20:03,4,BNB,$743.56 ,-0.08%,$99.01B
9/7/2026 20:03,5,XRP,$1.39 ,-0.77%,$87.58B
9/7/2026 20:03,6,USDC,$1.00 ,-0.01%,$74.46B
9/7/2026 20:03,7,Solana,$104.25 ,-1.51%,$61.1B
9/7/2026 20:03,8,TRON,$0.34 ,0.01%,$31.81B
9/7/2026 20:03,9,Hyperliquid,$86.58 ,-2.26%,$21.81B
9/7/2026 20:03,10,Zcash,"$1,177.40 ",2.38%,$19.84B
,,,,,
9/7/2026 20:04,1,Bitcoin,"$79,022.91 ",-0.75%,$1.58T
9/7/2026 20:04,2,Ethereum,"$2,483.14 ",0.02%,$303.33B
9/7/2026 20:04,3,Tether,$1.00 ,0.00%,$183.38B
9/7/2026 20:04,4,BNB,$743.87 ,-0.15%,$99.05B
9/7/2026 20:04,5,XRP,$1.39 ,-0.83%,$87.69B
9/7/2026 20:04,6,USDC,$1.00 ,0.00%,$74.47B
9/7/2026 20:04,7,Solana,$104.41 ,-1.44%,$61.2B
9/7/2026 20:04,8,TRON,$0.34 ,0.01%,$31.81B
9/7/2026 20:04,9,Hyperliquid,$86.89 ,-1.97%,$21.89B
9/7/2026 20:04,10,Zcash,"$1,176.70 ",0.88%,$19.83B
,,,,,
9/7/2026 20:04,1,Bitcoin,"$79,022.91 ",-0.75%,$1.58T
9/7/2026 20:04,2,Ethereum,"$2,483.14 ",0.02%,$303.33B
9/7/2026 20:04,3,Tether,$1.00 ,0.00%,$183.38B
9/7/2026 20:04,4,BNB,$743.87 ,-0.15%,$99.05B
9/7/2026 20:04,5,XRP,$1.39 ,-0.83%,$87.69B
9/7/2026 20:04,6,USDC,$1.00 ,0.00%,$74.47B
9/7/2026 20:04,7,Solana,$104.41 ,-1.44%,$61.2B
9/7/2026 20:04,8,TRON,$0.34 ,0.01%,$31.81B
9/7/2026 20:04,9,Hyperliquid,$86.89 ,-1.97%,$21.89B
9/7/2026 20:04,10,Zcash,"$1,176.70 ",0.88%,$19.83B
,,,,,
9/7/2026 20:05,1,Bitcoin,"$79,058.53 ",-0.51%,$1.58T
9/7/2026 20:05,2,Ethereum,"$2,482.13 ",0.37%,$302.88B
9/7/2026 20:05,3,Tether,$1.00 ,0.00%,$183.38B
9/7/2026 20:05,4,BNB,$743.87 ,-0.15%,$99.05B
9/7/2026 20:05,5,XRP,$1.39 ,-0.65%,$87.57B
9/7/2026 20:05,6,USDC,$1.00 ,0.00%,$74.46B
9/7/2026 20:05,7,Solana,$104.41 ,-1.44%,$61.2B
9/7/2026 20:05,8,TRON,$0.34 ,0.01%,$31.81B
9/7/2026 20:05,9,Hyperliquid,$86.89 ,-1.97%,$21.89B
9/7/2026 20:05,10,Zcash,"$1,176.70 ",0.88%,$19.83B
,,,,,
9/7/2026 20:05,1,Bitcoin,"$79,051.55 ",-0.63%,$1.58T
9/7/2026 20:05,2,Ethereum,"$2,481.81 ",0.19%,$302.84B
9/7/2026 20:05,3,Tether,$1.00 ,0.00%,$183.38B
9/7/2026 20:05,4,BNB,$743.55 ,0.03%,$99.01B
9/7/2026 20:05,5,XRP,$1.39 ,-0.67%,$87.57B
9/7/2026 20:05,6,USDC,$1.00 ,0.00%,$74.47B
9/7/2026 20:05,7,Solana,$104.41 ,-1.44%,$61.2B
9/7/2026 20:05,8,TRON,$0.34 ,0.01%,$31.81B
9/7/2026 20:05,9,Hyperliquid,$86.89 ,-1.97%,$21.89B
9/7/2026 20:05,10,Zcash,"$1,176.70 ",0.88%,$19.83B
,,,,,
9/7/2026 20:05,1,Bitcoin,"$79,050.85 ",-0.63%,$1.58T
9/7/2026 20:05,2,Ethereum,"$2,481.97 ",0.19%,$302.86B
9/7/2026 20:05,3,Tether,$1.00 ,-0.02%,$183.37B
9/7/2026 20:05,4,BNB,$743.54 ,0.02%,$99.01B
9/7/2026 20:05,5,XRP,$1.39 ,-0.68%,$87.56B
9/7/2026 20:05,6,USDC,$1.00 ,-0.01%,$74.46B
9/7/2026 20:05,7,Solana,$104.25 ,-1.40%,$61.11B
9/7/2026 20:05,8,TRON,$0.34 ,0.01%,$31.81B
9/7/2026 20:05,9,Hyperliquid,$86.89 ,-1.97%,$21.89B
9/7/2026 20:05,10,Zcash,"$1,176.70 ",0.88%,$19.83B
,,,,,
9/7/2026 20:06,1,Bitcoin,"$79,071.96 ",-0.65%,$1.58T
9/7/2026 20:06,2,Ethereum,"$2,482.64 ",0.16%,$302.94B
9/7/2026 20:06,3,Tether,$1.00 ,0.00%,$183.38B
9/7/2026 20:06,4,BNB,$743.87 ,-0.15%,$99.05B
9/7/2026 20:06,5,XRP,$1.39 ,-0.83%,$87.69B
9/7/2026 20:06,6,USDC,$1.00 ,0.00%,$74.47B
9/7/2026 20:06,7,Solana,$104.41 ,-1.44%,$61.2B
9/7/2026 20:06,8,TRON,$0.34 ,0.01%,$31.81B
9/7/2026 20:06,9,Hyperliquid,$86.55 ,-2.22%,$21.8B
9/7/2026 20:06,10,Zcash,"$1,175.82 ",2.61%,$19.82B
,,,,,
9/7/2026 20:06,1,Bitcoin,"$79,039.65 ",-0.69%,$1.58T
9/7/2026 20:06,2,Ethereum,"$2,481.92 ",0.07%,$303.33B
9/7/2026 20:06,3,Tether,$1.00 ,0.00%,$183.38B
9/7/2026 20:06,4,BNB,$743.87 ,-0.15%,$99.05B
9/7/2026 20:06,5,XRP,$1.39 ,-0.83%,$87.69B
9/7/2026 20:06,6,USDC,$1.00 ,0.00%,$74.47B
9/7/2026 20:06,7,Solana,$104.41 ,-1.44%,$61.2B
9/7/2026 20:06,8,TRON,$0.34 ,0.01%,$31.81B
9/7/2026 20:06,9,Hyperliquid,$86.89 ,-1.97%,$21.89B
9/7/2026 20:06,10,Zcash,"$1,176.70 ",0.88%,$19.83B
,,,,,
9/7/2026 20:06,1,Bitcoin,"$79,026.97 ",-0.65%,$1.58T
9/7/2026 20:06,2,Ethereum,"$2,481.92 ",0.07%,$303.33B
9/7/2026 20:06,3,Tether,$1.00 ,0.00%,$183.38B
9/7/2026 20:06,4,BNB,$743.87 ,-0.15%,$99.05B
9/7/2026 20:06,5,XRP,$1.39 ,-0.83%,$87.69B
9/7/2026 20:06,6,USDC,$1.00 ,0.00%,$74.47B
9/7/2026 20:06,7,Solana,$104.41 ,-1.44%,$61.2B
9/7/2026 20:06,8,TRON,$0.34 ,0.01%,$31.81B
9/7/2026 20:06,9,Hyperliquid,$86.89 ,-1.97%,$21.89B
9/7/2026 20:06,10,Zcash,"$1,176.70 ",0.88%,$19.83B
,,,,,
9/7/2026 20:07,1,Bitcoin,"$79,075.30 ",-0.65%,$1.58T
9/7/2026 20:07,2,Ethereum,"$2,481.53 ",0.07%,$302.81B
9/7/2026 20:07,3,Tether,$1.00 ,0.00%,$183.38B
9/7/2026 20:07,4,BNB,$743.87 ,-0.15%,$99.05B
9/7/2026 20:07,5,XRP,$1.39 ,-0.83%,$87.69B
9/7/2026 20:07,6,USDC,$1.00 ,0.00%,$74.47B
9/7/2026 20:07,7,Solana,$104.41 ,-1.44%,$61.2B
9/7/2026 20:07,8,TRON,$0.34 ,0.01%,$31.81B
9/7/2026 20:07,9,Hyperliquid,$86.48 ,-2.44%,$21.78B
9/7/2026 20:07,10,Zcash,"$1,173.20 ",2.15%,$19.77B
,,,,,
9/7/2026 20:07,1,Bitcoin,"$79,054.83 ",-0.53%,$1.58T
9/7/2026 20:07,2,Ethereum,"$2,481.33 ",0.13%,$303.33B
9/7/2026 20:07,3,Tether,$1.00 ,0.00%,$183.38B
9/7/2026 20:07,4,BNB,$743.87 ,-0.15%,$99.05B
9/7/2026 20:07,5,XRP,$1.39 ,-0.83%,$87.69B
9/7/2026 20:07,6,USDC,$1.00 ,0.00%,$74.47B
9/7/2026 20:07,7,Solana,$104.41 ,-1.44%,$61.2B
9/7/2026 20:07,8,TRON,$0.34 ,0.01%,$31.81B
9/7/2026 20:07,9,Hyperliquid,$86.89 ,-1.97%,$21.89B
9/7/2026 20:07,10,Zcash,"$1,176.70 ",0.88%,$19.83B
,,,,,
9/7/2026 20:08,1,Bitcoin,"$79,054.83 ",-0.53%,$1.58T
9/7/2026 20:08,2,Ethereum,"$2,481.33 ",0.13%,$303.33B
9/7/2026 20:08,3,Tether,$1.00 ,0.00%,$183.38B
9/7/2026 20:08,4,BNB,$743.87 ,-0.15%,$99.05B
9/7/2026 20:08,5,XRP,$1.39 ,-0.93%,$87.49B
9/7/2026 20:08,6,USDC,$1.00 ,0.00%,$74.45B
9/7/2026 20:08,7,Solana,$104.41 ,-1.44%,$61.2B
9/7/2026 20:08,8,TRON,$0.34 ,0.01%,$31.81B
9/7/2026 20:08,9,Hyperliquid,$86.89 ,-1.97%,$21.89B
9/7/2026 20:08,10,Zcash,"$1,176.70 ",0.88%,$19.83B
,,,,,
9/7/2026 20:08,1,Bitcoin,"$79,059.42 ",-0.69%,$1.58T
9/7/2026 20:08,2,Ethereum,"$2,480.04 ",0.00%,$302.63B
9/7/2026 20:08,3,Tether,$1.00 ,0.00%,$183.38B
9/7/2026 20:08,4,BNB,$743.39 ,-0.22%,$98.99B
9/7/2026 20:08,5,XRP,$1.39 ,-0.94%,$87.49B
9/7/2026 20:08,6,USDC,$1.00 ,0.00%,$74.45B
9/7/2026 20:08,7,Solana,$104.25 ,-1.54%,$61.11B
9/7/2026 20:08,8,TRON,$0.34 ,0.01%,$31.81B
9/7/2026 20:08,9,Hyperliquid,$86.89 ,-1.97%,$21.89B
9/7/2026 20:08,10,Zcash,"$1,176.70 ",0.88%,$19.83B
,,,,,
9/7/2026 20:08,1,Bitcoin,"$79,054.83 ",-0.53%,$1.58T
9/7/2026 20:08,2,Ethereum,"$2,481.33 ",0.13%,$303.33B
9/7/2026 20:08,3,Tether,$1.00 ,0.00%,$183.38B
9/7/2026 20:08,4,BNB,$743.87 ,-0.15%,$99.05B
9/7/2026 20:08,5,XRP,$1.39 ,-0.83%,$87.69B
9/7/2026 20:08,6,USDC,$1.00 ,0.00%,$74.47B
9/7/2026 20:08,7,Solana,$104.41 ,-1.44%,$61.2B
9/7/2026 20:08,8,TRON,$0.34 ,0.01%,$31.81B
9/7/2026 20:08,9,Hyperliquid,$86.89 ,-1.97%,$21.89B
9/7/2026 20:08,10,Zcash,"$1,176.70 ",0.88%,$19.83B
,,,,,
9/7/2026 20:09,1,Bitcoin,"$79,071.96 ",-0.65%,$1.58T
9/7/2026 20:09,2,Ethereum,"$2,482.05 ",0.20%,$302.88B
9/7/2026 20:09,3,Tether,$1.00 ,0.00%,$183.4B
9/7/2026 20:09,4,BNB,$743.53 ,-0.04%,$99.01B
9/7/2026 20:09,5,XRP,$1.39 ,-0.74%,$87.61B
9/7/2026 20:09,6,USDC,$1.00 ,0.02%,$74.48B
9/7/2026 20:09,7,Solana,$104.27 ,-1.49%,$61.12B
9/7/2026 20:09,8,TRON,$0.34 ,-0.02%,$31.8B
9/7/2026 20:09,9,Hyperliquid,$86.47 ,-2.46%,$21.78B
9/7/2026 20:09,10,Zcash,"$1,172.32 ",2.07%,$19.76B
,,,,,
9/7/2026 20:10,1,Bitcoin,"$79,032.30 ",-0.80%,$1.58T
9/7/2026 20:10,2,Ethereum,"$2,480.05 ",-0.06%,$302.63B
9/7/2026 20:10,3,Tether,$1.00 ,-0.01%,$183.37B
9/7/2026 20:10,4,BNB,$743.09 ,-0.14%,$98.95B
9/7/2026 20:10,5,XRP,$1.39 ,-0.97%,$87.5B
9/7/2026 20:10,6,USDC,$1.00 ,-0.01%,$74.45B
9/7/2026 20:10,7,Solana,$104.23 ,-1.54%,$61.1B
9/7/2026 20:10,8,TRON,$0.34 ,-0.02%,$31.8B
9/7/2026 20:10,9,Hyperliquid,$86.60 ,-2.25%,$21.81B
9/7/2026 20:10,10,Zcash,"$1,177.08 ",3.13%,$19.75B
,,,,,
9/7/2026 20:11,1,Bitcoin,"$79,017.15 ",-0.82%,$1.58T
9/7/2026 20:11,2,Ethereum,"$2,479.59 ",-0.08%,$302.57B
9/7/2026 20:11,3,Tether,$1.00 ,-0.01%,$183.38B
9/7/2026 20:11,4,BNB,$743.02 ,-0.15%,$98.94B
9/7/2026 20:11,5,XRP,$1.39 ,-0.99%,$87.49B
9/7/2026 20:11,6,USDC,$1.00 ,0.02%,$74.48B
9/7/2026 20:11,7,Solana,$104.23 ,-1.54%,$61.1B
9/7/2026 20:11,8,TRON,$0.34 ,-0.02%,$31.8B
9/7/2026 20:11,9,Hyperliquid,$86.43 ,-2.44%,$21.77B
9/7/2026 20:11,10,Zcash,"$1,171.67 ",1.85%,$19.75B
,,,,,
9/7/2026 20:11,1,Bitcoin,"$79,067.72 ",-0.68%,$1.58T
9/7/2026 20:11,2,Ethereum,"$2,481.91 ",0.08%,$302.88B
9/7/2026 20:11,3,Tether,$1.00 ,0.00%,$183.4B
9/7/2026 20:11,4,BNB,$743.53 ,-0.04%,$99.01B
9/7/2026 20:11,5,XRP,$1.39 ,-0.74%,$87.61B
9/7/2026 20:11,6,USDC,$1.00 ,0.02%,$74.48B
9/7/2026 20:11,7,Solana,$104.27 ,-1.49%,$61.12B
9/7/2026 20:11,8,TRON,$0.34 ,-0.02%,$31.8B
9/7/2026 20:11,9,Hyperliquid,$86.60 ,-2.25%,$21.81B
9/7/2026 20:11,10,Zcash,"$1,177.08 ",3.13%,$19.84B
,,,,,
9/7/2026 20:11,1,Bitcoin,"$79,067.72 ",-0.68%,$1.58T
9/7/2026 20:11,2,Ethereum,"$2,481.91 ",0.08%,$302.88B
9/7/2026 20:11,3,Tether,$1.00 ,0.00%,$183.4B
9/7/2026 20:11,4,BNB,$743.53 ,-0.04%,$99.01B
9/7/2026 20:11,5,XRP,$1.39 ,-0.74%,$87.61B
9/7/2026 20:11,6,USDC,$1.00 ,0.02%,$74.48B
9/7/2026 20:11,7,Solana,$104.27 ,-1.49%,$61.12B
9/7/2026 20:11,8,TRON,$0.34 ,-0.02%,$31.8B
9/7/2026 20:11,9,Hyperliquid,$86.60 ,-2.25%,$21.81B
9/7/2026 20:11,10,Zcash,"$1,177.08 ",3.13%,$19.84B
,,,,,
9/7/2026 20:11,1,Bitcoin,"$79,067.72 ",-0.68%,$1.58T
9/7/2026 20:11,2,Ethereum,"$2,481.91 ",0.08%,$302.88B
9/7/2026 20:11,3,Tether,$1.00 ,0.00%,$183.4B
9/7/2026 20:11,4,BNB,$743.53 ,-0.04%,$99.01B
9/7/2026 20:11,5,XRP,$1.39 ,-0.74%,$87.61B
9/7/2026 20:11,6,USDC,$1.00 ,0.02%,$74.48B
9/7/2026 20:11,7,Solana,$104.27 ,-1.49%,$61.12B
9/7/2026 20:11,8,TRON,$0.34 ,-0.02%,$31.8B
9/7/2026 20:11,9,Hyperliquid,$86.60 ,-2.25%,$21.81B
9/7/2026 20:11,10,Zcash,"$1,177.08 ",3.13%,$19.84B
,,,,,
9/7/2026 20:12,1,Bitcoin,"$79,067.72 ",-0.68%,$1.58T
9/7/2026 20:12,2,Ethereum,"$2,481.91 ",0.08%,$302.88B
9/7/2026 20:12,3,Tether,$1.00 ,0.00%,$183.4B
9/7/2026 20:12,4,BNB,$743.53 ,-0.04%,$99.01B
9/7/2026 20:12,5,XRP,$1.39 ,-0.74%,$87.61B
9/7/2026 20:12,6,USDC,$1.00 ,0.02%,$74.48B
9/7/2026 20:12,7,Solana,$104.27 ,-1.49%,$61.12B
9/7/2026 20:12,8,TRON,$0.34 ,-0.02%,$31.8B
9/7/2026 20:12,9,Hyperliquid,$86.60 ,-2.25%,$21.81B
9/7/2026 20:12,10,Zcash,"$1,177.08 ",3.13%,$19.84B
,,,,,
9/7/2026 20:12,1,Bitcoin,"$78,987.72 ",-0.88%,$1.58T
9/7/2026 20:12,2,Ethereum,"$2,477.82 ",-0.20%,$302.36B
9/7/2026 20:12,3,Tether,$1.00 ,0.00%,$183.4B
9/7/2026 20:12,4,BNB,$743.53 ,-0.04%,$99.01B
9/7/2026 20:12,5,XRP,$1.39 ,-0.74%,$87.61B
9/7/2026 20:12,6,USDC,$1.00 ,0.02%,$74.48B
9/7/2026 20:12,7,Solana,$104.27 ,-1.49%,$61.12B
9/7/2026 20:12,8,TRON,$0.34 ,-0.02%,$31.8B
9/7/2026 20:12,9,Hyperliquid,$86.60 ,-2.25%,$21.81B
9/7/2026 20:12,10,Zcash,"$1,168.02 ",1.31%,$19.69B
,,,,,
9/7/2026 20:13,1,Bitcoin,"$79,067.72 ",-0.68%,$1.58T
9/7/2026 20:13,2,Ethereum,"$2,481.91 ",0.08%,$302.88B
9/7/2026 20:13,3,Tether,$1.00 ,0.00%,$183.4B
9/7/2026 20:13,4,BNB,$743.53 ,-0.04%,$99.01B
9/7/2026 20:13,5,XRP,$1.39 ,-0.74%,$87.61B
9/7/2026 20:13,6,USDC,$1.00 ,0.02%,$74.48B
9/7/2026 20:13,7,Solana,$104.27 ,-1.49%,$61.12B
9/7/2026 20:13,8,TRON,$0.34 ,-0.02%,$31.8B
9/7/2026 20:13,9,Hyperliquid,$86.45 ,-2.46%,$21.78B
9/7/2026 20:13,10,Zcash,"$1,168.68 ",0.90%,$19.7B
,,,,,
9/7/2026 20:13,1,Bitcoin,"$79,038.89 ",-0.72%,$1.58T
9/7/2026 20:13,2,Ethereum,"$2,480.15 ",0.00%,$302.88B
9/7/2026 20:13,3,Tether,$1.00 ,0.00%,$183.4B
9/7/2026 20:13,4,BNB,$743.53 ,-0.04%,$99.01B
9/7/2026 20:13,5,XRP,$1.39 ,-0.74%,$87.61B
9/7/2026 20:13,6,USDC,$1.00 ,0.02%,$74.48B
9/7/2026 20:13,7,Solana,$104.27 ,-1.49%,$61.12B
9/7/2026 20:13,8,TRON,$0.34 ,-0.02%,$31.8B
9/7/2026 20:13,9,Hyperliquid,$86.60 ,-2.25%,$21.81B
9/7/2026 20:13,10,Zcash,"$1,168.73 ",0.90%,$19.7B
,,,,,
9/7/2026 20:14,1,Bitcoin,"$79,038.89 ",-0.72%,$1.58T
9/7/2026 20:14,2,Ethereum,"$2,480.15 ",0.00%,$302.88B
9/7/2026 20:14,3,Tether,$1.00 ,0.00%,$183.4B
9/7/2026 20:14,4,BNB,$743.53 ,-0.04%,$99.01B
9/7/2026 20:14,5,XRP,$1.39 ,-0.74%,$87.61B
9/7/2026 20:14,6,USDC,$1.00 ,0.02%,$74.48B
9/7/2026 20:14,7,Solana,$104.27 ,-1.49%,$61.12B
9/7/2026 20:14,8,TRON,$0.34 ,-0.02%,$31.8B
9/7/2026 20:14,9,Hyperliquid,$86.46 ,-2.45%,$21.78B
9/7/2026 20:14,10,Zcash,"$1,169.18 ",0.94%,$19.71B
,,,,,
9/7/2026 20:14,1,Bitcoin,"$79,038.89 ",-0.72%,$1.58T
9/7/2026 20:14,2,Ethereum,"$2,480.15 ",0.00%,$302.88B
9/7/2026 20:14,3,Tether,$1.00 ,0.00%,$183.4B
9/7/2026 20:14,4,BNB,$742.13 ,-0.25%,$98.82B
9/7/2026 20:14,5,XRP,$1.39 ,-0.74%,$87.61B
9/7/2026 20:14,6,USDC,$1.00 ,0.02%,$74.48B
9/7/2026 20:14,7,Solana,$104.27 ,-1.49%,$61.12B
9/7/2026 20:14,8,TRON,$0.34 ,-0.02%,$31.8B
9/7/2026 20:14,9,Hyperliquid,$86.46 ,-2.53%,$21.78B
9/7/2026 20:14,10,Zcash,"$1,169.02 ",0.97%,$19.7B
,,,,,
9/7/2026 20:14,1,Bitcoin,"$79,038.89 ",-0.72%,$1.58T
9/7/2026 20:14,2,Ethereum,"$2,480.15 ",0.00%,$302.88B
9/7/2026 20:14,3,Tether,$1.00 ,0.00%,$183.4B
9/7/2026 20:14,4,BNB,$743.53 ,-0.04%,$99.01B
9/7/2026 20:14,5,XRP,$1.39 ,-0.74%,$87.61B
9/7/2026 20:14,6,USDC,$1.00 ,0.02%,$74.48B
9/7/2026 20:14,7,Solana,$104.27 ,-1.49%,$61.12B
9/7/2026 20:14,8,TRON,$0.34 ,-0.02%,$31.8B
9/7/2026 20:14,9,Hyperliquid,$86.46 ,-2.54%,$21.78B
9/7/2026 20:14,10,Zcash,"$1,169.11 ",0.98%,$19.7B
,,,,,
9/7/2026 20:15,1,Bitcoin,"$79,000.96 ",-0.86%,$1.58T
9/7/2026 20:15,2,Ethereum,"$2,479.72 ",-0.11%,$302.61B
9/7/2026 20:15,3,Tether,$1.00 ,-0.01%,$183.37B
9/7/2026 20:15,4,BNB,$743.09 ,-0.14%,$98.95B
9/7/2026 20:15,5,XRP,$1.39 ,-0.93%,$87.5B
9/7/2026 20:15,6,USDC,$1.00 ,-0.01%,$74.46B
9/7/2026 20:15,7,Solana,$104.25 ,-1.52%,$61.11B
9/7/2026 20:15,8,TRON,$0.33 ,-0.08%,$31.8B
9/7/2026 20:15,9,Hyperliquid,$86.47 ,-2.40%,$21.78B
9/7/2026 20:15,10,Zcash,"$1,169.94 ",1.01%,$19.72B
,,,,,
9/7/2026 20:15,1,Bitcoin,"$79,025.77 ",-0.87%,$1.58T
9/7/2026 20:15,2,Ethereum,"$2,481.07 ",-0.15%,$302.75B
9/7/2026 20:15,3,Tether,$1.00 ,-0.01%,$183.38B
9/7/2026 20:15,4,BNB,$742.26 ,-0.24%,$98.84B
9/7/2026 20:15,5,XRP,$1.39 ,-1.08%,$87.49B
9/7/2026 20:15,6,USDC,$1.00 ,0.00%,$74.45B
9/7/2026 20:15,7,Solana,$104.17 ,-1.77%,$61.06B
9/7/2026 20:15,8,TRON,$0.33 ,-0.08%,$31.8B
9/7/2026 20:15,9,Hyperliquid,$86.47 ,-2.40%,$21.78B
9/7/2026 20:15,10,Zcash,"$1,172.34 ",2.10%,$19.76B
,,,,,
9/7/2026 20:16,1,Bitcoin,"$79,044.25 ",-0.73%,$1.58T
9/7/2026 20:16,2,Ethereum,"$2,482.09 ",0.07%,$302.88B
9/7/2026 20:16,3,Tether,$1.00 ,-0.01%,$183.38B
9/7/2026 20:16,4,BNB,$742.29 ,-0.27%,$98.84B
9/7/2026 20:16,5,XRP,$1.39 ,-1.14%,$87.49B
9/7/2026 20:16,6,USDC,$1.00 ,0.00%,$74.45B
9/7/2026 20:16,7,Solana,$104.15 ,-1.85%,$61.05B
9/7/2026 20:16,8,TRON,$0.33 ,-0.08%,$31.8B
9/7/2026 20:16,9,Hyperliquid,$86.47 ,-2.40%,$21.78B
9/7/2026 20:16,10,Zcash,"$1,172.34 ",2.10%,$19.76B
,,,,,
9/7/2026 20:16,1,Bitcoin,"$79,000.96 ",-0.86%,$1.58T
9/7/2026 20:16,2,Ethereum,"$2,479.72 ",-0.11%,$302.61B
9/7/2026 20:16,3,Tether,$1.00 ,-0.01%,$183.37B
9/7/2026 20:16,4,BNB,$742.29 ,-0.27%,$98.84B
9/7/2026 20:16,5,XRP,$1.39 ,-0.93%,$87.5B
9/7/2026 20:16,6,USDC,$1.00 ,0.00%,$74.45B
9/7/2026 20:16,7,Solana,$104.15 ,-1.85%,$61.05B
9/7/2026 20:16,8,TRON,$0.33 ,-0.08%,$31.8B
9/7/2026 20:16,9,Hyperliquid,$86.47 ,-2.40%,$21.78B
9/7/2026 20:16,10,Zcash,"$1,169.97 ",0.96%,$19.72B
,,,,,
9/7/2026 20:17,1,Bitcoin,"$79,030.16 ",-0.72%,$1.58T
9/7/2026 20:17,2,Ethereum,"$2,481.49 ",0.10%,$302.8B
9/7/2026 20:17,3,Tether,$1.00 ,-0.01%,$183.37B
9/7/2026 20:17,4,BNB,$742.43 ,-0.25%,$98.86B
9/7/2026 20:17,5,XRP,$1.39 ,-1.11%,$87.5B
9/7/2026 20:17,6,USDC,$1.00 ,0.01%,$74.45B
9/7/2026 20:17,7,Solana,$104.25 ,-1.52%,$61.11B
9/7/2026 20:17,8,TRON,$0.33 ,-0.08%,$31.8B
9/7/2026 20:17,9,Hyperliquid,$86.47 ,-2.40%,$21.78B
9/7/2026 20:17,10,Zcash,"$1,172.34 ",2.10%,$19.76B
,,,,,
9/7/2026 20:17,1,Bitcoin,"$79,035.72 ",-0.82%,$1.58T
9/7/2026 20:17,2,Ethereum,"$2,478.67 ",-0.16%,$302.61B
9/7/2026 20:17,3,Tether,$1.00 ,-0.01%,$183.38B
9/7/2026 20:17,4,BNB,$743.09 ,-0.14%,$98.95B
9/7/2026 20:17,5,XRP,$1.39 ,-0.93%,$87.5B
9/7/2026 20:17,6,USDC,$1.00 ,-0.01%,$74.46B
9/7/2026 20:17,7,Solana,$104.25 ,-1.52%,$61.11B
9/7/2026 20:17,8,TRON,$0.33 ,-0.08%,$31.8B
9/7/2026 20:17,9,Hyperliquid,$86.47 ,-2.40%,$21.78B
9/7/2026 20:17,10,Zcash,"$1,172.34 ",2.10%,$19.76B
,,,,,
9/7/2026 20:18,1,Bitcoin,"$79,036.13 ",-0.71%,$1.58T
9/7/2026 20:18,2,Ethereum,"$2,482.86 ",0.16%,$302.97B
9/7/2026 20:18,3,Tether,$1.00 ,-0.01%,$183.37B
9/7/2026 20:18,4,BNB,$742.48 ,-0.24%,$98.87B
9/7/2026 20:18,5,XRP,$1.39 ,-1.10%,$87.51B
9/7/2026 20:18,6,USDC,$1.00 ,0.00%,$74.45B
9/7/2026 20:18,7,Solana,$104.20 ,-1.75%,$61.08B
9/7/2026 20:18,8,TRON,$0.33 ,-0.08%,$31.8B
9/7/2026 20:18,9,Hyperliquid,$86.47 ,-2.40%,$21.78B
9/7/2026 20:18,10,Zcash,"$1,172.34 ",2.10%,$19.76B
,,,,,
9/7/2026 20:18,1,Bitcoin,"$79,036.13 ",-0.71%,$1.58T
9/7/2026 20:18,2,Ethereum,"$2,482.86 ",0.16%,$302.97B
9/7/2026 20:18,3,Tether,$1.00 ,-0.01%,$183.37B
9/7/2026 20:18,4,BNB,$742.48 ,-0.24%,$98.87B
9/7/2026 20:18,5,XRP,$1.39 ,-1.10%,$87.51B
9/7/2026 20:18,6,USDC,$1.00 ,0.00%,$74.45B
9/7/2026 20:18,7,Solana,$104.20 ,-1.75%,$61.08B
9/7/2026 20:18,8,TRON,$0.33 ,-0.08%,$31.8B
9/7/2026 20:18,9,Hyperliquid,$86.47 ,-2.40%,$21.78B
9/7/2026 20:18,10,Zcash,"$1,172.34 ",2.10%,$19.76B
,,,,,
9/7/2026 20:18,1,Bitcoin,"$79,035.72 ",-0.82%,$1.58T
9/7/2026 20:18,2,Ethereum,"$2,478.67 ",-0.16%,$302.61B
9/7/2026 20:18,3,Tether,$1.00 ,-0.01%,$183.37B
9/7/2026 20:18,4,BNB,$743.09 ,-0.14%,$98.95B
9/7/2026 20:18,5,XRP,$1.39 ,-0.93%,$87.5B
9/7/2026 20:18,6,USDC,$1.00 ,-0.01%,$74.46B
9/7/2026 20:18,7,Solana,$104.25 ,-1.52%,$61.11B
9/7/2026 20:18,8,TRON,$0.33 ,-0.08%,$31.8B
9/7/2026 20:18,9,Hyperliquid,$86.47 ,-2.40%,$21.78B
9/7/2026 20:18,10,Zcash,"$1,172.34 ",2.10%,$19.76B
,,,,,
9/7/2026 20:18,1,Bitcoin,"$79,050.89 ",-0.69%,$1.58T
9/7/2026 20:18,2,Ethereum,"$2,481.41 ",0.04%,$302.47B
9/7/2026 20:18,3,Tether,$1.00 ,0.00%,$183.38B
9/7/2026 20:18,4,BNB,$742.80 ,-0.21%,$98.91B
9/7/2026 20:18,5,XRP,$1.39 ,-1.05%,$87.47B
9/7/2026 20:18,6,USDC,$1.00 ,0.00%,$74.45B
9/7/2026 20:18,7,Solana,$104.23 ,-1.60%,$61.09B
9/7/2026 20:18,8,TRON,$0.33 ,-0.09%,$31.79B
9/7/2026 20:18,9,Hyperliquid,$86.45 ,-2.42%,$21.78B
9/7/2026 20:18,10,Zcash,"$1,170.01 ",1.48%,$19.72B
,,,,,
9/7/2026 20:19,1,Bitcoin,"$79,050.89 ",-0.69%,$1.58T
9/7/2026 20:19,2,Ethereum,"$2,481.41 ",0.04%,$302.47B
9/7/2026 20:19,3,Tether,$1.00 ,0.00%,$183.38B
9/7/2026 20:19,4,BNB,$742.13 ,-0.24%,$98.82B
9/7/2026 20:19,5,XRP,$1.39 ,-1.05%,$87.47B
9/7/2026 20:19,6,USDC,$1.00 ,0.01%,$74.45B
9/7/2026 20:19,7,Solana,$104.23 ,-1.60%,$61.09B
9/7/2026 20:19,8,TRON,$0.33 ,-0.09%,$31.79B
9/7/2026 20:19,9,Hyperliquid,$86.61 ,-2.43%,$21.82B
9/7/2026 20:19,10,Zcash,"$1,170.01 ",1.48%,$19.72B
,,,,,
9/7/2026 20:19,1,Bitcoin,"$79,050.89 ",-0.69%,$1.58T
9/7/2026 20:19,2,Ethereum,"$2,481.41 ",0.04%,$302.47B
9/7/2026 20:19,3,Tether,$1.00 ,0.00%,$183.38B
9/7/2026 20:19,4,BNB,$742.13 ,-0.24%,$98.82B
9/7/2026 20:19,5,XRP,$1.39 ,-1.05%,$87.47B
9/7/2026 20:19,6,USDC,$1.00 ,0.01%,$74.45B
9/7/2026 20:19,7,Solana,$104.23 ,-1.60%,$61.09B
9/7/2026 20:19,8,TRON,$0.33 ,-0.09%,$31.79B
9/7/2026 20:19,9,Hyperliquid,$86.45 ,-2.42%,$21.78B
9/7/2026 20:19,10,Zcash,"$1,170.01 ",1.48%,$19.72B
,,,,,
9/7/2026 20:21,1,Bitcoin,"$79,033.63 ",-0.67%,$1.58T
9/7/2026 20:21,2,Ethereum,"$2,482.24 ",0.13%,$302.47B
9/7/2026 20:21,3,Tether,$1.00 ,0.00%,$183.38B
9/7/2026 20:21,4,BNB,$742.13 ,-0.24%,$98.82B
9/7/2026 20:21,5,XRP,$1.39 ,-1.05%,$87.47B
9/7/2026 20:21,6,USDC,$1.00 ,0.01%,$74.45B
9/7/2026 20:21,7,Solana,$104.23 ,-1.60%,$61.09B
9/7/2026 20:21,8,TRON,$0.33 ,-0.09%,$31.79B
9/7/2026 20:21,9,Hyperliquid,$86.45 ,-2.42%,$21.78B
9/7/2026 20:21,10,Zcash,"$1,170.01 ",1.48%,$19.72B
,,,,,
9/7/2026 20:21,1,Bitcoin,"$79,033.63 ",-0.67%,$1.58T
9/7/2026 20:21,2,Ethereum,"$2,482.24 ",0.13%,$302.47B
9/7/2026 20:21,3,Tether,$1.00 ,0.00%,$183.38B
9/7/2026 20:21,4,BNB,$742.13 ,-0.24%,$98.82B
9/7/2026 20:21,5,XRP,$1.39 ,-1.05%,$87.47B
9/7/2026 20:21,6,USDC,$1.00 ,0.01%,$74.45B
9/7/2026 20:21,7,Solana,$104.23 ,-1.60%,$61.09B
9/7/2026 20:21,8,TRON,$0.33 ,-0.09%,$31.79B
9/7/2026 20:21,9,Hyperliquid,$86.67 ,-2.35%,$21.83B
9/7/2026 20:21,10,Zcash,"$1,172.12 ",1.15%,$19.75B
,,,,,
9/7/2026 20:22,1,Bitcoin,"$79,033.63 ",-0.67%,$1.58T
9/7/2026 20:22,2,Ethereum,"$2,482.24 ",0.13%,$302.47B
9/7/2026 20:22,3,Tether,$1.00 ,0.00%,$183.38B
9/7/2026 20:22,4,BNB,$742.13 ,-0.24%,$98.82B
9/7/2026 20:22,5,XRP,$1.39 ,-1.05%,$87.47B
9/7/2026 20:22,6,USDC,$1.00 ,0.01%,$74.45B
9/7/2026 20:22,7,Solana,$104.23 ,-1.60%,$61.09B
9/7/2026 20:22,8,TRON,$0.33 ,-0.09%,$31.79B
9/7/2026 20:22,9,Hyperliquid,$86.45 ,-2.42%,$21.78B
9/7/2026 20:22,10,Zcash,"$1,170.01 ",1.48%,$19.72B
,,,,,
9/7/2026 20:22,1,Bitcoin,"$79,099.70 ",-0.71%,$1.58T
9/7/2026 20:22,2,Ethereum,"$2,482.24 ",0.13%,$302.47B
9/7/2026 20:22,3,Tether,$1.00 ,0.00%,$183.38B
9/7/2026 20:22,4,BNB,$742.13 ,-0.24%,$98.82B
9/7/2026 20:22,5,XRP,$1.39 ,-1.05%,$87.47B
9/7/2026 20:22,6,USDC,$1.00 ,0.01%,$74.45B
9/7/2026 20:22,7,Solana,$104.23 ,-1.60%,$61.09B
9/7/2026 20:22,8,TRON,$0.33 ,-0.09%,$31.79B
9/7/2026 20:22,9,Hyperliquid,$86.67 ,-2.63%,$21.83B
9/7/2026 20:22,10,Zcash,"$1,172.12 ",0.88%,$19.75B
,,,,,
9/7/2026 20:22,1,Bitcoin,"$79,190.78 ",-0.59%,$1.59T
9/7/2026 20:22,2,Ethereum,"$2,487.35 ",0.16%,$303.52B
9/7/2026 20:22,3,Tether,$1.00 ,-0.01%,$183.38B
9/7/2026 20:22,4,BNB,$742.98 ,-0.03%,$98.93B
9/7/2026 20:22,5,XRP,$1.39 ,-1.09%,$87.58B
9/7/2026 20:22,6,USDC,$1.00 ,0.00%,$74.45B
9/7/2026 20:22,7,Solana,$104.37 ,-1.60%,$61.18B
9/7/2026 20:22,8,TRON,$0.33 ,-0.09%,$31.79B
9/7/2026 20:22,9,Hyperliquid,$86.45 ,-2.42%,$21.78B
9/7/2026 20:22,10,Zcash,"$1,170.01 ",1.48%,$19.72B
,,,,,
9/7/2026 20:22,1,Bitcoin,"$79,033.63 ",-0.67%,$1.58T
9/7/2026 20:22,2,Ethereum,"$2,482.24 ",0.13%,$302.47B
9/7/2026 20:22,3,Tether,$1.00 ,0.00%,$183.38B
9/7/2026 20:22,4,BNB,$742.13 ,-0.24%,$98.82B
9/7/2026 20:22,5,XRP,$1.39 ,-1.05%,$87.47B
9/7/2026 20:22,6,USDC,$1.00 ,0.01%,$74.45B
9/7/2026 20:22,7,Solana,$104.23 ,-1.60%,$61.09B
9/7/2026 20:22,8,TRON,$0.33 ,-0.09%,$31.79B
9/7/2026 20:22,9,Hyperliquid,$86.45 ,-2.42%,$21.78B
9/7/2026 20:22,10,Zcash,"$1,170.01 ",1.48%,$19.72B
,,,,,
9/7/2026 20:23,1,Bitcoin,"$79,188.36 ",-0.65%,$1.59T
9/7/2026 20:23,2,Ethereum,"$2,487.37 ",0.09%,$303.52B
9/7/2026 20:23,3,Tether,$1.00 ,0.00%,$183.38B
9/7/2026 20:23,4,BNB,$742.13 ,-0.24%,$98.82B
9/7/2026 20:23,5,XRP,$1.39 ,-1.05%,$87.47B
9/7/2026 20:23,6,USDC,$1.00 ,0.01%,$74.45B
9/7/2026 20:23,7,Solana,$104.23 ,-1.60%,$61.09B
9/7/2026 20:23,8,TRON,$0.33 ,-0.09%,$31.79B
9/7/2026 20:23,9,Hyperliquid,$86.45 ,-2.42%,$21.78B
9/7/2026 20:23,10,Zcash,"$1,170.01 ",1.48%,$19.72B
,,,,,
9/7/2026 20:23,1,Bitcoin,"$79,077.27 ",-0.73%,$1.58T
9/7/2026 20:23,2,Ethereum,"$2,483.44 ",0.04%,$302.47B
9/7/2026 20:23,3,Tether,$1.00 ,0.00%,$183.38B
9/7/2026 20:23,4,BNB,$742.13 ,-0.24%,$98.82B
9/7/2026 20:23,5,XRP,$1.39 ,-1.05%,$87.47B
9/7/2026 20:23,6,USDC,$1.00 ,0.01%,$74.45B
9/7/2026 20:23,7,Solana,$104.23 ,-1.60%,$61.09B
9/7/2026 20:23,8,TRON,$0.33 ,-0.09%,$31.79B
9/7/2026 20:23,9,Hyperliquid,$86.45 ,-2.42%,$21.78B
9/7/2026 20:23,10,Zcash,"$1,170.01 ",1.48%,$19.72B
,,,,,
9/7/2026 20:24,1,Bitcoin,"$79,238.71 ",-0.58%,$1.59T
9/7/2026 20:24,2,Ethereum,"$2,489.49 ",0.18%,$303.78B
9/7/2026 20:24,3,Tether,$1.00 ,-0.01%,$183.39B
9/7/2026 20:24,4,BNB,$743.24 ,-0.02%,$98.97B
9/7/2026 20:24,5,XRP,$1.39 ,-1.05%,$87.64B
9/7/2026 20:24,6,USDC,$1.00 ,0.00%,$74.45B
9/7/2026 20:24,7,Solana,$104.49 ,-1.52%,$61.24B
9/7/2026 20:24,8,TRON,$0.33 ,-0.09%,$31.79B
9/7/2026 20:24,9,Hyperliquid,$86.45 ,-2.42%,$21.78B
9/7/2026 20:24,10,Zcash,"$1,170.01 ",1.48%,$19.72B
,,,,,
9/7/2026 20:24,1,Bitcoin,"$79,077.27 ",-0.73%,$1.58T
9/7/2026 20:24,2,Ethereum,"$2,483.44 ",0.04%,$302.47B
9/7/2026 20:24,3,Tether,$1.00 ,0.00%,$183.38B
9/7/2026 20:24,4,BNB,$742.13 ,-0.24%,$98.82B
9/7/2026 20:24,5,XRP,$1.39 ,-1.05%,$87.47B
9/7/2026 20:24,6,USDC,$1.00 ,0.01%,$74.45B
9/7/2026 20:24,7,Solana,$104.23 ,-1.60%,$61.09B
9/7/2026 20:24,8,TRON,$0.33 ,-0.09%,$31.79B
9/7/2026 20:24,9,Hyperliquid,$86.45 ,-2.42%,$21.78B
9/7/2026 20:24,10,Zcash,"$1,170.01 ",1.48%,$19.72B
,,,,,
9/7/2026 20:25,1,Bitcoin,"$79,077.27 ",-0.73%,$1.58T
9/7/2026 20:25,2,Ethereum,"$2,483.44 ",0.04%,$302.47B
9/7/2026 20:25,3,Tether,$1.00 ,0.00%,$183.38B
9/7/2026 20:25,4,BNB,$742.13 ,-0.24%,$98.82B
9/7/2026 20:25,5,XRP,$1.39 ,-1.05%,$87.47B
9/7/2026 20:25,6,USDC,$1.00 ,0.01%,$74.45B
9/7/2026 20:25,7,Solana,$104.23 ,-1.60%,$61.09B
9/7/2026 20:25,8,TRON,$0.33 ,-0.09%,$31.79B
9/7/2026 20:25,9,Hyperliquid,$86.45 ,-2.42%,$21.78B
9/7/2026 20:25,10,Zcash,"$1,170.01 ",1.48%,$19.72B
,,,,,
9/7/2026 20:25,1,Bitcoin,"$79,243.83 ",-0.55%,$1.59T
9/7/2026 20:25,2,Ethereum,"$2,490.15 ",0.22%,$303.86B
9/7/2026 20:25,3,Tether,$1.00 ,-0.01%,$183.37B
9/7/2026 20:25,4,BNB,$743.56 ,0.03%,$99.01B
9/7/2026 20:25,5,XRP,$1.39 ,-1.01%,$87.72B
9/7/2026 20:25,6,USDC,$1.00 ,-0.01%,$74.44B
9/7/2026 20:25,7,Solana,$104.61 ,-1.37%,$61.32B
9/7/2026 20:25,8,TRON,$0.33 ,-0.02%,$31.79B
9/7/2026 20:25,9,Hyperliquid,$86.48 ,-2.61%,$21.78B
9/7/2026 20:25,10,Zcash,"$1,173.80 ",0.69%,$19.78B
,,,,,
9/7/2026 20:25,1,Bitcoin,"$79,077.27 ",-0.73%,$1.58T
9/7/2026 20:25,2,Ethereum,"$2,483.44 ",0.04%,$302.93B
9/7/2026 20:25,3,Tether,$1.00 ,-0.01%,$183.37B
9/7/2026 20:25,4,BNB,$742.81 ,-0.04%,$98.91B
9/7/2026 20:25,5,XRP,$1.39 ,-1.09%,$87.51B
9/7/2026 20:25,6,USDC,$1.00 ,0.00%,$74.45B
9/7/2026 20:25,7,Solana,$104.21 ,-1.73%,$61.08B
9/7/2026 20:25,8,TRON,$0.33 ,-0.02%,$31.79B
9/7/2026 20:25,9,Hyperliquid,$86.48 ,-2.61%,$21.78B
9/7/2026 20:25,10,Zcash,"$1,170.37 ",1.21%,$19.73B
,,,,,
9/7/2026 20:26,1,Bitcoin,"$79,077.27 ",-0.73%,$1.58T
9/7/2026 20:26,2,Ethereum,"$2,483.44 ",0.04%,$302.93B
9/7/2026 20:26,3,Tether,$1.00 ,-0.01%,$183.38B
9/7/2026 20:26,4,BNB,$742.81 ,-0.04%,$98.91B
9/7/2026 20:26,5,XRP,$1.39 ,-1.09%,$87.51B
9/7/2026 20:26,6,USDC,$1.00 ,0.00%,$74.45B
9/7/2026 20:26,7,Solana,$104.21 ,-1.73%,$61.08B
9/7/2026 20:26,8,TRON,$0.33 ,-0.02%,$31.79B
9/7/2026 20:26,9,Hyperliquid,$86.82 ,-2.68%,$21.87B
9/7/2026 20:26,10,Zcash,"$1,173.73 ",0.68%,$19.78B
,,,,,
9/7/2026 20:26,1,Bitcoin,"$79,205.06 ",-0.57%,$1.59T
9/7/2026 20:26,2,Ethereum,"$2,483.44 ",0.04%,$302.93B
9/7/2026 20:26,3,Tether,$1.00 ,-0.01%,$183.37B
9/7/2026 20:26,4,BNB,$742.81 ,-0.04%,$98.91B
9/7/2026 20:26,5,XRP,$1.39 ,-1.09%,$87.51B
9/7/2026 20:26,6,USDC,$1.00 ,0.00%,$74.45B
9/7/2026 20:26,7,Solana,$104.21 ,-1.73%,$61.08B
9/7/2026 20:26,8,TRON,$0.33 ,-0.02%,$31.79B
9/7/2026 20:26,9,Hyperliquid,$86.48 ,-2.61%,$21.78B
9/7/2026 20:26,10,Zcash,"$1,170.37 ",1.21%,$19.73B
,,,,,
9/7/2026 20:26,1,Bitcoin,"$79,205.94 ",-0.57%,$1.59T
9/7/2026 20:26,2,Ethereum,"$2,488.71 ",0.22%,$303.68B
9/7/2026 20:26,3,Tether,$1.00 ,-0.01%,$183.37B
9/7/2026 20:26,4,BNB,$743.56 ,0.03%,$99.01B
9/7/2026 20:26,5,XRP,$1.39 ,-0.98%,$87.72B
9/7/2026 20:26,6,USDC,$1.00 ,0.00%,$74.45B
9/7/2026 20:26,7,Solana,$104.65 ,-1.28%,$61.34B
9/7/2026 20:26,8,TRON,$0.33 ,-0.02%,$31.79B
9/7/2026 20:26,9,Hyperliquid,$86.48 ,-2.61%,$21.78B
9/7/2026 20:26,10,Zcash,"$1,170.37 ",1.21%,$19.73B
,,,,,
9/7/2026 20:27,1,Bitcoin,"$79,077.27 ",-0.73%,$1.58T
9/7/2026 20:27,2,Ethereum,"$2,483.44 ",0.04%,$302.93B
9/7/2026 20:27,3,Tether,$1.00 ,-0.01%,$183.37B
9/7/2026 20:27,4,BNB,$742.81 ,-0.04%,$98.91B
9/7/2026 20:27,5,XRP,$1.39 ,-1.09%,$87.51B
9/7/2026 20:27,6,USDC,$1.00 ,0.00%,$74.45B
9/7/2026 20:27,7,Solana,$104.21 ,-1.73%,$61.08B
9/7/2026 20:27,8,TRON,$0.33 ,-0.02%,$31.79B
9/7/2026 20:27,9,Hyperliquid,$86.48 ,-2.61%,$21.78B
9/7/2026 20:27,10,Zcash,"$1,170.37 ",1.21%,$19.73B
,,,,,
9/7/2026 20:27,1,Bitcoin,"$79,203.76 ",-0.53%,$1.59T
9/7/2026 20:27,2,Ethereum,"$2,490.16 ",0.37%,$303.86B
9/7/2026 20:27,3,Tether,$1.00 ,-0.02%,$183.37B
9/7/2026 20:27,4,BNB,$742.81 ,-0.04%,$98.91B
9/7/2026 20:27,5,XRP,$1.39 ,-0.88%,$87.8B
9/7/2026 20:27,6,USDC,$1.00 ,-0.01%,$74.45B
9/7/2026 20:27,7,Solana,$104.68 ,-1.23%,$61.36B
9/7/2026 20:27,8,TRON,$0.33 ,-0.02%,$31.79B
9/7/2026 20:27,9,Hyperliquid,$86.48 ,-2.61%,$21.78B
9/7/2026 20:27,10,Zcash,"$1,170.37 ",1.21%,$19.73B
,,,,,
9/7/2026 20:28,1,Bitcoin,"$79,203.71 ",-0.50%,$1.59T
9/7/2026 20:28,2,Ethereum,"$2,490.14 ",0.39%,$303.86B
9/7/2026 20:28,3,Tether,$1.00 ,-0.02%,$183.37B
9/7/2026 20:28,4,BNB,$742.81 ,-0.04%,$98.91B
9/7/2026 20:28,5,XRP,$1.39 ,-0.83%,$87.8B
9/7/2026 20:28,6,USDC,$1.00 ,0.00%,$74.45B
9/7/2026 20:28,7,Solana,$104.67 ,-1.14%,$61.35B
9/7/2026 20:28,8,TRON,$0.33 ,-0.02%,$31.79B
9/7/2026 20:28,9,Hyperliquid,$86.48 ,-2.61%,$21.78B
9/7/2026 20:28,10,Zcash,"$1,170.37 ",1.21%,$19.73B
,,,,,
9/7/2026 20:28,1,Bitcoin,"$79,225.85 ",-0.60%,$1.58T
9/7/2026 20:28,2,Ethereum,"$2,487.44 ",0.09%,$302.93B
9/7/2026 20:28,3,Tether,$1.00 ,-0.01%,$183.37B
9/7/2026 20:28,4,BNB,$742.81 ,-0.04%,$98.91B
9/7/2026 20:28,5,XRP,$1.39 ,-1.09%,$87.51B
9/7/2026 20:28,6,USDC,$1.00 ,0.00%,$74.45B
9/7/2026 20:28,7,Solana,$104.21 ,-1.73%,$61.08B
9/7/2026 20:28,8,TRON,$0.33 ,-0.02%,$31.79B
9/7/2026 20:28,9,Hyperliquid,$86.48 ,-2.61%,$21.78B
9/7/2026 20:28,10,Zcash,"$1,170.37 ",1.21%,$19.73B
,,,,,
9/7/2026 20:29,1,Bitcoin,"$79,198.85 ",-0.51%,$1.59T
9/7/2026 20:29,2,Ethereum,"$2,489.60 ",0.37%,$303.79B
9/7/2026 20:29,3,Tether,$1.00 ,-0.02%,$183.37B
9/7/2026 20:29,4,BNB,$742.81 ,-0.04%,$98.91B
9/7/2026 20:29,5,XRP,$1.39 ,-0.83%,$87.8B
9/7/2026 20:29,6,USDC,$1.00 ,0.00%,$74.45B
9/7/2026 20:29,7,Solana,$104.67 ,-1.14%,$61.35B
9/7/2026 20:29,8,TRON,$0.33 ,-0.02%,$31.79B
9/7/2026 20:29,9,Hyperliquid,$86.48 ,-2.61%,$21.78B
9/7/2026 20:29,10,Zcash,"$1,170.37 ",1.21%,$19.73B
,,,,,
9/7/2026 20:29,1,Bitcoin,"$79,206.12 ",-0.52%,$1.59T
9/7/2026 20:29,2,Ethereum,"$2,488.73 ",0.23%,$303.69B
9/7/2026 20:29,3,Tether,$1.00 ,-0.01%,$183.38B
9/7/2026 20:29,4,BNB,$743.56 ,0.03%,$99.01B
9/7/2026 20:29,5,XRP,$1.39 ,-1.09%,$87.6B
9/7/2026 20:29,6,USDC,$1.00 ,0.00%,$74.45B
9/7/2026 20:29,7,Solana,$104.41 ,-1.59%,$61.2B
9/7/2026 20:29,8,TRON,$0.33 ,-0.01%,$31.8B
9/7/2026 20:29,9,Hyperliquid,$86.82 ,-2.50%,$21.87B
9/7/2026 20:29,10,Zcash,"$1,172.59 ",0.85%,$19.76B
,,,,,
9/7/2026 20:29,1,Bitcoin,"$79,187.94 ",-0.49%,$1.59T
9/7/2026 20:29,2,Ethereum,"$2,489.87 ",0.41%,$303.83B
9/7/2026 20:29,3,Tether,$1.00 ,-0.02%,$183.37B
9/7/2026 20:29,4,BNB,$743.56 ,0.03%,$99.01B
9/7/2026 20:29,5,XRP,$1.39 ,-0.84%,$87.79B
9/7/2026 20:29,6,USDC,$1.00 ,0.00%,$74.45B
9/7/2026 20:29,7,Solana,$104.67 ,-1.13%,$61.35B
9/7/2026 20:29,8,TRON,$0.33 ,-0.01%,$31.8B
9/7/2026 20:29,9,Hyperliquid,$86.71 ,-2.65%,$21.84B
9/7/2026 20:29,10,Zcash,"$1,173.80 ",0.69%,$19.78B
,,,,,
9/7/2026 20:30,1,Bitcoin,"$79,206.12 ",-0.52%,$1.59T
9/7/2026 20:30,2,Ethereum,"$2,488.73 ",0.23%,$303.69B
9/7/2026 20:30,3,Tether,$1.00 ,-0.01%,$183.38B
9/7/2026 20:30,4,BNB,$743.56 ,0.03%,$99.01B
9/7/2026 20:30,5,XRP,$1.39 ,-1.09%,$87.6B
9/7/2026 20:30,6,USDC,$1.00 ,0.00%,$74.45B
9/7/2026 20:30,7,Solana,$104.41 ,-1.59%,$61.2B
9/7/2026 20:30,8,TRON,$0.33 ,-0.01%,$31.8B
9/7/2026 20:30,9,Hyperliquid,$86.81 ,-2.50%,$21.87B
9/7/2026 20:30,10,Zcash,"$1,173.17 ",0.87%,$19.77B
,,,,,
9/7/2026 20:30,1,Bitcoin,"$79,206.12 ",-0.52%,$1.59T
9/7/2026 20:30,2,Ethereum,"$2,488.73 ",0.23%,$303.69B
9/7/2026 20:30,3,Tether,$1.00 ,-0.01%,$183.38B
9/7/2026 20:30,4,BNB,$743.56 ,0.03%,$99.01B
9/7/2026 20:30,5,XRP,$1.39 ,-1.09%,$87.6B
9/7/2026 20:30,6,USDC,$1.00 ,0.00%,$74.45B
9/7/2026 20:30,7,Solana,$104.41 ,-1.59%,$61.2B
9/7/2026 20:30,8,TRON,$0.33 ,-0.01%,$31.8B
9/7/2026 20:30,9,Hyperliquid,$86.71 ,-2.65%,$21.84B
9/7/2026 20:30,10,Zcash,"$1,173.80 ",0.69%,$19.78B
,,,,,
9/7/2026 20:30,1,Bitcoin,"$79,164.00 ",-0.48%,$1.58T
9/7/2026 20:30,2,Ethereum,"$2,489.18 ",0.43%,$303.74B
9/7/2026 20:30,3,Tether,$1.00 ,-0.02%,$183.36B
9/7/2026 20:30,4,BNB,$743.58 ,0.14%,$99.01B
9/7/2026 20:30,5,XRP,$1.39 ,-0.87%,$87.76B
9/7/2026 20:30,6,USDC,$1.00 ,-0.01%,$74.44B
9/7/2026 20:30,7,Solana,$104.64 ,-1.15%,$61.34B
9/7/2026 20:30,8,TRON,$0.33 ,-0.01%,$31.8B
9/7/2026 20:30,9,Hyperliquid,$86.71 ,-2.65%,$21.84B
9/7/2026 20:30,10,Zcash,"$1,173.80 ",0.92%,$19.78B
,,,,,
9/7/2026 20:31,1,Bitcoin,"$79,153.11 ",-0.41%,$1.58T
9/7/2026 20:31,2,Ethereum,"$2,488.72 ",0.49%,$303.69B
9/7/2026 20:31,3,Tether,$1.00 ,-0.02%,$183.36B
9/7/2026 20:31,4,BNB,$743.52 ,0.21%,$99B
9/7/2026 20:31,5,XRP,$1.39 ,-0.82%,$87.76B
9/7/2026 20:31,6,USDC,$1.00 ,0.00%,$74.45B
9/7/2026 20:31,7,Solana,$104.41 ,-1.59%,$61.2B
9/7/2026 20:31,8,TRON,$0.33 ,-0.01%,$31.8B
9/7/2026 20:31,9,Hyperliquid,$86.71 ,-2.65%,$21.84B
9/7/2026 20:31,10,Zcash,"$1,173.80 ",0.69%,$19.78B
,,,,,
9/7/2026 20:31,1,Bitcoin,"$79,136.82 ",-0.43%,$1.58T
9/7/2026 20:31,2,Ethereum,"$2,488.05 ",0.47%,$303.6B
9/7/2026 20:31,3,Tether,$1.00 ,-0.02%,$183.37B
9/7/2026 20:31,4,BNB,$743.50 ,0.21%,$99B
9/7/2026 20:31,5,XRP,$1.39 ,-0.83%,$87.74B
9/7/2026 20:31,6,USDC,$1.00 ,0.00%,$74.45B
9/7/2026 20:31,7,Solana,$104.62 ,-1.02%,$61.32B
9/7/2026 20:31,8,TRON,$0.33 ,-0.01%,$31.8B
9/7/2026 20:31,9,Hyperliquid,$86.71 ,-2.65%,$21.84B
9/7/2026 20:31,10,Zcash,"$1,173.80 ",0.69%,$19.78B
,,,,,
9/7/2026 20:32,1,Bitcoin,"$79,198.69 ",-0.47%,$1.59T
9/7/2026 20:32,2,Ethereum,"$2,490.19 ",0.39%,$303.69B
9/7/2026 20:32,3,Tether,$1.00 ,-0.01%,$183.38B
9/7/2026 20:32,4,BNB,$743.56 ,0.03%,$99.01B
9/7/2026 20:32,5,XRP,$1.39 ,-1.09%,$87.6B
9/7/2026 20:32,6,USDC,$1.00 ,0.00%,$74.45B
9/7/2026 20:32,7,Solana,$104.41 ,-1.59%,$61.2B
9/7/2026 20:32,8,TRON,$0.33 ,-0.01%,$31.8B
9/7/2026 20:32,9,Hyperliquid,$86.79 ,-2.36%,$21.86B
9/7/2026 20:32,10,Zcash,"$1,172.80 ",1.03%,$19.77B
,,,,,
9/7/2026 20:32,1,Bitcoin,"$79,198.69 ",-0.47%,$1.59T
9/7/2026 20:32,2,Ethereum,"$2,490.19 ",0.39%,$303.69B
9/7/2026 20:32,3,Tether,$1.00 ,-0.01%,$183.38B
9/7/2026 20:32,4,BNB,$743.56 ,0.03%,$99.01B
9/7/2026 20:32,5,XRP,$1.39 ,-1.09%,$87.6B
9/7/2026 20:32,6,USDC,$1.00 ,0.00%,$74.45B
9/7/2026 20:32,7,Solana,$104.41 ,-1.59%,$61.2B
9/7/2026 20:32,8,TRON,$0.33 ,-0.01%,$31.8B
9/7/2026 20:32,9,Hyperliquid,$86.80 ,-2.27%,$21.86B
9/7/2026 20:32,10,Zcash,"$1,172.75 ",1.14%,$19.77B
,,,,,
9/7/2026 20:32,1,Bitcoin,"$79,198.69 ",-0.47%,$1.59T
9/7/2026 20:32,2,Ethereum,"$2,490.19 ",0.39%,$303.69B
9/7/2026 20:32,3,Tether,$1.00 ,-0.01%,$183.38B
9/7/2026 20:32,4,BNB,$743.56 ,0.03%,$99.01B
9/7/2026 20:32,5,XRP,$1.39 ,-1.09%,$87.6B
9/7/2026 20:32,6,USDC,$1.00 ,0.00%,$74.45B
9/7/2026 20:32,7,Solana,$104.41 ,-1.59%,$61.2B
9/7/2026 20:32,8,TRON,$0.33 ,-0.01%,$31.8B
9/7/2026 20:32,9,Hyperliquid,$86.71 ,-2.65%,$21.84B
9/7/2026 20:32,10,Zcash,"$1,173.80 ",0.69%,$19.78B
,,,,,
9/7/2026 20:33,1,Bitcoin,"$79,148.10 ",-0.40%,$1.58T
9/7/2026 20:33,2,Ethereum,"$2,487.86 ",0.49%,$303.58B
9/7/2026 20:33,3,Tether,$1.00 ,-0.01%,$183.39B
9/7/2026 20:33,4,BNB,$743.50 ,0.22%,$99B
9/7/2026 20:33,5,XRP,$1.39 ,-0.72%,$87.73B
9/7/2026 20:33,6,USDC,$1.00 ,0.00%,$74.45B
9/7/2026 20:33,7,Solana,$104.62 ,-0.89%,$61.33B
9/7/2026 20:33,8,TRON,$0.33 ,-0.01%,$31.8B
9/7/2026 20:33,9,Hyperliquid,$86.71 ,-2.65%,$21.84B
9/7/2026 20:33,10,Zcash,"$1,173.80 ",0.69%,$19.78B
,,,,,
9/7/2026 20:33,1,Bitcoin,"$79,156.68 ",-0.41%,$1.59T
9/7/2026 20:33,2,Ethereum,"$2,489.97 ",0.47%,$303.87B
9/7/2026 20:33,3,Tether,$1.00 ,-0.01%,$183.37B
9/7/2026 20:33,4,BNB,$743.86 ,0.15%,$99.05B
9/7/2026 20:33,5,XRP,$1.39 ,-0.98%,$87.72B
9/7/2026 20:33,6,USDC,$1.00 ,-0.01%,$74.45B
9/7/2026 20:33,7,Solana,$104.66 ,-1.25%,$61.34B
9/7/2026 20:33,8,TRON,$0.33 ,-0.07%,$31.79B
9/7/2026 20:33,9,Hyperliquid,$86.82 ,-2.59%,$21.87B
9/7/2026 20:33,10,Zcash,"$1,171.69 ",0.74%,$19.75B
,,,,,
9/7/2026 20:33,1,Bitcoin,"$79,127.23 ",-0.43%,$1.58T
9/7/2026 20:33,2,Ethereum,"$2,486.59 ",0.44%,$303.43B
9/7/2026 20:33,3,Tether,$1.00 ,-0.01%,$183.39B
9/7/2026 20:33,4,BNB,$743.26 ,0.19%,$98.97B
9/7/2026 20:33,5,XRP,$1.39 ,-0.77%,$87.69B
9/7/2026 20:33,6,USDC,$1.00 ,0.00%,$74.45B
9/7/2026 20:33,7,Solana,$104.60 ,-0.92%,$61.31B
9/7/2026 20:33,8,TRON,$0.33 ,-0.07%,$31.79B
9/7/2026 20:33,9,Hyperliquid,$86.82 ,-2.59%,$21.87B
9/7/2026 20:33,10,Zcash,"$1,171.69 ",0.74%,$19.75B
,,,,,
9/7/2026 20:34,1,Bitcoin,"$79,156.68 ",-0.41%,$1.59T
9/7/2026 20:34,2,Ethereum,"$2,489.97 ",0.47%,$303.87B
9/7/2026 20:34,3,Tether,$1.00 ,-0.01%,$183.37B
9/7/2026 20:34,4,BNB,$743.86 ,0.15%,$99.05B
9/7/2026 20:34,5,XRP,$1.39 ,-0.98%,$87.72B
9/7/2026 20:34,6,USDC,$1.00 ,-0.01%,$74.45B
9/7/2026 20:34,7,Solana,$104.66 ,-1.25%,$61.34B
9/7/2026 20:34,8,TRON,$0.33 ,-0.07%,$31.79B
9/7/2026 20:34,9,Hyperliquid,$86.82 ,-2.59%,$21.87B
9/7/2026 20:34,10,Zcash,"$1,171.69 ",0.74%,$19.75B
,,,,,
9/7/2026 20:34,1,Bitcoin,"$79,117.45 ",-0.44%,$1.58T
9/7/2026 20:34,2,Ethereum,"$2,485.94 ",0.41%,$303.35B
9/7/2026 20:34,3,Tether,$1.00 ,-0.01%,$183.37B
9/7/2026 20:34,4,BNB,$743.19 ,0.18%,$98.96B
9/7/2026 20:34,5,XRP,$1.39 ,-0.64%,$87.67B
9/7/2026 20:34,6,USDC,$1.00 ,0.01%,$74.45B
9/7/2026 20:34,7,Solana,$104.58 ,-0.65%,$61.3B
9/7/2026 20:34,8,TRON,$0.33 ,-0.07%,$31.79B
9/7/2026 20:34,9,Hyperliquid,$86.82 ,-2.59%,$21.87B
9/7/2026 20:34,10,Zcash,"$1,171.69 ",0.74%,$19.75B
,,,,,
9/7/2026 20:34,1,Bitcoin,"$79,156.68 ",-0.41%,$1.59T
9/7/2026 20:34,2,Ethereum,"$2,489.97 ",0.47%,$303.87B
9/7/2026 20:34,3,Tether,$1.00 ,-0.01%,$183.38B
9/7/2026 20:34,4,BNB,$743.86 ,0.15%,$99.05B
9/7/2026 20:34,5,XRP,$1.39 ,-0.98%,$87.72B
9/7/2026 20:34,6,USDC,$1.00 ,-0.01%,$74.45B
9/7/2026 20:34,7,Solana,$104.66 ,-1.25%,$61.34B
9/7/2026 20:34,8,TRON,$0.33 ,-0.07%,$31.79B
9/7/2026 20:34,9,Hyperliquid,$86.82 ,-2.59%,$21.87B
9/7/2026 20:34,10,Zcash,"$1,171.69 ",0.74%,$19.75B
,,,,,
9/7/2026 20:35,1,Bitcoin,"$79,114.11 ",-0.51%,$1.58T
9/7/2026 20:35,2,Ethereum,"$2,484.64 ",0.31%,$303.19B
9/7/2026 20:35,3,Tether,$1.00 ,-0.01%,$183.38B
9/7/2026 20:35,4,BNB,$743.18 ,0.16%,$98.96B
9/7/2026 20:35,5,XRP,$1.39 ,-0.64%,$87.66B
9/7/2026 20:35,6,USDC,$1.00 ,-0.01%,$74.45B
9/7/2026 20:35,7,Solana,$104.56 ,-0.71%,$61.29B
9/7/2026 20:35,8,TRON,$0.33 ,-0.07%,$31.79B
9/7/2026 20:35,9,Hyperliquid,$86.82 ,-2.59%,$21.87B
9/7/2026 20:35,10,Zcash,"$1,171.69 ",0.74%,$19.75B
,,,,,
9/7/2026 20:35,1,Bitcoin,"$79,087.69 ",-0.54%,$1.58T
9/7/2026 20:35,2,Ethereum,"$2,484.12 ",0.29%,$303.13B
9/7/2026 20:35,3,Tether,$1.00 ,-0.01%,$183.38B
9/7/2026 20:35,4,BNB,$743.15 ,0.16%,$98.95B
9/7/2026 20:35,5,XRP,$1.39 ,-0.65%,$87.66B
9/7/2026 20:35,6,USDC,$1.00 ,-0.01%,$74.45B
9/7/2026 20:35,7,Solana,$104.56 ,-0.71%,$61.29B
9/7/2026 20:35,8,TRON,$0.33 ,-0.07%,$31.79B
9/7/2026 20:35,9,Hyperliquid,$86.82 ,-2.59%,$21.87B
9/7/2026 20:35,10,Zcash,"$1,171.69 ",0.74%,$19.75B
,,,,,
9/7/2026 20:36,1,Bitcoin,"$79,086.54 ",-0.61%,$1.58T
9/7/2026 20:36,2,Ethereum,"$2,484.26 ",0.22%,$303.14B
9/7/2026 20:36,3,Tether,$1.00 ,-0.01%,$183.37B
9/7/2026 20:36,4,BNB,$743.86 ,0.15%,$99.05B
9/7/2026 20:36,5,XRP,$1.39 ,-0.69%,$87.65B
9/7/2026 20:36,6,USDC,$1.00 ,-0.01%,$74.45B
9/7/2026 20:36,7,Solana,$104.55 ,-0.74%,$61.28B
9/7/2026 20:36,8,TRON,$0.33 ,-0.07%,$31.79B
9/7/2026 20:36,9,Hyperliquid,$86.64 ,-2.42%,$21.82B
9/7/2026 20:36,10,Zcash,"$1,171.69 ",0.87%,$19.69B
,,,,,
9/7/2026 20:36,1,Bitcoin,"$79,035.85 ",-0.67%,$1.58T
9/7/2026 20:36,2,Ethereum,"$2,482.77 ",0.16%,$302.96B
9/7/2026 20:36,3,Tether,$1.00 ,-0.01%,$183.38B
9/7/2026 20:36,4,BNB,$743.86 ,0.15%,$99.05B
9/7/2026 20:36,5,XRP,$1.39 ,-0.98%,$87.72B
9/7/2026 20:36,6,USDC,$1.00 ,-0.01%,$74.45B
9/7/2026 20:36,7,Solana,$104.66 ,-1.25%,$61.34B
9/7/2026 20:36,8,TRON,$0.33 ,-0.07%,$31.79B
9/7/2026 20:36,9,Hyperliquid,$86.82 ,-2.59%,$21.87B
9/7/2026 20:36,10,Zcash,"$1,171.69 ",0.74%,$19.75B
,,,,,
9/7/2026 20:36,1,Bitcoin,"$79,148.10 ",-0.40%,$1.59T
9/7/2026 20:36,2,Ethereum,"$2,488.65 ",0.63%,$303.87B
9/7/2026 20:36,3,Tether,$1.00 ,-0.01%,$183.37B
9/7/2026 20:36,4,BNB,$743.86 ,0.15%,$99.05B
9/7/2026 20:36,5,XRP,$1.39 ,-0.98%,$87.72B
9/7/2026 20:36,6,USDC,$1.00 ,-0.01%,$74.45B
9/7/2026 20:36,7,Solana,$104.42 ,-0.87%,$61.2B
9/7/2026 20:36,8,TRON,$0.33 ,-0.07%,$31.79B
9/7/2026 20:36,9,Hyperliquid,$86.35 ,-2.74%,$21.75B
9/7/2026 20:36,10,Zcash,"$1,171.69 ",0.74%,$19.75B
,,,,,
9/7/2026 20:37,1,Bitcoin,"$79,038.35 ",-0.63%,$1.58T
9/7/2026 20:37,2,Ethereum,"$2,482.74 ",0.22%,$302.96B
9/7/2026 20:37,3,Tether,$1.00 ,-0.02%,$183.37B
9/7/2026 20:37,4,BNB,$742.21 ,-0.06%,$98.83B
9/7/2026 20:37,5,XRP,$1.39 ,-0.91%,$87.46B
9/7/2026 20:37,6,USDC,$1.00 ,-0.01%,$74.45B
9/7/2026 20:37,7,Solana,$104.41 ,-0.98%,$61.2B
9/7/2026 20:37,8,TRON,$0.33 ,-0.07%,$31.79B
9/7/2026 20:37,9,Hyperliquid,$86.82 ,-2.59%,$21.87B
9/7/2026 20:37,10,Zcash,"$1,171.69 ",0.74%,$19.75B
,,,,,
9/7/2026 20:37,1,Bitcoin,"$79,086.54 ",-0.61%,$1.59T
9/7/2026 20:37,2,Ethereum,"$2,484.70 ",0.31%,$303.87B
9/7/2026 20:37,3,Tether,$1.00 ,-0.01%,$183.37B
9/7/2026 20:37,4,BNB,$743.86 ,0.15%,$99.05B
9/7/2026 20:37,5,XRP,$1.39 ,-0.98%,$87.72B
9/7/2026 20:37,6,USDC,$1.00 ,-0.01%,$74.45B
9/7/2026 20:37,7,Solana,$104.66 ,-1.25%,$61.34B
9/7/2026 20:37,8,TRON,$0.33 ,-0.07%,$31.79B
9/7/2026 20:37,9,Hyperliquid,$86.32 ,-2.95%,$21.74B
9/7/2026 20:37,10,Zcash,"$1,161.79 ",0.25%,$19.58B
,,,,,
9/7/2026 20:37,1,Bitcoin,"$79,059.84 ",-0.61%,$1.58T
9/7/2026 20:37,2,Ethereum,"$2,484.26 ",0.28%,$303.14B
9/7/2026 20:37,3,Tether,$1.00 ,-0.01%,$183.37B
9/7/2026 20:37,4,BNB,$743.86 ,0.15%,$99.05B
9/7/2026 20:37,5,XRP,$1.39 ,-0.98%,$87.72B
9/7/2026 20:37,6,USDC,$1.00 ,-0.01%,$74.45B
9/7/2026 20:37,7,Solana,$104.66 ,-1.25%,$61.34B
9/7/2026 20:37,8,TRON,$0.33 ,-0.07%,$31.79B
9/7/2026 20:37,9,Hyperliquid,$86.82 ,-2.59%,$21.87B
9/7/2026 20:37,10,Zcash,"$1,171.69 ",0.74%,$19.75B
,,,,,
9/7/2026 20:38,1,Bitcoin,"$79,086.54 ",-0.61%,$1.59T
9/7/2026 20:38,2,Ethereum,"$2,484.70 ",0.31%,$303.87B
9/7/2026 20:38,3,Tether,$1.00 ,-0.01%,$183.37B
9/7/2026 20:38,4,BNB,$742.20 ,-0.06%,$98.83B
9/7/2026 20:38,5,XRP,$1.39 ,-0.98%,$87.72B
9/7/2026 20:38,6,USDC,$1.00 ,0.00%,$74.45B
9/7/2026 20:38,7,Solana,$104.41 ,-0.97%,$61.2B
9/7/2026 20:38,8,TRON,$0.33 ,-0.07%,$31.79B
9/7/2026 20:38,9,Hyperliquid,$86.82 ,-2.59%,$21.87B
9/7/2026 20:38,10,Zcash,"$1,171.69 ",0.74%,$19.75B
,,,,,
9/7/2026 20:38,1,Bitcoin,"$79,086.54 ",-0.61%,$1.59T
9/7/2026 20:38,2,Ethereum,"$2,484.70 ",0.31%,$303.87B
9/7/2026 20:38,3,Tether,$1.00 ,-0.01%,$183.37B
9/7/2026 20:38,4,BNB,$743.86 ,0.15%,$99.05B
9/7/2026 20:38,5,XRP,$1.39 ,-0.98%,$87.72B
9/7/2026 20:38,6,USDC,$1.00 ,-0.01%,$74.45B
9/7/2026 20:38,7,Solana,$104.66 ,-1.25%,$61.34B
9/7/2026 20:38,8,TRON,$0.33 ,-0.07%,$31.79B
9/7/2026 20:38,9,Hyperliquid,$86.82 ,-2.59%,$21.87B
9/7/2026 20:38,10,Zcash,"$1,171.69 ",0.74%,$19.75B
,,,,,
9/7/2026 20:39,1,Bitcoin,"$79,086.54 ",-0.61%,$1.59T
9/7/2026 20:39,2,Ethereum,"$2,484.70 ",0.31%,$303.87B
9/7/2026 20:39,3,Tether,$1.00 ,-0.01%,$183.37B
9/7/2026 20:39,4,BNB,$742.17 ,-0.07%,$98.82B
9/7/2026 20:39,5,XRP,$1.39 ,-0.98%,$87.72B
9/7/2026 20:39,6,USDC,$1.00 ,0.00%,$74.45B
9/7/2026 20:39,7,Solana,$104.66 ,-1.25%,$61.34B
9/7/2026 20:39,8,TRON,$0.33 ,-0.07%,$31.79B
9/7/2026 20:39,9,Hyperliquid,$86.29 ,-2.97%,$21.74B
9/7/2026 20:39,10,Zcash,"$1,160.79 ",0.28%,$19.56B
,,,,,
9/7/2026 20:39,1,Bitcoin,"$79,084.78 ",-0.56%,$1.58T
9/7/2026 20:39,2,Ethereum,"$2,485.16 ",0.32%,$303.25B
9/7/2026 20:39,3,Tether,$1.00 ,-0.01%,$183.37B
9/7/2026 20:39,4,BNB,$741.92 ,-0.11%,$98.79B
9/7/2026 20:39,5,XRP,$1.39 ,-0.93%,$87.43B
9/7/2026 20:39,6,USDC,$1.00 ,0.00%,$74.45B
9/7/2026 20:39,7,Solana,$104.41 ,-0.96%,$61.2B
9/7/2026 20:39,8,TRON,$0.33 ,-0.07%,$31.79B
9/7/2026 20:39,9,Hyperliquid,$86.82 ,-2.59%,$21.87B
9/7/2026 20:39,10,Zcash,"$1,160.06 ",0.22%,$19.55B
,,,,,
9/7/2026 20:39,1,Bitcoin,"$79,082.15 ",-0.57%,$1.58T
9/7/2026 20:39,2,Ethereum,"$2,485.05 ",0.32%,$303.24B
9/7/2026 20:39,3,Tether,$1.00 ,-0.01%,$183.37B
9/7/2026 20:39,4,BNB,$741.91 ,-0.11%,$98.79B
9/7/2026 20:39,5,XRP,$1.39 ,-0.98%,$87.72B
9/7/2026 20:39,6,USDC,$1.00 ,-0.01%,$74.45B
9/7/2026 20:39,7,Solana,$104.66 ,-1.25%,$61.34B
9/7/2026 20:39,8,TRON,$0.33 ,-0.07%,$31.79B
9/7/2026 20:39,9,Hyperliquid,$86.82 ,-2.59%,$21.87B
9/7/2026 20:39,10,Zcash,"$1,171.69 ",0.74%,$19.75B
,,,,,
9/7/2026 20:40,1,Bitcoin,"$79,093.89 ",-0.52%,$1.58T
9/7/2026 20:40,2,Ethereum,"$2,485.34 ",0.40%,$303.27B
9/7/2026 20:40,3,Tether,$1.00 ,-0.01%,$183.38B
9/7/2026 20:40,4,BNB,$741.91 ,-0.16%,$98.79B
9/7/2026 20:40,5,XRP,$1.39 ,-0.88%,$87.44B
9/7/2026 20:40,6,USDC,$1.00 ,0.01%,$74.45B
9/7/2026 20:40,7,Solana,$104.42 ,-0.88%,$61.21B
9/7/2026 20:40,8,TRON,$0.33 ,-0.07%,$31.79B
9/7/2026 20:40,9,Hyperliquid,$86.82 ,-2.59%,$21.87B
9/7/2026 20:40,10,Zcash,"$1,171.69 ",0.74%,$19.75B
,,,,,
9/7/2026 20:40,1,Bitcoin,"$79,085.15 ",-0.53%,$1.58T
9/7/2026 20:40,2,Ethereum,"$2,485.31 ",0.40%,$303.27B
9/7/2026 20:40,3,Tether,$1.00 ,-0.01%,$183.37B
9/7/2026 20:40,4,BNB,$743.86 ,0.15%,$99.05B
9/7/2026 20:40,5,XRP,$1.39 ,-0.87%,$87.45B
9/7/2026 20:40,6,USDC,$1.00 ,0.00%,$74.45B
9/7/2026 20:40,7,Solana,$104.43 ,-0.88%,$61.21B
9/7/2026 20:40,8,TRON,$0.33 ,-0.07%,$31.79B
9/7/2026 20:40,9,Hyperliquid,$86.82 ,-2.59%,$21.87B
9/7/2026 20:40,10,Zcash,"$1,171.69 ",0.74%,$19.75B
,,,,,
9/7/2026 20:41,1,Bitcoin,"$79,108.25 ",-0.52%,$1.59T
9/7/2026 20:41,2,Ethereum,"$2,485.46 ",0.41%,$303.29B
9/7/2026 20:41,3,Tether,$1.00 ,-0.01%,$183.36B
9/7/2026 20:41,4,BNB,$743.86 ,0.15%,$99.05B
9/7/2026 20:41,5,XRP,$1.39 ,-0.98%,$87.72B
9/7/2026 20:41,6,USDC,$1.00 ,-0.01%,$74.45B
9/7/2026 20:41,7,Solana,$104.66 ,-1.25%,$61.34B
9/7/2026 20:41,8,TRON,$0.33 ,-0.07%,$31.79B
9/7/2026 20:41,9,Hyperliquid,$86.30 ,-2.98%,$21.74B
9/7/2026 20:41,10,Zcash,"$1,160.14 ",0.37%,$19.55B
,,,,,
9/7/2026 20:41,1,Bitcoin,"$79,081.45 ",-0.61%,$1.58T
9/7/2026 20:41,2,Ethereum,"$2,484.88 ",0.28%,$303.22B
9/7/2026 20:41,3,Tether,$1.00 ,-0.01%,$183.37B
9/7/2026 20:41,4,BNB,$743.86 ,0.15%,$99.05B
9/7/2026 20:41,5,XRP,$1.39 ,-0.98%,$87.72B
9/7/2026 20:41,6,USDC,$1.00 ,-0.01%,$74.45B
9/7/2026 20:41,7,Solana,$104.66 ,-1.25%,$61.34B
9/7/2026 20:41,8,TRON,$0.33 ,-0.07%,$31.79B
9/7/2026 20:41,9,Hyperliquid,$86.30 ,-3.01%,$21.74B
9/7/2026 20:41,10,Zcash,"$1,160.29 ",0.31%,$19.56B
,,,,,
9/7/2026 20:41,1,Bitcoin,"$79,038.35 ",-0.63%,$1.58T
9/7/2026 20:41,2,Ethereum,"$2,484.26 ",0.22%,$303.58B
9/7/2026 20:41,3,Tether,$1.00 ,-0.01%,$183.39B
9/7/2026 20:41,4,BNB,$743.26 ,0.19%,$98.97B
9/7/2026 20:41,5,XRP,$1.39 ,-0.72%,$87.73B
9/7/2026 20:41,6,USDC,$1.00 ,0.00%,$74.45B
9/7/2026 20:41,7,Solana,$104.62 ,-0.89%,$61.33B
9/7/2026 20:41,8,TRON,$0.33 ,-0.08%,$31.78B
9/7/2026 20:41,9,Hyperliquid,$86.31 ,-3.00%,$21.74B
9/7/2026 20:41,10,Zcash,"$1,160.07 ",0.29%,$19.55B
,,,,,
9/7/2026 20:42,1,Bitcoin,"$79,038.35 ",-0.63%,$1.58T
9/7/2026 20:42,2,Ethereum,"$2,484.26 ",0.22%,$303.58B
9/7/2026 20:42,3,Tether,$1.00 ,-0.01%,$183.39B
9/7/2026 20:42,4,BNB,$743.26 ,0.19%,$98.97B
9/7/2026 20:42,5,XRP,$1.39 ,-0.72%,$87.73B
9/7/2026 20:42,6,USDC,$1.00 ,0.00%,$74.45B
9/7/2026 20:42,7,Solana,$104.62 ,-0.89%,$61.33B
9/7/2026 20:42,8,TRON,$0.33 ,-0.08%,$31.78B
9/7/2026 20:42,9,Hyperliquid,$86.79 ,-2.33%,$21.86B
9/7/2026 20:42,10,Zcash,"$1,170.32 ",1.03%,$19.72B
,,,,,
9/7/2026 20:42,1,Bitcoin,"$79,038.35 ",-0.63%,$1.58T
9/7/2026 20:42,2,Ethereum,"$2,484.26 ",0.22%,$303.58B
9/7/2026 20:42,3,Tether,$1.00 ,-0.01%,$183.39B
9/7/2026 20:42,4,BNB,$743.26 ,0.19%,$98.97B
9/7/2026 20:42,5,XRP,$1.39 ,-0.72%,$87.73B
9/7/2026 20:42,6,USDC,$1.00 ,0.00%,$74.45B
9/7/2026 20:42,7,Solana,$104.62 ,-0.89%,$61.33B
9/7/2026 20:42,8,TRON,$0.33 ,-0.08%,$31.78B
9/7/2026 20:42,9,Hyperliquid,$86.79 ,-2.33%,$21.86B
9/7/2026 20:42,10,Zcash,"$1,170.32 ",1.03%,$19.72B
,,,,,
9/7/2026 20:43,1,Bitcoin,"$79,038.35 ",-0.63%,$1.58T
9/7/2026 20:43,2,Ethereum,"$2,484.26 ",0.22%,$303.58B
9/7/2026 20:43,3,Tether,$1.00 ,-0.01%,$183.39B
9/7/2026 20:43,4,BNB,$743.26 ,0.19%,$98.97B
9/7/2026 20:43,5,XRP,$1.39 ,-0.72%,$87.73B
9/7/2026 20:43,6,USDC,$1.00 ,0.00%,$74.45B
9/7/2026 20:43,7,Solana,$104.62 ,-0.89%,$61.33B
9/7/2026 20:43,8,TRON,$0.33 ,-0.08%,$31.78B
9/7/2026 20:43,9,Hyperliquid,$86.79 ,-2.33%,$21.86B
9/7/2026 20:43,10,Zcash,"$1,170.32 ",1.03%,$19.72B
,,,,,
9/7/2026 20:43,1,Bitcoin,"$79,038.35 ",-0.63%,$1.58T
9/7/2026 20:43,2,Ethereum,"$2,484.26 ",0.22%,$303.58B
9/7/2026 20:43,3,Tether,$1.00 ,-0.01%,$183.39B
9/7/2026 20:43,4,BNB,$743.26 ,0.19%,$98.97B
9/7/2026 20:43,5,XRP,$1.39 ,-0.72%,$87.73B
9/7/2026 20:43,6,USDC,$1.00 ,0.00%,$74.45B
9/7/2026 20:43,7,Solana,$104.62 ,-0.89%,$61.33B
9/7/2026 20:43,8,TRON,$0.33 ,-0.08%,$31.78B
9/7/2026 20:43,9,Hyperliquid,$86.79 ,-2.33%,$21.86B
9/7/2026 20:43,10,Zcash,"$1,170.32 ",1.03%,$19.72B
,,,,,
9/7/2026 20:43,1,Bitcoin,"$79,092.24 ",-0.60%,$1.58T
9/7/2026 20:43,2,Ethereum,"$2,485.08 ",0.39%,$303.11B
9/7/2026 20:43,3,Tether,$1.00 ,0.00%,$183.37B
9/7/2026 20:43,4,BNB,$741.90 ,-0.16%,$98.79B
9/7/2026 20:43,5,XRP,$1.39 ,-0.87%,$87.48B
9/7/2026 20:43,6,USDC,$1.00 ,0.00%,$74.45B
9/7/2026 20:43,7,Solana,$104.39 ,-0.98%,$61.19B
9/7/2026 20:43,8,TRON,$0.33 ,-0.14%,$31.77B
9/7/2026 20:43,9,Hyperliquid,$86.29 ,-2.97%,$21.74B
9/7/2026 20:43,10,Zcash,"$1,159.72 ",0.34%,$19.55B
,,,,,
9/7/2026 20:44,1,Bitcoin,"$79,092.24 ",-0.60%,$1.58T
9/7/2026 20:44,2,Ethereum,"$2,485.08 ",0.39%,$303.11B
9/7/2026 20:44,3,Tether,$1.00 ,0.00%,$183.37B
9/7/2026 20:44,4,BNB,$741.90 ,-0.16%,$98.79B
9/7/2026 20:44,5,XRP,$1.39 ,-0.87%,$87.48B
9/7/2026 20:44,6,USDC,$1.00 ,0.00%,$74.45B
9/7/2026 20:44,7,Solana,$104.39 ,-0.98%,$61.19B
9/7/2026 20:44,8,TRON,$0.33 ,-0.14%,$31.77B
9/7/2026 20:44,9,Hyperliquid,$86.29 ,-2.97%,$21.74B
9/7/2026 20:44,10,Zcash,"$1,159.72 ",0.34%,$19.55B
,,,,,
9/7/2026 20:44,1,Bitcoin,"$79,092.24 ",-0.60%,$1.58T
9/7/2026 20:44,2,Ethereum,"$2,485.08 ",0.39%,$303.11B
9/7/2026 20:44,3,Tether,$1.00 ,0.00%,$183.37B
9/7/2026 20:44,4,BNB,$741.90 ,-0.16%,$98.79B
9/7/2026 20:44,5,XRP,$1.39 ,-0.87%,$87.48B
9/7/2026 20:44,6,USDC,$1.00 ,0.00%,$74.45B
9/7/2026 20:44,7,Solana,$104.39 ,-0.98%,$61.19B
9/7/2026 20:44,8,TRON,$0.33 ,-0.14%,$31.77B
9/7/2026 20:44,9,Hyperliquid,$86.30 ,-3.03%,$21.74B
9/7/2026 20:44,10,Zcash,"$1,160.73 ",0.32%,$19.56B
,,,,,
9/7/2026 20:44,1,Bitcoin,"$79,042.93 ",-0.59%,$1.58T
9/7/2026 20:44,2,Ethereum,"$2,484.15 ",0.33%,$303.13B
9/7/2026 20:44,3,Tether,$1.00 ,0.00%,$183.37B
9/7/2026 20:44,4,BNB,$741.67 ,-0.20%,$98.76B
9/7/2026 20:44,5,XRP,$1.39 ,-0.87%,$87.48B
9/7/2026 20:44,6,USDC,$1.00 ,-0.01%,$74.45B
9/7/2026 20:44,7,Solana,$104.39 ,-0.98%,$61.19B
9/7/2026 20:44,8,TRON,$0.33 ,-0.14%,$31.77B
9/7/2026 20:44,9,Hyperliquid,$86.30 ,-3.03%,$21.74B
9/7/2026 20:44,10,Zcash,"$1,160.44 ",0.30%,$19.56B
,,,,,
9/7/2026 20:45,1,Bitcoin,"$79,092.24 ",-0.60%,$1.58T
9/7/2026 20:45,2,Ethereum,"$2,485.08 ",0.39%,$303.11B
9/7/2026 20:45,3,Tether,$1.00 ,0.00%,$183.37B
9/7/2026 20:45,4,BNB,$741.90 ,-0.16%,$98.79B
9/7/2026 20:45,5,XRP,$1.39 ,-0.87%,$87.48B
9/7/2026 20:45,6,USDC,$1.00 ,0.00%,$74.45B
9/7/2026 20:45,7,Solana,$104.39 ,-0.98%,$61.19B
9/7/2026 20:45,8,TRON,$0.33 ,-0.14%,$31.77B
9/7/2026 20:45,9,Hyperliquid,$86.29 ,-2.97%,$21.74B
9/7/2026 20:45,10,Zcash,"$1,159.72 ",0.34%,$19.55B
,,,,,
9/7/2026 20:45,1,Bitcoin,"$79,092.24 ",-0.60%,$1.58T
9/7/2026 20:45,2,Ethereum,"$2,485.08 ",0.39%,$303.11B
9/7/2026 20:45,3,Tether,$1.00 ,0.00%,$183.37B
9/7/2026 20:45,4,BNB,$741.90 ,-0.16%,$98.79B
9/7/2026 20:45,5,XRP,$1.39 ,-0.87%,$87.48B
9/7/2026 20:45,6,USDC,$1.00 ,0.00%,$74.45B
9/7/2026 20:45,7,Solana,$104.39 ,-0.98%,$61.19B
9/7/2026 20:45,8,TRON,$0.33 ,-0.14%,$31.77B
9/7/2026 20:45,9,Hyperliquid,$86.29 ,-2.97%,$21.74B
9/7/2026 20:45,10,Zcash,"$1,159.72 ",0.34%,$19.55B
,,,,,
9/7/2026 20:46,1,Bitcoin,"$79,092.24 ",-0.60%,$1.58T
9/7/2026 20:46,2,Ethereum,"$2,485.08 ",0.39%,$303.11B
9/7/2026 20:46,3,Tether,$1.00 ,0.00%,$183.37B
9/7/2026 20:46,4,BNB,$741.90 ,-0.16%,$98.79B
9/7/2026 20:46,5,XRP,$1.39 ,-0.87%,$87.48B
9/7/2026 20:46,6,USDC,$1.00 ,0.00%,$74.45B
9/7/2026 20:46,7,Solana,$104.39 ,-0.98%,$61.19B
9/7/2026 20:46,8,TRON,$0.33 ,-0.14%,$31.77B
9/7/2026 20:46,9,Hyperliquid,$86.23 ,-3.23%,$21.72B
9/7/2026 20:46,10,Zcash,"$1,160.62 ",0.07%,$19.56B
,,,,,
9/7/2026 20:46,1,Bitcoin,"$79,092.24 ",-0.60%,$1.58T
9/7/2026 20:46,2,Ethereum,"$2,485.08 ",0.39%,$303.11B
9/7/2026 20:46,3,Tether,$1.00 ,0.00%,$183.37B
9/7/2026 20:46,4,BNB,$741.90 ,-0.16%,$98.79B
9/7/2026 20:46,5,XRP,$1.39 ,-0.87%,$87.48B
9/7/2026 20:46,6,USDC,$1.00 ,0.00%,$74.45B
9/7/2026 20:46,7,Solana,$104.39 ,-0.98%,$61.19B
9/7/2026 20:46,8,TRON,$0.33 ,-0.14%,$31.77B
9/7/2026 20:46,9,Hyperliquid,$86.23 ,-3.23%,$21.72B
9/7/2026 20:46,10,Zcash,"$1,160.69 ",0.08%,$19.56B
,,,,,
9/7/2026 20:46,1,Bitcoin,"$79,092.24 ",-0.60%,$1.58T
9/7/2026 20:46,2,Ethereum,"$2,485.08 ",0.39%,$303.11B
9/7/2026 20:46,3,Tether,$1.00 ,0.00%,$183.37B
9/7/2026 20:46,4,BNB,$741.90 ,-0.16%,$98.79B
9/7/2026 20:46,5,XRP,$1.39 ,-0.87%,$87.48B
9/7/2026 20:46,6,USDC,$1.00 ,0.00%,$74.45B
9/7/2026 20:46,7,Solana,$104.39 ,-0.98%,$61.19B
9/7/2026 20:46,8,TRON,$0.33 ,-0.14%,$31.77B
9/7/2026 20:46,9,Hyperliquid,$86.23 ,-3.23%,$21.72B
9/7/2026 20:46,10,Zcash,"$1,160.65 ",0.07%,$19.56B
,,,,,
9/7/2026 20:47,1,Bitcoin,"$79,092.24 ",-0.60%,$1.58T
9/7/2026 20:47,2,Ethereum,"$2,485.08 ",0.39%,$303.11B
9/7/2026 20:47,3,Tether,$1.00 ,0.00%,$183.37B
9/7/2026 20:47,4,BNB,$741.90 ,-0.16%,$98.79B
9/7/2026 20:47,5,XRP,$1.39 ,-0.87%,$87.48B
9/7/2026 20:47,6,USDC,$1.00 ,0.00%,$74.45B
9/7/2026 20:47,7,Solana,$104.39 ,-0.98%,$61.19B
9/7/2026 20:47,8,TRON,$0.33 ,-0.14%,$31.77B
9/7/2026 20:47,9,Hyperliquid,$86.29 ,-2.97%,$21.74B
9/7/2026 20:47,10,Zcash,"$1,159.72 ",0.34%,$19.55B
,,,,,
9/7/2026 20:47,1,Bitcoin,"$79,033.97 ",-0.72%,$1.58T
9/7/2026 20:47,2,Ethereum,"$2,482.82 ",0.14%,$302.97B
9/7/2026 20:47,3,Tether,$1.00 ,-0.01%,$183.39B
9/7/2026 20:47,4,BNB,$740.76 ,-0.33%,$98.64B
9/7/2026 20:47,5,XRP,$1.39 ,-1.07%,$87.34B
9/7/2026 20:47,6,USDC,$1.00 ,0.00%,$74.45B
9/7/2026 20:47,7,Solana,$104.24 ,-1.10%,$61.1B
9/7/2026 20:47,8,TRON,$0.33 ,-0.14%,$31.77B
9/7/2026 20:47,9,Hyperliquid,$86.29 ,-2.97%,$21.74B
9/7/2026 20:47,10,Zcash,"$1,159.72 ",0.34%,$19.55B
,,,,,
9/7/2026 20:47,1,Bitcoin,"$79,071.19 ",-0.56%,$1.58T
9/7/2026 20:47,2,Ethereum,"$2,484.20 ",0.31%,$303.11B
9/7/2026 20:47,3,Tether,$1.00 ,0.00%,$183.37B
9/7/2026 20:47,4,BNB,$741.90 ,-0.16%,$98.79B
9/7/2026 20:47,5,XRP,$1.39 ,-0.87%,$87.48B
9/7/2026 20:47,6,USDC,$1.00 ,0.00%,$74.45B
9/7/2026 20:47,7,Solana,$104.39 ,-0.98%,$61.19B
9/7/2026 20:47,8,TRON,$0.33 ,-0.14%,$31.77B
9/7/2026 20:47,9,Hyperliquid,$86.29 ,-2.97%,$21.74B
9/7/2026 20:47,10,Zcash,"$1,159.72 ",0.34%,$19.55B
,,,,,
9/7/2026 20:48,1,Bitcoin,"$79,071.19 ",-0.56%,$1.58T
9/7/2026 20:48,2,Ethereum,"$2,484.20 ",0.31%,$303.11B
9/7/2026 20:48,3,Tether,$1.00 ,0.00%,$183.37B
9/7/2026 20:48,4,BNB,$739.82 ,-0.45%,$98.51B
9/7/2026 20:48,5,XRP,$1.39 ,-0.87%,$87.48B
9/7/2026 20:48,6,USDC,$1.00 ,0.00%,$74.45B
9/7/2026 20:48,7,Solana,$104.39 ,-0.98%,$61.19B
9/7/2026 20:48,8,TRON,$0.33 ,-0.14%,$31.77B
9/7/2026 20:48,9,Hyperliquid,$86.29 ,-2.97%,$21.74B
9/7/2026 20:48,10,Zcash,"$1,159.72 ",0.34%,$19.55B
,,,,,
9/7/2026 20:48,1,Bitcoin,"$79,071.19 ",-0.56%,$1.58T
9/7/2026 20:48,2,Ethereum,"$2,484.20 ",0.31%,$303.11B
9/7/2026 20:48,3,Tether,$1.00 ,0.00%,$183.37B
9/7/2026 20:48,4,BNB,$741.90 ,-0.16%,$98.79B
9/7/2026 20:48,5,XRP,$1.39 ,-0.87%,$87.48B
9/7/2026 20:48,6,USDC,$1.00 ,0.00%,$74.45B
9/7/2026 20:48,7,Solana,$104.39 ,-0.98%,$61.19B
9/7/2026 20:48,8,TRON,$0.33 ,-0.14%,$31.77B
9/7/2026 20:48,9,Hyperliquid,$86.29 ,-2.97%,$21.74B
9/7/2026 20:48,10,Zcash,"$1,159.72 ",0.34%,$19.55B
,,,,,
9/7/2026 20:49,1,Bitcoin,"$79,043.54 ",-0.68%,$1.58T
9/7/2026 20:49,2,Ethereum,"$2,483.99 ",0.25%,$303.11B
9/7/2026 20:49,3,Tether,$1.00 ,0.00%,$183.4B
9/7/2026 20:49,4,BNB,$739.77 ,-0.50%,$98.51B
9/7/2026 20:49,5,XRP,$1.39 ,-1.19%,$87.25B
9/7/2026 20:49,6,USDC,$1.00 ,0.00%,$74.46B
9/7/2026 20:49,7,Solana,$104.39 ,-0.98%,$61.19B
9/7/2026 20:49,8,TRON,$0.33 ,-0.14%,$31.77B
9/7/2026 20:49,9,Hyperliquid,$86.29 ,-2.97%,$21.74B
9/7/2026 20:49,10,Zcash,"$1,159.72 ",0.34%,$19.55B
,,,,,
9/7/2026 20:49,1,Bitcoin,"$79,071.19 ",-0.56%,$1.58T
9/7/2026 20:49,2,Ethereum,"$2,484.20 ",0.31%,$303.11B
9/7/2026 20:49,3,Tether,$1.00 ,0.00%,$183.37B
9/7/2026 20:49,4,BNB,$741.90 ,-0.16%,$98.79B
9/7/2026 20:49,5,XRP,$1.39 ,-0.87%,$87.48B
9/7/2026 20:49,6,USDC,$1.00 ,0.00%,$74.45B
9/7/2026 20:49,7,Solana,$104.39 ,-0.98%,$61.19B
9/7/2026 20:49,8,TRON,$0.33 ,-0.14%,$31.77B
9/7/2026 20:49,9,Hyperliquid,$86.29 ,-2.97%,$21.74B
9/7/2026 20:49,10,Zcash,"$1,159.72 ",0.34%,$19.55B
,,,,,
9/7/2026 20:49,1,Bitcoin,"$79,116.66 ",-0.59%,$1.58T
9/7/2026 20:49,2,Ethereum,"$2,487.44 ",0.38%,$303.53B
9/7/2026 20:49,3,Tether,$1.00 ,-0.01%,$183.38B
9/7/2026 20:49,4,BNB,$739.96 ,-0.47%,$98.53B
9/7/2026 20:49,5,XRP,$1.39 ,-1.15%,$87.29B
9/7/2026 20:49,6,USDC,$1.00 ,0.00%,$74.46B
9/7/2026 20:49,7,Solana,$104.23 ,-1.26%,$61.09B
9/7/2026 20:49,8,TRON,$0.33 ,-0.14%,$31.77B
9/7/2026 20:49,9,Hyperliquid,$86.29 ,-2.97%,$21.74B
9/7/2026 20:49,10,Zcash,"$1,159.72 ",0.34%,$19.55B
,,,,,
9/7/2026 20:50,1,Bitcoin,"$79,045.42 ",-0.62%,$1.58T
9/7/2026 20:50,2,Ethereum,"$2,484.88 ",0.36%,$303.11B
9/7/2026 20:50,3,Tether,$1.00 ,0.00%,$183.37B
9/7/2026 20:50,4,BNB,$741.90 ,-0.16%,$98.79B
9/7/2026 20:50,5,XRP,$1.39 ,-0.87%,$87.48B
9/7/2026 20:50,6,USDC,$1.00 ,0.00%,$74.45B
9/7/2026 20:50,7,Solana,$104.39 ,-0.98%,$61.19B
9/7/2026 20:50,8,TRON,$0.33 ,-0.14%,$31.77B
9/7/2026 20:50,9,Hyperliquid,$86.29 ,-2.97%,$21.74B
9/7/2026 20:50,10,Zcash,"$1,159.72 ",0.34%,$19.55B
,,,,,
9/7/2026 20:50,1,Bitcoin,"$79,045.42 ",-0.62%,$1.58T
9/7/2026 20:50,2,Ethereum,"$2,484.88 ",0.36%,$303.11B
9/7/2026 20:50,3,Tether,$1.00 ,0.00%,$183.37B
9/7/2026 20:50,4,BNB,$741.90 ,-0.16%,$98.79B
9/7/2026 20:50,5,XRP,$1.39 ,-0.87%,$87.48B
9/7/2026 20:50,6,USDC,$1.00 ,0.00%,$74.45B
9/7/2026 20:50,7,Solana,$104.39 ,-0.98%,$61.19B
9/7/2026 20:50,8,TRON,$0.33 ,-0.14%,$31.77B
9/7/2026 20:50,9,Hyperliquid,$86.29 ,-2.97%,$21.74B
9/7/2026 20:50,10,Zcash,"$1,159.72 ",0.34%,$19.55B
,,,,,
9/7/2026 20:50,1,Bitcoin,"$79,103.49 ",-0.62%,$1.58T
9/7/2026 20:50,2,Ethereum,"$2,486.86 ",0.34%,$303.46B
9/7/2026 20:50,3,Tether,$1.00 ,0.00%,$183.37B
9/7/2026 20:50,4,BNB,$740.11 ,-0.46%,$98.55B
9/7/2026 20:50,5,XRP,$1.39 ,-0.87%,$87.48B
9/7/2026 20:50,6,USDC,$1.00 ,0.00%,$74.45B
9/7/2026 20:50,7,Solana,$104.39 ,-0.98%,$61.19B
9/7/2026 20:50,8,TRON,$0.33 ,-0.14%,$31.77B
9/7/2026 20:50,9,Hyperliquid,$86.17 ,-3.63%,$21.71B
9/7/2026 20:50,10,Zcash,"$1,161.21 ",0.15%,$19.57B
,,,,,
9/7/2026 20:51,1,Bitcoin,"$79,045.42 ",-0.62%,$1.58T
9/7/2026 20:51,2,Ethereum,"$2,484.88 ",0.36%,$303.11B
9/7/2026 20:51,3,Tether,$1.00 ,0.00%,$183.37B
9/7/2026 20:51,4,BNB,$741.90 ,-0.16%,$98.79B
9/7/2026 20:51,5,XRP,$1.39 ,-0.87%,$87.48B
9/7/2026 20:51,6,USDC,$1.00 ,0.00%,$74.45B
9/7/2026 20:51,7,Solana,$104.39 ,-0.98%,$61.19B
9/7/2026 20:51,8,TRON,$0.33 ,-0.14%,$31.77B
9/7/2026 20:51,9,Hyperliquid,$86.29 ,-2.97%,$21.74B
9/7/2026 20:51,10,Zcash,"$1,163.06 ",0.27%,$19.6B
,,,,,
9/7/2026 20:51,1,Bitcoin,"$79,040.41 ",-0.69%,$1.58T
9/7/2026 20:51,2,Ethereum,"$2,481.59 ",0.15%,$303.17B
9/7/2026 20:51,3,Tether,$1.00 ,-0.01%,$183.37B
9/7/2026 20:51,4,BNB,$740.99 ,-0.35%,$98.67B
9/7/2026 20:51,5,XRP,$1.39 ,-1.03%,$87.42B
9/7/2026 20:51,6,USDC,$1.00 ,0.00%,$74.45B
9/7/2026 20:51,7,Solana,$104.39 ,-1.15%,$61.19B
9/7/2026 20:51,8,TRON,$0.33 ,-0.19%,$31.75B
9/7/2026 20:51,9,Hyperliquid,$86.31 ,-2.99%,$21.74B
9/7/2026 20:51,10,Zcash,"$1,160.25 ",0.28%,$19.55B
,,,,,
9/7/2026 20:52,1,Bitcoin,"$79,040.41 ",-0.69%,$1.58T
9/7/2026 20:52,2,Ethereum,"$2,481.59 ",0.15%,$303.17B
9/7/2026 20:52,3,Tether,$1.00 ,-0.01%,$183.37B
9/7/2026 20:52,4,BNB,$741.71 ,-0.20%,$98.76B
9/7/2026 20:52,5,XRP,$1.39 ,-0.89%,$87.44B
9/7/2026 20:52,6,USDC,$1.00 ,0.00%,$74.45B
9/7/2026 20:52,7,Solana,$104.41 ,-0.89%,$61.2B
9/7/2026 20:52,8,TRON,$0.33 ,-0.19%,$31.75B
9/7/2026 20:52,9,Hyperliquid,$86.31 ,-2.99%,$21.74B
9/7/2026 20:52,10,Zcash,"$1,160.25 ",0.28%,$19.55B
,,,,,
9/7/2026 20:52,1,Bitcoin,"$79,080.44 ",-0.70%,$1.58T
9/7/2026 20:52,2,Ethereum,"$2,485.67 ",0.24%,$303.31B
9/7/2026 20:52,3,Tether,$1.00 ,-0.02%,$183.38B
9/7/2026 20:52,4,BNB,$740.98 ,-0.40%,$98.67B
9/7/2026 20:52,5,XRP,$1.39 ,-1.07%,$87.42B
9/7/2026 20:52,6,USDC,$1.00 ,0.00%,$74.46B
9/7/2026 20:52,7,Solana,$104.38 ,-1.26%,$61.18B
9/7/2026 20:52,8,TRON,$0.33 ,-0.19%,$31.75B
9/7/2026 20:52,9,Hyperliquid,$86.31 ,-2.99%,$21.74B
9/7/2026 20:52,10,Zcash,"$1,160.25 ",0.28%,$19.55B
,,,,,
9/7/2026 20:53,1,Bitcoin,"$79,040.41 ",-0.69%,$1.58T
9/7/2026 20:53,2,Ethereum,"$2,481.59 ",0.15%,$303.17B
9/7/2026 20:53,3,Tether,$1.00 ,-0.01%,$183.37B
9/7/2026 20:53,4,BNB,$741.01 ,-0.41%,$98.67B
9/7/2026 20:53,5,XRP,$1.39 ,-0.89%,$87.44B
9/7/2026 20:53,6,USDC,$1.00 ,0.00%,$74.45B
9/7/2026 20:53,7,Solana,$104.38 ,-1.31%,$61.18B
9/7/2026 20:53,8,TRON,$0.33 ,-0.19%,$31.75B
9/7/2026 20:53,9,Hyperliquid,$86.16 ,-3.59%,$21.7B
9/7/2026 20:53,10,Zcash,"$1,163.18 ",0.25%,$19.6B
,,,,,
9/7/2026 20:53,1,Bitcoin,"$79,040.41 ",-0.69%,$1.58T
9/7/2026 20:53,2,Ethereum,"$2,481.59 ",0.15%,$303.17B
9/7/2026 20:53,3,Tether,$1.00 ,-0.01%,$183.37B
9/7/2026 20:53,4,BNB,$741.71 ,-0.20%,$98.76B
9/7/2026 20:53,5,XRP,$1.39 ,-0.89%,$87.44B
9/7/2026 20:53,6,USDC,$1.00 ,0.00%,$74.45B
9/7/2026 20:53,7,Solana,$104.41 ,-0.89%,$61.2B
9/7/2026 20:53,8,TRON,$0.33 ,-0.19%,$31.75B
9/7/2026 20:53,9,Hyperliquid,$86.31 ,-2.99%,$21.74B
9/7/2026 20:53,10,Zcash,"$1,163.18 ",0.25%,$19.6B
,,,,,
9/7/2026 20:53,1,Bitcoin,"$79,084.43 ",-0.68%,$1.58T
9/7/2026 20:53,2,Ethereum,"$2,486.38 ",0.27%,$303.4B
9/7/2026 20:53,3,Tether,$1.00 ,-0.02%,$183.38B
9/7/2026 20:53,4,BNB,$741.08 ,-0.40%,$98.68B
9/7/2026 20:53,5,XRP,$1.39 ,-1.08%,$87.42B
9/7/2026 20:53,6,USDC,$1.00 ,0.00%,$74.46B
9/7/2026 20:53,7,Solana,$104.38 ,-1.30%,$61.18B
9/7/2026 20:53,8,TRON,$0.33 ,-0.19%,$31.75B
9/7/2026 20:53,9,Hyperliquid,$86.31 ,-2.99%,$21.74B
9/7/2026 20:53,10,Zcash,"$1,160.25 ",0.28%,$19.55B
,,,,,
9/7/2026 20:54,1,Bitcoin,"$79,040.41 ",-0.69%,$1.58T
9/7/2026 20:54,2,Ethereum,"$2,481.59 ",0.15%,$303.17B
9/7/2026 20:54,3,Tether,$1.00 ,-0.01%,$183.37B
9/7/2026 20:54,4,BNB,$741.71 ,-0.20%,$98.76B
9/7/2026 20:54,5,XRP,$1.39 ,-0.89%,$87.44B
9/7/2026 20:54,6,USDC,$1.00 ,0.00%,$74.45B
9/7/2026 20:54,7,Solana,$104.41 ,-0.89%,$61.2B
9/7/2026 20:54,8,TRON,$0.33 ,-0.19%,$31.75B
9/7/2026 20:54,9,Hyperliquid,$86.31 ,-2.99%,$21.74B
9/7/2026 20:54,10,Zcash,"$1,160.25 ",0.28%,$19.55B
,,,,,
9/7/2026 20:54,1,Bitcoin,"$79,040.41 ",-0.69%,$1.58T
9/7/2026 20:54,2,Ethereum,"$2,481.59 ",0.15%,$303.17B
9/7/2026 20:54,3,Tether,$1.00 ,-0.01%,$183.37B
9/7/2026 20:54,4,BNB,$741.71 ,-0.20%,$98.76B
9/7/2026 20:54,5,XRP,$1.39 ,-0.89%,$87.44B
9/7/2026 20:54,6,USDC,$1.00 ,0.00%,$74.45B
9/7/2026 20:54,7,Solana,$104.41 ,-0.89%,$61.2B
9/7/2026 20:54,8,TRON,$0.33 ,-0.19%,$31.75B
9/7/2026 20:54,9,Hyperliquid,$86.06 ,-3.65%,$21.68B
9/7/2026 20:54,10,Zcash,"$1,162.76 ",0.33%,$19.6B
,,,,,
9/7/2026 20:54,1,Bitcoin,"$79,040.41 ",-0.69%,$1.58T
9/7/2026 20:54,2,Ethereum,"$2,481.59 ",0.15%,$303.17B
9/7/2026 20:54,3,Tether,$1.00 ,-0.01%,$183.37B
9/7/2026 20:54,4,BNB,$741.71 ,-0.20%,$98.76B
9/7/2026 20:54,5,XRP,$1.39 ,-0.89%,$87.44B
9/7/2026 20:54,6,USDC,$1.00 ,0.00%,$74.45B
9/7/2026 20:54,7,Solana,$104.41 ,-0.89%,$61.2B
9/7/2026 20:54,8,TRON,$0.33 ,-0.19%,$31.75B
9/7/2026 20:54,9,Hyperliquid,$86.31 ,-2.99%,$21.74B
9/7/2026 20:54,10,Zcash,"$1,160.25 ",0.28%,$19.55B
,,,,,
9/7/2026 20:55,1,Bitcoin,"$79,076.53 ",-0.71%,$1.58T
9/7/2026 20:55,2,Ethereum,"$2,485.68 ",0.25%,$303.32B
9/7/2026 20:55,3,Tether,$1.00 ,-0.02%,$183.37B
9/7/2026 20:55,4,BNB,$741.46 ,-0.34%,$98.73B
9/7/2026 20:55,5,XRP,$1.39 ,-1.05%,$87.42B
9/7/2026 20:55,6,USDC,$1.00 ,-0.01%,$74.45B
9/7/2026 20:55,7,Solana,$104.41 ,-0.89%,$61.2B
9/7/2026 20:55,8,TRON,$0.33 ,-0.19%,$31.75B
9/7/2026 20:55,9,Hyperliquid,$86.31 ,-2.99%,$21.74B
9/7/2026 20:55,10,Zcash,"$1,160.25 ",0.28%,$19.55B
,,,,,
9/7/2026 20:55,1,Bitcoin,"$79,085.12 ",-0.70%,$1.58T
9/7/2026 20:55,2,Ethereum,"$2,486.23 ",0.26%,$302.82B
9/7/2026 20:55,3,Tether,$1.00 ,-0.01%,$183.38B
9/7/2026 20:55,4,BNB,$739.76 ,-0.50%,$98.5B
9/7/2026 20:55,5,XRP,$1.39 ,-1.10%,$87.32B
9/7/2026 20:55,6,USDC,$1.00 ,0.00%,$74.46B
9/7/2026 20:55,7,Solana,$104.23 ,-1.14%,$61.09B
9/7/2026 20:55,8,TRON,$0.33 ,-0.35%,$31.71B
9/7/2026 20:55,9,Hyperliquid,$86.20 ,-3.33%,$21.71B
9/7/2026 20:55,10,Zcash,"$1,159.89 ",0.02%,$19.55B
,,,,,
9/7/2026 20:56,1,Bitcoin,"$79,085.12 ",-0.70%,$1.58T
9/7/2026 20:56,2,Ethereum,"$2,486.23 ",0.26%,$302.82B
9/7/2026 20:56,3,Tether,$1.00 ,-0.01%,$183.38B
9/7/2026 20:56,4,BNB,$739.76 ,-0.50%,$98.5B
9/7/2026 20:56,5,XRP,$1.39 ,-1.10%,$87.32B
9/7/2026 20:56,6,USDC,$1.00 ,0.00%,$74.46B
9/7/2026 20:56,7,Solana,$104.23 ,-1.14%,$61.09B
9/7/2026 20:56,8,TRON,$0.33 ,-0.35%,$31.71B
9/7/2026 20:56,9,Hyperliquid,$86.20 ,-3.33%,$21.71B
9/7/2026 20:56,10,Zcash,"$1,159.89 ",0.02%,$19.55B
,,,,,
9/7/2026 20:56,1,Bitcoin,"$79,105.40 ",-0.67%,$1.58T
9/7/2026 20:56,2,Ethereum,"$2,486.39 ",0.28%,$303.4B
9/7/2026 20:56,3,Tether,$1.00 ,0.00%,$183.39B
9/7/2026 20:56,4,BNB,$741.51 ,-0.34%,$98.74B
9/7/2026 20:56,5,XRP,$1.39 ,-1.04%,$87.43B
9/7/2026 20:56,6,USDC,$1.00 ,0.02%,$74.47B
9/7/2026 20:56,7,Solana,$104.35 ,-1.32%,$61.17B
9/7/2026 20:56,8,TRON,$0.33 ,-0.35%,$31.71B
9/7/2026 20:56,9,Hyperliquid,$86.20 ,-3.33%,$21.71B
9/7/2026 20:56,10,Zcash,"$1,159.89 ",0.02%,$19.55B
,,,,,
9/7/2026 20:57,1,Bitcoin,"$79,085.12 ",-0.70%,$1.58T
9/7/2026 20:57,2,Ethereum,"$2,486.23 ",0.26%,$302.82B
9/7/2026 20:57,3,Tether,$1.00 ,-0.01%,$183.38B
9/7/2026 20:57,4,BNB,$739.76 ,-0.50%,$98.5B
9/7/2026 20:57,5,XRP,$1.39 ,-1.10%,$87.32B
9/7/2026 20:57,6,USDC,$1.00 ,0.00%,$74.46B
9/7/2026 20:57,7,Solana,$104.23 ,-1.14%,$61.09B
9/7/2026 20:57,8,TRON,$0.33 ,-0.35%,$31.71B
9/7/2026 20:57,9,Hyperliquid,$86.20 ,-3.33%,$21.71B
9/7/2026 20:57,10,Zcash,"$1,159.89 ",0.02%,$19.55B
,,,,,
9/7/2026 20:57,1,Bitcoin,"$79,085.12 ",-0.70%,$1.58T
9/7/2026 20:57,2,Ethereum,"$2,486.23 ",0.26%,$302.82B
9/7/2026 20:57,3,Tether,$1.00 ,-0.01%,$183.38B
9/7/2026 20:57,4,BNB,$739.76 ,-0.50%,$98.5B
9/7/2026 20:57,5,XRP,$1.39 ,-1.10%,$87.32B
9/7/2026 20:57,6,USDC,$1.00 ,0.00%,$74.46B
9/7/2026 20:57,7,Solana,$104.23 ,-1.14%,$61.09B
9/7/2026 20:57,8,TRON,$0.33 ,-0.35%,$31.71B
9/7/2026 20:57,9,Hyperliquid,$86.20 ,-3.33%,$21.71B
9/7/2026 20:57,10,Zcash,"$1,159.89 ",0.02%,$19.55B
,,,,,
9/7/2026 20:57,1,Bitcoin,"$79,077.05 ",-0.69%,$1.58T
9/7/2026 20:57,2,Ethereum,"$2,484.57 ",0.22%,$303.18B
9/7/2026 20:57,3,Tether,$1.00 ,-0.01%,$183.37B
9/7/2026 20:57,4,BNB,$741.25 ,-0.37%,$98.7B
9/7/2026 20:57,5,XRP,$1.39 ,-1.08%,$87.4B
9/7/2026 20:57,6,USDC,$1.00 ,0.00%,$74.45B
9/7/2026 20:57,7,Solana,$104.28 ,-1.40%,$61.12B
9/7/2026 20:57,8,TRON,$0.33 ,-0.35%,$31.71B
9/7/2026 20:57,9,Hyperliquid,$86.20 ,-3.33%,$21.71B
9/7/2026 20:57,10,Zcash,"$1,159.89 ",0.02%,$19.55B
,,,,,
9/7/2026 20:57,1,Bitcoin,"$79,093.63 ",-0.69%,$1.58T
9/7/2026 20:57,2,Ethereum,"$2,486.14 ",0.28%,$302.82B
9/7/2026 20:57,3,Tether,$1.00 ,-0.01%,$183.38B
9/7/2026 20:57,4,BNB,$739.76 ,-0.50%,$98.5B
9/7/2026 20:57,5,XRP,$1.39 ,-1.10%,$87.32B
9/7/2026 20:57,6,USDC,$1.00 ,0.00%,$74.46B
9/7/2026 20:57,7,Solana,$104.23 ,-1.14%,$61.09B
9/7/2026 20:57,8,TRON,$0.33 ,-0.35%,$31.71B
9/7/2026 20:57,9,Hyperliquid,$86.06 ,-3.51%,$21.68B
9/7/2026 20:57,10,Zcash,"$1,162.75 ",0.35%,$19.6B
,,,,,
9/7/2026 20:58,1,Bitcoin,"$79,093.63 ",-0.69%,$1.58T
9/7/2026 20:58,2,Ethereum,"$2,486.14 ",0.28%,$302.82B
9/7/2026 20:58,3,Tether,$1.00 ,-0.01%,$183.38B
9/7/2026 20:58,4,BNB,$739.76 ,-0.50%,$98.5B
9/7/2026 20:58,5,XRP,$1.39 ,-1.10%,$87.32B
9/7/2026 20:58,6,USDC,$1.00 ,0.00%,$74.46B
9/7/2026 20:58,7,Solana,$104.23 ,-1.14%,$61.09B
9/7/2026 20:58,8,TRON,$0.33 ,-0.35%,$31.71B
9/7/2026 20:58,9,Hyperliquid,$86.20 ,-3.33%,$21.71B
9/7/2026 20:58,10,Zcash,"$1,159.89 ",0.02%,$19.55B
,,,,,
9/7/2026 20:58,1,Bitcoin,"$79,045.55 ",-0.73%,$1.58T
9/7/2026 20:58,2,Ethereum,"$2,483.54 ",0.18%,$303.05B
9/7/2026 20:58,3,Tether,$1.00 ,-0.01%,$183.37B
9/7/2026 20:58,4,BNB,$741.26 ,-0.39%,$98.7B
9/7/2026 20:58,5,XRP,$1.39 ,-1.12%,$87.39B
9/7/2026 20:58,6,USDC,$1.00 ,-0.01%,$74.45B
9/7/2026 20:58,7,Solana,$104.26 ,-1.45%,$61.11B
9/7/2026 20:58,8,TRON,$0.33 ,-0.35%,$31.71B
9/7/2026 20:58,9,Hyperliquid,$86.20 ,-3.33%,$21.71B
9/7/2026 20:58,10,Zcash,"$1,159.89 ",0.02%,$19.55B
,,,,,
9/7/2026 20:59,1,Bitcoin,"$79,093.63 ",-0.69%,$1.58T
9/7/2026 20:59,2,Ethereum,"$2,486.14 ",0.28%,$302.82B
9/7/2026 20:59,3,Tether,$1.00 ,-0.01%,$183.38B
9/7/2026 20:59,4,BNB,$739.76 ,-0.50%,$98.5B
9/7/2026 20:59,5,XRP,$1.39 ,-1.10%,$87.32B
9/7/2026 20:59,6,USDC,$1.00 ,0.00%,$74.46B
9/7/2026 20:59,7,Solana,$104.23 ,-1.14%,$61.09B
9/7/2026 20:59,8,TRON,$0.33 ,-0.35%,$31.71B
9/7/2026 20:59,9,Hyperliquid,$86.20 ,-3.33%,$21.71B
9/7/2026 20:59,10,Zcash,"$1,159.89 ",0.02%,$19.55B
,,,,,
9/7/2026 20:59,1,Bitcoin,"$79,040.04 ",-0.74%,$1.58T
9/7/2026 20:59,2,Ethereum,"$2,482.95 ",0.17%,$302.98B
9/7/2026 20:59,3,Tether,$1.00 ,-0.01%,$183.38B
9/7/2026 20:59,4,BNB,$741.46 ,-0.34%,$98.73B
9/7/2026 20:59,5,XRP,$1.39 ,-1.12%,$87.38B
9/7/2026 20:59,6,USDC,$1.00 ,0.00%,$74.46B
9/7/2026 20:59,7,Solana,$104.38 ,-1.27%,$61.18B
9/7/2026 20:59,8,TRON,$0.33 ,-0.24%,$31.75B
9/7/2026 20:59,9,Hyperliquid,$86.15 ,-3.55%,$21.7B
9/7/2026 20:59,10,Zcash,"$1,162.43 ",0.23%,$19.59B
,,,,,
9/7/2026 21:00,1,Bitcoin,"$79,107.83 ",-0.67%,$1.58T
9/7/2026 21:00,2,Ethereum,"$2,486.31 ",0.28%,$303.37B
9/7/2026 21:00,3,Tether,$1.00 ,-0.02%,$183.37B
9/7/2026 21:00,4,BNB,$741.17 ,-0.39%,$98.69B
9/7/2026 21:00,5,XRP,$1.39 ,-1.14%,$87.37B
9/7/2026 21:00,6,USDC,$1.00 ,0.00%,$74.46B
9/7/2026 21:00,7,Solana,$104.24 ,-1.47%,$61.1B
9/7/2026 21:00,8,TRON,$0.33 ,-0.24%,$31.75B
9/7/2026 21:00,9,Hyperliquid,$86.15 ,-3.55%,$21.7B
9/7/2026 21:00,10,Zcash,"$1,162.93 ",0.39%,$19.6B
,,,,,
9/7/2026 21:00,1,Bitcoin,"$79,013.91 ",-0.78%,$1.58T
9/7/2026 21:00,2,Ethereum,"$2,481.66 ",0.11%,$302.83B
9/7/2026 21:00,3,Tether,$1.00 ,-0.01%,$183.38B
9/7/2026 21:00,4,BNB,$741.46 ,-0.34%,$98.73B
9/7/2026 21:00,5,XRP,$1.39 ,-1.15%,$87.37B
9/7/2026 21:00,6,USDC,$1.00 ,0.00%,$74.46B
9/7/2026 21:00,7,Solana,$104.38 ,-1.27%,$61.18B
9/7/2026 21:00,8,TRON,$0.33 ,-0.24%,$31.75B
9/7/2026 21:00,9,Hyperliquid,$86.15 ,-3.55%,$21.7B
9/7/2026 21:00,10,Zcash,"$1,162.93 ",0.39%,$19.6B
,,,,,
9/7/2026 21:00,1,Bitcoin,"$78,984.69 ",-0.81%,$1.58T
9/7/2026 21:00,2,Ethereum,"$2,479.75 ",0.03%,$302.59B
9/7/2026 21:00,3,Tether,$1.00 ,-0.01%,$183.38B
9/7/2026 21:00,4,BNB,$741.46 ,-0.34%,$98.73B
9/7/2026 21:00,5,XRP,$1.39 ,-1.22%,$87.31B
9/7/2026 21:00,6,USDC,$1.00 ,0.00%,$74.46B
9/7/2026 21:00,7,Solana,$104.17 ,-1.54%,$61.06B
9/7/2026 21:00,8,TRON,$0.33 ,-0.24%,$31.75B
9/7/2026 21:00,9,Hyperliquid,$86.15 ,-3.55%,$21.7B
9/7/2026 21:00,10,Zcash,"$1,162.93 ",0.39%,$19.6B
,,,,,
9/7/2026 21:00,1,Bitcoin,"$79,107.83 ",-0.67%,$1.58T
9/7/2026 21:00,2,Ethereum,"$2,486.31 ",0.28%,$303.37B
9/7/2026 21:00,3,Tether,$1.00 ,-0.01%,$183.38B
9/7/2026 21:00,4,BNB,$740.86 ,-0.44%,$98.65B
9/7/2026 21:00,5,XRP,$1.39 ,-1.06%,$87.42B
9/7/2026 21:00,6,USDC,$1.00 ,0.00%,$74.46B
9/7/2026 21:00,7,Solana,$104.17 ,-1.54%,$61.06B
9/7/2026 21:00,8,TRON,$0.33 ,-0.24%,$31.75B
9/7/2026 21:00,9,Hyperliquid,$86.15 ,-3.55%,$21.7B
9/7/2026 21:00,10,Zcash,"$1,162.93 ",0.39%,$19.6B
,,,,,
9/7/2026 21:01,1,Bitcoin,"$79,107.83 ",-0.67%,$1.58T
9/7/2026 21:01,2,Ethereum,"$2,486.31 ",0.28%,$303.37B
9/7/2026 21:01,3,Tether,$1.00 ,-0.01%,$183.38B
9/7/2026 21:01,4,BNB,$741.46 ,-0.34%,$98.73B
9/7/2026 21:01,5,XRP,$1.39 ,-1.06%,$87.42B
9/7/2026 21:01,6,USDC,$1.00 ,0.00%,$74.46B
9/7/2026 21:01,7,Solana,$104.38 ,-1.27%,$61.18B
9/7/2026 21:01,8,TRON,$0.33 ,-0.24%,$31.75B
9/7/2026 21:01,9,Hyperliquid,$86.15 ,-3.55%,$21.7B
9/7/2026 21:01,10,Zcash,"$1,162.93 ",0.39%,$19.6B
,,,,,
9/7/2026 21:01,1,Bitcoin,"$79,088.25 ",-0.67%,$1.58T
9/7/2026 21:01,2,Ethereum,"$2,486.31 ",0.28%,$303.37B
9/7/2026 21:01,3,Tether,$1.00 ,-0.01%,$183.38B
9/7/2026 21:01,4,BNB,$741.46 ,-0.34%,$98.73B
9/7/2026 21:01,5,XRP,$1.39 ,-1.06%,$87.42B
9/7/2026 21:01,6,USDC,$1.00 ,0.00%,$74.46B
9/7/2026 21:01,7,Solana,$104.38 ,-1.27%,$61.18B
9/7/2026 21:01,8,TRON,$0.33 ,-0.24%,$31.75B
9/7/2026 21:01,9,Hyperliquid,$86.15 ,-3.55%,$21.7B
9/7/2026 21:01,10,Zcash,"$1,162.93 ",0.39%,$19.6B
,,,,,
9/7/2026 21:02,1,Bitcoin,"$79,088.25 ",-0.67%,$1.58T
9/7/2026 21:02,2,Ethereum,"$2,486.31 ",0.28%,$303.37B
9/7/2026 21:02,3,Tether,$1.00 ,-0.01%,$183.38B
9/7/2026 21:02,4,BNB,$741.46 ,-0.34%,$98.73B
9/7/2026 21:02,5,XRP,$1.39 ,-1.06%,$87.42B
9/7/2026 21:02,6,USDC,$1.00 ,0.00%,$74.46B
9/7/2026 21:02,7,Solana,$104.38 ,-1.27%,$61.18B
9/7/2026 21:02,8,TRON,$0.33 ,-0.24%,$31.75B
9/7/2026 21:02,9,Hyperliquid,$86.15 ,-3.55%,$21.7B
9/7/2026 21:02,10,Zcash,"$1,162.93 ",0.39%,$19.6B
,,,,,
9/7/2026 21:02,1,Bitcoin,"$79,088.25 ",-0.67%,$1.58T
9/7/2026 21:02,2,Ethereum,"$2,486.31 ",0.28%,$303.37B
9/7/2026 21:02,3,Tether,$1.00 ,-0.01%,$183.38B
9/7/2026 21:02,4,BNB,$740.74 ,-0.47%,$98.63B
9/7/2026 21:02,5,XRP,$1.39 ,-1.06%,$87.42B
9/7/2026 21:02,6,USDC,$1.00 ,0.00%,$74.45B
9/7/2026 21:02,7,Solana,$104.38 ,-1.27%,$61.18B
9/7/2026 21:02,8,TRON,$0.33 ,-0.24%,$31.75B
9/7/2026 21:02,9,Hyperliquid,$86.15 ,-3.55%,$21.7B
9/7/2026 21:02,10,Zcash,"$1,160.16 ",-0.13%,$19.55B
,,,,,
9/7/2026 21:03,1,Bitcoin,"$79,088.25 ",-0.67%,$1.58T
9/7/2026 21:03,2,Ethereum,"$2,486.31 ",0.28%,$303.37B
9/7/2026 21:03,3,Tether,$1.00 ,-0.01%,$183.38B
9/7/2026 21:03,4,BNB,$741.46 ,-0.34%,$98.73B
9/7/2026 21:03,5,XRP,$1.39 ,-1.06%,$87.42B
9/7/2026 21:03,6,USDC,$1.00 ,0.00%,$74.46B
9/7/2026 21:03,7,Solana,$104.38 ,-1.27%,$61.18B
9/7/2026 21:03,8,TRON,$0.33 ,-0.24%,$31.75B
9/7/2026 21:03,9,Hyperliquid,$85.62 ,-3.78%,$21.57B
9/7/2026 21:03,10,Zcash,"$1,159.48 ",-0.24%,$19.54B
,,,,,
9/7/2026 21:03,1,Bitcoin,"$79,088.25 ",-0.67%,$1.58T
9/7/2026 21:03,2,Ethereum,"$2,476.26 ",-0.06%,$302.17B
9/7/2026 21:03,3,Tether,$1.00 ,-0.01%,$183.38B
9/7/2026 21:03,4,BNB,$740.57 ,-0.50%,$98.61B
9/7/2026 21:03,5,XRP,$1.39 ,-1.06%,$87.42B
9/7/2026 21:03,6,USDC,$1.00 ,0.02%,$74.46B
9/7/2026 21:03,7,Solana,$104.38 ,-1.27%,$61.18B
9/7/2026 21:03,8,TRON,$0.33 ,-0.24%,$31.75B
9/7/2026 21:03,9,Hyperliquid,$85.62 ,-3.78%,$21.57B
9/7/2026 21:03,10,Zcash,"$1,159.56 ",-0.23%,$19.54B
,,,,,
9/7/2026 21:03,1,Bitcoin,"$79,088.25 ",-0.67%,$1.58T
9/7/2026 21:03,2,Ethereum,"$2,486.31 ",0.28%,$303.37B
9/7/2026 21:03,3,Tether,$1.00 ,-0.01%,$183.38B
9/7/2026 21:03,4,BNB,$741.46 ,-0.34%,$98.73B
9/7/2026 21:03,5,XRP,$1.39 ,-1.06%,$87.42B
9/7/2026 21:03,6,USDC,$1.00 ,0.00%,$74.46B
9/7/2026 21:03,7,Solana,$104.38 ,-1.27%,$61.18B
9/7/2026 21:03,8,TRON,$0.33 ,-0.24%,$31.75B
9/7/2026 21:03,9,Hyperliquid,$85.41 ,-4.01%,$21.52B
9/7/2026 21:03,10,Zcash,"$1,158.39 ",-0.33%,$19.52B
,,,,,
9/7/2026 21:03,1,Bitcoin,"$78,872.95 ",-0.92%,$1.58T
9/7/2026 21:03,2,Ethereum,"$2,475.69 ",-0.08%,$302.1B
9/7/2026 21:03,3,Tether,$1.00 ,0.01%,$183.39B
9/7/2026 21:03,4,BNB,$739.54 ,-0.64%,$98.47B
9/7/2026 21:03,5,XRP,$1.38 ,-1.49%,$87.08B
9/7/2026 21:03,6,USDC,$1.00 ,0.02%,$74.46B
9/7/2026 21:03,7,Solana,$103.89 ,-1.78%,$60.9B
9/7/2026 21:03,8,TRON,$0.33 ,-0.24%,$31.75B
9/7/2026 21:03,9,Hyperliquid,$86.15 ,-3.55%,$21.7B
9/7/2026 21:03,10,Zcash,"$1,162.93 ",0.39%,$19.6B
,,,,,
9/7/2026 21:04,1,Bitcoin,"$79,013.91 ",-0.78%,$1.58T
9/7/2026 21:04,2,Ethereum,"$2,483.35 ",0.18%,$303.37B
9/7/2026 21:04,3,Tether,$1.00 ,-0.01%,$183.38B
9/7/2026 21:04,4,BNB,$741.46 ,-0.34%,$98.73B
9/7/2026 21:04,5,XRP,$1.39 ,-1.06%,$87.42B
9/7/2026 21:04,6,USDC,$1.00 ,0.00%,$74.46B
9/7/2026 21:04,7,Solana,$104.38 ,-1.27%,$61.18B
9/7/2026 21:04,8,TRON,$0.33 ,-0.24%,$31.75B
9/7/2026 21:04,9,Hyperliquid,$85.43 ,-3.80%,$21.52B
9/7/2026 21:04,10,Zcash,"$1,158.67 ",-0.32%,$19.53B
,,,,,
9/7/2026 21:04,1,Bitcoin,"$79,013.91 ",-0.78%,$1.58T
9/7/2026 21:04,2,Ethereum,"$2,472.66 ",-0.17%,$301.73B
9/7/2026 21:04,3,Tether,$1.00 ,-0.01%,$183.38B
9/7/2026 21:04,4,BNB,$741.46 ,-0.34%,$98.73B
9/7/2026 21:04,5,XRP,$1.39 ,-1.06%,$87.42B
9/7/2026 21:04,6,USDC,$1.00 ,0.01%,$74.45B
9/7/2026 21:04,7,Solana,$104.38 ,-1.27%,$61.18B
9/7/2026 21:04,8,TRON,$0.33 ,-0.24%,$31.75B
9/7/2026 21:04,9,Hyperliquid,$86.15 ,-3.55%,$21.7B
9/7/2026 21:04,10,Zcash,"$1,162.93 ",0.39%,$19.6B
,,,,,
9/7/2026 21:05,1,Bitcoin,"$79,013.91 ",-0.78%,$1.58T
9/7/2026 21:05,2,Ethereum,"$2,483.35 ",0.18%,$303.37B
9/7/2026 21:05,3,Tether,$1.00 ,-0.01%,$183.38B
9/7/2026 21:05,4,BNB,$741.46 ,-0.34%,$98.73B
9/7/2026 21:05,5,XRP,$1.39 ,-1.06%,$87.42B
9/7/2026 21:05,6,USDC,$1.00 ,0.00%,$74.46B
9/7/2026 21:05,7,Solana,$104.38 ,-1.27%,$61.18B
9/7/2026 21:05,8,TRON,$0.33 ,-0.24%,$31.75B
9/7/2026 21:05,9,Hyperliquid,$85.43 ,-3.83%,$21.52B
9/7/2026 21:05,10,Zcash,"$1,158.75 ",-0.33%,$19.53B
,,,,,
9/7/2026 21:05,1,Bitcoin,"$78,916.48 ",-0.89%,$1.58T
9/7/2026 21:05,2,Ethereum,"$2,474.23 ",-0.16%,$301.92B
9/7/2026 21:05,3,Tether,$1.00 ,0.00%,$183.39B
9/7/2026 21:05,4,BNB,$739.42 ,-0.65%,$98.46B
9/7/2026 21:05,5,XRP,$1.38 ,-1.45%,$87.08B
9/7/2026 21:05,6,USDC,$1.00 ,0.01%,$74.46B
9/7/2026 21:05,7,Solana,$104.34 ,-1.34%,$61.16B
9/7/2026 21:05,8,TRON,$0.33 ,-0.23%,$31.75B
9/7/2026 21:05,9,Hyperliquid,$86.07 ,-3.49%,$21.68B
9/7/2026 21:05,10,Zcash,"$1,162.62 ",0.34%,$19.59B
,,,,,
9/7/2026 21:06,1,Bitcoin,"$78,916.48 ",-0.89%,$1.58T
9/7/2026 21:06,2,Ethereum,"$2,479.41 ",0.00%,$303.23B
9/7/2026 21:06,3,Tether,$1.00 ,0.00%,$183.38B
9/7/2026 21:06,4,BNB,$741.25 ,-0.39%,$98.7B
9/7/2026 21:06,5,XRP,$1.39 ,-1.05%,$87.43B
9/7/2026 21:06,6,USDC,$1.00 ,0.00%,$74.45B
9/7/2026 21:06,7,Solana,$104.34 ,-1.34%,$61.16B
9/7/2026 21:06,8,TRON,$0.33 ,-0.23%,$31.75B
9/7/2026 21:06,9,Hyperliquid,$86.07 ,-3.49%,$21.68B
9/7/2026 21:06,10,Zcash,"$1,162.62 ",0.34%,$19.59B
,,,,,
9/7/2026 21:06,1,Bitcoin,"$78,916.48 ",-0.89%,$1.58T
9/7/2026 21:06,2,Ethereum,"$2,479.41 ",0.00%,$303.23B
9/7/2026 21:06,3,Tether,$1.00 ,-0.01%,$183.37B
9/7/2026 21:06,4,BNB,$741.25 ,-0.39%,$98.7B
9/7/2026 21:06,5,XRP,$1.39 ,-1.05%,$87.43B
9/7/2026 21:06,6,USDC,$1.00 ,0.00%,$74.45B
9/7/2026 21:06,7,Solana,$103.86 ,-1.70%,$60.88B
9/7/2026 21:06,8,TRON,$0.33 ,-0.23%,$31.75B
9/7/2026 21:06,9,Hyperliquid,$86.07 ,-3.49%,$21.68B
9/7/2026 21:06,10,Zcash,"$1,162.62 ",0.34%,$19.59B
,,,,,
9/7/2026 21:06,1,Bitcoin,"$78,916.48 ",-0.89%,$1.58T
9/7/2026 21:06,2,Ethereum,"$2,479.41 ",0.00%,$303.23B
9/7/2026 21:06,3,Tether,$1.00 ,0.00%,$183.38B
9/7/2026 21:06,4,BNB,$741.25 ,-0.39%,$98.7B
9/7/2026 21:06,5,XRP,$1.39 ,-1.05%,$87.43B
9/7/2026 21:06,6,USDC,$1.00 ,0.00%,$74.45B
9/7/2026 21:06,7,Solana,$104.34 ,-1.34%,$61.16B
9/7/2026 21:06,8,TRON,$0.33 ,-0.23%,$31.75B
9/7/2026 21:06,9,Hyperliquid,$86.07 ,-3.49%,$21.68B
9/7/2026 21:06,10,Zcash,"$1,162.62 ",0.34%,$19.59B
,,,,,
9/7/2026 21:07,1,Bitcoin,"$78,916.48 ",-0.89%,$1.58T
9/7/2026 21:07,2,Ethereum,"$2,479.41 ",0.00%,$303.23B
9/7/2026 21:07,3,Tether,$1.00 ,0.00%,$183.38B
9/7/2026 21:07,4,BNB,$741.25 ,-0.39%,$98.7B
9/7/2026 21:07,5,XRP,$1.39 ,-1.05%,$87.43B
9/7/2026 21:07,6,USDC,$1.00 ,0.00%,$74.45B
9/7/2026 21:07,7,Solana,$104.34 ,-1.34%,$61.16B
9/7/2026 21:07,8,TRON,$0.33 ,-0.23%,$31.75B
9/7/2026 21:07,9,Hyperliquid,$85.20 ,-4.08%,$21.46B
9/7/2026 21:07,10,Zcash,"$1,160.17 ",-0.17%,$19.55B
,,,,,
9/7/2026 21:07,1,Bitcoin,"$78,916.48 ",-0.89%,$1.58T
9/7/2026 21:07,2,Ethereum,"$2,479.41 ",0.00%,$303.23B
9/7/2026 21:07,3,Tether,$1.00 ,0.00%,$183.38B
9/7/2026 21:07,4,BNB,$741.25 ,-0.39%,$98.7B
9/7/2026 21:07,5,XRP,$1.39 ,-1.05%,$87.43B
9/7/2026 21:07,6,USDC,$1.00 ,0.00%,$74.45B
9/7/2026 21:07,7,Solana,$104.34 ,-1.34%,$61.16B
9/7/2026 21:07,8,TRON,$0.33 ,-0.23%,$31.75B
9/7/2026 21:07,9,Hyperliquid,$86.07 ,-3.49%,$21.68B
9/7/2026 21:07,10,Zcash,"$1,162.62 ",0.34%,$19.59B
,,,,,
9/7/2026 21:07,1,Bitcoin,"$78,856.42 ",-0.93%,$1.58T
9/7/2026 21:07,2,Ethereum,"$2,476.96 ",-0.03%,$303.23B
9/7/2026 21:07,3,Tether,$1.00 ,0.00%,$183.38B
9/7/2026 21:07,4,BNB,$741.25 ,-0.39%,$98.7B
9/7/2026 21:07,5,XRP,$1.39 ,-1.05%,$87.43B
9/7/2026 21:07,6,USDC,$1.00 ,0.00%,$74.45B
9/7/2026 21:07,7,Solana,$104.34 ,-1.34%,$61.16B
9/7/2026 21:07,8,TRON,$0.33 ,-0.23%,$31.75B
9/7/2026 21:07,9,Hyperliquid,$86.07 ,-3.49%,$21.68B
9/7/2026 21:07,10,Zcash,"$1,162.62 ",0.34%,$19.59B
,,,,,
9/7/2026 21:08,1,Bitcoin,"$78,856.42 ",-0.93%,$1.58T
9/7/2026 21:08,2,Ethereum,"$2,476.96 ",-0.03%,$303.23B
9/7/2026 21:08,3,Tether,$1.00 ,0.00%,$183.38B
9/7/2026 21:08,4,BNB,$741.25 ,-0.39%,$98.7B
9/7/2026 21:08,5,XRP,$1.39 ,-1.05%,$87.43B
9/7/2026 21:08,6,USDC,$1.00 ,0.00%,$74.45B
9/7/2026 21:08,7,Solana,$104.34 ,-1.34%,$61.16B
9/7/2026 21:08,8,TRON,$0.33 ,-0.23%,$31.75B
9/7/2026 21:08,9,Hyperliquid,$86.07 ,-3.49%,$21.68B
9/7/2026 21:08,10,Zcash,"$1,162.62 ",0.34%,$19.59B
,,,,,
9/7/2026 21:08,1,Bitcoin,"$78,856.42 ",-0.93%,$1.58T
9/7/2026 21:08,2,Ethereum,"$2,476.96 ",-0.03%,$303.23B
9/7/2026 21:08,3,Tether,$1.00 ,0.00%,$183.38B
9/7/2026 21:08,4,BNB,$741.25 ,-0.39%,$98.7B
9/7/2026 21:08,5,XRP,$1.39 ,-1.05%,$87.43B
9/7/2026 21:08,6,USDC,$1.00 ,0.00%,$74.45B
9/7/2026 21:08,7,Solana,$104.34 ,-1.34%,$61.16B
9/7/2026 21:08,8,TRON,$0.33 ,-0.23%,$31.75B
9/7/2026 21:08,9,Hyperliquid,$86.07 ,-3.49%,$21.68B
9/7/2026 21:08,10,Zcash,"$1,162.62 ",0.34%,$19.59B
,,,,,
9/7/2026 21:09,1,Bitcoin,"$78,856.42 ",-0.93%,$1.58T
9/7/2026 21:09,2,Ethereum,"$2,476.96 ",-0.03%,$303.23B
9/7/2026 21:09,3,Tether,$1.00 ,-0.02%,$183.36B
9/7/2026 21:09,4,BNB,$741.25 ,-0.39%,$98.7B
9/7/2026 21:09,5,XRP,$1.39 ,-1.05%,$87.43B
9/7/2026 21:09,6,USDC,$1.00 ,0.00%,$74.45B
9/7/2026 21:09,7,Solana,$104.34 ,-1.34%,$61.16B
9/7/2026 21:09,8,TRON,$0.33 ,-0.23%,$31.75B
9/7/2026 21:09,9,Hyperliquid,$86.07 ,-3.49%,$21.68B
9/7/2026 21:09,10,Zcash,"$1,162.62 ",0.34%,$19.59B
,,,,,
9/7/2026 21:09,1,Bitcoin,"$78,792.94 ",-1.14%,$1.58T
9/7/2026 21:09,2,Ethereum,"$2,471.55 ",-0.38%,$301.59B
9/7/2026 21:09,3,Tether,$1.00 ,0.00%,$183.39B
9/7/2026 21:09,4,BNB,$738.13 ,-0.88%,$98.29B
9/7/2026 21:09,5,XRP,$1.38 ,-1.59%,$86.95B
9/7/2026 21:09,6,USDC,$1.00 ,0.00%,$74.46B
9/7/2026 21:09,7,Solana,$103.52 ,-2.05%,$60.68B
9/7/2026 21:09,8,TRON,$0.33 ,-0.23%,$31.75B
9/7/2026 21:09,9,Hyperliquid,$86.07 ,-3.49%,$21.68B
9/7/2026 21:09,10,Zcash,"$1,162.62 ",0.34%,$19.59B
,,,,,
9/7/2026 21:10,1,Bitcoin,"$78,762.21 ",-1.16%,$1.58T
9/7/2026 21:10,2,Ethereum,"$2,470.15 ",-0.43%,$301.42B
9/7/2026 21:10,3,Tether,$1.00 ,0.02%,$183.37B
9/7/2026 21:10,4,BNB,$737.65 ,-0.99%,$98.22B
9/7/2026 21:10,5,XRP,$1.38 ,-1.71%,$86.92B
9/7/2026 21:10,6,USDC,$1.00 ,0.00%,$74.45B
9/7/2026 21:10,7,Solana,$103.46 ,-2.24%,$60.64B
9/7/2026 21:10,8,TRON,$0.33 ,-0.30%,$31.73B
9/7/2026 21:10,9,Hyperliquid,$85.87 ,-3.69%,$21.63B
9/7/2026 21:10,10,Zcash,"$1,162.22 ",0.14%,$19.59B
,,,,,
9/7/2026 21:10,1,Bitcoin,"$78,892.87 ",-0.91%,$1.58T
9/7/2026 21:10,2,Ethereum,"$2,473.29 ",-0.20%,$302.83B
9/7/2026 21:10,3,Tether,$1.00 ,0.01%,$183.37B
9/7/2026 21:10,4,BNB,$740.85 ,-0.46%,$98.65B
9/7/2026 21:10,5,XRP,$1.39 ,-1.15%,$87.37B
9/7/2026 21:10,6,USDC,$1.00 ,0.00%,$74.45B
9/7/2026 21:10,7,Solana,$104.24 ,-1.48%,$61.1B
9/7/2026 21:10,8,TRON,$0.33 ,-0.30%,$31.73B
9/7/2026 21:10,9,Hyperliquid,$85.87 ,-3.69%,$21.63B
9/7/2026 21:10,10,Zcash,"$1,162.22 ",0.14%,$19.59B
,,,,,
9/7/2026 21:11,1,Bitcoin,"$78,700.86 ",-1.25%,$1.58T
9/7/2026 21:11,2,Ethereum,"$2,467.70 ",-0.52%,$301.12B
9/7/2026 21:11,3,Tether,$1.00 ,0.01%,$183.37B
9/7/2026 21:11,4,BNB,$737.36 ,-1.03%,$98.18B
9/7/2026 21:11,5,XRP,$1.38 ,-1.82%,$86.83B
9/7/2026 21:11,6,USDC,$1.00 ,-0.01%,$74.45B
9/7/2026 21:11,7,Solana,$103.41 ,-2.30%,$60.61B
9/7/2026 21:11,8,TRON,$0.33 ,-0.30%,$31.73B
9/7/2026 21:11,9,Hyperliquid,$84.99 ,-4.40%,$21.41B
9/7/2026 21:11,10,Zcash,"$1,162.22 ",0.14%,$19.59B
,,,,,
9/7/2026 21:12,1,Bitcoin,"$78,821.97 ",-1.02%,$1.58T
9/7/2026 21:12,2,Ethereum,"$2,475.62 ",-0.07%,$302.83B
9/7/2026 21:12,3,Tether,$1.00 ,0.01%,$183.37B
9/7/2026 21:12,4,BNB,$740.85 ,-0.46%,$98.65B
9/7/2026 21:12,5,XRP,$1.39 ,-1.15%,$87.37B
9/7/2026 21:12,6,USDC,$1.00 ,0.00%,$74.45B
9/7/2026 21:12,7,Solana,$104.24 ,-1.48%,$61.1B
9/7/2026 21:12,8,TRON,$0.33 ,-0.30%,$31.73B
9/7/2026 21:12,9,Hyperliquid,$85.87 ,-3.69%,$21.63B
9/7/2026 21:12,10,Zcash,"$1,155.88 ",-0.83%,$19.48B
,,,,,
9/7/2026 21:13,1,Bitcoin,"$78,821.97 ",-1.02%,$1.58T
9/7/2026 21:13,2,Ethereum,"$2,475.62 ",-0.07%,$302.83B
9/7/2026 21:13,3,Tether,$1.00 ,0.01%,$183.37B
9/7/2026 21:13,4,BNB,$740.85 ,-0.46%,$98.65B
9/7/2026 21:13,5,XRP,$1.39 ,-1.15%,$87.37B
9/7/2026 21:13,6,USDC,$1.00 ,0.00%,$74.45B
9/7/2026 21:13,7,Solana,$104.24 ,-1.48%,$61.1B
9/7/2026 21:13,8,TRON,$0.33 ,-0.30%,$31.73B
9/7/2026 21:13,9,Hyperliquid,$85.87 ,-3.69%,$21.63B
9/7/2026 21:13,10,Zcash,"$1,162.22 ",0.14%,$19.59B
,,,,,
9/7/2026 21:13,1,Bitcoin,"$78,755.96 ",-1.18%,$1.58T
9/7/2026 21:13,2,Ethereum,"$2,469.10 ",-0.46%,$301.29B
9/7/2026 21:13,3,Tether,$1.00 ,-0.01%,$183.36B
9/7/2026 21:13,4,BNB,$736.37 ,-1.15%,$98.05B
9/7/2026 21:13,5,XRP,$1.38 ,-2.03%,$86.66B
9/7/2026 21:13,6,USDC,$1.00 ,0.00%,$74.45B
9/7/2026 21:13,7,Solana,$103.33 ,-2.43%,$60.56B
9/7/2026 21:13,8,TRON,$0.33 ,-0.30%,$31.73B
9/7/2026 21:13,9,Hyperliquid,$85.87 ,-3.69%,$21.63B
9/7/2026 21:13,10,Zcash,"$1,162.22 ",0.14%,$19.59B
,,,,,
9/7/2026 21:14,1,Bitcoin,"$78,778.43 ",-1.14%,$1.58T
9/7/2026 21:14,2,Ethereum,"$2,470.71 ",-0.42%,$302.83B
9/7/2026 21:14,3,Tether,$1.00 ,-0.01%,$183.37B
9/7/2026 21:14,4,BNB,$740.85 ,-0.46%,$98.65B
9/7/2026 21:14,5,XRP,$1.39 ,-1.15%,$87.37B
9/7/2026 21:14,6,USDC,$1.00 ,0.00%,$74.45B
9/7/2026 21:14,7,Solana,$104.24 ,-1.48%,$61.1B
9/7/2026 21:14,8,TRON,$0.33 ,-0.30%,$31.73B
9/7/2026 21:14,9,Hyperliquid,$84.99 ,-4.33%,$21.41B
9/7/2026 21:14,10,Zcash,"$1,157.13 ",-0.68%,$19.5B
,,,,,
9/7/2026 21:15,1,Bitcoin,"$78,778.43 ",-1.14%,$1.58T
9/7/2026 21:15,2,Ethereum,"$2,470.71 ",-0.42%,$302.83B
9/7/2026 21:15,3,Tether,$1.00 ,-0.01%,$183.37B
9/7/2026 21:15,4,BNB,$740.85 ,-0.46%,$98.65B
9/7/2026 21:15,5,XRP,$1.39 ,-1.15%,$87.37B
9/7/2026 21:15,6,USDC,$1.00 ,0.00%,$74.45B
9/7/2026 21:15,7,Solana,$104.24 ,-1.48%,$61.1B
9/7/2026 21:15,8,TRON,$0.33 ,-0.30%,$31.73B
9/7/2026 21:15,9,Hyperliquid,$85.87 ,-3.69%,$21.63B
9/7/2026 21:15,10,Zcash,"$1,162.22 ",0.14%,$19.59B
,,,,,
9/7/2026 21:15,1,Bitcoin,"$78,778.43 ",-1.14%,$1.58T
9/7/2026 21:15,2,Ethereum,"$2,470.71 ",-0.42%,$302.83B
9/7/2026 21:15,3,Tether,$1.00 ,-0.01%,$183.37B
9/7/2026 21:15,4,BNB,$740.85 ,-0.46%,$98.65B
9/7/2026 21:15,5,XRP,$1.39 ,-1.15%,$87.37B
9/7/2026 21:15,6,USDC,$1.00 ,0.00%,$74.45B
9/7/2026 21:15,7,Solana,$104.24 ,-1.48%,$61.1B
9/7/2026 21:15,8,TRON,$0.33 ,-0.30%,$31.73B
9/7/2026 21:15,9,Hyperliquid,$85.87 ,-3.69%,$21.63B
9/7/2026 21:15,10,Zcash,"$1,162.22 ",0.14%,$19.59B
,,,,,
9/7/2026 21:16,1,Bitcoin,"$78,749.83 ",-1.18%,$1.58T
9/7/2026 21:16,2,Ethereum,"$2,469.69 ",-0.44%,$302.09B
9/7/2026 21:16,3,Tether,$1.00 ,-0.01%,$183.37B
9/7/2026 21:16,4,BNB,$736.50 ,-1.12%,$98.07B
9/7/2026 21:16,5,XRP,$1.38 ,-1.44%,$87.08B
9/7/2026 21:16,6,USDC,$1.00 ,-0.01%,$74.45B
9/7/2026 21:16,7,Solana,$103.86 ,-1.71%,$60.88B
9/7/2026 21:16,8,TRON,$0.33 ,-0.34%,$31.72B
9/7/2026 21:16,9,Hyperliquid,$85.13 ,-4.13%,$21.44B
9/7/2026 21:16,10,Zcash,"$1,157.58 ",-0.62%,$19.51B
,,,,,
9/7/2026 21:17,1,Bitcoin,"$78,749.83 ",-1.18%,$1.58T
9/7/2026 21:17,2,Ethereum,"$2,469.69 ",-0.44%,$302.09B
9/7/2026 21:17,3,Tether,$1.00 ,-0.01%,$183.37B
9/7/2026 21:17,4,BNB,$739.13 ,-0.73%,$98.42B
9/7/2026 21:17,5,XRP,$1.38 ,-1.44%,$87.08B
9/7/2026 21:17,6,USDC,$1.00 ,0.01%,$74.46B
9/7/2026 21:17,7,Solana,$103.31 ,-2.45%,$60.56B
9/7/2026 21:17,8,TRON,$0.33 ,-0.34%,$31.72B
9/7/2026 21:17,9,Hyperliquid,$85.43 ,-3.83%,$21.52B
9/7/2026 21:17,10,Zcash,"$1,159.89 ",-0.19%,$19.55B
,,,,,
9/7/2026 21:17,1,Bitcoin,"$78,749.83 ",-1.18%,$1.58T
9/7/2026 21:17,2,Ethereum,"$2,469.69 ",-0.44%,$302.09B
9/7/2026 21:17,3,Tether,$1.00 ,-0.01%,$183.37B
9/7/2026 21:17,4,BNB,$739.13 ,-0.73%,$98.42B
9/7/2026 21:17,5,XRP,$1.38 ,-1.44%,$87.08B
9/7/2026 21:17,6,USDC,$1.00 ,0.01%,$74.46B
9/7/2026 21:17,7,Solana,$103.86 ,-1.71%,$60.88B
9/7/2026 21:17,8,TRON,$0.33 ,-0.34%,$31.72B
9/7/2026 21:17,9,Hyperliquid,$85.12 ,-4.13%,$21.44B
9/7/2026 21:17,10,Zcash,"$1,157.51 ",-0.61%,$19.51B
,,,,,
9/7/2026 21:18,1,Bitcoin,"$78,749.83 ",-1.18%,$1.58T
9/7/2026 21:18,2,Ethereum,"$2,469.69 ",-0.44%,$302.09B
9/7/2026 21:18,3,Tether,$1.00 ,-0.01%,$183.37B
9/7/2026 21:18,4,BNB,$739.13 ,-0.73%,$98.42B
9/7/2026 21:18,5,XRP,$1.38 ,-1.44%,$87.08B
9/7/2026 21:18,6,USDC,$1.00 ,0.01%,$74.46B
9/7/2026 21:18,7,Solana,$103.86 ,-1.71%,$60.88B
9/7/2026 21:18,8,TRON,$0.33 ,-0.34%,$31.72B
9/7/2026 21:18,9,Hyperliquid,$85.12 ,-4.15%,$21.44B
9/7/2026 21:18,10,Zcash,"$1,157.75 ",-0.59%,$19.51B
,,,,,
9/7/2026 21:19,1,Bitcoin,"$78,749.83 ",-1.18%,$1.58T
9/7/2026 21:19,2,Ethereum,"$2,469.69 ",-0.44%,$302.09B
9/7/2026 21:19,3,Tether,$1.00 ,-0.01%,$183.37B
9/7/2026 21:19,4,BNB,$739.13 ,-0.73%,$98.42B
9/7/2026 21:19,5,XRP,$1.38 ,-1.44%,$87.08B
9/7/2026 21:19,6,USDC,$1.00 ,0.01%,$74.46B
9/7/2026 21:19,7,Solana,$103.86 ,-1.71%,$60.88B
9/7/2026 21:19,8,TRON,$0.33 ,-0.34%,$31.72B
9/7/2026 21:19,9,Hyperliquid,$85.43 ,-3.83%,$21.52B
9/7/2026 21:19,10,Zcash,"$1,159.89 ",-0.19%,$19.55B
,,,,,
9/7/2026 21:20,1,Bitcoin,"$78,769.21 ",-1.15%,$1.58T
9/7/2026 21:20,2,Ethereum,"$2,469.16 ",-0.48%,$301.02B
9/7/2026 21:20,3,Tether,$1.00 ,-0.01%,$183.38B
9/7/2026 21:20,4,BNB,$736.27 ,-1.17%,$98.04B
9/7/2026 21:20,5,XRP,$1.38 ,-1.83%,$86.82B
9/7/2026 21:20,6,USDC,$1.00 ,0.01%,$74.46B
9/7/2026 21:20,7,Solana,$103.29 ,-2.43%,$60.54B
9/7/2026 21:20,8,TRON,$0.33 ,-0.36%,$31.71B
9/7/2026 21:20,9,Hyperliquid,$85.01 ,-4.37%,$21.41B
9/7/2026 21:20,10,Zcash,"$1,157.04 ",-0.73%,$19.5B
,,,,,
9/7/2026 21:20,1,Bitcoin,"$78,769.21 ",-1.15%,$1.58T
9/7/2026 21:20,2,Ethereum,"$2,469.16 ",-0.48%,$301.02B
9/7/2026 21:20,3,Tether,$1.00 ,-0.01%,$183.38B
9/7/2026 21:20,4,BNB,$736.38 ,-1.16%,$98.05B
9/7/2026 21:20,5,XRP,$1.38 ,-1.92%,$86.75B
9/7/2026 21:20,6,USDC,$1.00 ,0.00%,$74.45B
9/7/2026 21:20,7,Solana,$103.32 ,-2.37%,$60.56B
9/7/2026 21:20,8,TRON,$0.33 ,-0.36%,$31.71B
9/7/2026 21:20,9,Hyperliquid,$85.01 ,-4.37%,$21.41B
9/7/2026 21:20,10,Zcash,"$1,157.04 ",-0.73%,$19.5B
,,,,,
9/7/2026 21:21,1,Bitcoin,"$78,769.21 ",-1.15%,$1.58T
9/7/2026 21:21,2,Ethereum,"$2,473.28 ",-0.28%,$301.8B
9/7/2026 21:21,3,Tether,$1.00 ,-0.01%,$183.4B
9/7/2026 21:21,4,BNB,$736.27 ,-1.17%,$98.04B
9/7/2026 21:21,5,XRP,$1.38 ,-1.83%,$86.82B
9/7/2026 21:21,6,USDC,$1.00 ,0.01%,$74.46B
9/7/2026 21:21,7,Solana,$103.29 ,-2.43%,$60.54B
9/7/2026 21:21,8,TRON,$0.33 ,-0.36%,$31.71B
9/7/2026 21:21,9,Hyperliquid,$85.01 ,-4.37%,$21.41B
9/7/2026 21:21,10,Zcash,"$1,157.04 ",-0.73%,$19.5B
,,,,,
9/7/2026 21:22,1,Bitcoin,"$78,836.83 ",-1.07%,$1.58T
9/7/2026 21:22,2,Ethereum,"$2,472.49 ",-0.34%,$301.71B
9/7/2026 21:22,3,Tether,$1.00 ,-0.01%,$183.38B
9/7/2026 21:22,4,BNB,$736.27 ,-1.17%,$98.04B
9/7/2026 21:22,5,XRP,$1.38 ,-1.83%,$86.82B
9/7/2026 21:22,6,USDC,$1.00 ,0.01%,$74.46B
9/7/2026 21:22,7,Solana,$103.29 ,-2.43%,$60.54B
9/7/2026 21:22,8,TRON,$0.33 ,-0.36%,$31.71B
9/7/2026 21:22,9,Hyperliquid,$85.01 ,-4.37%,$21.41B
9/7/2026 21:22,10,Zcash,"$1,157.04 ",-0.73%,$19.5B
,,,,,
9/7/2026 21:22,1,Bitcoin,"$78,836.83 ",-1.07%,$1.58T
9/7/2026 21:22,2,Ethereum,"$2,472.78 ",-0.33%,$301.74B
9/7/2026 21:22,3,Tether,$1.00 ,-0.01%,$183.4B
9/7/2026 21:22,4,BNB,$736.27 ,-1.17%,$98.04B
9/7/2026 21:22,5,XRP,$1.38 ,-1.83%,$86.82B
9/7/2026 21:22,6,USDC,$1.00 ,0.01%,$74.46B
9/7/2026 21:22,7,Solana,$103.29 ,-2.43%,$60.54B
9/7/2026 21:22,8,TRON,$0.33 ,-0.36%,$31.71B
9/7/2026 21:22,9,Hyperliquid,$85.01 ,-4.37%,$21.41B
9/7/2026 21:22,10,Zcash,"$1,157.04 ",-0.73%,$19.5B
,,,,,
9/7/2026 21:23,1,Bitcoin,"$78,826.77 ",-1.08%,$1.58T
9/7/2026 21:23,2,Ethereum,"$2,473.81 ",-0.26%,$301.48B
9/7/2026 21:23,3,Tether,$1.00 ,0.00%,$183.39B
9/7/2026 21:23,4,BNB,$736.47 ,-1.13%,$98.07B
9/7/2026 21:23,5,XRP,$1.38 ,-2.05%,$86.65B
9/7/2026 21:23,6,USDC,$1.00 ,0.00%,$74.45B
9/7/2026 21:23,7,Solana,$103.31 ,-2.43%,$60.56B
9/7/2026 21:23,8,TRON,$0.33 ,-0.38%,$31.7B
9/7/2026 21:23,9,Hyperliquid,$85.13 ,-4.14%,$21.44B
9/7/2026 21:23,10,Zcash,"$1,157.67 ",-0.60%,$19.51B
,,,,,
9/7/2026 21:24,1,Bitcoin,"$78,821.43 ",-1.12%,$1.58T
9/7/2026 21:24,2,Ethereum,"$2,472.41 ",-0.39%,$301.7B
9/7/2026 21:24,3,Tether,$1.00 ,-0.01%,$183.37B
9/7/2026 21:24,4,BNB,$736.36 ,-1.22%,$98.05B
9/7/2026 21:24,5,XRP,$1.38 ,-1.98%,$86.75B
9/7/2026 21:24,6,USDC,$1.00 ,0.00%,$74.45B
9/7/2026 21:24,7,Solana,$103.30 ,-2.41%,$60.55B
9/7/2026 21:24,8,TRON,$0.33 ,-0.38%,$31.7B
9/7/2026 21:24,9,Hyperliquid,$85.13 ,-4.14%,$21.44B
9/7/2026 21:24,10,Zcash,"$1,157.67 ",-0.60%,$19.51B
,,,,,
9/7/2026 21:25,1,Bitcoin,"$78,827.88 ",-1.05%,$1.58T
9/7/2026 21:25,2,Ethereum,"$2,472.75 ",-0.27%,$301.74B
9/7/2026 21:25,3,Tether,$1.00 ,-0.01%,$183.38B
9/7/2026 21:25,4,BNB,$736.23 ,-1.24%,$98.03B
9/7/2026 21:25,5,XRP,$1.38 ,-1.97%,$86.75B
9/7/2026 21:25,6,USDC,$1.00 ,0.00%,$74.45B
9/7/2026 21:25,7,Solana,$103.30 ,-2.36%,$60.55B
9/7/2026 21:25,8,TRON,$0.33 ,-0.38%,$31.7B
9/7/2026 21:25,9,Hyperliquid,$85.13 ,-4.14%,$21.44B
9/7/2026 21:25,10,Zcash,"$1,157.67 ",-0.60%,$19.51B
,,,,,
9/7/2026 21:25,1,Bitcoin,"$78,790.96 ",-1.10%,$1.58T
9/7/2026 21:25,2,Ethereum,"$2,470.84 ",-0.34%,$301.5B
9/7/2026 21:25,3,Tether,$1.00 ,-0.01%,$183.38B
9/7/2026 21:25,4,BNB,$736.26 ,-1.24%,$98.04B
9/7/2026 21:25,5,XRP,$1.38 ,-1.97%,$86.76B
9/7/2026 21:25,6,USDC,$1.00 ,0.00%,$74.45B
9/7/2026 21:25,7,Solana,$103.29 ,-2.36%,$60.55B
9/7/2026 21:25,8,TRON,$0.33 ,-0.38%,$31.7B
9/7/2026 21:25,9,Hyperliquid,$85.13 ,-4.14%,$21.44B
9/7/2026 21:25,10,Zcash,"$1,157.67 ",-0.60%,$19.51B
,,,,,
9/7/2026 21:26,1,Bitcoin,"$78,765.67 ",-1.13%,$1.58T
9/7/2026 21:26,2,Ethereum,"$2,469.52 ",-0.40%,$301.34B
9/7/2026 21:26,3,Tether,$1.00 ,-0.01%,$183.38B
9/7/2026 21:26,4,BNB,$736.15 ,-1.26%,$98.02B
9/7/2026 21:26,5,XRP,$1.38 ,-2.00%,$86.72B
9/7/2026 21:26,6,USDC,$1.00 ,-0.01%,$74.45B
9/7/2026 21:26,7,Solana,$103.24 ,-2.42%,$60.52B
9/7/2026 21:26,8,TRON,$0.33 ,-0.38%,$31.7B
9/7/2026 21:26,9,Hyperliquid,$85.13 ,-4.14%,$21.44B
9/7/2026 21:26,10,Zcash,"$1,157.67 ",-0.60%,$19.51B
,,,,,
9/7/2026 21:27,1,Bitcoin,"$78,763.35 ",-1.14%,$1.58T
9/7/2026 21:27,2,Ethereum,"$2,468.59 ",-0.45%,$301.23B
9/7/2026 21:27,3,Tether,$1.00 ,-0.01%,$183.38B
9/7/2026 21:27,4,BNB,$734.99 ,-1.42%,$97.87B
9/7/2026 21:27,5,XRP,$1.38 ,-2.06%,$86.68B
9/7/2026 21:27,6,USDC,$1.00 ,0.01%,$74.46B
9/7/2026 21:27,7,Solana,$103.15 ,-2.51%,$60.46B
9/7/2026 21:27,8,TRON,$0.33 ,-0.38%,$31.7B
9/7/2026 21:27,9,Hyperliquid,$85.13 ,-4.14%,$21.44B
9/7/2026 21:27,10,Zcash,"$1,157.67 ",-0.60%,$19.51B
,,,,,
9/7/2026 21:28,1,Bitcoin,"$78,804.47 ",-1.10%,$1.58T
9/7/2026 21:28,2,Ethereum,"$2,470.36 ",-0.38%,$301.45B
9/7/2026 21:28,3,Tether,$1.00 ,-0.01%,$183.39B
9/7/2026 21:28,4,BNB,$734.83 ,-1.47%,$97.85B
9/7/2026 21:28,5,XRP,$1.38 ,-2.04%,$86.68B
9/7/2026 21:28,6,USDC,$1.00 ,0.01%,$74.46B
9/7/2026 21:28,7,Solana,$103.12 ,-2.51%,$60.45B
9/7/2026 21:28,8,TRON,$0.33 ,-0.38%,$31.7B
9/7/2026 21:28,9,Hyperliquid,$85.13 ,-4.14%,$21.44B
9/7/2026 21:28,10,Zcash,"$1,157.67 ",-0.60%,$19.51B
,,,,,
9/7/2026 21:28,1,Bitcoin,"$78,826.93 ",-1.05%,$1.58T
9/7/2026 21:28,2,Ethereum,"$2,471.32 ",-0.34%,$301.56B
9/7/2026 21:28,3,Tether,$1.00 ,0.00%,$183.39B
9/7/2026 21:28,4,BNB,$734.90 ,-1.46%,$97.86B
9/7/2026 21:28,5,XRP,$1.38 ,-2.02%,$86.7B
9/7/2026 21:28,6,USDC,$1.00 ,0.01%,$74.46B
9/7/2026 21:28,7,Solana,$103.31 ,-2.43%,$60.56B
9/7/2026 21:28,8,TRON,$0.33 ,-0.38%,$31.7B
9/7/2026 21:28,9,Hyperliquid,$85.13 ,-4.14%,$21.44B
9/7/2026 21:28,10,Zcash,"$1,157.67 ",-0.60%,$19.51B
,,,,,
9/7/2026 21:29,1,Bitcoin,"$78,826.93 ",-1.05%,$1.58T
9/7/2026 21:29,2,Ethereum,"$2,470.39 ",-0.40%,$301.45B
9/7/2026 21:29,3,Tether,$1.00 ,0.00%,$183.39B
9/7/2026 21:29,4,BNB,$736.47 ,-1.13%,$98.07B
9/7/2026 21:29,5,XRP,$1.38 ,-2.05%,$86.65B
9/7/2026 21:29,6,USDC,$1.00 ,0.00%,$74.45B
9/7/2026 21:29,7,Solana,$103.31 ,-2.43%,$60.56B
9/7/2026 21:29,8,TRON,$0.33 ,-0.38%,$31.7B
9/7/2026 21:29,9,Hyperliquid,$85.03 ,-3.84%,$21.42B
9/7/2026 21:29,10,Zcash,"$1,146.82 ",-1.87%,$19.33B
,,,,,
9/7/2026 21:30,1,Bitcoin,"$78,787.53 ",-1.10%,$1.58T
9/7/2026 21:30,2,Ethereum,"$2,472.69 ",-0.27%,$301.71B
9/7/2026 21:30,3,Tether,$1.00 ,-0.01%,$183.38B
9/7/2026 21:30,4,BNB,$734.65 ,-1.50%,$97.82B
9/7/2026 21:30,5,XRP,$1.38 ,-1.96%,$86.77B
9/7/2026 21:30,6,USDC,$1.00 ,0.00%,$74.45B
9/7/2026 21:30,7,Solana,$103.34 ,-2.37%,$60.57B
9/7/2026 21:30,8,TRON,$0.33 ,-0.41%,$31.69B
9/7/2026 21:30,9,Hyperliquid,$85.25 ,-3.77%,$21.47B
9/7/2026 21:30,10,Zcash,"$1,155.78 ",-1.03%,$19.48B
,,,,,
9/7/2026 21:31,1,Bitcoin,"$78,787.53 ",-1.10%,$1.58T
9/7/2026 21:31,2,Ethereum,"$2,472.69 ",-0.27%,$301.71B
9/7/2026 21:31,3,Tether,$1.00 ,-0.01%,$183.38B
9/7/2026 21:31,4,BNB,$734.76 ,-1.50%,$97.84B
9/7/2026 21:31,5,XRP,$1.38 ,-1.96%,$86.77B
9/7/2026 21:31,6,USDC,$1.00 ,-0.01%,$74.45B
9/7/2026 21:31,7,Solana,$103.34 ,-2.37%,$60.57B
9/7/2026 21:31,8,TRON,$0.33 ,-0.41%,$31.69B
9/7/2026 21:31,9,Hyperliquid,$85.16 ,-3.73%,$21.45B
9/7/2026 21:31,10,Zcash,"$1,155.78 ",-1.03%,$19.48B
,,,,,
9/7/2026 21:31,1,Bitcoin,"$78,876.25 ",-1.06%,$1.58T
9/7/2026 21:31,2,Ethereum,"$2,473.81 ",-0.26%,$301.87B
9/7/2026 21:31,3,Tether,$1.00 ,-0.01%,$183.38B
9/7/2026 21:31,4,BNB,$736.24 ,-1.24%,$98.04B
9/7/2026 21:31,5,XRP,$1.38 ,-1.93%,$86.82B
9/7/2026 21:31,6,USDC,$1.00 ,0.00%,$74.45B
9/7/2026 21:31,7,Solana,$103.34 ,-2.37%,$60.57B
9/7/2026 21:31,8,TRON,$0.33 ,-0.41%,$31.69B
9/7/2026 21:31,9,Hyperliquid,$85.25 ,-3.77%,$21.47B
9/7/2026 21:31,10,Zcash,"$1,155.78 ",-1.03%,$19.48B
,,,,,
9/7/2026 21:32,1,Bitcoin,"$78,859.41 ",-1.05%,$1.58T
9/7/2026 21:32,2,Ethereum,"$2,474.22 ",-0.21%,$301.92B
9/7/2026 21:32,3,Tether,$1.00 ,-0.03%,$183.35B
9/7/2026 21:32,4,BNB,$734.98 ,-1.47%,$97.87B
9/7/2026 21:32,5,XRP,$1.38 ,-1.92%,$86.83B
9/7/2026 21:32,6,USDC,$1.00 ,0.00%,$74.45B
9/7/2026 21:32,7,Solana,$103.32 ,-2.31%,$60.56B
9/7/2026 21:32,8,TRON,$0.33 ,-0.41%,$31.69B
9/7/2026 21:32,9,Hyperliquid,$85.25 ,-3.77%,$21.47B
9/7/2026 21:32,10,Zcash,"$1,155.78 ",-1.03%,$19.48B
,,,,,
9/7/2026 21:33,1,Bitcoin,"$78,900.39 ",-0.98%,$1.58T
9/7/2026 21:33,2,Ethereum,"$2,474.92 ",-0.15%,$302B
9/7/2026 21:33,3,Tether,$1.00 ,-0.01%,$183.37B
9/7/2026 21:33,4,BNB,$735.37 ,-1.40%,$97.92B
9/7/2026 21:33,5,XRP,$1.38 ,-1.80%,$86.92B
9/7/2026 21:33,6,USDC,$1.00 ,-0.01%,$74.45B
9/7/2026 21:33,7,Solana,$103.41 ,-2.21%,$60.62B
9/7/2026 21:33,8,TRON,$0.33 ,-0.41%,$31.69B
9/7/2026 21:33,9,Hyperliquid,$85.24 ,-3.59%,$21.47B
9/7/2026 21:33,10,Zcash,"$1,155.78 ",-1.03%,$19.48B
,,,,,
9/7/2026 21:34,1,Bitcoin,"$78,894.79 ",-0.96%,$1.58T
9/7/2026 21:34,2,Ethereum,"$2,474.69 ",-0.13%,$301.97B
9/7/2026 21:34,3,Tether,$1.00 ,-0.01%,$183.37B
9/7/2026 21:34,4,BNB,$735.51 ,-1.36%,$97.94B
9/7/2026 21:34,5,XRP,$1.38 ,-1.72%,$86.96B
9/7/2026 21:34,6,USDC,$1.00 ,0.00%,$74.45B
9/7/2026 21:34,7,Solana,$103.51 ,-2.06%,$60.67B
9/7/2026 21:34,8,TRON,$0.33 ,-0.41%,$31.69B
9/7/2026 21:34,9,Hyperliquid,$85.25 ,-3.77%,$21.47B
9/7/2026 21:34,10,Zcash,"$1,155.78 ",-1.03%,$19.48B
,,,,,
9/7/2026 21:34,1,Bitcoin,"$78,893.60 ",-0.96%,$1.58T
9/7/2026 21:34,2,Ethereum,"$2,474.84 ",-0.13%,$301.99B
9/7/2026 21:34,3,Tether,$1.00 ,-0.01%,$183.38B
9/7/2026 21:34,4,BNB,$736.24 ,-1.24%,$98.04B
9/7/2026 21:34,5,XRP,$1.38 ,-1.69%,$86.99B
9/7/2026 21:34,6,USDC,$1.00 ,0.00%,$74.45B
9/7/2026 21:34,7,Solana,$103.34 ,-2.37%,$60.57B
9/7/2026 21:34,8,TRON,$0.33 ,-0.41%,$31.69B
9/7/2026 21:34,9,Hyperliquid,$85.25 ,-3.77%,$21.47B
9/7/2026 21:34,10,Zcash,"$1,155.78 ",-1.03%,$19.48B
,,,,,
9/7/2026 21:35,1,Bitcoin,"$78,786.24 ",-1.13%,$1.58T
9/7/2026 21:35,2,Ethereum,"$2,473.19 ",-0.14%,$301.79B
9/7/2026 21:35,3,Tether,$1.00 ,-0.01%,$183.38B
9/7/2026 21:35,4,BNB,$736.24 ,-1.24%,$98.04B
9/7/2026 21:35,5,XRP,$1.38 ,-1.68%,$86.99B
9/7/2026 21:35,6,USDC,$1.00 ,0.00%,$74.45B
9/7/2026 21:35,7,Solana,$103.50 ,-2.06%,$60.66B
9/7/2026 21:35,8,TRON,$0.33 ,-0.41%,$31.69B
9/7/2026 21:35,9,Hyperliquid,$85.33 ,-3.39%,$21.49B
9/7/2026 21:35,10,Zcash,"$1,155.78 ",-1.03%,$19.48B
,,,,,
9/7/2026 21:36,1,Bitcoin,"$78,869.42 ",-1.04%,$1.58T
9/7/2026 21:36,2,Ethereum,"$2,472.75 ",-0.30%,$301.23B
9/7/2026 21:36,3,Tether,$1.00 ,-0.01%,$183.39B
9/7/2026 21:36,4,BNB,$734.89 ,-1.46%,$97.86B
9/7/2026 21:36,5,XRP,$1.38 ,-2.01%,$86.72B
9/7/2026 21:36,6,USDC,$1.00 ,0.00%,$74.45B
9/7/2026 21:36,7,Solana,$103.24 ,-2.43%,$60.51B
9/7/2026 21:36,8,TRON,$0.33 ,-0.43%,$31.69B
9/7/2026 21:36,9,Hyperliquid,$85.43 ,-3.28%,$21.52B
9/7/2026 21:36,10,Zcash,"$1,153.70 ",-1.29%,$19.44B
,,,,,
9/7/2026 21:37,1,Bitcoin,"$78,869.42 ",-1.04%,$1.58T
9/7/2026 21:37,2,Ethereum,"$2,472.75 ",-0.30%,$301.23B
9/7/2026 21:37,3,Tether,$1.00 ,-0.01%,$183.39B
9/7/2026 21:37,4,BNB,$734.89 ,-1.46%,$97.86B
9/7/2026 21:37,5,XRP,$1.38 ,-2.01%,$86.72B
9/7/2026 21:37,6,USDC,$1.00 ,0.00%,$74.45B
9/7/2026 21:37,7,Solana,$103.24 ,-2.43%,$60.51B
9/7/2026 21:37,8,TRON,$0.33 ,-0.43%,$31.69B
9/7/2026 21:37,9,Hyperliquid,$85.11 ,-3.82%,$21.44B
9/7/2026 21:37,10,Zcash,"$1,152.31 ",-1.42%,$19.42B
,,,,,
9/7/2026 21:37,1,Bitcoin,"$78,869.42 ",-1.04%,$1.58T
9/7/2026 21:37,2,Ethereum,"$2,472.75 ",-0.30%,$301.23B
9/7/2026 21:37,3,Tether,$1.00 ,-0.01%,$183.39B
9/7/2026 21:37,4,BNB,$734.89 ,-1.46%,$97.86B
9/7/2026 21:37,5,XRP,$1.38 ,-2.01%,$86.72B
9/7/2026 21:37,6,USDC,$1.00 ,0.00%,$74.45B
9/7/2026 21:37,7,Solana,$103.24 ,-2.43%,$60.51B
9/7/2026 21:37,8,TRON,$0.33 ,-0.43%,$31.69B
9/7/2026 21:37,9,Hyperliquid,$85.11 ,-3.82%,$21.44B
9/7/2026 21:37,10,Zcash,"$1,152.71 ",-1.53%,$19.43B
,,,,,
9/7/2026 21:38,1,Bitcoin,"$78,863.58 ",-0.93%,$1.58T
9/7/2026 21:38,2,Ethereum,"$2,474.69 ",-0.13%,$301.23B
9/7/2026 21:38,3,Tether,$1.00 ,-0.01%,$183.39B
9/7/2026 21:38,4,BNB,$734.89 ,-1.46%,$97.86B
9/7/2026 21:38,5,XRP,$1.38 ,-2.01%,$86.72B
9/7/2026 21:38,6,USDC,$1.00 ,0.00%,$74.45B
9/7/2026 21:38,7,Solana,$103.24 ,-2.43%,$60.51B
9/7/2026 21:38,8,TRON,$0.33 ,-0.43%,$31.69B
9/7/2026 21:38,9,Hyperliquid,$85.11 ,-3.82%,$21.44B
9/7/2026 21:38,10,Zcash,"$1,152.31 ",-1.42%,$19.42B
,,,,,
9/7/2026 21:39,1,Bitcoin,"$78,863.58 ",-0.93%,$1.58T
9/7/2026 21:39,2,Ethereum,"$2,474.69 ",-0.13%,$301.23B
9/7/2026 21:39,3,Tether,$1.00 ,-0.01%,$183.39B
9/7/2026 21:39,4,BNB,$734.89 ,-1.46%,$97.86B
9/7/2026 21:39,5,XRP,$1.38 ,-2.01%,$86.72B
9/7/2026 21:39,6,USDC,$1.00 ,0.00%,$74.45B
9/7/2026 21:39,7,Solana,$103.24 ,-2.43%,$60.51B
9/7/2026 21:39,8,TRON,$0.33 ,-0.43%,$31.69B
9/7/2026 21:39,9,Hyperliquid,$85.11 ,-3.82%,$21.44B
9/7/2026 21:39,10,Zcash,"$1,152.31 ",-1.42%,$19.42B
,,,,,
9/7/2026 21:40,1,Bitcoin,"$78,863.58 ",-0.93%,$1.58T
9/7/2026 21:40,2,Ethereum,"$2,474.69 ",-0.13%,$301.23B
9/7/2026 21:40,3,Tether,$1.00 ,-0.01%,$183.39B
9/7/2026 21:40,4,BNB,$734.89 ,-1.46%,$97.86B
9/7/2026 21:40,5,XRP,$1.38 ,-2.01%,$86.72B
9/7/2026 21:40,6,USDC,$1.00 ,0.00%,$74.45B
9/7/2026 21:40,7,Solana,$103.24 ,-2.43%,$60.51B
9/7/2026 21:40,8,TRON,$0.33 ,-0.43%,$31.69B
9/7/2026 21:40,9,Hyperliquid,$85.11 ,-3.82%,$21.44B
9/7/2026 21:40,10,Zcash,"$1,152.31 ",-1.42%,$19.42B
,,,,,
9/7/2026 21:40,1,Bitcoin,"$78,870.15 ",-0.98%,$1.58T
9/7/2026 21:40,2,Ethereum,"$2,473.90 ",-0.11%,$301.37B
9/7/2026 21:40,3,Tether,$1.00 ,-0.01%,$183.37B
9/7/2026 21:40,4,BNB,$736.30 ,-1.23%,$98.04B
9/7/2026 21:40,5,XRP,$1.38 ,-2.01%,$86.71B
9/7/2026 21:40,6,USDC,$1.00 ,0.00%,$74.45B
9/7/2026 21:40,7,Solana,$103.51 ,-1.98%,$60.67B
9/7/2026 21:40,8,TRON,$0.33 ,-0.44%,$31.69B
9/7/2026 21:40,9,Hyperliquid,$85.06 ,-3.81%,$21.43B
9/7/2026 21:40,10,Zcash,"$1,147.05 ",-1.84%,$19.33B
,,,,,
9/7/2026 21:41,1,Bitcoin,"$78,874.28 ",-0.98%,$1.58T
9/7/2026 21:41,2,Ethereum,"$2,474.49 ",-0.19%,$301.95B
9/7/2026 21:41,3,Tether,$1.00 ,-0.01%,$183.37B
9/7/2026 21:41,4,BNB,$736.36 ,-1.22%,$98.05B
9/7/2026 21:41,5,XRP,$1.38 ,-1.56%,$87.12B
9/7/2026 21:41,6,USDC,$1.00 ,0.00%,$74.43B
9/7/2026 21:41,7,Solana,$103.51 ,-2.00%,$60.67B
9/7/2026 21:41,8,TRON,$0.33 ,-0.44%,$31.69B
9/7/2026 21:41,9,Hyperliquid,$85.06 ,-3.81%,$21.43B
9/7/2026 21:41,10,Zcash,"$1,147.05 ",-1.84%,$19.33B
,,,,,
9/7/2026 21:42,1,Bitcoin,"$78,870.15 ",-0.98%,$1.58T
9/7/2026 21:42,2,Ethereum,"$2,473.90 ",-0.11%,$301.37B
9/7/2026 21:42,3,Tether,$1.00 ,-0.02%,$183.36B
9/7/2026 21:42,4,BNB,$734.76 ,-1.50%,$97.84B
9/7/2026 21:42,5,XRP,$1.38 ,-2.01%,$86.71B
9/7/2026 21:42,6,USDC,$1.00 ,-0.01%,$74.44B
9/7/2026 21:42,7,Solana,$103.27 ,-2.36%,$60.53B
9/7/2026 21:42,8,TRON,$0.33 ,-0.44%,$31.69B
9/7/2026 21:42,9,Hyperliquid,$85.06 ,-3.81%,$21.43B
9/7/2026 21:42,10,Zcash,"$1,147.05 ",-1.84%,$19.33B
,,,,,
9/7/2026 21:43,1,Bitcoin,"$78,892.22 ",-1.04%,$1.58T
9/7/2026 21:43,2,Ethereum,"$2,475.23 ",-0.27%,$302.04B
9/7/2026 21:43,3,Tether,$1.00 ,-0.01%,$183.39B
9/7/2026 21:43,4,BNB,$736.64 ,-1.20%,$98.09B
9/7/2026 21:43,5,XRP,$1.38 ,-1.59%,$87.12B
9/7/2026 21:43,6,USDC,$1.00 ,0.01%,$74.43B
9/7/2026 21:43,7,Solana,$103.54 ,-2.03%,$60.69B
9/7/2026 21:43,8,TRON,$0.33 ,-0.44%,$31.69B
9/7/2026 21:43,9,Hyperliquid,$85.06 ,-3.81%,$21.43B
9/7/2026 21:43,10,Zcash,"$1,147.05 ",-1.84%,$19.33B
,,,,,
9/7/2026 21:43,1,Bitcoin,"$78,897.41 ",-1.05%,$1.58T
9/7/2026 21:43,2,Ethereum,"$2,475.26 ",-0.31%,$302.04B
9/7/2026 21:43,3,Tether,$1.00 ,-0.02%,$183.37B
9/7/2026 21:43,4,BNB,$736.76 ,-1.25%,$98.1B
9/7/2026 21:43,5,XRP,$1.38 ,-1.65%,$87.11B
9/7/2026 21:43,6,USDC,$1.00 ,0.00%,$74.43B
9/7/2026 21:43,7,Solana,$103.54 ,-2.15%,$60.69B
9/7/2026 21:43,8,TRON,$0.33 ,-0.39%,$31.7B
9/7/2026 21:43,9,Hyperliquid,$85.33 ,-3.40%,$21.49B
9/7/2026 21:43,10,Zcash,"$1,153.63 ",-1.30%,$19.44B
,,,,,
9/7/2026 21:44,1,Bitcoin,"$78,894.91 ",-1.01%,$1.58T
9/7/2026 21:44,2,Ethereum,"$2,474.87 ",-0.30%,$302B
9/7/2026 21:44,3,Tether,$1.00 ,-0.01%,$183.37B
9/7/2026 21:44,4,BNB,$736.78 ,-1.25%,$98.11B
9/7/2026 21:44,5,XRP,$1.38 ,-1.62%,$87.13B
9/7/2026 21:44,6,USDC,$1.00 ,0.02%,$74.43B
9/7/2026 21:44,7,Solana,$103.54 ,-2.14%,$60.69B
9/7/2026 21:44,8,TRON,$0.33 ,-0.39%,$31.7B
9/7/2026 21:44,9,Hyperliquid,$85.33 ,-3.40%,$21.49B
9/7/2026 21:44,10,Zcash,"$1,153.63 ",-1.30%,$19.44B
,,,,,
9/7/2026 21:45,1,Bitcoin,"$78,868.06 ",-0.95%,$1.58T
9/7/2026 21:45,2,Ethereum,"$2,474.79 ",-0.32%,$301.99B
9/7/2026 21:45,3,Tether,$1.00 ,-0.01%,$183.37B
9/7/2026 21:45,4,BNB,$735.83 ,-1.32%,$97.98B
9/7/2026 21:45,5,XRP,$1.38 ,-1.69%,$86.99B
9/7/2026 21:45,6,USDC,$1.00 ,0.00%,$74.45B
9/7/2026 21:45,7,Solana,$103.48 ,-2.09%,$60.66B
9/7/2026 21:45,8,TRON,$0.33 ,-0.39%,$31.7B
9/7/2026 21:45,9,Hyperliquid,$85.33 ,-3.40%,$21.49B
9/7/2026 21:45,10,Zcash,"$1,153.63 ",-1.30%,$19.44B
,,,,,
9/7/2026 21:46,1,Bitcoin,"$78,872.76 ",-1.06%,$1.58T
9/7/2026 21:46,2,Ethereum,"$2,474.41 ",-0.20%,$301.87B
9/7/2026 21:46,3,Tether,$1.00 ,-0.01%,$183.37B
9/7/2026 21:46,4,BNB,$735.83 ,-1.32%,$97.98B
9/7/2026 21:46,5,XRP,$1.38 ,-1.69%,$86.99B
9/7/2026 21:46,6,USDC,$1.00 ,0.00%,$74.45B
9/7/2026 21:46,7,Solana,$103.48 ,-2.09%,$60.66B
9/7/2026 21:46,8,TRON,$0.33 ,-0.39%,$31.7B
9/7/2026 21:46,9,Hyperliquid,$85.33 ,-3.40%,$21.49B
9/7/2026 21:46,10,Zcash,"$1,153.63 ",-1.30%,$19.44B
,,,,,
9/7/2026 21:46,1,Bitcoin,"$78,872.76 ",-1.06%,$1.58T
9/7/2026 21:46,2,Ethereum,"$2,474.41 ",-0.20%,$301.87B
9/7/2026 21:46,3,Tether,$1.00 ,-0.01%,$183.37B
9/7/2026 21:46,4,BNB,$735.83 ,-1.32%,$97.98B
9/7/2026 21:46,5,XRP,$1.38 ,-1.69%,$86.99B
9/7/2026 21:46,6,USDC,$1.00 ,0.00%,$74.45B
9/7/2026 21:46,7,Solana,$103.48 ,-2.09%,$60.66B
9/7/2026 21:46,8,TRON,$0.33 ,-0.39%,$31.7B
9/7/2026 21:46,9,Hyperliquid,$85.33 ,-3.40%,$21.49B
9/7/2026 21:46,10,Zcash,"$1,153.63 ",-1.30%,$19.44B
,,,,,
9/7/2026 21:47,1,Bitcoin,"$78,872.76 ",-1.06%,$1.58T
9/7/2026 21:47,2,Ethereum,"$2,474.41 ",-0.20%,$301.87B
9/7/2026 21:47,3,Tether,$1.00 ,-0.01%,$183.37B
9/7/2026 21:47,4,BNB,$735.83 ,-1.32%,$97.98B
9/7/2026 21:47,5,XRP,$1.38 ,-1.69%,$86.99B
9/7/2026 21:47,6,USDC,$1.00 ,0.00%,$74.45B
9/7/2026 21:47,7,Solana,$103.48 ,-2.09%,$60.66B
9/7/2026 21:47,8,TRON,$0.33 ,-0.39%,$31.7B
9/7/2026 21:47,9,Hyperliquid,$85.58 ,-3.10%,$21.56B
9/7/2026 21:47,10,Zcash,"$1,152.94 ",-1.86%,$19.43B
,,,,,
9/7/2026 21:48,1,Bitcoin,"$78,872.76 ",-1.06%,$1.58T
9/7/2026 21:48,2,Ethereum,"$2,474.41 ",-0.20%,$301.87B
9/7/2026 21:48,3,Tether,$1.00 ,-0.01%,$183.37B
9/7/2026 21:48,4,BNB,$735.83 ,-1.32%,$97.98B
9/7/2026 21:48,5,XRP,$1.38 ,-1.69%,$86.99B
9/7/2026 21:48,6,USDC,$1.00 ,0.00%,$74.45B
9/7/2026 21:48,7,Solana,$103.48 ,-2.09%,$60.66B
9/7/2026 21:48,8,TRON,$0.33 ,-0.39%,$31.7B
9/7/2026 21:48,9,Hyperliquid,$85.53 ,-3.15%,$21.54B
9/7/2026 21:48,10,Zcash,"$1,151.96 ",-1.95%,$19.41B
,,,,,
9/7/2026 21:49,1,Bitcoin,"$78,896.81 ",-1.01%,$1.58T
9/7/2026 21:49,2,Ethereum,"$2,475.23 ",-0.29%,$301.87B
9/7/2026 21:49,3,Tether,$1.00 ,-0.01%,$183.37B
9/7/2026 21:49,4,BNB,$735.83 ,-1.32%,$97.98B
9/7/2026 21:49,5,XRP,$1.38 ,-1.69%,$86.99B
9/7/2026 21:49,6,USDC,$1.00 ,0.00%,$74.45B
9/7/2026 21:49,7,Solana,$103.48 ,-2.09%,$60.66B
9/7/2026 21:49,8,TRON,$0.33 ,-0.39%,$31.7B
9/7/2026 21:49,9,Hyperliquid,$85.33 ,-3.40%,$21.49B
9/7/2026 21:49,10,Zcash,"$1,153.63 ",-1.30%,$19.44B
,,,,,
9/7/2026 21:49,1,Bitcoin,"$78,880.06 ",-1.02%,$1.58T
9/7/2026 21:49,2,Ethereum,"$2,474.91 ",-0.29%,$302B
9/7/2026 21:49,3,Tether,$1.00 ,-0.02%,$183.36B
9/7/2026 21:49,4,BNB,$737.39 ,-1.24%,$98.19B
9/7/2026 21:49,5,XRP,$1.38 ,-1.60%,$87.15B
9/7/2026 21:49,6,USDC,$1.00 ,0.00%,$74.42B
9/7/2026 21:49,7,Solana,$103.54 ,-2.14%,$60.69B
9/7/2026 21:49,8,TRON,$0.33 ,-0.39%,$31.7B
9/7/2026 21:49,9,Hyperliquid,$85.33 ,-3.40%,$21.49B
9/7/2026 21:49,10,Zcash,"$1,153.63 ",-1.30%,$19.44B
,,,,,
9/7/2026 21:50,1,Bitcoin,"$78,840.05 ",-1.08%,$1.58T
9/7/2026 21:50,2,Ethereum,"$2,474.57 ",-0.31%,$301.93B
9/7/2026 21:50,3,Tether,$1.00 ,-0.02%,$183.37B
9/7/2026 21:50,4,BNB,$736.65 ,-1.26%,$98.09B
9/7/2026 21:50,5,XRP,$1.38 ,-1.59%,$87.12B
9/7/2026 21:50,6,USDC,$1.00 ,0.00%,$74.45B
9/7/2026 21:50,7,Solana,$103.51 ,-2.06%,$60.67B
9/7/2026 21:50,8,TRON,$0.33 ,-0.39%,$31.71B
9/7/2026 21:50,9,Hyperliquid,$85.46 ,-3.13%,$21.53B
9/7/2026 21:50,10,Zcash,"$1,152.51 ",-1.92%,$19.42B
,,,,,
9/7/2026 21:51,1,Bitcoin,"$78,840.05 ",-1.08%,$1.58T
9/7/2026 21:51,2,Ethereum,"$2,474.57 ",-0.31%,$301.93B
9/7/2026 21:51,3,Tether,$1.00 ,-0.02%,$183.37B
9/7/2026 21:51,4,BNB,$736.65 ,-1.26%,$98.09B
9/7/2026 21:51,5,XRP,$1.38 ,-1.59%,$87.12B
9/7/2026 21:51,6,USDC,$1.00 ,0.00%,$74.45B
9/7/2026 21:51,7,Solana,$103.51 ,-2.06%,$60.67B
9/7/2026 21:51,8,TRON,$0.33 ,-0.39%,$31.71B
9/7/2026 21:51,9,Hyperliquid,$85.46 ,-3.13%,$21.53B
9/7/2026 21:51,10,Zcash,"$1,152.51 ",-1.92%,$19.42B
,,,,,
9/7/2026 21:51,1,Bitcoin,"$78,840.05 ",-1.08%,$1.58T
9/7/2026 21:51,2,Ethereum,"$2,474.57 ",-0.31%,$301.93B
9/7/2026 21:51,3,Tether,$1.00 ,-0.01%,$183.36B
9/7/2026 21:51,4,BNB,$736.65 ,-1.26%,$98.09B
9/7/2026 21:51,5,XRP,$1.38 ,-1.59%,$87.12B
9/7/2026 21:51,6,USDC,$1.00 ,0.00%,$74.45B
9/7/2026 21:51,7,Solana,$103.51 ,-2.06%,$60.67B
9/7/2026 21:51,8,TRON,$0.33 ,-0.39%,$31.71B
9/7/2026 21:51,9,Hyperliquid,$85.46 ,-3.13%,$21.53B
9/7/2026 21:51,10,Zcash,"$1,152.51 ",-1.92%,$19.42B
,,,,,
9/7/2026 21:52,1,Bitcoin,"$78,830.61 ",-1.08%,$1.58T
9/7/2026 21:52,2,Ethereum,"$2,472.41 ",-0.35%,$301.7B
9/7/2026 21:52,3,Tether,$1.00 ,-0.02%,$183.36B
9/7/2026 21:52,4,BNB,$737.47 ,-1.24%,$98.2B
9/7/2026 21:52,5,XRP,$1.38 ,-1.59%,$87.16B
9/7/2026 21:52,6,USDC,$1.00 ,0.00%,$74.45B
9/7/2026 21:52,7,Solana,$103.56 ,-2.17%,$60.7B
9/7/2026 21:52,8,TRON,$0.33 ,-0.39%,$31.71B
9/7/2026 21:52,9,Hyperliquid,$85.46 ,-3.13%,$21.53B
9/7/2026 21:52,10,Zcash,"$1,152.51 ",-1.92%,$19.42B
,,,,,
9/7/2026 21:53,1,Bitcoin,"$78,875.65 ",-1.04%,$1.58T
9/7/2026 21:53,2,Ethereum,"$2,474.86 ",-0.29%,$301.93B
9/7/2026 21:53,3,Tether,$1.00 ,-0.02%,$183.37B
9/7/2026 21:53,4,BNB,$736.65 ,-1.26%,$98.09B
9/7/2026 21:53,5,XRP,$1.38 ,-1.59%,$87.12B
9/7/2026 21:53,6,USDC,$1.00 ,0.00%,$74.45B
9/7/2026 21:53,7,Solana,$103.51 ,-2.06%,$60.67B
9/7/2026 21:53,8,TRON,$0.33 ,-0.39%,$31.71B
9/7/2026 21:53,9,Hyperliquid,$85.46 ,-3.13%,$21.53B
9/7/2026 21:53,10,Zcash,"$1,152.51 ",-1.92%,$19.42B
,,,,,
9/7/2026 21:54,1,Bitcoin,"$78,875.65 ",-1.04%,$1.58T
9/7/2026 21:54,2,Ethereum,"$2,474.86 ",-0.29%,$301.93B
9/7/2026 21:54,3,Tether,$1.00 ,-0.02%,$183.37B
9/7/2026 21:54,4,BNB,$737.53 ,-1.23%,$98.21B
9/7/2026 21:54,5,XRP,$1.38 ,-1.59%,$87.12B
9/7/2026 21:54,6,USDC,$1.00 ,0.00%,$74.42B
9/7/2026 21:54,7,Solana,$103.51 ,-2.06%,$60.67B
9/7/2026 21:54,8,TRON,$0.33 ,-0.39%,$31.71B
9/7/2026 21:54,9,Hyperliquid,$85.43 ,-3.25%,$21.52B
9/7/2026 21:54,10,Zcash,"$1,150.55 ",-1.94%,$19.39B
,,,,,
9/7/2026 21:54,1,Bitcoin,"$78,875.65 ",-1.04%,$1.58T
9/7/2026 21:54,2,Ethereum,"$2,474.86 ",-0.29%,$301.93B
9/7/2026 21:54,3,Tether,$1.00 ,-0.02%,$183.37B
9/7/2026 21:54,4,BNB,$736.65 ,-1.26%,$98.09B
9/7/2026 21:54,5,XRP,$1.38 ,-1.59%,$87.12B
9/7/2026 21:54,6,USDC,$1.00 ,0.00%,$74.45B
9/7/2026 21:54,7,Solana,$103.51 ,-2.06%,$60.67B
9/7/2026 21:54,8,TRON,$0.33 ,-0.39%,$31.71B
9/7/2026 21:54,9,Hyperliquid,$85.46 ,-3.13%,$21.53B
9/7/2026 21:54,10,Zcash,"$1,152.51 ",-1.92%,$19.42B
,,,,,
9/7/2026 21:55,1,Bitcoin,"$78,803.14 ",-1.07%,$1.58T
9/7/2026 21:55,2,Ethereum,"$2,471.89 ",-0.32%,$301.63B
9/7/2026 21:55,3,Tether,$1.00 ,-0.02%,$183.37B
9/7/2026 21:55,4,BNB,$737.56 ,-1.21%,$98.21B
9/7/2026 21:55,5,XRP,$1.38 ,-1.59%,$87.14B
9/7/2026 21:55,6,USDC,$1.00 ,-0.01%,$74.42B
9/7/2026 21:55,7,Solana,$103.55 ,-2.16%,$60.7B
9/7/2026 21:55,8,TRON,$0.33 ,-0.39%,$31.71B
9/7/2026 21:55,9,Hyperliquid,$85.46 ,-3.13%,$21.53B
9/7/2026 21:55,10,Zcash,"$1,150.49 ",-2.05%,$19.39B
,,,,,
9/7/2026 21:56,1,Bitcoin,"$78,823.87 ",-1.02%,$1.58T
9/7/2026 21:56,2,Ethereum,"$2,472.55 ",-0.34%,$302B
9/7/2026 21:56,3,Tether,$1.00 ,-0.02%,$183.36B
9/7/2026 21:56,4,BNB,$737.25 ,-1.25%,$98.17B
9/7/2026 21:56,5,XRP,$1.38 ,-1.62%,$87.13B
9/7/2026 21:56,6,USDC,$1.00 ,-0.01%,$74.44B
9/7/2026 21:56,7,Solana,$103.54 ,-2.14%,$60.69B
9/7/2026 21:56,8,TRON,$0.33 ,-0.41%,$31.71B
9/7/2026 21:56,9,Hyperliquid,$85.35 ,-3.22%,$21.5B
9/7/2026 21:56,10,Zcash,"$1,150.56 ",-2.03%,$19.39B
,,,,,
9/7/2026 21:57,1,Bitcoin,"$78,836.68 ",-1.05%,$1.58T
9/7/2026 21:57,2,Ethereum,"$2,472.55 ",-0.34%,$302B
9/7/2026 21:57,3,Tether,$1.00 ,-0.02%,$183.36B
9/7/2026 21:57,4,BNB,$737.25 ,-1.25%,$98.17B
9/7/2026 21:57,5,XRP,$1.38 ,-1.62%,$87.13B
9/7/2026 21:57,6,USDC,$1.00 ,-0.01%,$74.44B
9/7/2026 21:57,7,Solana,$103.54 ,-2.14%,$60.69B
9/7/2026 21:57,8,TRON,$0.33 ,-0.41%,$31.71B
9/7/2026 21:57,9,Hyperliquid,$85.56 ,-3.09%,$21.55B
9/7/2026 21:57,10,Zcash,"$1,150.25 ",-2.09%,$19.39B
,,,,,
9/7/2026 21:57,1,Bitcoin,"$78,836.68 ",-1.05%,$1.58T
9/7/2026 21:57,2,Ethereum,"$2,472.55 ",-0.34%,$302B
9/7/2026 21:57,3,Tether,$1.00 ,-0.02%,$183.36B
9/7/2026 21:57,4,BNB,$737.25 ,-1.25%,$98.17B
9/7/2026 21:57,5,XRP,$1.38 ,-1.62%,$87.13B
9/7/2026 21:57,6,USDC,$1.00 ,-0.01%,$74.44B
9/7/2026 21:57,7,Solana,$103.54 ,-2.14%,$60.69B
9/7/2026 21:57,8,TRON,$0.33 ,-0.41%,$31.71B
9/7/2026 21:57,9,Hyperliquid,$85.29 ,-3.30%,$21.48B
9/7/2026 21:57,10,Zcash,"$1,153.12 ",-1.87%,$19.43B
,,,,,
9/7/2026 21:58,1,Bitcoin,"$78,836.68 ",-1.05%,$1.58T
9/7/2026 21:58,2,Ethereum,"$2,472.55 ",-0.34%,$302B
9/7/2026 21:58,3,Tether,$1.00 ,-0.01%,$183.37B
9/7/2026 21:58,4,BNB,$737.25 ,-1.25%,$98.17B
9/7/2026 21:58,5,XRP,$1.38 ,-1.62%,$87.13B
9/7/2026 21:58,6,USDC,$1.00 ,-0.01%,$74.44B
9/7/2026 21:58,7,Solana,$103.54 ,-2.14%,$60.69B
9/7/2026 21:58,8,TRON,$0.33 ,-0.41%,$31.71B
9/7/2026 21:58,9,Hyperliquid,$85.56 ,-3.09%,$21.55B
9/7/2026 21:58,10,Zcash,"$1,153.12 ",-1.87%,$19.43B
,,,,,
9/7/2026 21:59,1,Bitcoin,"$78,825.44 ",-1.12%,$1.58T
9/7/2026 21:59,2,Ethereum,"$2,471.64 ",-0.43%,$301.6B
9/7/2026 21:59,3,Tether,$1.00 ,-0.02%,$183.36B
9/7/2026 21:59,4,BNB,$737.39 ,-1.35%,$98.19B
9/7/2026 21:59,5,XRP,$1.38 ,-1.65%,$87.13B
9/7/2026 21:59,6,USDC,$1.00 ,0.00%,$74.43B
9/7/2026 21:59,7,Solana,$103.50 ,-2.28%,$60.67B
9/7/2026 21:59,8,TRON,$0.33 ,-0.41%,$31.71B
9/7/2026 21:59,9,Hyperliquid,$85.56 ,-3.09%,$21.55B
9/7/2026 21:59,10,Zcash,"$1,153.12 ",-1.87%,$19.43B
,,,,,
9/7/2026 21:59,1,Bitcoin,"$78,804.97 ",-1.15%,$1.58T
9/7/2026 21:59,2,Ethereum,"$2,471.05 ",-0.45%,$301.53B
9/7/2026 21:59,3,Tether,$1.00 ,-0.02%,$183.36B
9/7/2026 21:59,4,BNB,$737.36 ,-1.35%,$98.18B
9/7/2026 21:59,5,XRP,$1.38 ,-1.65%,$87.13B
9/7/2026 21:59,6,USDC,$1.00 ,-0.01%,$74.43B
9/7/2026 21:59,7,Solana,$103.49 ,-2.29%,$60.66B
9/7/2026 21:59,8,TRON,$0.33 ,-0.41%,$31.71B
9/7/2026 21:59,9,Hyperliquid,$85.56 ,-3.09%,$21.55B
9/7/2026 21:59,10,Zcash,"$1,153.12 ",-1.87%,$19.43B
,,,,,
9/7/2026 22:00,1,Bitcoin,"$78,808.04 ",-1.13%,$1.58T
9/7/2026 22:00,2,Ethereum,"$2,470.50 ",-0.46%,$301.46B
9/7/2026 22:00,3,Tether,$1.00 ,-0.02%,$183.35B
9/7/2026 22:00,4,BNB,$737.44 ,-1.34%,$98.19B
9/7/2026 22:00,5,XRP,$1.38 ,-1.62%,$87.16B
9/7/2026 22:00,6,USDC,$1.00 ,0.01%,$74.43B
9/7/2026 22:00,7,Solana,$103.48 ,-2.31%,$60.65B
9/7/2026 22:00,8,TRON,$0.33 ,-0.38%,$31.71B
9/7/2026 22:00,9,Hyperliquid,$85.37 ,-3.24%,$21.5B
9/7/2026 22:00,10,Zcash,"$1,150.60 ",-2.04%,$19.39B
,,,,,
9/7/2026 22:01,1,Bitcoin,"$78,819.36 ",-1.09%,$1.58T
9/7/2026 22:01,2,Ethereum,"$2,470.27 ",-0.45%,$301.43B
9/7/2026 22:01,3,Tether,$1.00 ,-0.01%,$183.36B
9/7/2026 22:01,4,BNB,$737.41 ,-1.34%,$98.19B
9/7/2026 22:01,5,XRP,$1.38 ,-1.61%,$87.16B
9/7/2026 22:01,6,USDC,$1.00 ,0.00%,$74.43B
9/7/2026 22:01,7,Solana,$103.48 ,-2.32%,$60.66B
9/7/2026 22:01,8,TRON,$0.33 ,-0.38%,$31.71B
9/7/2026 22:01,9,Hyperliquid,$85.37 ,-3.24%,$21.5B
9/7/2026 22:01,10,Zcash,"$1,150.60 ",-2.04%,$19.39B
,,,,,
9/7/2026 22:02,1,Bitcoin,"$78,805.65 ",-1.07%,$1.58T
9/7/2026 22:02,2,Ethereum,"$2,471.40 ",-0.31%,$301.69B
9/7/2026 22:02,3,Tether,$1.00 ,-0.02%,$183.37B
9/7/2026 22:02,4,BNB,$737.55 ,-1.21%,$98.21B
9/7/2026 22:02,5,XRP,$1.38 ,-1.59%,$87.16B
9/7/2026 22:02,6,USDC,$1.00 ,0.00%,$74.42B
9/7/2026 22:02,7,Solana,$103.58 ,-2.16%,$60.71B
9/7/2026 22:02,8,TRON,$0.33 ,-0.38%,$31.71B
9/7/2026 22:02,9,Hyperliquid,$85.37 ,-3.24%,$21.5B
9/7/2026 22:02,10,Zcash,"$1,150.60 ",-2.04%,$19.39B
,,,,,
9/7/2026 22:02,1,Bitcoin,"$78,896.03 ",-1.01%,$1.58T
9/7/2026 22:02,2,Ethereum,"$2,473.30 ",-0.35%,$301.8B
9/7/2026 22:02,3,Tether,$1.00 ,-0.02%,$183.36B
9/7/2026 22:02,4,BNB,$737.42 ,-1.34%,$98.19B
9/7/2026 22:02,5,XRP,$1.38 ,-1.59%,$87.18B
9/7/2026 22:02,6,USDC,$1.00 ,0.00%,$74.43B
9/7/2026 22:02,7,Solana,$103.50 ,-2.31%,$60.66B
9/7/2026 22:02,8,TRON,$0.33 ,-0.38%,$31.71B
9/7/2026 22:02,9,Hyperliquid,$85.37 ,-3.24%,$21.5B
9/7/2026 22:02,10,Zcash,"$1,150.60 ",-2.04%,$19.39B
,,,,,
9/7/2026 22:03,1,Bitcoin,"$78,803.85 ",-1.11%,$1.58T
9/7/2026 22:03,2,Ethereum,"$2,472.73 ",-0.45%,$301.73B
9/7/2026 22:03,3,Tether,$1.00 ,-0.02%,$183.37B
9/7/2026 22:03,4,BNB,$737.55 ,-1.21%,$98.21B
9/7/2026 22:03,5,XRP,$1.38 ,-1.59%,$87.16B
9/7/2026 22:03,6,USDC,$1.00 ,-0.01%,$74.42B
9/7/2026 22:03,7,Solana,$103.58 ,-2.16%,$60.71B
9/7/2026 22:03,8,TRON,$0.33 ,-0.38%,$31.71B
9/7/2026 22:03,9,Hyperliquid,$85.41 ,-3.13%,$21.51B
9/7/2026 22:03,10,Zcash,"$1,149.65 ",-2.20%,$19.38B
,,,,,
9/7/2026 22:04,1,Bitcoin,"$78,808.14 ",-1.13%,$1.58T
9/7/2026 22:04,2,Ethereum,"$2,470.59 ",-0.46%,$301.69B
9/7/2026 22:04,3,Tether,$1.00 ,-0.02%,$183.37B
9/7/2026 22:04,4,BNB,$737.55 ,-1.21%,$98.21B
9/7/2026 22:04,5,XRP,$1.38 ,-1.59%,$87.16B
9/7/2026 22:04,6,USDC,$1.00 ,0.00%,$74.42B
9/7/2026 22:04,7,Solana,$103.58 ,-2.16%,$60.71B
9/7/2026 22:04,8,TRON,$0.33 ,-0.38%,$31.71B
9/7/2026 22:04,9,Hyperliquid,$85.37 ,-3.24%,$21.5B
9/7/2026 22:04,10,Zcash,"$1,149.95 ",-2.42%,$19.38B
,,,,,
9/7/2026 22:05,1,Bitcoin,"$78,922.18 ",-1.06%,$1.58T
9/7/2026 22:05,2,Ethereum,"$2,474.30 ",-0.48%,$301.93B
9/7/2026 22:05,3,Tether,$1.00 ,-0.02%,$183.37B
9/7/2026 22:05,4,BNB,$737.89 ,-1.33%,$98.25B
9/7/2026 22:05,5,XRP,$1.39 ,-1.57%,$87.25B
9/7/2026 22:05,6,USDC,$1.00 ,0.00%,$74.43B
9/7/2026 22:05,7,Solana,$103.54 ,-2.46%,$60.69B
9/7/2026 22:05,8,TRON,$0.33 ,-0.38%,$31.71B
9/7/2026 22:05,9,Hyperliquid,$85.37 ,-3.24%,$21.5B
9/7/2026 22:05,10,Zcash,"$1,150.60 ",-2.04%,$19.39B
,,,,,
9/7/2026 22:05,1,Bitcoin,"$78,808.14 ",-1.13%,$1.58T
9/7/2026 22:05,2,Ethereum,"$2,470.59 ",-0.46%,$301.69B
9/7/2026 22:05,3,Tether,$1.00 ,-0.02%,$183.37B
9/7/2026 22:05,4,BNB,$737.55 ,-1.21%,$98.21B
9/7/2026 22:05,5,XRP,$1.38 ,-1.59%,$87.16B
9/7/2026 22:05,6,USDC,$1.00 ,0.00%,$74.42B
9/7/2026 22:05,7,Solana,$103.55 ,-2.45%,$60.7B
9/7/2026 22:05,8,TRON,$0.33 ,-0.38%,$31.71B
9/7/2026 22:05,9,Hyperliquid,$85.37 ,-3.24%,$21.5B
9/7/2026 22:05,10,Zcash,"$1,150.60 ",-2.04%,$19.39B
,,,,,
9/7/2026 22:06,1,Bitcoin,"$78,841.92 ",-1.07%,$1.58T
9/7/2026 22:06,2,Ethereum,"$2,476.24 ",-0.34%,$302.16B
9/7/2026 22:06,3,Tether,$1.00 ,-0.02%,$183.36B
9/7/2026 22:06,4,BNB,$738.37 ,-1.25%,$98.32B
9/7/2026 22:06,5,XRP,$1.39 ,-1.49%,$87.33B
9/7/2026 22:06,6,USDC,$1.00 ,0.00%,$74.43B
9/7/2026 22:06,7,Solana,$103.62 ,-2.38%,$60.74B
9/7/2026 22:06,8,TRON,$0.33 ,-0.39%,$31.71B
9/7/2026 22:06,9,Hyperliquid,$85.36 ,-3.22%,$21.5B
9/7/2026 22:06,10,Zcash,"$1,150.25 ",-2.09%,$19.39B
,,,,,
9/7/2026 22:07,1,Bitcoin,"$78,970.19 ",-0.94%,$1.58T
9/7/2026 22:07,2,Ethereum,"$2,476.68 ",-0.30%,$302.22B
9/7/2026 22:07,3,Tether,$1.00 ,-0.02%,$183.36B
9/7/2026 22:07,4,BNB,$737.38 ,-1.33%,$98.19B
9/7/2026 22:07,5,XRP,$1.38 ,-1.61%,$87.13B
9/7/2026 22:07,6,USDC,$1.00 ,0.00%,$74.43B
9/7/2026 22:07,7,Solana,$103.55 ,-2.19%,$60.69B
9/7/2026 22:07,8,TRON,$0.33 ,-0.39%,$31.71B
9/7/2026 22:07,9,Hyperliquid,$85.36 ,-3.22%,$21.5B
9/7/2026 22:07,10,Zcash,"$1,150.25 ",-2.09%,$19.39B
,,,,,
9/7/2026 22:08,1,Bitcoin,"$78,990.14 ",-0.89%,$1.58T
9/7/2026 22:08,2,Ethereum,"$2,479.54 ",-0.15%,$302.57B
9/7/2026 22:08,3,Tether,$1.00 ,-0.02%,$183.36B
9/7/2026 22:08,4,BNB,$738.63 ,-1.21%,$98.35B
9/7/2026 22:08,5,XRP,$1.39 ,-1.48%,$87.36B
9/7/2026 22:08,6,USDC,$1.00 ,-0.01%,$74.43B
9/7/2026 22:08,7,Solana,$103.65 ,-2.39%,$60.76B
9/7/2026 22:08,8,TRON,$0.33 ,-0.39%,$31.71B
9/7/2026 22:08,9,Hyperliquid,$85.36 ,-3.22%,$21.5B
9/7/2026 22:08,10,Zcash,"$1,150.25 ",-2.09%,$19.39B
,,,,,
9/7/2026 22:08,1,Bitcoin,"$78,922.18 ",-1.06%,$1.58T
9/7/2026 22:08,2,Ethereum,"$2,474.30 ",-0.48%,$301.47B
9/7/2026 22:08,3,Tether,$1.00 ,-0.02%,$183.35B
9/7/2026 22:08,4,BNB,$737.38 ,-1.35%,$98.19B
9/7/2026 22:08,5,XRP,$1.38 ,-1.65%,$87.13B
9/7/2026 22:08,6,USDC,$1.00 ,0.00%,$74.42B
9/7/2026 22:08,7,Solana,$103.49 ,-2.30%,$60.66B
9/7/2026 22:08,8,TRON,$0.33 ,-0.38%,$31.71B
9/7/2026 22:08,9,Hyperliquid,$85.36 ,-3.17%,$21.5B
9/7/2026 22:08,10,Zcash,"$1,147.51 ",-2.32%,$19.34B
,,,,,
9/7/2026 22:09,1,Bitcoin,"$79,005.24 ",-0.89%,$1.58T
9/7/2026 22:09,2,Ethereum,"$2,480.38 ",-0.18%,$302.67B
9/7/2026 22:09,3,Tether,$1.00 ,-0.02%,$183.35B
9/7/2026 22:09,4,BNB,$738.90 ,-1.17%,$98.39B
9/7/2026 22:09,5,XRP,$1.39 ,-1.40%,$87.43B
9/7/2026 22:09,6,USDC,$1.00 ,0.01%,$74.43B
9/7/2026 22:09,7,Solana,$103.49 ,-2.30%,$60.66B
9/7/2026 22:09,8,TRON,$0.33 ,-0.38%,$31.71B
9/7/2026 22:09,9,Hyperliquid,$85.36 ,-3.17%,$21.5B
9/7/2026 22:09,10,Zcash,"$1,156.47 ",-1.62%,$19.49B
,,,,,
9/7/2026 22:10,1,Bitcoin,"$78,962.44 ",-0.95%,$1.58T
9/7/2026 22:10,2,Ethereum,"$2,476.30 ",-0.34%,$301.47B
9/7/2026 22:10,3,Tether,$1.00 ,-0.02%,$183.35B
9/7/2026 22:10,4,BNB,$737.38 ,-1.35%,$98.19B
9/7/2026 22:10,5,XRP,$1.38 ,-1.65%,$87.13B
9/7/2026 22:10,6,USDC,$1.00 ,0.00%,$74.42B
9/7/2026 22:10,7,Solana,$103.49 ,-2.30%,$60.66B
9/7/2026 22:10,8,TRON,$0.33 ,-0.38%,$31.71B
9/7/2026 22:10,9,Hyperliquid,$85.59 ,-2.85%,$21.56B
9/7/2026 22:10,10,Zcash,"$1,157.16 ",-1.73%,$19.5B
,,,,,
9/7/2026 22:11,1,Bitcoin,"$78,962.44 ",-0.95%,$1.58T
9/7/2026 22:11,2,Ethereum,"$2,476.30 ",-0.34%,$301.47B
9/7/2026 22:11,3,Tether,$1.00 ,-0.02%,$183.35B
9/7/2026 22:11,4,BNB,$738.96 ,-1.15%,$98.4B
9/7/2026 22:11,5,XRP,$1.38 ,-1.65%,$87.13B
9/7/2026 22:11,6,USDC,$1.00 ,0.00%,$74.42B
9/7/2026 22:11,7,Solana,$103.49 ,-2.30%,$60.66B
9/7/2026 22:11,8,TRON,$0.33 ,-0.38%,$31.71B
9/7/2026 22:11,9,Hyperliquid,$85.36 ,-3.17%,$21.5B
9/7/2026 22:11,10,Zcash,"$1,147.51 ",-2.32%,$19.34B
,,,,,
9/7/2026 22:11,1,Bitcoin,"$78,962.44 ",-0.95%,$1.58T
9/7/2026 22:11,2,Ethereum,"$2,476.30 ",-0.34%,$301.47B
9/7/2026 22:11,3,Tether,$1.00 ,-0.02%,$183.35B
9/7/2026 22:11,4,BNB,$737.38 ,-1.35%,$98.19B
9/7/2026 22:11,5,XRP,$1.38 ,-1.65%,$87.13B
9/7/2026 22:11,6,USDC,$1.00 ,0.00%,$74.42B
9/7/2026 22:11,7,Solana,$103.49 ,-2.30%,$60.66B
9/7/2026 22:11,8,TRON,$0.33 ,-0.38%,$31.71B
9/7/2026 22:11,9,Hyperliquid,$85.57 ,-2.86%,$21.56B
9/7/2026 22:11,10,Zcash,"$1,156.80 ",-1.82%,$19.5B
,,,,,
9/7/2026 22:12,1,Bitcoin,"$78,962.44 ",-0.95%,$1.58T
9/7/2026 22:12,2,Ethereum,"$2,476.30 ",-0.34%,$301.47B
9/7/2026 22:12,3,Tether,$1.00 ,-0.02%,$183.35B
9/7/2026 22:12,4,BNB,$737.38 ,-1.35%,$98.19B
9/7/2026 22:12,5,XRP,$1.38 ,-1.65%,$87.13B
9/7/2026 22:12,6,USDC,$1.00 ,0.00%,$74.42B
9/7/2026 22:12,7,Solana,$103.49 ,-2.30%,$60.66B
9/7/2026 22:12,8,TRON,$0.33 ,-0.38%,$31.71B
9/7/2026 22:12,9,Hyperliquid,$85.58 ,-2.85%,$21.56B
9/7/2026 22:12,10,Zcash,"$1,147.51 ",-2.32%,$19.34B
,,,,,
9/7/2026 22:13,1,Bitcoin,"$79,002.63 ",-0.90%,$1.58T
9/7/2026 22:13,2,Ethereum,"$2,479.94 ",-0.19%,$301.47B
9/7/2026 22:13,3,Tether,$1.00 ,-0.02%,$183.35B
9/7/2026 22:13,4,BNB,$737.38 ,-1.35%,$98.19B
9/7/2026 22:13,5,XRP,$1.38 ,-1.65%,$87.13B
9/7/2026 22:13,6,USDC,$1.00 ,0.00%,$74.42B
9/7/2026 22:13,7,Solana,$103.49 ,-2.30%,$60.66B
9/7/2026 22:13,8,TRON,$0.33 ,-0.38%,$31.71B
9/7/2026 22:13,9,Hyperliquid,$85.57 ,-2.76%,$21.56B
9/7/2026 22:13,10,Zcash,"$1,147.51 ",-2.32%,$19.34B
,,,,,
9/7/2026 22:14,1,Bitcoin,"$79,002.63 ",-0.90%,$1.58T
9/7/2026 22:14,2,Ethereum,"$2,479.94 ",-0.19%,$301.47B
9/7/2026 22:14,3,Tether,$1.00 ,-0.02%,$183.36B
9/7/2026 22:14,4,BNB,$737.38 ,-1.35%,$98.19B
9/7/2026 22:14,5,XRP,$1.38 ,-1.65%,$87.13B
9/7/2026 22:14,6,USDC,$1.00 ,0.00%,$74.42B
9/7/2026 22:14,7,Solana,$103.49 ,-2.30%,$60.66B
9/7/2026 22:14,8,TRON,$0.33 ,-0.38%,$31.71B
9/7/2026 22:14,9,Hyperliquid,$85.36 ,-3.17%,$21.5B
9/7/2026 22:14,10,Zcash,"$1,147.51 ",-2.32%,$19.34B
,,,,,
9/7/2026 22:14,1,Bitcoin,"$79,000.89 ",-0.87%,$1.58T
9/7/2026 22:14,2,Ethereum,"$2,480.57 ",-0.12%,$302.69B
9/7/2026 22:14,3,Tether,$1.00 ,-0.01%,$183.37B
9/7/2026 22:14,4,BNB,$739.36 ,-1.10%,$98.45B
9/7/2026 22:14,5,XRP,$1.39 ,-1.35%,$87.5B
9/7/2026 22:14,6,USDC,$1.00 ,0.01%,$74.42B
9/7/2026 22:14,7,Solana,$103.75 ,-2.37%,$60.81B
9/7/2026 22:14,8,TRON,$0.33 ,-0.39%,$31.71B
9/7/2026 22:14,9,Hyperliquid,$85.43 ,-3.14%,$21.52B
9/7/2026 22:14,10,Zcash,"$1,151.35 ",-2.03%,$19.4B
,,,,,
9/7/2026 22:15,1,Bitcoin,"$78,996.34 ",-0.91%,$1.58T
9/7/2026 22:15,2,Ethereum,"$2,480.51 ",-0.14%,$302.68B
9/7/2026 22:15,3,Tether,$1.00 ,-0.01%,$183.37B
9/7/2026 22:15,4,BNB,$739.43 ,-1.09%,$98.46B
9/7/2026 22:15,5,XRP,$1.39 ,-1.35%,$87.51B
9/7/2026 22:15,6,USDC,$1.00 ,0.01%,$74.42B
9/7/2026 22:15,7,Solana,$103.74 ,-2.40%,$60.81B
9/7/2026 22:15,8,TRON,$0.33 ,-0.39%,$31.71B
9/7/2026 22:15,9,Hyperliquid,$85.43 ,-3.14%,$21.52B
9/7/2026 22:15,10,Zcash,"$1,151.35 ",-2.03%,$19.4B
,,,,,
9/7/2026 22:16,1,Bitcoin,"$78,996.28 ",-0.88%,$1.58T
9/7/2026 22:16,2,Ethereum,"$2,480.47 ",-0.12%,$302.68B
9/7/2026 22:16,3,Tether,$1.00 ,-0.02%,$183.37B
9/7/2026 22:16,4,BNB,$739.53 ,-1.07%,$98.47B
9/7/2026 22:16,5,XRP,$1.39 ,-1.29%,$87.51B
9/7/2026 22:16,6,USDC,$1.00 ,0.00%,$74.42B
9/7/2026 22:16,7,Solana,$103.76 ,-2.35%,$60.82B
9/7/2026 22:16,8,TRON,$0.33 ,-0.39%,$31.71B
9/7/2026 22:16,9,Hyperliquid,$85.43 ,-3.14%,$21.52B
9/7/2026 22:16,10,Zcash,"$1,151.35 ",-2.03%,$19.4B
,,,,,
9/7/2026 22:16,1,Bitcoin,"$79,010.14 ",-0.88%,$1.58T
9/7/2026 22:16,2,Ethereum,"$2,480.66 ",-0.18%,$302.17B
9/7/2026 22:16,3,Tether,$1.00 ,-0.01%,$183.37B
9/7/2026 22:16,4,BNB,$738.37 ,-1.25%,$98.32B
9/7/2026 22:16,5,XRP,$1.39 ,-1.56%,$87.26B
9/7/2026 22:16,6,USDC,$1.00 ,0.01%,$74.43B
9/7/2026 22:16,7,Solana,$103.62 ,-2.43%,$60.74B
9/7/2026 22:16,8,TRON,$0.33 ,-0.39%,$31.71B
9/7/2026 22:16,9,Hyperliquid,$85.43 ,-3.14%,$21.52B
9/7/2026 22:16,10,Zcash,"$1,151.35 ",-2.03%,$19.4B
,,,,,
9/7/2026 22:17,1,Bitcoin,"$79,010.14 ",-0.88%,$1.58T
9/7/2026 22:17,2,Ethereum,"$2,480.66 ",-0.18%,$302.17B
9/7/2026 22:17,3,Tether,$1.00 ,-0.01%,$183.37B
9/7/2026 22:17,4,BNB,$739.53 ,-1.07%,$98.47B
9/7/2026 22:17,5,XRP,$1.39 ,-1.56%,$87.26B
9/7/2026 22:17,6,USDC,$1.00 ,0.00%,$74.42B
9/7/2026 22:17,7,Solana,$103.62 ,-2.43%,$60.74B
9/7/2026 22:17,8,TRON,$0.33 ,-0.39%,$31.71B
9/7/2026 22:17,9,Hyperliquid,$85.53 ,-2.85%,$21.54B
9/7/2026 22:17,10,Zcash,"$1,156.75 ",-1.92%,$19.5B
,,,,,
9/7/2026 22:18,1,Bitcoin,"$79,000.47 ",-0.87%,$1.58T
9/7/2026 22:18,2,Ethereum,"$2,480.27 ",-0.15%,$302.7B
9/7/2026 22:18,3,Tether,$1.00 ,-0.01%,$183.38B
9/7/2026 22:18,4,BNB,$739.29 ,-1.11%,$98.44B
9/7/2026 22:18,5,XRP,$1.39 ,-1.39%,$87.46B
9/7/2026 22:18,6,USDC,$1.00 ,0.02%,$74.44B
9/7/2026 22:18,7,Solana,$103.76 ,-2.37%,$60.82B
9/7/2026 22:18,8,TRON,$0.33 ,-0.36%,$31.71B
9/7/2026 22:18,9,Hyperliquid,$85.51 ,-2.84%,$21.54B
9/7/2026 22:18,10,Zcash,"$1,156.07 ",-1.95%,$19.48B
,,,,,
9/7/2026 22:19,1,Bitcoin,"$78,976.72 ",-0.90%,$1.58T
9/7/2026 22:19,2,Ethereum,"$2,480.27 ",-0.15%,$302.7B
9/7/2026 22:19,3,Tether,$1.00 ,-0.01%,$183.38B
9/7/2026 22:19,4,BNB,$739.29 ,-1.11%,$98.44B
9/7/2026 22:19,5,XRP,$1.39 ,-1.39%,$87.46B
9/7/2026 22:19,6,USDC,$1.00 ,0.02%,$74.44B
9/7/2026 22:19,7,Solana,$103.76 ,-2.37%,$60.82B
9/7/2026 22:19,8,TRON,$0.33 ,-0.36%,$31.71B
9/7/2026 22:19,9,Hyperliquid,$85.51 ,-2.90%,$21.54B
9/7/2026 22:19,10,Zcash,"$1,156.02 ",-1.94%,$19.48B
,,,,,
9/7/2026 22:19,1,Bitcoin,"$79,000.47 ",-0.87%,$1.58T
9/7/2026 22:19,2,Ethereum,"$2,480.27 ",-0.15%,$302.7B
9/7/2026 22:19,3,Tether,$1.00 ,-0.01%,$183.38B
9/7/2026 22:19,4,BNB,$739.57 ,-1.06%,$98.48B
9/7/2026 22:19,5,XRP,$1.39 ,-1.39%,$87.46B
9/7/2026 22:19,6,USDC,$1.00 ,0.02%,$74.44B
9/7/2026 22:19,7,Solana,$103.76 ,-2.37%,$60.82B
9/7/2026 22:19,8,TRON,$0.33 ,-0.36%,$31.71B
9/7/2026 22:19,9,Hyperliquid,$85.58 ,-2.85%,$21.56B
9/7/2026 22:19,10,Zcash,"$1,156.12 ",-1.93%,$19.49B
,,,,,
9/7/2026 22:20,1,Bitcoin,"$78,970.69 ",-0.90%,$1.58T
9/7/2026 22:20,2,Ethereum,"$2,479.87 ",-0.11%,$302.61B
9/7/2026 22:20,3,Tether,$1.00 ,-0.01%,$183.37B
9/7/2026 22:20,4,BNB,$739.54 ,-1.06%,$98.47B
9/7/2026 22:20,5,XRP,$1.39 ,-1.29%,$87.47B
9/7/2026 22:20,6,USDC,$1.00 ,0.01%,$74.42B
9/7/2026 22:20,7,Solana,$103.72 ,-2.32%,$60.8B
9/7/2026 22:20,8,TRON,$0.33 ,-0.36%,$31.71B
9/7/2026 22:20,9,Hyperliquid,$85.58 ,-2.85%,$21.56B
9/7/2026 22:20,10,Zcash,"$1,157.03 ",-1.83%,$19.5B
,,,,,
9/7/2026 22:21,1,Bitcoin,"$79,000.47 ",-0.87%,$1.58T
9/7/2026 22:21,2,Ethereum,"$2,480.27 ",-0.15%,$302.7B
9/7/2026 22:21,3,Tether,$1.00 ,-0.01%,$183.38B
9/7/2026 22:21,4,BNB,$739.29 ,-1.11%,$98.44B
9/7/2026 22:21,5,XRP,$1.39 ,-1.39%,$87.46B
9/7/2026 22:21,6,USDC,$1.00 ,0.02%,$74.44B
9/7/2026 22:21,7,Solana,$103.76 ,-2.37%,$60.82B
9/7/2026 22:21,8,TRON,$0.33 ,-0.36%,$31.71B
9/7/2026 22:21,9,Hyperliquid,$85.58 ,-2.85%,$21.56B
9/7/2026 22:21,10,Zcash,"$1,157.03 ",-1.83%,$19.5B
,,,,,
9/7/2026 22:22,1,Bitcoin,"$78,992.37 ",-0.89%,$1.58T
9/7/2026 22:22,2,Ethereum,"$2,480.39 ",-0.09%,$302.67B
9/7/2026 22:22,3,Tether,$1.00 ,-0.01%,$183.37B
9/7/2026 22:22,4,BNB,$739.58 ,-1.05%,$98.48B
9/7/2026 22:22,5,XRP,$1.39 ,-1.29%,$87.48B
9/7/2026 22:22,6,USDC,$1.00 ,0.00%,$74.42B
9/7/2026 22:22,7,Solana,$103.75 ,-2.29%,$60.81B
9/7/2026 22:22,8,TRON,$0.33 ,-0.36%,$31.71B
9/7/2026 22:22,9,Hyperliquid,$85.58 ,-2.85%,$21.56B
9/7/2026 22:22,10,Zcash,"$1,157.03 ",-1.83%,$19.5B
,,,,,
9/7/2026 22:23,1,Bitcoin,"$78,961.05 ",-0.91%,$1.58T
9/7/2026 22:23,2,Ethereum,"$2,479.31 ",-0.14%,$302.7B
9/7/2026 22:23,3,Tether,$1.00 ,-0.01%,$183.37B
9/7/2026 22:23,4,BNB,$739.29 ,-1.11%,$98.44B
9/7/2026 22:23,5,XRP,$1.39 ,-1.39%,$87.46B
9/7/2026 22:23,6,USDC,$1.00 ,0.00%,$74.42B
9/7/2026 22:23,7,Solana,$103.76 ,-2.28%,$60.82B
9/7/2026 22:23,8,TRON,$0.33 ,-0.36%,$31.71B
9/7/2026 22:23,9,Hyperliquid,$85.58 ,-2.85%,$21.56B
9/7/2026 22:23,10,Zcash,"$1,157.03 ",-1.83%,$19.5B
,,,,,
9/7/2026 22:23,1,Bitcoin,"$79,000.09 ",-0.88%,$1.58T
9/7/2026 22:23,2,Ethereum,"$2,481.02 ",-0.08%,$302.75B
9/7/2026 22:23,3,Tether,$1.00 ,-0.02%,$183.37B
9/7/2026 22:23,4,BNB,$739.61 ,-1.05%,$98.48B
9/7/2026 22:23,5,XRP,$1.39 ,-1.29%,$87.48B
9/7/2026 22:23,6,USDC,$1.00 ,0.00%,$74.42B
9/7/2026 22:23,7,Solana,$103.76 ,-2.27%,$60.82B
9/7/2026 22:23,8,TRON,$0.33 ,-0.36%,$31.71B
9/7/2026 22:23,9,Hyperliquid,$85.58 ,-2.85%,$21.56B
9/7/2026 22:23,10,Zcash,"$1,157.03 ",-1.83%,$19.5B
,,,,,
9/7/2026 22:24,1,Bitcoin,"$79,007.89 ",-0.88%,$1.58T
9/7/2026 22:24,2,Ethereum,"$2,481.44 ",-0.08%,$302.8B
9/7/2026 22:24,3,Tether,$1.00 ,-0.02%,$183.36B
9/7/2026 22:24,4,BNB,$739.53 ,-1.07%,$98.47B
9/7/2026 22:24,5,XRP,$1.39 ,-1.36%,$87.5B
9/7/2026 22:24,6,USDC,$1.00 ,0.00%,$74.42B
9/7/2026 22:24,7,Solana,$103.75 ,-2.39%,$60.81B
9/7/2026 22:24,8,TRON,$0.33 ,-0.34%,$31.71B
9/7/2026 22:24,9,Hyperliquid,$85.58 ,-2.83%,$21.56B
9/7/2026 22:24,10,Zcash,"$1,160.78 ",-1.55%,$19.56B
,,,,,
9/7/2026 22:25,1,Bitcoin,"$78,996.24 ",-0.89%,$1.58T
9/7/2026 22:25,2,Ethereum,"$2,480.88 ",-0.10%,$302.73B
9/7/2026 22:25,3,Tether,$1.00 ,-0.01%,$183.37B
9/7/2026 22:25,4,BNB,$739.77 ,-1.04%,$98.5B
9/7/2026 22:25,5,XRP,$1.39 ,-1.28%,$87.51B
9/7/2026 22:25,6,USDC,$1.00 ,0.00%,$74.42B
9/7/2026 22:25,7,Solana,$103.79 ,-2.22%,$60.84B
9/7/2026 22:25,8,TRON,$0.33 ,-0.34%,$31.71B
9/7/2026 22:25,9,Hyperliquid,$85.58 ,-2.83%,$21.56B
9/7/2026 22:25,10,Zcash,"$1,157.67 ",-1.92%,$19.51B
,,,,,
9/7/2026 22:26,1,Bitcoin,"$78,992.74 ",-0.89%,$1.58T
9/7/2026 22:26,2,Ethereum,"$2,481.04 ",-0.10%,$302.75B
9/7/2026 22:26,3,Tether,$1.00 ,-0.02%,$183.37B
9/7/2026 22:26,4,BNB,$739.80 ,-1.03%,$98.51B
9/7/2026 22:26,5,XRP,$1.39 ,-1.28%,$87.51B
9/7/2026 22:26,6,USDC,$1.00 ,-0.01%,$74.42B
9/7/2026 22:26,7,Solana,$103.80 ,-2.20%,$60.84B
9/7/2026 22:26,8,TRON,$0.33 ,-0.34%,$31.71B
9/7/2026 22:26,9,Hyperliquid,$85.58 ,-2.83%,$21.56B
9/7/2026 22:26,10,Zcash,"$1,157.67 ",-1.92%,$19.51B
,,,,,
9/7/2026 22:26,1,Bitcoin,"$78,985.93 ",-0.88%,$1.58T
9/7/2026 22:26,2,Ethereum,"$2,480.88 ",-0.08%,$302.73B
9/7/2026 22:26,3,Tether,$1.00 ,-0.01%,$183.37B
9/7/2026 22:26,4,BNB,$739.77 ,-1.03%,$98.5B
9/7/2026 22:26,5,XRP,$1.39 ,-1.28%,$87.51B
9/7/2026 22:26,6,USDC,$1.00 ,0.01%,$74.42B
9/7/2026 22:26,7,Solana,$103.79 ,-2.20%,$60.84B
9/7/2026 22:26,8,TRON,$0.33 ,-0.34%,$31.71B
9/7/2026 22:26,9,Hyperliquid,$85.58 ,-2.83%,$21.56B
9/7/2026 22:26,10,Zcash,"$1,157.67 ",-1.92%,$19.51B
,,,,,
9/7/2026 22:27,1,Bitcoin,"$79,004.55 ",-0.84%,$1.58T
9/7/2026 22:27,2,Ethereum,"$2,481.44 ",-0.05%,$302.8B
9/7/2026 22:27,3,Tether,$1.00 ,-0.01%,$183.38B
9/7/2026 22:27,4,BNB,$739.75 ,-1.04%,$98.5B
9/7/2026 22:27,5,XRP,$1.39 ,-1.26%,$87.51B
9/7/2026 22:27,6,USDC,$1.00 ,0.01%,$74.43B
9/7/2026 22:27,7,Solana,$103.81 ,-2.19%,$60.85B
9/7/2026 22:27,8,TRON,$0.33 ,-0.34%,$31.71B
9/7/2026 22:27,9,Hyperliquid,$85.58 ,-2.83%,$21.56B
9/7/2026 22:27,10,Zcash,"$1,157.67 ",-1.92%,$19.51B
,,,,,
9/7/2026 22:28,1,Bitcoin,"$78,996.27 ",-0.82%,$1.58T
9/7/2026 22:28,2,Ethereum,"$2,481.10 ",-0.09%,$302.66B
9/7/2026 22:28,3,Tether,$1.00 ,-0.01%,$183.37B
9/7/2026 22:28,4,BNB,$739.53 ,-1.07%,$98.47B
9/7/2026 22:28,5,XRP,$1.39 ,-1.36%,$87.5B
9/7/2026 22:28,6,USDC,$1.00 ,0.01%,$74.42B
9/7/2026 22:28,7,Solana,$103.80 ,-2.12%,$60.84B
9/7/2026 22:28,8,TRON,$0.33 ,-0.34%,$31.71B
9/7/2026 22:28,9,Hyperliquid,$85.58 ,-2.83%,$21.56B
9/7/2026 22:28,10,Zcash,"$1,157.67 ",-1.92%,$19.51B
,,,,,
9/7/2026 22:29,1,Bitcoin,"$79,000.96 ",-0.88%,$1.58T
9/7/2026 22:29,2,Ethereum,"$2,481.10 ",-0.09%,$302.66B
9/7/2026 22:29,3,Tether,$1.00 ,-0.02%,$183.36B
9/7/2026 22:29,4,BNB,$739.53 ,-1.07%,$98.47B
9/7/2026 22:29,5,XRP,$1.39 ,-1.36%,$87.5B
9/7/2026 22:29,6,USDC,$1.00 ,0.00%,$74.43B
9/7/2026 22:29,7,Solana,$103.75 ,-2.39%,$60.81B
9/7/2026 22:29,8,TRON,$0.33 ,-0.34%,$31.71B
9/7/2026 22:29,9,Hyperliquid,$85.58 ,-2.83%,$21.56B
9/7/2026 22:29,10,Zcash,"$1,157.67 ",-1.92%,$19.51B
,,,,,
9/7/2026 22:29,1,Bitcoin,"$79,000.96 ",-0.88%,$1.58T
9/7/2026 22:29,2,Ethereum,"$2,481.10 ",-0.09%,$302.66B
9/7/2026 22:29,3,Tether,$1.00 ,-0.02%,$183.36B
9/7/2026 22:29,4,BNB,$739.53 ,-1.07%,$98.47B
9/7/2026 22:29,5,XRP,$1.39 ,-1.36%,$87.5B
9/7/2026 22:29,6,USDC,$1.00 ,0.00%,$74.43B
9/7/2026 22:29,7,Solana,$103.75 ,-2.39%,$60.81B
9/7/2026 22:29,8,TRON,$0.33 ,-0.34%,$31.71B
9/7/2026 22:29,9,Hyperliquid,$85.58 ,-2.83%,$21.56B
9/7/2026 22:29,10,Zcash,"$1,157.67 ",-1.92%,$19.51B
,,,,,
9/7/2026 22:30,1,Bitcoin,"$79,000.96 ",-0.88%,$1.58T
9/7/2026 22:30,2,Ethereum,"$2,481.10 ",-0.09%,$302.66B
9/7/2026 22:30,3,Tether,$1.00 ,-0.02%,$183.36B
9/7/2026 22:30,4,BNB,$739.53 ,-1.07%,$98.47B
9/7/2026 22:30,5,XRP,$1.39 ,-1.36%,$87.5B
9/7/2026 22:30,6,USDC,$1.00 ,0.00%,$74.43B
9/7/2026 22:30,7,Solana,$103.75 ,-2.39%,$60.81B
9/7/2026 22:30,8,TRON,$0.33 ,-0.34%,$31.71B
9/7/2026 22:30,9,Hyperliquid,$85.58 ,-2.83%,$21.56B
9/7/2026 22:30,10,Zcash,"$1,157.67 ",-1.92%,$19.51B
,,,,,
9/7/2026 22:30,1,Bitcoin,"$78,995.51 ",-0.86%,$1.58T
9/7/2026 22:30,2,Ethereum,"$2,483.18 ",-0.05%,$303.01B
9/7/2026 22:30,3,Tether,$1.00 ,-0.01%,$183.37B
9/7/2026 22:30,4,BNB,$739.69 ,-1.03%,$98.49B
9/7/2026 22:30,5,XRP,$1.39 ,-1.18%,$87.54B
9/7/2026 22:30,6,USDC,$1.00 ,-0.01%,$74.42B
9/7/2026 22:30,7,Solana,$103.83 ,-2.10%,$60.86B
9/7/2026 22:30,8,TRON,$0.33 ,-0.39%,$31.71B
9/7/2026 22:30,9,Hyperliquid,$85.51 ,-3.03%,$21.54B
9/7/2026 22:30,10,Zcash,"$1,159.14 ",-1.71%,$19.54B
,,,,,
9/7/2026 22:31,1,Bitcoin,"$78,995.51 ",-0.86%,$1.58T
9/7/2026 22:31,2,Ethereum,"$2,482.98 ",-0.03%,$302.99B
9/7/2026 22:31,3,Tether,$1.00 ,-0.01%,$183.37B
9/7/2026 22:31,4,BNB,$739.57 ,-1.05%,$98.48B
9/7/2026 22:31,5,XRP,$1.39 ,-1.29%,$87.48B
9/7/2026 22:31,6,USDC,$1.00 ,0.00%,$74.42B
9/7/2026 22:31,7,Solana,$103.73 ,-2.33%,$60.8B
9/7/2026 22:31,8,TRON,$0.33 ,-0.39%,$31.71B
9/7/2026 22:31,9,Hyperliquid,$85.40 ,-2.98%,$21.51B
9/7/2026 22:31,10,Zcash,"$1,159.50 ",-1.80%,$19.54B
,,,,,
9/7/2026 22:32,1,Bitcoin,"$79,011.97 ",-0.82%,$1.58T
9/7/2026 22:32,2,Ethereum,"$2,483.00 ",-0.04%,$302.99B
9/7/2026 22:32,3,Tether,$1.00 ,-0.01%,$183.37B
9/7/2026 22:32,4,BNB,$739.70 ,-1.04%,$98.49B
9/7/2026 22:32,5,XRP,$1.39 ,-1.19%,$87.55B
9/7/2026 22:32,6,USDC,$1.00 ,0.00%,$74.42B
9/7/2026 22:32,7,Solana,$103.84 ,-2.10%,$60.87B
9/7/2026 22:32,8,TRON,$0.33 ,-0.39%,$31.71B
9/7/2026 22:32,9,Hyperliquid,$85.51 ,-3.03%,$21.54B
9/7/2026 22:32,10,Zcash,"$1,159.14 ",-1.71%,$19.54B
,,,,,
9/7/2026 22:33,1,Bitcoin,"$79,011.03 ",-0.82%,$1.58T
9/7/2026 22:33,2,Ethereum,"$2,482.59 ",-0.05%,$302.94B
9/7/2026 22:33,3,Tether,$1.00 ,-0.01%,$183.37B
9/7/2026 22:33,4,BNB,$739.62 ,-1.05%,$98.48B
9/7/2026 22:33,5,XRP,$1.39 ,-1.20%,$87.54B
9/7/2026 22:33,6,USDC,$1.00 ,0.01%,$74.42B
9/7/2026 22:33,7,Solana,$103.83 ,-2.11%,$60.86B
9/7/2026 22:33,8,TRON,$0.33 ,-0.39%,$31.71B
9/7/2026 22:33,9,Hyperliquid,$85.51 ,-3.03%,$21.54B
9/7/2026 22:33,10,Zcash,"$1,159.14 ",-1.71%,$19.54B
,,,,,
9/7/2026 22:33,1,Bitcoin,"$79,004.48 ",-0.83%,$1.58T
9/7/2026 22:33,2,Ethereum,"$2,482.13 ",-0.07%,$302.88B
9/7/2026 22:33,3,Tether,$1.00 ,-0.02%,$183.36B
9/7/2026 22:33,4,BNB,$739.47 ,-1.07%,$98.46B
9/7/2026 22:33,5,XRP,$1.39 ,-1.20%,$87.54B
9/7/2026 22:33,6,USDC,$1.00 ,0.00%,$74.42B
9/7/2026 22:33,7,Solana,$103.83 ,-2.11%,$60.86B
9/7/2026 22:33,8,TRON,$0.33 ,-0.39%,$31.71B
9/7/2026 22:33,9,Hyperliquid,$85.51 ,-3.03%,$21.54B
9/7/2026 22:33,10,Zcash,"$1,159.14 ",-1.71%,$19.54B
,,,,,
9/7/2026 22:34,1,Bitcoin,"$78,973.87 ",-0.87%,$1.58T
9/7/2026 22:34,2,Ethereum,"$2,481.09 ",-0.04%,$302.66B
9/7/2026 22:34,3,Tether,$1.00 ,-0.01%,$183.37B
9/7/2026 22:34,4,BNB,$739.57 ,-1.05%,$98.48B
9/7/2026 22:34,5,XRP,$1.39 ,-1.29%,$87.48B
9/7/2026 22:34,6,USDC,$1.00 ,0.00%,$74.42B
9/7/2026 22:34,7,Solana,$103.73 ,-2.33%,$60.8B
9/7/2026 22:34,8,TRON,$0.33 ,-0.39%,$31.71B
9/7/2026 22:34,9,Hyperliquid,$85.51 ,-3.03%,$21.54B
9/7/2026 22:34,10,Zcash,"$1,159.14 ",-1.71%,$19.54B
,,,,,
9/7/2026 22:35,1,Bitcoin,"$79,017.93 ",-0.81%,$1.58T
9/7/2026 22:35,2,Ethereum,"$2,482.24 ",-0.05%,$302.9B
9/7/2026 22:35,3,Tether,$1.00 ,-0.01%,$183.36B
9/7/2026 22:35,4,BNB,$739.46 ,-1.05%,$98.46B
9/7/2026 22:35,5,XRP,$1.39 ,-1.16%,$87.54B
9/7/2026 22:35,6,USDC,$1.00 ,0.00%,$74.42B
9/7/2026 22:35,7,Solana,$103.83 ,-2.03%,$60.86B
9/7/2026 22:35,8,TRON,$0.33 ,-0.40%,$31.7B
9/7/2026 22:35,9,Hyperliquid,$85.51 ,-3.01%,$21.54B
9/7/2026 22:35,10,Zcash,"$1,159.96 ",-1.55%,$19.55B
,,,,,
9/7/2026 22:36,1,Bitcoin,"$79,025.86 ",-0.78%,$1.58T
9/7/2026 22:36,2,Ethereum,"$2,482.78 ",-0.06%,$302.96B
9/7/2026 22:36,3,Tether,$1.00 ,-0.02%,$183.38B
9/7/2026 22:36,4,BNB,$739.49 ,-1.05%,$98.47B
9/7/2026 22:36,5,XRP,$1.39 ,-1.12%,$87.57B
9/7/2026 22:36,6,USDC,$1.00 ,-0.01%,$74.42B
9/7/2026 22:36,7,Solana,$103.84 ,-2.00%,$60.87B
9/7/2026 22:36,8,TRON,$0.33 ,-0.40%,$31.7B
9/7/2026 22:36,9,Hyperliquid,$85.51 ,-3.01%,$21.54B
9/7/2026 22:36,10,Zcash,"$1,159.96 ",-1.55%,$19.55B
,,,,,
9/7/2026 22:37,1,Bitcoin,"$79,064.38 ",-0.74%,$1.58T
9/7/2026 22:37,2,Ethereum,"$2,482.54 ",-0.06%,$302.73B
9/7/2026 22:37,3,Tether,$1.00 ,-0.02%,$183.38B
9/7/2026 22:37,4,BNB,$739.76 ,-1.01%,$98.5B
9/7/2026 22:37,5,XRP,$1.39 ,-1.27%,$87.51B
9/7/2026 22:37,6,USDC,$1.00 ,0.00%,$74.42B
9/7/2026 22:37,7,Solana,$103.79 ,-2.20%,$60.84B
9/7/2026 22:37,8,TRON,$0.33 ,-0.40%,$31.7B
9/7/2026 22:37,9,Hyperliquid,$85.51 ,-3.01%,$21.54B
9/7/2026 22:37,10,Zcash,"$1,159.96 ",-1.55%,$19.55B
,,,,,
9/7/2026 22:37,1,Bitcoin,"$79,007.16 ",-0.81%,$1.58T
9/7/2026 22:37,2,Ethereum,"$2,482.54 ",-0.06%,$302.73B
9/7/2026 22:37,3,Tether,$1.00 ,-0.01%,$183.37B
9/7/2026 22:37,4,BNB,$739.76 ,-1.01%,$98.5B
9/7/2026 22:37,5,XRP,$1.39 ,-1.27%,$87.51B
9/7/2026 22:37,6,USDC,$1.00 ,0.00%,$74.42B
9/7/2026 22:37,7,Solana,$103.79 ,-2.20%,$60.84B
9/7/2026 22:37,8,TRON,$0.33 ,-0.40%,$31.7B
9/7/2026 22:37,9,Hyperliquid,$85.51 ,-3.01%,$21.54B
9/7/2026 22:37,10,Zcash,"$1,159.96 ",-1.55%,$19.55B
,,,,,
9/7/2026 22:38,1,Bitcoin,"$79,071.00 ",-0.74%,$1.58T
9/7/2026 22:38,2,Ethereum,"$2,485.59 ",0.01%,$303.3B
9/7/2026 22:38,3,Tether,$1.00 ,-0.01%,$183.37B
9/7/2026 22:38,4,BNB,$739.52 ,-1.07%,$98.47B
9/7/2026 22:38,5,XRP,$1.39 ,-1.00%,$87.64B
9/7/2026 22:38,6,USDC,$1.00 ,0.00%,$74.42B
9/7/2026 22:38,7,Solana,$103.89 ,-1.87%,$60.89B
9/7/2026 22:38,8,TRON,$0.33 ,-0.40%,$31.7B
9/7/2026 22:38,9,Hyperliquid,$85.51 ,-3.01%,$21.54B
9/7/2026 22:38,10,Zcash,"$1,159.96 ",-1.55%,$19.55B
,,,,,
9/7/2026 22:39,1,Bitcoin,"$79,007.16 ",-0.81%,$1.58T
9/7/2026 22:39,2,Ethereum,"$2,482.54 ",-0.06%,$302.73B
9/7/2026 22:39,3,Tether,$1.00 ,-0.01%,$183.37B
9/7/2026 22:39,4,BNB,$739.76 ,-1.01%,$98.5B
9/7/2026 22:39,5,XRP,$1.39 ,-1.27%,$87.51B
9/7/2026 22:39,6,USDC,$1.00 ,0.00%,$74.42B
9/7/2026 22:39,7,Solana,$103.79 ,-2.20%,$60.84B
9/7/2026 22:39,8,TRON,$0.33 ,-0.40%,$31.7B
9/7/2026 22:39,9,Hyperliquid,$85.51 ,-3.01%,$21.54B
9/7/2026 22:39,10,Zcash,"$1,159.96 ",-1.55%,$19.55B
,,,,,
9/7/2026 22:39,1,Bitcoin,"$79,075.18 ",-0.70%,$1.58T
9/7/2026 22:39,2,Ethereum,"$2,485.92 ",0.08%,$303.34B
9/7/2026 22:39,3,Tether,$1.00 ,-0.01%,$183.37B
9/7/2026 22:39,4,BNB,$739.70 ,-1.04%,$98.5B
9/7/2026 22:39,5,XRP,$1.39 ,-0.93%,$87.68B
9/7/2026 22:39,6,USDC,$1.00 ,0.02%,$74.42B
9/7/2026 22:39,7,Solana,$103.92 ,-1.82%,$60.91B
9/7/2026 22:39,8,TRON,$0.33 ,-0.40%,$31.7B
9/7/2026 22:39,9,Hyperliquid,$85.51 ,-3.01%,$21.54B
9/7/2026 22:39,10,Zcash,"$1,159.96 ",-1.55%,$19.55B
,,,,,
9/7/2026 22:40,1,Bitcoin,"$79,007.16 ",-0.81%,$1.58T
9/7/2026 22:40,2,Ethereum,"$2,482.54 ",-0.06%,$302.73B
9/7/2026 22:40,3,Tether,$1.00 ,-0.01%,$183.37B
9/7/2026 22:40,4,BNB,$739.76 ,-1.01%,$98.5B
9/7/2026 22:40,5,XRP,$1.39 ,-1.27%,$87.51B
9/7/2026 22:40,6,USDC,$1.00 ,0.00%,$74.42B
9/7/2026 22:40,7,Solana,$103.79 ,-2.20%,$60.84B
9/7/2026 22:40,8,TRON,$0.33 ,-0.40%,$31.7B
9/7/2026 22:40,9,Hyperliquid,$85.51 ,-3.01%,$21.54B
9/7/2026 22:40,10,Zcash,"$1,159.96 ",-1.55%,$19.55B
,,,,,
9/7/2026 22:41,1,Bitcoin,"$79,072.63 ",-0.73%,$1.58T
9/7/2026 22:41,2,Ethereum,"$2,482.85 ",-0.06%,$302.9B
9/7/2026 22:41,3,Tether,$1.00 ,-0.01%,$183.37B
9/7/2026 22:41,4,BNB,$739.70 ,-1.04%,$98.5B
9/7/2026 22:41,5,XRP,$1.39 ,-1.21%,$87.52B
9/7/2026 22:41,6,USDC,$1.00 ,0.00%,$74.42B
9/7/2026 22:41,7,Solana,$103.81 ,-2.12%,$60.85B
9/7/2026 22:41,8,TRON,$0.33 ,-0.41%,$31.7B
9/7/2026 22:41,9,Hyperliquid,$85.43 ,-3.01%,$21.52B
9/7/2026 22:41,10,Zcash,"$1,159.51 ",-1.71%,$19.54B
,,,,,
9/7/2026 22:42,1,Bitcoin,"$79,072.63 ",-0.73%,$1.58T
9/7/2026 22:42,2,Ethereum,"$2,482.85 ",-0.06%,$302.9B
9/7/2026 22:42,3,Tether,$1.00 ,-0.01%,$183.37B
9/7/2026 22:42,4,BNB,$739.70 ,-1.04%,$98.5B
9/7/2026 22:42,5,XRP,$1.39 ,-1.21%,$87.52B
9/7/2026 22:42,6,USDC,$1.00 ,0.00%,$74.42B
9/7/2026 22:42,7,Solana,$103.81 ,-2.12%,$60.85B
9/7/2026 22:42,8,TRON,$0.33 ,-0.41%,$31.7B
9/7/2026 22:42,9,Hyperliquid,$85.48 ,-2.60%,$21.53B
9/7/2026 22:42,10,Zcash,"$1,163.15 ",-1.90%,$19.6B
,,,,,
9/7/2026 22:43,1,Bitcoin,"$79,072.63 ",-0.73%,$1.58T
9/7/2026 22:43,2,Ethereum,"$2,482.85 ",-0.06%,$302.9B
9/7/2026 22:43,3,Tether,$1.00 ,-0.01%,$183.37B
9/7/2026 22:43,4,BNB,$739.70 ,-1.04%,$98.5B
9/7/2026 22:43,5,XRP,$1.39 ,-1.21%,$87.52B
9/7/2026 22:43,6,USDC,$1.00 ,0.00%,$74.42B
9/7/2026 22:43,7,Solana,$103.81 ,-2.12%,$60.85B
9/7/2026 22:43,8,TRON,$0.33 ,-0.41%,$31.7B
9/7/2026 22:43,9,Hyperliquid,$85.50 ,-2.58%,$21.54B
9/7/2026 22:43,10,Zcash,"$1,163.51 ",-1.87%,$19.61B
,,,,,
9/7/2026 22:43,1,Bitcoin,"$79,076.63 ",-0.69%,$1.58T
9/7/2026 22:43,2,Ethereum,"$2,485.63 ",0.01%,$302.9B
9/7/2026 22:43,3,Tether,$1.00 ,-0.01%,$183.37B
9/7/2026 22:43,4,BNB,$739.70 ,-1.04%,$98.5B
9/7/2026 22:43,5,XRP,$1.39 ,-1.21%,$87.52B
9/7/2026 22:43,6,USDC,$1.00 ,0.00%,$74.42B
9/7/2026 22:43,7,Solana,$103.81 ,-2.12%,$60.85B
9/7/2026 22:43,8,TRON,$0.33 ,-0.41%,$31.7B
9/7/2026 22:43,9,Hyperliquid,$85.43 ,-3.01%,$21.52B
9/7/2026 22:43,10,Zcash,"$1,159.51 ",-1.71%,$19.54B
,,,,,
9/7/2026 22:44,1,Bitcoin,"$79,076.63 ",-0.69%,$1.58T
9/7/2026 22:44,2,Ethereum,"$2,485.63 ",0.01%,$302.9B
9/7/2026 22:44,3,Tether,$1.00 ,-0.01%,$183.37B
9/7/2026 22:44,4,BNB,$739.70 ,-1.04%,$98.5B
9/7/2026 22:44,5,XRP,$1.39 ,-1.21%,$87.52B
9/7/2026 22:44,6,USDC,$1.00 ,0.00%,$74.42B
9/7/2026 22:44,7,Solana,$103.81 ,-2.12%,$60.85B
9/7/2026 22:44,8,TRON,$0.33 ,-0.41%,$31.7B
9/7/2026 22:44,9,Hyperliquid,$85.52 ,-2.54%,$21.54B
9/7/2026 22:44,10,Zcash,"$1,165.00 ",-1.75%,$19.63B
,,,,,
9/7/2026 22:45,1,Bitcoin,"$79,090.54 ",-0.66%,$1.58T
9/7/2026 22:45,2,Ethereum,"$2,485.89 ",0.19%,$302.97B
9/7/2026 22:45,3,Tether,$1.00 ,-0.02%,$183.37B
9/7/2026 22:45,4,BNB,$739.49 ,-1.07%,$98.47B
9/7/2026 22:45,5,XRP,$1.39 ,-1.12%,$87.57B
9/7/2026 22:45,6,USDC,$1.00 ,-0.01%,$74.42B
9/7/2026 22:45,7,Solana,$103.85 ,-2.00%,$60.87B
9/7/2026 22:45,8,TRON,$0.33 ,-0.43%,$31.7B
9/7/2026 22:45,9,Hyperliquid,$85.42 ,-2.84%,$21.52B
9/7/2026 22:45,10,Zcash,"$1,165.92 ",-1.68%,$19.65B
,,,,,
9/7/2026 22:46,1,Bitcoin,"$79,090.54 ",-0.66%,$1.58T
9/7/2026 22:46,2,Ethereum,"$2,485.89 ",0.19%,$302.97B
9/7/2026 22:46,3,Tether,$1.00 ,-0.01%,$183.38B
9/7/2026 22:46,4,BNB,$739.49 ,-1.07%,$98.47B
9/7/2026 22:46,5,XRP,$1.39 ,-1.12%,$87.57B
9/7/2026 22:46,6,USDC,$1.00 ,-0.01%,$74.42B
9/7/2026 22:46,7,Solana,$103.85 ,-2.00%,$60.87B
9/7/2026 22:46,8,TRON,$0.33 ,-0.43%,$31.7B
9/7/2026 22:46,9,Hyperliquid,$85.58 ,-2.47%,$21.56B
9/7/2026 22:46,10,Zcash,"$1,162.02 ",-1.82%,$19.58B
,,,,,
9/7/2026 22:46,1,Bitcoin,"$79,114.96 ",-0.65%,$1.58T
9/7/2026 22:46,2,Ethereum,"$2,489.63 ",0.16%,$303.8B
9/7/2026 22:46,3,Tether,$1.00 ,-0.02%,$183.37B
9/7/2026 22:46,4,BNB,$739.49 ,-1.07%,$98.47B
9/7/2026 22:46,5,XRP,$1.39 ,-0.86%,$87.73B
9/7/2026 22:46,6,USDC,$1.00 ,-0.01%,$74.42B
9/7/2026 22:46,7,Solana,$103.85 ,-2.00%,$60.87B
9/7/2026 22:46,8,TRON,$0.33 ,-0.43%,$31.7B
9/7/2026 22:46,9,Hyperliquid,$85.60 ,-2.46%,$21.56B
9/7/2026 22:46,10,Zcash,"$1,166.73 ",-1.59%,$19.66B
,,,,,
9/7/2026 22:47,1,Bitcoin,"$79,110.29 ",-0.63%,$1.58T
9/7/2026 22:47,2,Ethereum,"$2,487.40 ",0.08%,$302.97B
9/7/2026 22:47,3,Tether,$1.00 ,-0.02%,$183.37B
9/7/2026 22:47,4,BNB,$740.03 ,-1.02%,$98.54B
9/7/2026 22:47,5,XRP,$1.39 ,-1.12%,$87.57B
9/7/2026 22:47,6,USDC,$1.00 ,-0.01%,$74.42B
9/7/2026 22:47,7,Solana,$103.85 ,-2.00%,$60.87B
9/7/2026 22:47,8,TRON,$0.33 ,-0.43%,$31.7B
9/7/2026 22:47,9,Hyperliquid,$85.42 ,-2.84%,$21.52B
9/7/2026 22:47,10,Zcash,"$1,162.02 ",-1.82%,$19.58B
,,,,,
9/7/2026 22:48,1,Bitcoin,"$79,110.29 ",-0.63%,$1.58T
9/7/2026 22:48,2,Ethereum,"$2,487.40 ",0.08%,$302.97B
9/7/2026 22:48,3,Tether,$1.00 ,-0.02%,$183.37B
9/7/2026 22:48,4,BNB,$740.10 ,-1.01%,$98.55B
9/7/2026 22:48,5,XRP,$1.39 ,-1.12%,$87.57B
9/7/2026 22:48,6,USDC,$1.00 ,0.00%,$74.42B
9/7/2026 22:48,7,Solana,$104.07 ,-1.90%,$61B
9/7/2026 22:48,8,TRON,$0.33 ,-0.43%,$31.7B
9/7/2026 22:48,9,Hyperliquid,$85.42 ,-2.46%,$21.56B
9/7/2026 22:48,10,Zcash,"$1,168.71 ",-1.49%,$19.7B
,,,,,
9/7/2026 22:49,1,Bitcoin,"$79,110.29 ",-0.63%,$1.58T
9/7/2026 22:49,2,Ethereum,"$2,487.40 ",0.08%,$302.97B
9/7/2026 22:49,3,Tether,$1.00 ,-0.02%,$183.37B
9/7/2026 22:49,4,BNB,$739.49 ,-1.07%,$98.47B
9/7/2026 22:49,5,XRP,$1.39 ,-1.12%,$87.57B
9/7/2026 22:49,6,USDC,$1.00 ,-0.01%,$74.42B
9/7/2026 22:49,7,Solana,$103.85 ,-2.00%,$60.87B
9/7/2026 22:49,8,TRON,$0.33 ,-0.43%,$31.7B
9/7/2026 22:49,9,Hyperliquid,$85.42 ,-2.84%,$21.52B
9/7/2026 22:49,10,Zcash,"$1,162.02 ",-1.82%,$19.58B
,,,,,
9/7/2026 22:50,1,Bitcoin,"$79,139.40 ",-0.72%,$1.58T
9/7/2026 22:50,2,Ethereum,"$2,490.54 ",0.09%,$303.91B
9/7/2026 22:50,3,Tether,$1.00 ,-0.01%,$183.37B
9/7/2026 22:50,4,BNB,$740.23 ,-0.99%,$98.57B
9/7/2026 22:50,5,XRP,$1.39 ,-0.92%,$87.73B
9/7/2026 22:50,6,USDC,$1.00 ,0.01%,$74.42B
9/7/2026 22:50,7,Solana,$104.07 ,-1.97%,$61B
9/7/2026 22:50,8,TRON,$0.33 ,-0.40%,$31.71B
9/7/2026 22:50,9,Hyperliquid,$85.50 ,-2.57%,$21.54B
9/7/2026 22:50,10,Zcash,"$1,163.51 ",-1.87%,$19.61B
,,,,,
9/7/2026 22:51,1,Bitcoin,"$79,111.84 ",-0.65%,$1.58T
9/7/2026 22:51,2,Ethereum,"$2,489.73 ",0.17%,$303.52B
9/7/2026 22:51,3,Tether,$1.00 ,-0.01%,$183.37B
9/7/2026 22:51,4,BNB,$739.72 ,-1.04%,$98.5B
9/7/2026 22:51,5,XRP,$1.39 ,-0.84%,$87.68B
9/7/2026 22:51,6,USDC,$1.00 ,0.00%,$74.42B
9/7/2026 22:51,7,Solana,$103.94 ,-1.73%,$60.93B
9/7/2026 22:51,8,TRON,$0.33 ,-0.40%,$31.71B
9/7/2026 22:51,9,Hyperliquid,$85.60 ,-2.51%,$21.56B
9/7/2026 22:51,10,Zcash,"$1,163.51 ",-1.87%,$19.71B
,,,,,
9/7/2026 22:51,1,Bitcoin,"$79,138.82 ",-0.68%,$1.58T
9/7/2026 22:51,2,Ethereum,"$2,489.80 ",0.06%,$303.82B
9/7/2026 22:51,3,Tether,$1.00 ,-0.01%,$183.37B
9/7/2026 22:51,4,BNB,$739.72 ,-1.04%,$98.5B
9/7/2026 22:51,5,XRP,$1.39 ,-0.84%,$87.68B
9/7/2026 22:51,6,USDC,$1.00 ,0.01%,$74.42B
9/7/2026 22:51,7,Solana,$103.94 ,-1.73%,$60.93B
9/7/2026 22:51,8,TRON,$0.33 ,-0.40%,$31.71B
9/7/2026 22:51,9,Hyperliquid,$85.58 ,-2.57%,$21.56B
9/7/2026 22:51,10,Zcash,"$1,169.92 ",-1.56%,$19.72B
,,,,,
9/8/2026 11:12,1,Bitcoin,"$78,694.85 ",-1.43%,$1.58T
9/8/2026 11:12,2,Ethereum,"$2,474.61 ",-1.46%,$302.6B
9/8/2026 11:12,3,Tether,$1.00 ,-0.02%,$183.37B
9/8/2026 11:12,4,BNB,$752.27 ,0.53%,$100.25B
9/8/2026 11:12,5,XRP,$1.39 ,-1.45%,$87.47B
9/8/2026 11:12,6,USDC,$1.00 ,0.00%,$74.36B
9/8/2026 11:12,7,Solana,$103.31 ,-2.17%,$60.55B
9/8/2026 11:12,8,TRON,$0.34 ,-0.19%,$31.93B
9/8/2026 11:12,9,Hyperliquid,$84.33 ,-2.69%,$21.24B
9/8/2026 11:12,10,Zcash,"$1,135.45 ",-6.10%,$19.14B
,,,,,
9/8/2026 11:14,1,Bitcoin,"$78,694.85 ",-1.43%,$1.58T
9/8/2026 11:14,2,Ethereum,"$2,474.61 ",-1.46%,$302.6B
9/8/2026 11:14,3,Tether,$1.00 ,-0.02%,$183.37B
9/8/2026 11:14,4,BNB,$752.27 ,0.53%,$100.25B
9/8/2026 11:14,5,XRP,$1.39 ,-1.45%,$87.47B
9/8/2026 11:14,6,USDC,$1.00 ,0.00%,$74.36B
9/8/2026 11:14,7,Solana,$103.31 ,-2.17%,$60.55B
9/8/2026 11:14,8,TRON,$0.34 ,-0.19%,$31.93B
9/8/2026 11:14,9,Hyperliquid,$84.33 ,-2.69%,$21.24B
9/8/2026 11:14,10,Zcash,"$1,135.45 ",-6.10%,$19.14B
,,,,,
9/8/2026 11:16,1,Bitcoin,"$78,632.95 ",-1.52%,$1.57T
9/8/2026 11:16,2,Ethereum,"$2,474.93 ",-1.43%,$302.01B
9/8/2026 11:16,3,Tether,$1.00 ,-0.02%,$183.37B
9/8/2026 11:16,4,BNB,$752.71 ,0.42%,$100.23B
9/8/2026 11:16,5,XRP,$1.39 ,-1.60%,$87.28B
9/8/2026 11:16,6,USDC,$1.00 ,-0.01%,$74.33B
9/8/2026 11:16,7,Solana,$103.12 ,-2.23%,$60.44B
9/8/2026 11:16,8,TRON,$0.34 ,-0.09%,$31.95B
9/8/2026 11:16,9,Hyperliquid,$84.18 ,-2.92%,$21.2B
9/8/2026 11:16,10,Zcash,"$1,132.21 ",-6.40%,$19.08B
,,,,,
9/8/2026 11:17,1,Bitcoin,"$78,626.96 ",-1.53%,$1.57T
9/8/2026 11:17,2,Ethereum,"$2,474.52 ",-1.44%,$301.96B
9/8/2026 11:17,3,Tether,$1.00 ,-0.01%,$183.39B
9/8/2026 11:17,4,BNB,$752.70 ,0.41%,$100.23B
9/8/2026 11:17,5,XRP,$1.39 ,-1.55%,$87.38B
9/8/2026 11:17,6,USDC,$1.00 ,-0.01%,$74.33B
9/8/2026 11:17,7,Solana,$103.11 ,-2.24%,$60.44B
9/8/2026 11:17,8,TRON,$0.34 ,-0.09%,$31.95B
9/8/2026 11:17,9,Hyperliquid,$84.18 ,-2.92%,$21.2B
9/8/2026 11:17,10,Zcash,"$1,132.21 ",-6.40%,$19.08B
,,,,,
9/8/2026 11:17,1,Bitcoin,"$78,626.51 ",-1.53%,$1.57T
9/8/2026 11:17,2,Ethereum,"$2,474.59 ",-1.44%,$301.97B
9/8/2026 11:17,3,Tether,$1.00 ,-0.02%,$183.37B
9/8/2026 11:17,4,BNB,$752.63 ,0.40%,$100.22B
9/8/2026 11:17,5,XRP,$1.39 ,-1.60%,$87.27B
9/8/2026 11:17,6,USDC,$1.00 ,-0.01%,$74.33B
9/8/2026 11:17,7,Solana,$103.11 ,-2.24%,$60.44B
9/8/2026 11:17,8,TRON,$0.34 ,-0.09%,$31.95B
9/8/2026 11:17,9,Hyperliquid,$84.18 ,-2.92%,$21.2B
9/8/2026 11:17,10,Zcash,"$1,132.21 ",-6.40%,$19.08B
,,,,,
9/8/2026 11:18,1,Bitcoin,"$78,612.77 ",-1.56%,$1.58T
9/8/2026 11:18,2,Ethereum,"$2,475.33 ",-1.40%,$302.3B
9/8/2026 11:18,3,Tether,$1.00 ,-0.02%,$183.37B
9/8/2026 11:18,4,BNB,$751.69 ,0.36%,$100.09B
9/8/2026 11:18,5,XRP,$1.39 ,-1.55%,$87.38B
9/8/2026 11:18,6,USDC,$1.00 ,0.00%,$74.37B
9/8/2026 11:18,7,Solana,$103.22 ,-2.22%,$60.5B
9/8/2026 11:18,8,TRON,$0.34 ,-0.09%,$31.95B
9/8/2026 11:18,9,Hyperliquid,$84.20 ,-2.89%,$21.21B
9/8/2026 11:18,10,Zcash,"$1,130.76 ",-6.46%,$19.06B
,,,,,
9/8/2026 11:19,1,Bitcoin,"$78,612.77 ",-1.56%,$1.58T
9/8/2026 11:19,2,Ethereum,"$2,475.33 ",-1.40%,$302.3B
9/8/2026 11:19,3,Tether,$1.00 ,-0.02%,$183.36B
9/8/2026 11:19,4,BNB,$751.69 ,0.36%,$100.09B
9/8/2026 11:19,5,XRP,$1.39 ,-1.55%,$87.38B
9/8/2026 11:19,6,USDC,$1.00 ,0.00%,$74.37B
9/8/2026 11:19,7,Solana,$103.22 ,-2.22%,$60.5B
9/8/2026 11:19,8,TRON,$0.34 ,-0.09%,$31.95B
9/8/2026 11:19,9,Hyperliquid,$84.18 ,-2.92%,$21.2B
9/8/2026 11:19,10,Zcash,"$1,132.21 ",-6.40%,$19.08B
,,,,,
9/8/2026 11:20,1,Bitcoin,"$78,664.98 ",-1.47%,$1.57T
9/8/2026 11:20,2,Ethereum,"$2,476.28 ",-1.33%,$302.18B
9/8/2026 11:20,3,Tether,$1.00 ,-0.02%,$183.38B
9/8/2026 11:20,4,BNB,$752.83 ,0.41%,$100.24B
9/8/2026 11:20,5,XRP,$1.39 ,-1.56%,$87.29B
9/8/2026 11:20,6,USDC,$1.00 ,0.00%,$74.33B
9/8/2026 11:20,7,Solana,$103.11 ,-2.19%,$60.44B
9/8/2026 11:20,8,TRON,$0.34 ,-0.09%,$31.97B
9/8/2026 11:20,9,Hyperliquid,$84.19 ,-2.91%,$21.21B
9/8/2026 11:20,10,Zcash,"$1,130.96 ",-6.50%,$19.06B
,,,,,
9/8/2026 11:21,1,Bitcoin,"$78,628.79 ",-1.52%,$1.57T
9/8/2026 11:21,2,Ethereum,"$2,475.03 ",-1.42%,$301.83B
9/8/2026 11:21,3,Tether,$1.00 ,-0.02%,$183.38B
9/8/2026 11:21,4,BNB,$752.84 ,0.43%,$100.25B
9/8/2026 11:21,5,XRP,$1.39 ,-1.58%,$87.33B
9/8/2026 11:21,6,USDC,$1.00 ,-0.01%,$74.33B
9/8/2026 11:21,7,Solana,$103.17 ,-2.20%,$60.47B
9/8/2026 11:21,8,TRON,$0.34 ,-0.09%,$31.97B
9/8/2026 11:21,9,Hyperliquid,$84.19 ,-2.91%,$21.21B
9/8/2026 11:21,10,Zcash,"$1,130.96 ",-6.50%,$19.06B
,,,,,
9/8/2026 11:21,1,Bitcoin,"$78,628.79 ",-1.52%,$1.57T
9/8/2026 11:21,2,Ethereum,"$2,475.03 ",-1.42%,$301.83B
9/8/2026 11:21,3,Tether,$1.00 ,-0.02%,$183.38B
9/8/2026 11:21,4,BNB,$752.84 ,0.43%,$100.25B
9/8/2026 11:21,5,XRP,$1.39 ,-1.58%,$87.33B
9/8/2026 11:21,6,USDC,$1.00 ,-0.01%,$74.33B
9/8/2026 11:21,7,Solana,$103.17 ,-2.20%,$60.47B
9/8/2026 11:21,8,TRON,$0.34 ,-0.09%,$31.97B
9/8/2026 11:21,9,Hyperliquid,$84.22 ,-2.89%,$21.21B
9/8/2026 11:21,10,Zcash,"$1,130.63 ",-5.98%,$19.06B
,,,,,
9/8/2026 11:22,1,Bitcoin,"$78,654.62 ",-1.42%,$1.57T
9/8/2026 11:22,2,Ethereum,"$2,475.56 ",-1.19%,$302.09B
9/8/2026 11:22,3,Tether,$1.00 ,-0.01%,$183.39B
9/8/2026 11:22,4,BNB,$753.13 ,0.52%,$100.28B
9/8/2026 11:22,5,XRP,$1.39 ,-1.43%,$87.29B
9/8/2026 11:22,6,USDC,$1.00 ,0.01%,$74.34B
9/8/2026 11:22,7,Solana,$103.17 ,-2.20%,$60.47B
9/8/2026 11:22,8,TRON,$0.34 ,-0.09%,$31.97B
9/8/2026 11:22,9,Hyperliquid,$84.22 ,-2.81%,$21.21B
9/8/2026 11:22,10,Zcash,"$1,130.09 ",-5.65%,$19.05B
,,,,,
9/8/2026 11:23,1,Bitcoin,"$78,666.66 ",-1.46%,$1.57T
9/8/2026 11:23,2,Ethereum,"$2,476.01 ",-1.37%,$301.83B
9/8/2026 11:23,3,Tether,$1.00 ,-0.02%,$183.38B
9/8/2026 11:23,4,BNB,$753.02 ,0.50%,$100.27B
9/8/2026 11:23,5,XRP,$1.39 ,-1.58%,$87.33B
9/8/2026 11:23,6,USDC,$1.00 ,-0.01%,$74.33B
9/8/2026 11:23,7,Solana,$103.12 ,-2.07%,$60.45B
9/8/2026 11:23,8,TRON,$0.34 ,-0.09%,$31.97B
9/8/2026 11:23,9,Hyperliquid,$84.19 ,-2.91%,$21.21B
9/8/2026 11:23,10,Zcash,"$1,130.18 ",-5.72%,$19.05B
,,,,,
9/8/2026 11:24,1,Bitcoin,"$78,616.83 ",-1.49%,$1.57T
9/8/2026 11:24,2,Ethereum,"$2,474.30 ",-1.29%,$301.93B
9/8/2026 11:24,3,Tether,$1.00 ,-0.01%,$183.39B
9/8/2026 11:24,4,BNB,$752.91 ,0.49%,$100.25B
9/8/2026 11:24,5,XRP,$1.39 ,-1.45%,$87.27B
9/8/2026 11:24,6,USDC,$1.00 ,0.01%,$74.34B
9/8/2026 11:24,7,Solana,$103.12 ,-2.07%,$60.44B
9/8/2026 11:24,8,TRON,$0.34 ,-0.09%,$31.97B
9/8/2026 11:24,9,Hyperliquid,$84.19 ,-2.91%,$21.21B
9/8/2026 11:24,10,Zcash,"$1,130.96 ",-6.50%,$19.06B
,,,,,
9/8/2026 11:25,1,Bitcoin,"$78,666.66 ",-1.46%,$1.57T
9/8/2026 11:25,2,Ethereum,"$2,476.01 ",-1.37%,$301.83B
9/8/2026 11:25,3,Tether,$1.00 ,-0.02%,$183.37B
9/8/2026 11:25,4,BNB,$752.84 ,0.43%,$100.25B
9/8/2026 11:25,5,XRP,$1.39 ,-1.58%,$87.33B
9/8/2026 11:25,6,USDC,$1.00 ,-0.01%,$74.33B
9/8/2026 11:25,7,Solana,$103.17 ,-2.20%,$60.47B
9/8/2026 11:25,8,TRON,$0.34 ,-0.09%,$31.97B
9/8/2026 11:25,9,Hyperliquid,$84.19 ,-2.91%,$21.21B
9/8/2026 11:25,10,Zcash,"$1,128.09 ",-5.88%,$19.01B
,,,,,
9/8/2026 11:25,1,Bitcoin,"$78,666.66 ",-1.46%,$1.57T
9/8/2026 11:25,2,Ethereum,"$2,476.01 ",-1.37%,$301.83B
9/8/2026 11:25,3,Tether,$1.00 ,-0.02%,$183.38B
9/8/2026 11:25,4,BNB,$752.84 ,0.43%,$100.25B
9/8/2026 11:25,5,XRP,$1.39 ,-1.58%,$87.33B
9/8/2026 11:25,6,USDC,$1.00 ,-0.01%,$74.33B
9/8/2026 11:25,7,Solana,$103.17 ,-2.20%,$60.47B
9/8/2026 11:25,8,TRON,$0.34 ,-0.09%,$31.97B
9/8/2026 11:25,9,Hyperliquid,$84.19 ,-2.83%,$21.21B
9/8/2026 11:25,10,Zcash,"$1,128.07 ",-5.89%,$19.01B
,,,,,
9/8/2026 11:26,1,Bitcoin,"$78,599.53 ",-1.49%,$1.57T
9/8/2026 11:26,2,Ethereum,"$2,472.64 ",-1.33%,$301.73B
9/8/2026 11:26,3,Tether,$1.00 ,-0.01%,$183.38B
9/8/2026 11:26,4,BNB,$751.77 ,0.36%,$100.1B
9/8/2026 11:26,5,XRP,$1.38 ,-1.49%,$87.21B
9/8/2026 11:26,6,USDC,$1.00 ,0.00%,$74.33B
9/8/2026 11:26,7,Solana,$103.06 ,-2.11%,$60.41B
9/8/2026 11:26,8,TRON,$0.34 ,-0.09%,$31.97B
9/8/2026 11:26,9,Hyperliquid,$84.19 ,-2.91%,$21.21B
9/8/2026 11:26,10,Zcash,"$1,130.96 ",-6.50%,$19.06B
,,,,,
9/8/2026 11:26,1,Bitcoin,"$78,617.00 ",-1.49%,$1.57T
9/8/2026 11:26,2,Ethereum,"$2,474.61 ",-1.30%,$302.02B
9/8/2026 11:26,3,Tether,$1.00 ,-0.02%,$183.38B
9/8/2026 11:26,4,BNB,$752.82 ,0.41%,$100.24B
9/8/2026 11:26,5,XRP,$1.39 ,-1.59%,$87.28B
9/8/2026 11:26,6,USDC,$1.00 ,0.00%,$74.33B
9/8/2026 11:26,7,Solana,$103.11 ,-2.24%,$60.44B
9/8/2026 11:26,8,TRON,$0.34 ,-0.10%,$31.98B
9/8/2026 11:26,9,Hyperliquid,$84.18 ,-2.84%,$21.2B
9/8/2026 11:26,10,Zcash,"$1,128.11 ",-5.95%,$19.01B
,,,,,
9/8/2026 11:27,1,Bitcoin,"$78,589.45 ",-1.46%,$1.57T
9/8/2026 11:27,2,Ethereum,"$2,473.24 ",-1.23%,$301.8B
9/8/2026 11:27,3,Tether,$1.00 ,-0.02%,$183.38B
9/8/2026 11:27,4,BNB,$750.60 ,0.22%,$99.95B
9/8/2026 11:27,5,XRP,$1.38 ,-1.55%,$87.13B
9/8/2026 11:27,6,USDC,$1.00 ,0.00%,$74.33B
9/8/2026 11:27,7,Solana,$103.01 ,-2.12%,$60.38B
9/8/2026 11:27,8,TRON,$0.34 ,-0.10%,$31.98B
9/8/2026 11:27,9,Hyperliquid,$84.19 ,-2.91%,$21.21B
9/8/2026 11:27,10,Zcash,"$1,130.89 ",-6.38%,$19.06B
,,,,,
9/8/2026 11:28,1,Bitcoin,"$78,617.00 ",-1.49%,$1.57T
9/8/2026 11:28,2,Ethereum,"$2,474.61 ",-1.30%,$302.02B
9/8/2026 11:28,3,Tether,$1.00 ,-0.02%,$183.38B
9/8/2026 11:28,4,BNB,$750.73 ,0.27%,$99.96B
9/8/2026 11:28,5,XRP,$1.39 ,-1.59%,$87.28B
9/8/2026 11:28,6,USDC,$1.00 ,0.01%,$74.34B
9/8/2026 11:28,7,Solana,$103.11 ,-2.24%,$60.44B
9/8/2026 11:28,8,TRON,$0.34 ,-0.10%,$31.98B
9/8/2026 11:28,9,Hyperliquid,$84.19 ,-2.91%,$21.21B
9/8/2026 11:28,10,Zcash,"$1,130.89 ",-6.38%,$19.06B
,,,,,
9/8/2026 11:29,1,Bitcoin,"$78,554.81 ",-1.50%,$1.57T
9/8/2026 11:29,2,Ethereum,"$2,472.26 ",-1.29%,$301.68B
9/8/2026 11:29,3,Tether,$1.00 ,-0.01%,$183.38B
9/8/2026 11:29,4,BNB,$750.37 ,0.23%,$99.92B
9/8/2026 11:29,5,XRP,$1.38 ,-1.47%,$87.12B
9/8/2026 11:29,6,USDC,$1.00 ,0.00%,$74.33B
9/8/2026 11:29,7,Solana,$102.99 ,-2.03%,$60.37B
9/8/2026 11:29,8,TRON,$0.34 ,-0.10%,$31.98B
9/8/2026 11:29,9,Hyperliquid,$84.19 ,-2.91%,$21.21B
9/8/2026 11:29,10,Zcash,"$1,130.89 ",-6.38%,$19.06B
,,,,,
9/8/2026 11:30,1,Bitcoin,"$78,602.16 ",-1.49%,$1.57T
9/8/2026 11:30,2,Ethereum,"$2,474.37 ",-1.28%,$302.02B
9/8/2026 11:30,3,Tether,$1.00 ,-0.02%,$183.38B
9/8/2026 11:30,4,BNB,$752.82 ,0.41%,$100.24B
9/8/2026 11:30,5,XRP,$1.39 ,-1.59%,$87.28B
9/8/2026 11:30,6,USDC,$1.00 ,0.00%,$74.33B
9/8/2026 11:30,7,Solana,$103.11 ,-2.24%,$60.44B
9/8/2026 11:30,8,TRON,$0.34 ,-0.10%,$31.98B
9/8/2026 11:30,9,Hyperliquid,$84.14 ,-2.85%,$21.19B
9/8/2026 11:30,10,Zcash,"$1,127.60 ",-5.78%,$19.01B
,,,,,
9/8/2026 11:30,1,Bitcoin,"$78,521.19 ",-1.54%,$1.57T
9/8/2026 11:30,2,Ethereum,"$2,471.85 ",-1.30%,$301.64B
9/8/2026 11:30,3,Tether,$1.00 ,-0.01%,$183.38B
9/8/2026 11:30,4,BNB,$752.92 ,0.49%,$100.26B
9/8/2026 11:30,5,XRP,$1.38 ,-1.54%,$87.06B
9/8/2026 11:30,6,USDC,$1.00 ,0.01%,$74.34B
9/8/2026 11:30,7,Solana,$103.07 ,-2.10%,$60.42B
9/8/2026 11:30,8,TRON,$0.34 ,-0.06%,$31.99B
9/8/2026 11:30,9,Hyperliquid,$84.21 ,-2.82%,$21.21B
9/8/2026 11:30,10,Zcash,"$1,128.08 ",-5.89%,$19.01B
,,,,,
9/8/2026 11:31,1,Bitcoin,"$78,532.37 ",-1.52%,$1.57T
9/8/2026 11:31,2,Ethereum,"$2,471.99 ",-1.30%,$301.65B
9/8/2026 11:31,3,Tether,$1.00 ,0.00%,$183.4B
9/8/2026 11:31,4,BNB,$750.70 ,0.29%,$99.96B
9/8/2026 11:31,5,XRP,$1.38 ,-1.49%,$87.06B
9/8/2026 11:31,6,USDC,$1.00 ,0.01%,$74.34B
9/8/2026 11:31,7,Solana,$102.95 ,-2.05%,$60.34B
9/8/2026 11:31,8,TRON,$0.34 ,-0.06%,$31.99B
9/8/2026 11:31,9,Hyperliquid,$84.21 ,-2.82%,$21.21B
9/8/2026 11:31,10,Zcash,"$1,128.08 ",-5.89%,$19.01B
,,,,,
9/8/2026 11:32,1,Bitcoin,"$78,583.80 ",-1.47%,$1.57T
9/8/2026 11:32,2,Ethereum,"$2,472.61 ",-1.26%,$301.94B
9/8/2026 11:32,3,Tether,$1.00 ,-0.01%,$183.38B
9/8/2026 11:32,4,BNB,$752.92 ,0.49%,$100.26B
9/8/2026 11:32,5,XRP,$1.39 ,-1.45%,$87.27B
9/8/2026 11:32,6,USDC,$1.00 ,0.01%,$74.34B
9/8/2026 11:32,7,Solana,$103.07 ,-2.10%,$60.42B
9/8/2026 11:32,8,TRON,$0.34 ,-0.06%,$31.99B
9/8/2026 11:32,9,Hyperliquid,$84.21 ,-2.82%,$21.21B
9/8/2026 11:32,10,Zcash,"$1,127.61 ",-5.87%,$19.01B
,,,,,
9/8/2026 11:33,1,Bitcoin,"$78,551.45 ",-1.50%,$1.57T
9/8/2026 11:33,2,Ethereum,"$2,473.19 ",-1.25%,$301.94B
9/8/2026 11:33,3,Tether,$1.00 ,-0.01%,$183.38B
9/8/2026 11:33,4,BNB,$752.92 ,0.49%,$100.26B
9/8/2026 11:33,5,XRP,$1.39 ,-1.45%,$87.27B
9/8/2026 11:33,6,USDC,$1.00 ,0.01%,$74.34B
9/8/2026 11:33,7,Solana,$103.07 ,-2.10%,$60.42B
9/8/2026 11:33,8,TRON,$0.34 ,-0.06%,$31.99B
9/8/2026 11:33,9,Hyperliquid,$84.12 ,-2.85%,$21.19B
9/8/2026 11:33,10,Zcash,"$1,127.58 ",-5.89%,$19B
,,,,,
9/8/2026 11:33,1,Bitcoin,"$78,551.45 ",-1.50%,$1.57T
9/8/2026 11:33,2,Ethereum,"$2,473.19 ",-1.25%,$301.94B
9/8/2026 11:33,3,Tether,$1.00 ,-0.01%,$183.38B
9/8/2026 11:33,4,BNB,$752.92 ,0.49%,$100.26B
9/8/2026 11:33,5,XRP,$1.39 ,-1.45%,$87.27B
9/8/2026 11:33,6,USDC,$1.00 ,0.01%,$74.34B
9/8/2026 11:33,7,Solana,$103.07 ,-2.10%,$60.42B
9/8/2026 11:33,8,TRON,$0.34 ,-0.06%,$31.99B
9/8/2026 11:33,9,Hyperliquid,$84.11 ,-2.87%,$21.18B
9/8/2026 11:33,10,Zcash,"$1,127.98 ",-5.86%,$19.01B
,,,,,
9/8/2026 11:34,1,Bitcoin,"$78,539.53 ",-1.54%,$1.57T
9/8/2026 11:34,2,Ethereum,"$2,472.32 ",-1.33%,$301.69B
9/8/2026 11:34,3,Tether,$1.00 ,-0.02%,$183.38B
9/8/2026 11:34,4,BNB,$749.86 ,0.16%,$99.85B
9/8/2026 11:34,5,XRP,$1.38 ,-1.55%,$87.05B
9/8/2026 11:34,6,USDC,$1.00 ,-0.01%,$74.32B
9/8/2026 11:34,7,Solana,$102.89 ,-2.14%,$60.31B
9/8/2026 11:34,8,TRON,$0.34 ,0.01%,$32B
9/8/2026 11:34,9,Hyperliquid,$84.14 ,-2.84%,$21.19B
9/8/2026 11:34,10,Zcash,"$1,127.60 ",-5.82%,$19.01B
,,,,,
9/8/2026 11:35,1,Bitcoin,"$78,504.95 ",-1.62%,$1.57T
9/8/2026 11:35,2,Ethereum,"$2,471.24 ",-1.39%,$301.56B
9/8/2026 11:35,3,Tether,$1.00 ,-0.02%,$183.39B
9/8/2026 11:35,4,BNB,$749.67 ,0.14%,$99.82B
9/8/2026 11:35,5,XRP,$1.38 ,-1.56%,$87.04B
9/8/2026 11:35,6,USDC,$1.00 ,-0.01%,$74.33B
9/8/2026 11:35,7,Solana,$102.88 ,-2.16%,$60.3B
9/8/2026 11:35,8,TRON,$0.34 ,0.01%,$32B
9/8/2026 11:35,9,Hyperliquid,$84.14 ,-2.84%,$21.19B
9/8/2026 11:35,10,Zcash,"$1,127.60 ",-5.82%,$19.01B
,,,,,
9/8/2026 11:36,1,Bitcoin,"$78,555.41 ",-1.49%,$1.57T
9/8/2026 11:36,2,Ethereum,"$2,473.16 ",-1.25%,$301.72B
9/8/2026 11:36,3,Tether,$1.00 ,-0.02%,$183.37B
9/8/2026 11:36,4,BNB,$749.58 ,0.13%,$99.81B
9/8/2026 11:36,5,XRP,$1.38 ,-1.48%,$87.11B
9/8/2026 11:36,6,USDC,$1.00 ,-0.01%,$74.33B
9/8/2026 11:36,7,Solana,$102.86 ,-2.16%,$60.29B
9/8/2026 11:36,8,TRON,$0.34 ,0.01%,$32B
9/8/2026 11:36,9,Hyperliquid,$84.14 ,-2.84%,$21.19B
9/8/2026 11:36,10,Zcash,"$1,127.60 ",-5.82%,$19.01B
,,,,,
9/8/2026 11:36,1,Bitcoin,"$78,468.37 ",-1.67%,$1.57T
9/8/2026 11:36,2,Ethereum,"$2,470.40 ",-1.43%,$301.46B
9/8/2026 11:36,3,Tether,$1.00 ,-0.02%,$183.38B
9/8/2026 11:36,4,BNB,$749.27 ,0.09%,$99.77B
9/8/2026 11:36,5,XRP,$1.38 ,-1.59%,$87.01B
9/8/2026 11:36,6,USDC,$1.00 ,0.00%,$74.34B
9/8/2026 11:36,7,Solana,$102.87 ,-2.16%,$60.29B
9/8/2026 11:36,8,TRON,$0.34 ,0.01%,$32B
9/8/2026 11:36,9,Hyperliquid,$84.14 ,-2.84%,$21.19B
9/8/2026 11:36,10,Zcash,"$1,127.60 ",-5.82%,$19.01B
,,,,,
9/8/2026 11:37,1,Bitcoin,"$78,508.24 ",-1.61%,$1.57T
9/8/2026 11:37,2,Ethereum,"$2,471.75 ",-1.34%,$301.62B
9/8/2026 11:37,3,Tether,$1.00 ,-0.02%,$183.37B
9/8/2026 11:37,4,BNB,$749.22 ,0.06%,$99.76B
9/8/2026 11:37,5,XRP,$1.38 ,-1.48%,$87.11B
9/8/2026 11:37,6,USDC,$1.00 ,0.00%,$74.33B
9/8/2026 11:37,7,Solana,$102.99 ,-2.04%,$60.37B
9/8/2026 11:37,8,TRON,$0.34 ,0.01%,$32B
9/8/2026 11:37,9,Hyperliquid,$84.14 ,-2.84%,$21.19B
9/8/2026 11:37,10,Zcash,"$1,127.60 ",-5.82%,$19.01B
,,,,,
9/8/2026 11:38,1,Bitcoin,"$78,562.25 ",-1.51%,$1.57T
9/8/2026 11:38,2,Ethereum,"$2,473.47 ",-1.25%,$301.83B
9/8/2026 11:38,3,Tether,$1.00 ,0.00%,$183.4B
9/8/2026 11:38,4,BNB,$749.37 ,0.09%,$99.78B
9/8/2026 11:38,5,XRP,$1.38 ,-1.61%,$87.02B
9/8/2026 11:38,6,USDC,$1.00 ,0.02%,$74.34B
9/8/2026 11:38,7,Solana,$102.88 ,-2.18%,$60.3B
9/8/2026 11:38,8,TRON,$0.34 ,0.01%,$32B
9/8/2026 11:38,9,Hyperliquid,$84.14 ,-2.84%,$21.19B
9/8/2026 11:38,10,Zcash,"$1,127.60 ",-5.82%,$19.01B
,,,,,
9/8/2026 11:39,1,Bitcoin,"$78,504.36 ",-1.62%,$1.57T
9/8/2026 11:39,2,Ethereum,"$2,473.21 ",-1.29%,$301.72B
9/8/2026 11:39,3,Tether,$1.00 ,-0.02%,$183.37B
9/8/2026 11:39,4,BNB,$750.72 ,0.30%,$99.96B
9/8/2026 11:39,5,XRP,$1.38 ,-1.48%,$87.11B
9/8/2026 11:39,6,USDC,$1.00 ,0.00%,$74.33B
9/8/2026 11:39,7,Solana,$102.99 ,-2.04%,$60.37B
9/8/2026 11:39,8,TRON,$0.34 ,0.01%,$32B
9/8/2026 11:39,9,Hyperliquid,$84.16 ,-2.92%,$21.2B
9/8/2026 11:39,10,Zcash,"$1,134.36 ",-6.05%,$19.12B
,,,,,
9/8/2026 11:40,1,Bitcoin,"$78,504.36 ",-1.62%,$1.57T
9/8/2026 11:40,2,Ethereum,"$2,473.21 ",-1.29%,$301.72B
9/8/2026 11:40,3,Tether,$1.00 ,-0.02%,$183.37B
9/8/2026 11:40,4,BNB,$750.72 ,0.30%,$99.96B
9/8/2026 11:40,5,XRP,$1.38 ,-1.48%,$87.11B
9/8/2026 11:40,6,USDC,$1.00 ,0.00%,$74.33B
9/8/2026 11:40,7,Solana,$102.99 ,-2.04%,$60.37B
9/8/2026 11:40,8,TRON,$0.34 ,0.01%,$32B
9/8/2026 11:40,9,Hyperliquid,$84.21 ,-2.87%,$21.21B
9/8/2026 11:40,10,Zcash,"$1,136.21 ",-5.89%,$19.15B
,,,,,
9/8/2026 11:40,1,Bitcoin,"$78,528.63 ",-1.58%,$1.57T
9/8/2026 11:40,2,Ethereum,"$2,471.96 ",-1.39%,$301.65B
9/8/2026 11:40,3,Tether,$1.00 ,-0.01%,$183.4B
9/8/2026 11:40,4,BNB,$749.56 ,0.14%,$99.81B
9/8/2026 11:40,5,XRP,$1.38 ,-1.63%,$87.04B
9/8/2026 11:40,6,USDC,$1.00 ,0.02%,$74.34B
9/8/2026 11:40,7,Solana,$102.95 ,-2.11%,$60.34B
9/8/2026 11:40,8,TRON,$0.34 ,0.01%,$32B
9/8/2026 11:40,9,Hyperliquid,$84.14 ,-2.84%,$21.19B
9/8/2026 11:40,10,Zcash,"$1,127.60 ",-5.82%,$19.01B
,,,,,
9/8/2026 11:41,1,Bitcoin,"$78,500.85 ",-1.61%,$1.57T
9/8/2026 11:41,2,Ethereum,"$2,471.63 ",-1.43%,$301.61B
9/8/2026 11:41,3,Tether,$1.00 ,-0.01%,$183.39B
9/8/2026 11:41,4,BNB,$749.47 ,0.13%,$99.8B
9/8/2026 11:41,5,XRP,$1.38 ,-1.64%,$87.04B
9/8/2026 11:41,6,USDC,$1.00 ,0.00%,$74.34B
9/8/2026 11:41,7,Solana,$102.96 ,-2.10%,$60.35B
9/8/2026 11:41,8,TRON,$0.34 ,0.01%,$32B
9/8/2026 11:41,9,Hyperliquid,$84.14 ,-2.84%,$21.19B
9/8/2026 11:41,10,Zcash,"$1,127.60 ",-5.82%,$19.01B
,,,,,
9/8/2026 11:42,1,Bitcoin,"$78,451.58 ",-1.70%,$1.57T
9/8/2026 11:42,2,Ethereum,"$2,471.38 ",-1.38%,$301.72B
9/8/2026 11:42,3,Tether,$1.00 ,-0.01%,$183.39B
9/8/2026 11:42,4,BNB,$750.72 ,0.30%,$99.96B
9/8/2026 11:42,5,XRP,$1.38 ,-1.48%,$87.11B
9/8/2026 11:42,6,USDC,$1.00 ,0.00%,$74.33B
9/8/2026 11:42,7,Solana,$102.99 ,-2.04%,$60.37B
9/8/2026 11:42,8,TRON,$0.34 ,0.01%,$32B
9/8/2026 11:42,9,Hyperliquid,$84.14 ,-2.84%,$21.19B
9/8/2026 11:42,10,Zcash,"$1,127.60 ",-5.82%,$19.01B
,,,,,
9/8/2026 11:43,1,Bitcoin,"$78,545.42 ",-1.53%,$1.57T
9/8/2026 11:43,2,Ethereum,"$2,470.92 ",-1.37%,$301.55B
9/8/2026 11:43,3,Tether,$1.00 ,-0.01%,$183.38B
9/8/2026 11:43,4,BNB,$750.52 ,0.27%,$99.94B
9/8/2026 11:43,5,XRP,$1.38 ,-1.49%,$87.06B
9/8/2026 11:43,6,USDC,$1.00 ,0.00%,$74.34B
9/8/2026 11:43,7,Solana,$102.94 ,-2.07%,$60.34B
9/8/2026 11:43,8,TRON,$0.34 ,0.02%,$32.02B
9/8/2026 11:43,9,Hyperliquid,$84.12 ,-2.85%,$21.19B
9/8/2026 11:43,10,Zcash,"$1,134.69 ",-6.35%,$19.12B
,,,,,
9/8/2026 11:43,1,Bitcoin,"$78,545.42 ",-1.53%,$1.57T
9/8/2026 11:43,2,Ethereum,"$2,470.92 ",-1.37%,$301.55B
9/8/2026 11:43,3,Tether,$1.00 ,-0.01%,$183.38B
9/8/2026 11:43,4,BNB,$750.52 ,0.27%,$99.94B
9/8/2026 11:43,5,XRP,$1.38 ,-1.49%,$87.06B
9/8/2026 11:43,6,USDC,$1.00 ,0.00%,$74.34B
9/8/2026 11:43,7,Solana,$102.94 ,-2.07%,$60.34B
9/8/2026 11:43,8,TRON,$0.34 ,0.02%,$32.02B
9/8/2026 11:43,9,Hyperliquid,$84.21 ,-3.03%,$21.21B
9/8/2026 11:43,10,Zcash,"$1,134.33 ",-6.38%,$19.12B
,,,,,
9/8/2026 11:44,1,Bitcoin,"$78,545.42 ",-1.53%,$1.57T
9/8/2026 11:44,2,Ethereum,"$2,470.92 ",-1.37%,$301.55B
9/8/2026 11:44,3,Tether,$1.00 ,-0.01%,$183.38B
9/8/2026 11:44,4,BNB,$750.52 ,0.27%,$99.94B
9/8/2026 11:44,5,XRP,$1.38 ,-1.49%,$87.06B
9/8/2026 11:44,6,USDC,$1.00 ,0.00%,$74.34B
9/8/2026 11:44,7,Solana,$102.94 ,-2.07%,$60.34B
9/8/2026 11:44,8,TRON,$0.34 ,0.02%,$32.02B
9/8/2026 11:44,9,Hyperliquid,$84.12 ,-2.85%,$21.19B
9/8/2026 11:44,10,Zcash,"$1,128.47 ",-6.01%,$19.02B
,,,,,
9/8/2026 11:45,1,Bitcoin,"$78,537.52 ",-1.56%,$1.57T
9/8/2026 11:45,2,Ethereum,"$2,473.97 ",-1.31%,$301.93B
9/8/2026 11:45,3,Tether,$1.00 ,-0.02%,$183.38B
9/8/2026 11:45,4,BNB,$749.64 ,0.15%,$99.82B
9/8/2026 11:45,5,XRP,$1.38 ,-1.61%,$87.03B
9/8/2026 11:45,6,USDC,$1.00 ,0.00%,$74.34B
9/8/2026 11:45,7,Solana,$102.98 ,-2.08%,$60.36B
9/8/2026 11:45,8,TRON,$0.34 ,0.05%,$32.03B
9/8/2026 11:45,9,Hyperliquid,$84.22 ,-3.02%,$21.21B
9/8/2026 11:45,10,Zcash,"$1,133.47 ",-6.46%,$19.1B
,,,,,
9/8/2026 11:46,1,Bitcoin,"$78,607.86 ",-1.48%,$1.57T
9/8/2026 11:46,2,Ethereum,"$2,475.80 ",-1.31%,$302.12B
9/8/2026 11:46,3,Tether,$1.00 ,-0.02%,$183.38B
9/8/2026 11:46,4,BNB,$749.64 ,0.15%,$99.82B
9/8/2026 11:46,5,XRP,$1.38 ,-1.61%,$87.03B
9/8/2026 11:46,6,USDC,$1.00 ,0.00%,$74.34B
9/8/2026 11:46,7,Solana,$102.98 ,-2.08%,$60.36B
9/8/2026 11:46,8,TRON,$0.34 ,0.05%,$32.03B
9/8/2026 11:46,9,Hyperliquid,$84.22 ,-3.02%,$21.21B
9/8/2026 11:46,10,Zcash,"$1,133.64 ",-6.11%,$19.11B
,,,,,
9/8/2026 11:46,1,Bitcoin,"$78,579.61 ",-1.52%,$1.57T
9/8/2026 11:46,2,Ethereum,"$2,474.96 ",-1.34%,$302.01B
9/8/2026 11:46,3,Tether,$1.00 ,-0.01%,$183.4B
9/8/2026 11:46,4,BNB,$749.64 ,0.15%,$99.82B
9/8/2026 11:46,5,XRP,$1.38 ,-1.70%,$87.08B
9/8/2026 11:46,6,USDC,$1.00 ,0.00%,$74.34B
9/8/2026 11:46,7,Solana,$103.01 ,-2.21%,$60.38B
9/8/2026 11:46,8,TRON,$0.34 ,0.05%,$32.03B
9/8/2026 11:46,9,Hyperliquid,$84.15 ,-2.94%,$21.19B
9/8/2026 11:46,10,Zcash,"$1,133.64 ",-6.11%,$19.11B
,,,,,
9/8/2026 11:47,1,Bitcoin,"$78,508.97 ",-1.61%,$1.57T
9/8/2026 11:47,2,Ethereum,"$2,471.65 ",-1.43%,$301.93B
9/8/2026 11:47,3,Tether,$1.00 ,-0.02%,$183.38B
9/8/2026 11:47,4,BNB,$749.19 ,0.05%,$99.76B
9/8/2026 11:47,5,XRP,$1.38 ,-1.61%,$87.03B
9/8/2026 11:47,6,USDC,$1.00 ,-0.01%,$74.34B
9/8/2026 11:47,7,Solana,$102.98 ,-2.08%,$60.36B
9/8/2026 11:47,8,TRON,$0.34 ,0.05%,$32.03B
9/8/2026 11:47,9,Hyperliquid,$84.22 ,-3.02%,$21.21B
9/8/2026 11:47,10,Zcash,"$1,133.18 ",-6.47%,$19.1B
,,,,,
9/8/2026 11:48,1,Bitcoin,"$78,493.00 ",-1.58%,$1.57T
9/8/2026 11:48,2,Ethereum,"$2,471.72 ",-1.42%,$301.62B
9/8/2026 11:48,3,Tether,$1.00 ,-0.03%,$183.36B
9/8/2026 11:48,4,BNB,$748.43 ,-0.05%,$99.66B
9/8/2026 11:48,5,XRP,$1.38 ,-1.78%,$86.99B
9/8/2026 11:48,6,USDC,$1.00 ,-0.01%,$74.33B
9/8/2026 11:48,7,Solana,$102.88 ,-2.31%,$60.3B
9/8/2026 11:48,8,TRON,$0.34 ,0.05%,$32.03B
9/8/2026 11:48,9,Hyperliquid,$84.15 ,-2.94%,$21.19B
9/8/2026 11:48,10,Zcash,"$1,133.64 ",-6.11%,$19.11B
,,,,,
9/8/2026 11:49,1,Bitcoin,"$78,494.94 ",-1.56%,$1.57T
9/8/2026 11:49,2,Ethereum,"$2,471.01 ",-1.41%,$301.53B
9/8/2026 11:49,3,Tether,$1.00 ,-0.02%,$183.38B
9/8/2026 11:49,4,BNB,$748.25 ,-0.04%,$99.63B
9/8/2026 11:49,5,XRP,$1.38 ,-1.78%,$86.97B
9/8/2026 11:49,6,USDC,$1.00 ,0.00%,$74.34B
9/8/2026 11:49,7,Solana,$102.85 ,-2.31%,$60.29B
9/8/2026 11:49,8,TRON,$0.34 ,0.05%,$32.03B
9/8/2026 11:49,9,Hyperliquid,$84.15 ,-2.94%,$21.19B
9/8/2026 11:49,10,Zcash,"$1,133.64 ",-6.11%,$19.11B
,,,,,
9/8/2026 11:50,1,Bitcoin,"$78,564.71 ",-1.55%,$1.57T
9/8/2026 11:50,2,Ethereum,"$2,473.10 ",-1.43%,$301.93B
9/8/2026 11:50,3,Tether,$1.00 ,-0.02%,$183.38B
9/8/2026 11:50,4,BNB,$749.64 ,0.15%,$99.82B
9/8/2026 11:50,5,XRP,$1.38 ,-1.61%,$87.03B
9/8/2026 11:50,6,USDC,$1.00 ,0.00%,$74.34B
9/8/2026 11:50,7,Solana,$102.98 ,-2.08%,$60.36B
9/8/2026 11:50,8,TRON,$0.34 ,0.05%,$32.03B
9/8/2026 11:50,9,Hyperliquid,$84.15 ,-2.94%,$21.19B
9/8/2026 11:50,10,Zcash,"$1,131.31 ",-6.58%,$19.07B
,,,,,
9/8/2026 11:50,1,Bitcoin,"$78,510.85 ",-1.56%,$1.57T
9/8/2026 11:50,2,Ethereum,"$2,474.55 ",-1.34%,$301.94B
9/8/2026 11:50,3,Tether,$1.00 ,-0.01%,$183.39B
9/8/2026 11:50,4,BNB,$749.27 ,0.06%,$99.77B
9/8/2026 11:50,5,XRP,$1.38 ,-1.73%,$87.03B
9/8/2026 11:50,6,USDC,$1.00 ,0.00%,$74.33B
9/8/2026 11:50,7,Solana,$102.94 ,-2.22%,$60.34B
9/8/2026 11:50,8,TRON,$0.34 ,0.19%,$32.05B
9/8/2026 11:50,9,Hyperliquid,$84.21 ,-3.03%,$21.21B
9/8/2026 11:50,10,Zcash,"$1,133.90 ",-6.43%,$19.11B
,,,,,
9/8/2026 11:51,1,Bitcoin,"$78,510.85 ",-1.56%,$1.57T
9/8/2026 11:51,2,Ethereum,"$2,474.55 ",-1.34%,$301.94B
9/8/2026 11:51,3,Tether,$1.00 ,-0.01%,$183.39B
9/8/2026 11:51,4,BNB,$749.27 ,0.06%,$99.77B
9/8/2026 11:51,5,XRP,$1.38 ,-1.73%,$87.03B
9/8/2026 11:51,6,USDC,$1.00 ,0.00%,$74.33B
9/8/2026 11:51,7,Solana,$102.94 ,-2.22%,$60.34B
9/8/2026 11:51,8,TRON,$0.34 ,0.19%,$32.05B
9/8/2026 11:51,9,Hyperliquid,$84.21 ,-3.03%,$21.21B
9/8/2026 11:51,10,Zcash,"$1,133.90 ",-6.43%,$19.11B
,,,,,
9/8/2026 11:52,1,Bitcoin,"$78,396.61 ",-1.65%,$1.57T
9/8/2026 11:52,2,Ethereum,"$2,465.28 ",-1.56%,$300.83B
9/8/2026 11:52,3,Tether,$1.00 ,-0.01%,$183.39B
9/8/2026 11:52,4,BNB,$747.34 ,-0.10%,$99.51B
9/8/2026 11:52,5,XRP,$1.38 ,-1.82%,$86.85B
9/8/2026 11:52,6,USDC,$1.00 ,0.00%,$74.33B
9/8/2026 11:52,7,Solana,$102.94 ,-2.22%,$60.34B
9/8/2026 11:52,8,TRON,$0.34 ,0.19%,$32.05B
9/8/2026 11:52,9,Hyperliquid,$84.02 ,-3.14%,$21.16B
9/8/2026 11:52,10,Zcash,"$1,133.90 ",-6.43%,$19.11B
,,,,,
9/8/2026 11:53,1,Bitcoin,"$78,453.74 ",-1.57%,$1.57T
9/8/2026 11:53,2,Ethereum,"$2,467.36 ",-1.48%,$301.09B
9/8/2026 11:53,3,Tether,$1.00 ,-0.01%,$183.39B
9/8/2026 11:53,4,BNB,$747.06 ,-0.14%,$99.48B
9/8/2026 11:53,5,XRP,$1.38 ,-1.83%,$86.85B
9/8/2026 11:53,6,USDC,$1.00 ,0.00%,$74.34B
9/8/2026 11:53,7,Solana,$102.61 ,-2.47%,$60.15B
9/8/2026 11:53,8,TRON,$0.34 ,0.19%,$32.05B
9/8/2026 11:53,9,Hyperliquid,$84.21 ,-3.03%,$21.21B
9/8/2026 11:53,10,Zcash,"$1,133.90 ",-6.43%,$19.11B
,,,,,
9/8/2026 11:53,1,Bitcoin,"$78,491.93 ",-1.56%,$1.57T
9/8/2026 11:53,2,Ethereum,"$2,472.51 ",-1.38%,$301.94B
9/8/2026 11:53,3,Tether,$1.00 ,-0.01%,$183.39B
9/8/2026 11:53,4,BNB,$749.27 ,-0.06%,$99.77B
9/8/2026 11:53,5,XRP,$1.38 ,-1.73%,$87.03B
9/8/2026 11:53,6,USDC,$1.00 ,0.00%,$74.33B
9/8/2026 11:53,7,Solana,$102.94 ,-2.22%,$60.34B
9/8/2026 11:53,8,TRON,$0.34 ,0.19%,$32.05B
9/8/2026 11:53,9,Hyperliquid,$84.21 ,-3.03%,$21.21B
9/8/2026 11:53,10,Zcash,"$1,133.90 ",-6.43%,$19.11B
,,,,,
9/8/2026 11:54,1,Bitcoin,"$78,491.93 ",-1.56%,$1.57T
9/8/2026 11:54,2,Ethereum,"$2,472.51 ",-1.38%,$301.94B
9/8/2026 11:54,3,Tether,$1.00 ,-0.01%,$183.39B
9/8/2026 11:54,4,BNB,$749.27 ,-0.06%,$99.77B
9/8/2026 11:54,5,XRP,$1.38 ,-1.73%,$87.03B
9/8/2026 11:54,6,USDC,$1.00 ,0.00%,$74.33B
9/8/2026 11:54,7,Solana,$102.94 ,-2.22%,$60.34B
9/8/2026 11:54,8,TRON,$0.34 ,0.19%,$32.05B
9/8/2026 11:54,9,Hyperliquid,$84.21 ,-3.03%,$21.17B
9/8/2026 11:54,10,Zcash,"$1,132.55 ",-6.58%,$19.09B
,,,,,
9/8/2026 11:55,1,Bitcoin,"$78,491.93 ",-1.56%,$1.57T
9/8/2026 11:55,2,Ethereum,"$2,471.16 ",-1.40%,$301.94B
9/8/2026 11:55,3,Tether,$1.00 ,-0.01%,$183.39B
9/8/2026 11:55,4,BNB,$749.27 ,-0.06%,$99.77B
9/8/2026 11:55,5,XRP,$1.38 ,-1.73%,$87.03B
9/8/2026 11:55,6,USDC,$1.00 ,0.00%,$74.33B
9/8/2026 11:55,7,Solana,$102.94 ,-2.22%,$60.34B
9/8/2026 11:55,8,TRON,$0.34 ,0.19%,$32.05B
9/8/2026 11:55,9,Hyperliquid,$84.21 ,-3.03%,$21.21B
9/8/2026 11:55,10,Zcash,"$1,133.90 ",-6.43%,$19.11B
,,,,,
9/8/2026 11:56,1,Bitcoin,"$78,394.96 ",-1.66%,$1.57T
9/8/2026 11:56,2,Ethereum,"$2,467.52 ",-1.48%,$301.11B
9/8/2026 11:56,3,Tether,$1.00 ,-0.02%,$183.38B
9/8/2026 11:56,4,BNB,$747.08 ,-0.05%,$99.48B
9/8/2026 11:56,5,XRP,$1.38 ,-1.78%,$86.91B
9/8/2026 11:56,6,USDC,$1.00 ,0.00%,$74.34B
9/8/2026 11:56,7,Solana,$102.69 ,-2.42%,$60.19B
9/8/2026 11:56,8,TRON,$0.34 ,0.19%,$32.05B
9/8/2026 11:56,9,Hyperliquid,$84.21 ,-3.03%,$21.21B
9/8/2026 11:56,10,Zcash,"$1,133.90 ",-6.43%,$19.11B
,,,,,
9/8/2026 11:56,1,Bitcoin,"$78,394.40 ",-1.66%,$1.57T
9/8/2026 11:56,2,Ethereum,"$2,467.80 ",-1.47%,$301.14B
9/8/2026 11:56,3,Tether,$1.00 ,-0.01%,$183.39B
9/8/2026 11:56,4,BNB,$747.11 ,-0.05%,$99.48B
9/8/2026 11:56,5,XRP,$1.38 ,-1.78%,$86.91B
9/8/2026 11:56,6,USDC,$1.00 ,0.01%,$74.34B
9/8/2026 11:56,7,Solana,$102.70 ,-2.42%,$60.2B
9/8/2026 11:56,8,TRON,$0.34 ,0.19%,$32.05B
9/8/2026 11:56,9,Hyperliquid,$84.21 ,-3.03%,$21.21B
9/8/2026 11:56,10,Zcash,"$1,133.90 ",-6.43%,$19.11B
,,,,,
9/8/2026 11:57,1,Bitcoin,"$78,455.16 ",-1.59%,$1.57T
9/8/2026 11:57,2,Ethereum,"$2,466.63 ",-1.51%,$301.72B
9/8/2026 11:57,3,Tether,$1.00 ,-0.01%,$183.38B
9/8/2026 11:57,4,BNB,$747.69 ,0.03%,$99.56B
9/8/2026 11:57,5,XRP,$1.38 ,-1.70%,$87.06B
9/8/2026 11:57,6,USDC,$1.00 ,0.02%,$74.35B
9/8/2026 11:57,7,Solana,$102.73 ,-2.40%,$60.21B
9/8/2026 11:57,8,TRON,$0.34 ,0.22%,$32.05B
9/8/2026 11:57,9,Hyperliquid,$84.21 ,-3.02%,$21.21B
9/8/2026 11:57,10,Zcash,"$1,132.64 ",-6.69%,$19.09B
,,,,,
9/8/2026 11:58,1,Bitcoin,"$78,409.30 ",-1.65%,$1.57T
9/8/2026 11:58,2,Ethereum,"$2,467.38 ",-1.50%,$301.72B
9/8/2026 11:58,3,Tether,$1.00 ,-0.01%,$183.38B
9/8/2026 11:58,4,BNB,$747.72 ,0.11%,$99.56B
9/8/2026 11:58,5,XRP,$1.38 ,-1.70%,$87.06B
9/8/2026 11:58,6,USDC,$1.00 ,0.00%,$74.33B
9/8/2026 11:58,7,Solana,$102.97 ,-2.23%,$60.36B
9/8/2026 11:58,8,TRON,$0.34 ,0.22%,$32.05B
9/8/2026 11:58,9,Hyperliquid,$84.21 ,-3.02%,$21.21B
9/8/2026 11:58,10,Zcash,"$1,133.03 ",-6.50%,$19.1B
,,,,,
9/8/2026 11:59,1,Bitcoin,"$78,379.07 ",-1.66%,$1.57T
9/8/2026 11:59,2,Ethereum,"$2,466.89 ",-1.47%,$301.03B
9/8/2026 11:59,3,Tether,$1.00 ,-0.01%,$183.39B
9/8/2026 11:59,4,BNB,$747.56 ,0.09%,$99.54B
9/8/2026 11:59,5,XRP,$1.38 ,-1.70%,$87.06B
9/8/2026 11:59,6,USDC,$1.00 ,0.00%,$74.34B
9/8/2026 11:59,7,Solana,$102.70 ,-2.38%,$60.19B
9/8/2026 11:59,8,TRON,$0.34 ,0.22%,$32.05B
9/8/2026 11:59,9,Hyperliquid,$84.21 ,-3.02%,$21.21B
9/8/2026 11:59,10,Zcash,"$1,133.03 ",-6.50%,$19.1B
,,,,,
9/8/2026 12:00,1,Bitcoin,"$78,409.30 ",-1.65%,$1.57T
9/8/2026 12:00,2,Ethereum,"$2,467.38 ",-1.50%,$301.72B
9/8/2026 12:00,3,Tether,$1.00 ,-0.01%,$183.38B
9/8/2026 12:00,4,BNB,$748.24 ,-0.04%,$99.63B
9/8/2026 12:00,5,XRP,$1.38 ,-1.70%,$87.06B
9/8/2026 12:00,6,USDC,$1.00 ,0.00%,$74.33B
9/8/2026 12:00,7,Solana,$102.97 ,-2.23%,$60.36B
9/8/2026 12:00,8,TRON,$0.34 ,0.22%,$32.05B
9/8/2026 12:00,9,Hyperliquid,$84.08 ,-3.17%,$21.18B
9/8/2026 12:00,10,Zcash,"$1,131.81 ",-6.65%,$19.08B
,,,,,
9/8/2026 12:00,1,Bitcoin,"$78,409.30 ",-1.65%,$1.57T
9/8/2026 12:00,2,Ethereum,"$2,467.38 ",-1.50%,$301.72B
9/8/2026 12:00,3,Tether,$1.00 ,-0.01%,$183.38B
9/8/2026 12:00,4,BNB,$748.24 ,-0.04%,$99.63B
9/8/2026 12:00,5,XRP,$1.38 ,-1.70%,$87.06B
9/8/2026 12:00,6,USDC,$1.00 ,0.00%,$74.33B
9/8/2026 12:00,7,Solana,$102.97 ,-2.23%,$60.36B
9/8/2026 12:00,8,TRON,$0.34 ,0.22%,$32.05B
9/8/2026 12:00,9,Hyperliquid,$84.03 ,-3.22%,$21.17B
9/8/2026 12:00,10,Zcash,"$1,131.10 ",-6.70%,$19.06B
,,,,,
9/8/2026 12:01,1,Bitcoin,"$78,401.44 ",-1.64%,$1.57T
9/8/2026 12:01,2,Ethereum,"$2,467.52 ",-1.48%,$301.01B
9/8/2026 12:01,3,Tether,$1.00 ,-0.01%,$183.38B
9/8/2026 12:01,4,BNB,$746.91 ,-0.07%,$99.46B
9/8/2026 12:01,5,XRP,$1.38 ,-1.78%,$86.88B
9/8/2026 12:01,6,USDC,$1.00 ,0.00%,$74.34B
9/8/2026 12:01,7,Solana,$102.68 ,-2.45%,$60.18B
9/8/2026 12:01,8,TRON,$0.34 ,0.27%,$32.04B
9/8/2026 12:01,9,Hyperliquid,$84.02 ,-3.19%,$21.16B
9/8/2026 12:01,10,Zcash,"$1,131.08 ",-6.71%,$19.06B
,,,,,
9/8/2026 12:02,1,Bitcoin,"$78,401.44 ",-1.64%,$1.57T
9/8/2026 12:02,2,Ethereum,"$2,467.52 ",-1.48%,$301.01B
9/8/2026 12:02,3,Tether,$1.00 ,-0.01%,$183.38B
9/8/2026 12:02,4,BNB,$746.91 ,-0.07%,$99.46B
9/8/2026 12:02,5,XRP,$1.38 ,-1.78%,$86.88B
9/8/2026 12:02,6,USDC,$1.00 ,0.00%,$74.34B
9/8/2026 12:02,7,Solana,$102.68 ,-2.45%,$60.18B
9/8/2026 12:02,8,TRON,$0.34 ,0.27%,$32.04B
9/8/2026 12:02,9,Hyperliquid,$83.99 ,-3.22%,$21.15B
9/8/2026 12:02,10,Zcash,"$1,130.84 ",-6.75%,$19.06B
,,,,,
9/8/2026 12:03,1,Bitcoin,"$78,363.79 ",-1.69%,$1.57T
9/8/2026 12:03,2,Ethereum,"$2,466.89 ",-1.47%,$301.01B
9/8/2026 12:03,3,Tether,$1.00 ,-0.01%,$183.38B
9/8/2026 12:03,4,BNB,$746.91 ,0.07%,$99.46B
9/8/2026 12:03,5,XRP,$1.38 ,-1.78%,$86.88B
9/8/2026 12:03,6,USDC,$1.00 ,0.00%,$74.34B
9/8/2026 12:03,7,Solana,$102.68 ,-2.45%,$60.18B
9/8/2026 12:03,8,TRON,$0.34 ,0.27%,$32.04B
9/8/2026 12:03,9,Hyperliquid,$83.98 ,-3.22%,$21.15B
9/8/2026 12:03,10,Zcash,"$1,130.88 ",-6.75%,$19.06B
,,,,,
9/8/2026 12:03,1,Bitcoin,"$78,363.79 ",-1.69%,$1.57T
9/8/2026 12:03,2,Ethereum,"$2,466.89 ",-1.47%,$301.01B
9/8/2026 12:03,3,Tether,$1.00 ,-0.01%,$183.38B
9/8/2026 12:03,4,BNB,$746.91 ,0.07%,$99.46B
9/8/2026 12:03,5,XRP,$1.38 ,-1.78%,$86.88B
9/8/2026 12:03,6,USDC,$1.00 ,0.00%,$74.34B
9/8/2026 12:03,7,Solana,$102.68 ,-2.45%,$60.18B
9/8/2026 12:03,8,TRON,$0.34 ,0.27%,$32.04B
9/8/2026 12:03,9,Hyperliquid,$83.91 ,-3.31%,$21.14B
9/8/2026 12:03,10,Zcash,"$1,130.70 ",-6.77%,$19.06B
,,,,,
9/8/2026 12:04,1,Bitcoin,"$78,365.83 ",-1.66%,$1.57T
9/8/2026 12:04,2,Ethereum,"$2,465.90 ",-1.48%,$300.91B
9/8/2026 12:04,3,Tether,$1.00 ,-0.02%,$183.36B
9/8/2026 12:04,4,BNB,$747.87 ,0.18%,$99.58B
9/8/2026 12:04,5,XRP,$1.38 ,-1.85%,$86.79B
9/8/2026 12:04,6,USDC,$1.00 ,-0.01%,$74.33B
9/8/2026 12:04,7,Solana,$102.65 ,-2.34%,$60.17B
9/8/2026 12:04,8,TRON,$0.34 ,0.22%,$32.02B
9/8/2026 12:04,9,Hyperliquid,$84.08 ,-3.17%,$21.18B
9/8/2026 12:04,10,Zcash,"$1,131.79 ",-6.64%,$19.08B
,,,,,
9/8/2026 12:05,1,Bitcoin,"$78,386.11 ",-1.66%,$1.57T
9/8/2026 12:05,2,Ethereum,"$2,466.32 ",-1.53%,$300.97B
9/8/2026 12:05,3,Tether,$1.00 ,-0.02%,$183.38B
9/8/2026 12:05,4,BNB,$747.54 ,0.09%,$99.54B
9/8/2026 12:05,5,XRP,$1.38 ,-1.72%,$86.9B
9/8/2026 12:05,6,USDC,$1.00 ,-0.01%,$74.34B
9/8/2026 12:05,7,Solana,$102.69 ,-2.38%,$60.19B
9/8/2026 12:05,8,TRON,$0.34 ,0.22%,$32.02B
9/8/2026 12:05,9,Hyperliquid,$84.08 ,-3.17%,$21.18B
9/8/2026 12:05,10,Zcash,"$1,131.79 ",-6.64%,$19.08B
,,,,,
9/8/2026 12:06,1,Bitcoin,"$78,386.11 ",-1.66%,$1.57T
9/8/2026 12:06,2,Ethereum,"$2,466.32 ",-1.53%,$300.97B
9/8/2026 12:06,3,Tether,$1.00 ,-0.02%,$183.38B
9/8/2026 12:06,4,BNB,$747.54 ,0.09%,$99.54B
9/8/2026 12:06,5,XRP,$1.38 ,-1.72%,$86.9B
9/8/2026 12:06,6,USDC,$1.00 ,-0.01%,$74.34B
9/8/2026 12:06,7,Solana,$102.69 ,-2.38%,$60.19B
9/8/2026 12:06,8,TRON,$0.34 ,0.22%,$32.02B
9/8/2026 12:06,9,Hyperliquid,$84.08 ,-3.17%,$21.18B
9/8/2026 12:06,10,Zcash,"$1,131.79 ",-6.64%,$19.08B
,,,,,
9/8/2026 12:06,1,Bitcoin,"$78,401.13 ",-1.62%,$1.57T
9/8/2026 12:06,2,Ethereum,"$2,467.29 ",-1.42%,$300.97B
9/8/2026 12:06,3,Tether,$1.00 ,-0.02%,$183.38B
9/8/2026 12:06,4,BNB,$747.54 ,0.09%,$99.54B
9/8/2026 12:06,5,XRP,$1.38 ,-1.72%,$86.9B
9/8/2026 12:06,6,USDC,$1.00 ,-0.01%,$74.34B
9/8/2026 12:06,7,Solana,$102.69 ,-2.38%,$60.19B
9/8/2026 12:06,8,TRON,$0.34 ,0.22%,$32.02B
9/8/2026 12:06,9,Hyperliquid,$83.81 ,-3.45%,$21.11B
9/8/2026 12:06,10,Zcash,"$1,129.40 ",-6.93%,$19.04B
,,,,,
9/8/2026 12:07,1,Bitcoin,"$78,401.13 ",-1.62%,$1.57T
9/8/2026 12:07,2,Ethereum,"$2,467.29 ",-1.42%,$300.97B
9/8/2026 12:07,3,Tether,$1.00 ,-0.02%,$183.38B
9/8/2026 12:07,4,BNB,$747.54 ,0.09%,$99.54B
9/8/2026 12:07,5,XRP,$1.38 ,-1.72%,$86.9B
9/8/2026 12:07,6,USDC,$1.00 ,-0.01%,$74.34B
9/8/2026 12:07,7,Solana,$102.69 ,-2.38%,$60.19B
9/8/2026 12:07,8,TRON,$0.34 ,0.22%,$32.02B
9/8/2026 12:07,9,Hyperliquid,$83.82 ,-3.48%,$21.11B
9/8/2026 12:07,10,Zcash,"$1,129.36 ",-6.98%,$19.03B
,,,,,
9/8/2026 12:07,1,Bitcoin,"$78,344.27 ",-1.72%,$1.57T
9/8/2026 12:07,2,Ethereum,"$2,463.91 ",-1.56%,$300.67B
9/8/2026 12:07,3,Tether,$1.00 ,-0.01%,$183.38B
9/8/2026 12:07,4,BNB,$747.75 ,0.20%,$99.57B
9/8/2026 12:07,5,XRP,$1.38 ,-1.93%,$86.73B
9/8/2026 12:07,6,USDC,$1.00 ,0.01%,$74.33B
9/8/2026 12:07,7,Solana,$102.57 ,-2.42%,$60.12B
9/8/2026 12:07,8,TRON,$0.34 ,0.22%,$32.02B
9/8/2026 12:07,9,Hyperliquid,$84.08 ,-3.17%,$21.11B
9/8/2026 12:07,10,Zcash,"$1,131.79 ",-6.64%,$19.03B
,,,,,
9/8/2026 12:08,1,Bitcoin,"$78,401.13 ",-1.62%,$1.57T
9/8/2026 12:08,2,Ethereum,"$2,467.29 ",-1.42%,$300.97B
9/8/2026 12:08,3,Tether,$1.00 ,-0.02%,$183.38B
9/8/2026 12:08,4,BNB,$747.72 ,0.21%,$99.56B
9/8/2026 12:08,5,XRP,$1.38 ,-1.72%,$86.9B
9/8/2026 12:08,6,USDC,$1.00 ,0.00%,$74.34B
9/8/2026 12:08,7,Solana,$102.57 ,-2.38%,$60.12B
9/8/2026 12:08,8,TRON,$0.34 ,0.22%,$32.02B
9/8/2026 12:08,9,Hyperliquid,$84.08 ,-3.17%,$21.11B
9/8/2026 12:08,10,Zcash,"$1,129.14 ",-6.96%,$19.03B
,,,,,
9/8/2026 12:08,1,Bitcoin,"$78,362.97 ",-1.67%,$1.57T
9/8/2026 12:08,2,Ethereum,"$2,466.89 ",-1.44%,$300.97B
9/8/2026 12:08,3,Tether,$1.00 ,-0.02%,$183.38B
9/8/2026 12:08,4,BNB,$747.74 ,0.21%,$99.57B
9/8/2026 12:08,5,XRP,$1.38 ,-1.72%,$86.9B
9/8/2026 12:08,6,USDC,$1.00 ,0.02%,$74.35B
9/8/2026 12:08,7,Solana,$102.69 ,-2.38%,$60.19B
9/8/2026 12:08,8,TRON,$0.34 ,0.22%,$32.02B
9/8/2026 12:08,9,Hyperliquid,$83.78 ,-3.52%,$21.1B
9/8/2026 12:08,10,Zcash,"$1,129.17 ",-6.96%,$19.03B
,,,,,
9/8/2026 12:09,1,Bitcoin,"$78,393.90 ",-1.61%,$1.57T
9/8/2026 12:09,2,Ethereum,"$2,465.69 ",-1.41%,$300.88B
9/8/2026 12:09,3,Tether,$1.00 ,-0.02%,$183.37B
9/8/2026 12:09,4,BNB,$747.50 ,0.18%,$99.53B
9/8/2026 12:09,5,XRP,$1.38 ,-1.87%,$86.75B
9/8/2026 12:09,6,USDC,$1.00 ,0.00%,$74.32B
9/8/2026 12:09,7,Solana,$102.59 ,-2.34%,$60.13B
9/8/2026 12:09,8,TRON,$0.34 ,0.22%,$32.02B
9/8/2026 12:09,9,Hyperliquid,$84.08 ,-3.17%,$21.18B
9/8/2026 12:09,10,Zcash,"$1,131.79 ",-6.64%,$19.08B
,,,,,
9/8/2026 12:09,1,Bitcoin,"$78,391.45 ",-1.62%,$1.57T
9/8/2026 12:09,2,Ethereum,"$2,465.59 ",-1.42%,$300.87B
9/8/2026 12:09,3,Tether,$1.00 ,-0.02%,$183.37B
9/8/2026 12:09,4,BNB,$747.47 ,0.18%,$99.53B
9/8/2026 12:09,5,XRP,$1.38 ,-1.87%,$86.75B
9/8/2026 12:09,6,USDC,$1.00 ,0.00%,$74.32B
9/8/2026 12:09,7,Solana,$102.59 ,-2.34%,$60.13B
9/8/2026 12:09,8,TRON,$0.34 ,0.22%,$32.02B
9/8/2026 12:09,9,Hyperliquid,$84.08 ,-3.17%,$21.18B
9/8/2026 12:09,10,Zcash,"$1,131.79 ",-6.64%,$19.08B
,,,,,
9/8/2026 12:10,1,Bitcoin,"$78,362.97 ",-1.67%,$1.57T
9/8/2026 12:10,2,Ethereum,"$2,466.89 ",-1.44%,$300.97B
9/8/2026 12:10,3,Tether,$1.00 ,-0.02%,$183.38B
9/8/2026 12:10,4,BNB,$747.54 ,0.09%,$99.54B
9/8/2026 12:10,5,XRP,$1.38 ,-1.72%,$86.9B
9/8/2026 12:10,6,USDC,$1.00 ,-0.01%,$74.34B
9/8/2026 12:10,7,Solana,$102.69 ,-2.38%,$60.19B
9/8/2026 12:10,8,TRON,$0.34 ,0.22%,$32.02B
9/8/2026 12:10,9,Hyperliquid,$83.59 ,-3.71%,$21.05B
9/8/2026 12:10,10,Zcash,"$1,128.84 ",-6.83%,$19.03B
,,,,,
9/8/2026 12:11,1,Bitcoin,"$78,398.59 ",-1.60%,$1.57T
9/8/2026 12:11,2,Ethereum,"$2,465.76 ",-1.40%,$300.89B
9/8/2026 12:11,3,Tether,$1.00 ,-0.01%,$183.38B
9/8/2026 12:11,4,BNB,$747.85 ,0.18%,$99.58B
9/8/2026 12:11,5,XRP,$1.38 ,-1.78%,$86.84B
9/8/2026 12:11,6,USDC,$1.00 ,0.00%,$74.34B
9/8/2026 12:11,7,Solana,$102.64 ,-2.39%,$60.16B
9/8/2026 12:11,8,TRON,$0.34 ,0.23%,$32.03B
9/8/2026 12:11,9,Hyperliquid,$83.59 ,-3.71%,$21.05B
9/8/2026 12:11,10,Zcash,"$1,130.55 ",-6.82%,$19.05B
,,,,,
9/8/2026 12:11,1,Bitcoin,"$78,392.65 ",-1.62%,$1.57T
9/8/2026 12:11,2,Ethereum,"$2,465.49 ",-1.43%,$300.86B
9/8/2026 12:11,3,Tether,$1.00 ,-0.01%,$183.38B
9/8/2026 12:11,4,BNB,$747.63 ,0.28%,$99.55B
9/8/2026 12:11,5,XRP,$1.38 ,-1.77%,$86.75B
9/8/2026 12:11,6,USDC,$1.00 ,-0.01%,$74.32B
9/8/2026 12:11,7,Solana,$102.59 ,-2.26%,$60.13B
9/8/2026 12:11,8,TRON,$0.34 ,0.23%,$32.03B
9/8/2026 12:11,9,Hyperliquid,$83.98 ,-3.23%,$21.15B
9/8/2026 12:11,10,Zcash,"$1,130.55 ",-6.82%,$19.05B
,,,,,
9/8/2026 12:12,1,Bitcoin,"$78,348.19 ",-1.72%,$1.57T
9/8/2026 12:12,2,Ethereum,"$2,464.44 ",-1.52%,$301.08B
9/8/2026 12:12,3,Tether,$1.00 ,-0.01%,$183.38B
9/8/2026 12:12,4,BNB,$747.85 ,0.18%,$99.58B
9/8/2026 12:12,5,XRP,$1.38 ,-1.78%,$86.84B
9/8/2026 12:12,6,USDC,$1.00 ,0.00%,$74.34B
9/8/2026 12:12,7,Solana,$102.64 ,-2.39%,$60.16B
9/8/2026 12:12,8,TRON,$0.34 ,0.23%,$32.03B
9/8/2026 12:12,9,Hyperliquid,$83.61 ,-3.69%,$21.06B
9/8/2026 12:12,10,Zcash,"$1,128.95 ",-6.80%,$19.03B
,,,,,
9/8/2026 12:12,1,Bitcoin,"$78,387.87 ",-1.63%,$1.57T
9/8/2026 12:12,2,Ethereum,"$2,466.26 ",-1.39%,$301.08B
9/8/2026 12:12,3,Tether,$1.00 ,-0.01%,$183.38B
9/8/2026 12:12,4,BNB,$747.85 ,0.18%,$99.58B
9/8/2026 12:12,5,XRP,$1.38 ,-1.78%,$86.84B
9/8/2026 12:12,6,USDC,$1.00 ,0.00%,$74.34B
9/8/2026 12:12,7,Solana,$102.64 ,-2.39%,$60.16B
9/8/2026 12:12,8,TRON,$0.34 ,0.23%,$32.03B
9/8/2026 12:12,9,Hyperliquid,$83.50 ,-3.82%,$21.03B
9/8/2026 12:12,10,Zcash,"$1,130.55 ",-6.82%,$19.05B
,,,,,
9/8/2026 12:12,1,Bitcoin,"$78,392.13 ",-1.62%,$1.57T
9/8/2026 12:12,2,Ethereum,"$2,465.28 ",-1.42%,$300.83B
9/8/2026 12:12,3,Tether,$1.00 ,-0.01%,$183.38B
9/8/2026 12:12,4,BNB,$747.80 ,0.30%,$99.57B
9/8/2026 12:12,5,XRP,$1.38 ,-1.76%,$86.76B
9/8/2026 12:12,6,USDC,$1.00 ,0.01%,$74.32B
9/8/2026 12:12,7,Solana,$102.57 ,-2.28%,$60.12B
9/8/2026 12:12,8,TRON,$0.34 ,0.23%,$32.03B
9/8/2026 12:12,9,Hyperliquid,$83.98 ,-3.23%,$21.15B
9/8/2026 12:12,10,Zcash,"$1,130.55 ",-6.82%,$19.05B
,,,,,
9/8/2026 12:13,1,Bitcoin,"$78,366.56 ",-1.65%,$1.57T
9/8/2026 12:13,2,Ethereum,"$2,464.35 ",-1.44%,$300.72B
9/8/2026 12:13,3,Tether,$1.00 ,-0.01%,$183.38B
9/8/2026 12:13,4,BNB,$747.77 ,0.30%,$99.57B
9/8/2026 12:13,5,XRP,$1.38 ,-1.76%,$86.76B
9/8/2026 12:13,6,USDC,$1.00 ,0.00%,$74.32B
9/8/2026 12:13,7,Solana,$102.57 ,-2.27%,$60.12B
9/8/2026 12:13,8,TRON,$0.34 ,0.23%,$32.03B
9/8/2026 12:13,9,Hyperliquid,$83.98 ,-3.23%,$21.15B
9/8/2026 12:13,10,Zcash,"$1,128.67 ",-6.81%,$19.02B
,,,,,
9/8/2026 12:14,1,Bitcoin,"$78,360.46 ",-1.66%,$1.57T
9/8/2026 12:14,2,Ethereum,"$2,463.86 ",-1.46%,$300.66B
9/8/2026 12:14,3,Tether,$1.00 ,-0.01%,$183.38B
9/8/2026 12:14,4,BNB,$747.67 ,0.28%,$99.56B
9/8/2026 12:14,5,XRP,$1.38 ,-1.77%,$86.76B
9/8/2026 12:14,6,USDC,$1.00 ,0.00%,$74.32B
9/8/2026 12:14,7,Solana,$102.56 ,-2.28%,$60.12B
9/8/2026 12:14,8,TRON,$0.34 ,0.23%,$32.03B
9/8/2026 12:14,9,Hyperliquid,$83.98 ,-3.23%,$21.15B
9/8/2026 12:14,10,Zcash,"$1,130.55 ",-6.82%,$19.05B
,,,,,
9/8/2026 12:14,1,Bitcoin,"$78,387.82 ",-1.62%,$1.57T
9/8/2026 12:14,2,Ethereum,"$2,465.50 ",-1.41%,$300.73B
9/8/2026 12:14,3,Tether,$1.00 ,-0.01%,$183.38B
9/8/2026 12:14,4,BNB,$747.79 ,0.21%,$99.57B
9/8/2026 12:14,5,XRP,$1.38 ,-1.86%,$86.78B
9/8/2026 12:14,6,USDC,$1.00 ,0.01%,$74.34B
9/8/2026 12:14,7,Solana,$102.63 ,-2.35%,$60.16B
9/8/2026 12:14,8,TRON,$0.34 ,0.19%,$32.02B
9/8/2026 12:14,9,Hyperliquid,$83.89 ,-3.36%,$21.13B
9/8/2026 12:14,10,Zcash,"$1,129.04 ",-6.81%,$19.03B
,,,,,
9/8/2026 12:15,1,Bitcoin,"$78,387.82 ",-1.62%,$1.57T
9/8/2026 12:15,2,Ethereum,"$2,465.50 ",-1.41%,$300.73B
9/8/2026 12:15,3,Tether,$1.00 ,-0.01%,$183.38B
9/8/2026 12:15,4,BNB,$747.79 ,0.21%,$99.57B
9/8/2026 12:15,5,XRP,$1.38 ,-1.86%,$86.78B
9/8/2026 12:15,6,USDC,$1.00 ,0.01%,$74.34B
9/8/2026 12:15,7,Solana,$102.63 ,-2.35%,$60.16B
9/8/2026 12:15,8,TRON,$0.34 ,0.19%,$32.02B
9/8/2026 12:15,9,Hyperliquid,$83.50 ,-3.81%,$21.03B
9/8/2026 12:15,10,Zcash,"$1,129.19 ",-6.79%,$19.03B
,,,,,
9/8/2026 12:15,1,Bitcoin,"$78,389.17 ",-1.60%,$1.57T
9/8/2026 12:15,2,Ethereum,"$2,464.73 ",-1.40%,$300.77B
9/8/2026 12:15,3,Tether,$1.00 ,-0.02%,$183.38B
9/8/2026 12:15,4,BNB,$747.34 ,0.24%,$99.51B
9/8/2026 12:15,5,XRP,$1.38 ,-1.74%,$86.77B
9/8/2026 12:15,6,USDC,$1.00 ,-0.01%,$74.32B
9/8/2026 12:15,7,Solana,$102.57 ,-2.27%,$60.12B
9/8/2026 12:15,8,TRON,$0.34 ,0.19%,$32.02B
9/8/2026 12:15,9,Hyperliquid,$83.89 ,-3.36%,$21.13B
9/8/2026 12:15,10,Zcash,"$1,129.33 ",-6.98%,$19.03B
,,,,,
9/8/2026 12:16,1,Bitcoin,"$78,422.59 ",-1.55%,$1.57T
9/8/2026 12:16,2,Ethereum,"$2,465.74 ",-1.32%,$300.89B
9/8/2026 12:16,3,Tether,$1.00 ,-0.02%,$183.37B
9/8/2026 12:16,4,BNB,$747.37 ,0.28%,$99.52B
9/8/2026 12:16,5,XRP,$1.38 ,-1.71%,$86.77B
9/8/2026 12:16,6,USDC,$1.00 ,0.00%,$74.32B
9/8/2026 12:16,7,Solana,$102.58 ,-2.27%,$60.13B
9/8/2026 12:16,8,TRON,$0.34 ,0.19%,$32.02B
9/8/2026 12:16,9,Hyperliquid,$83.89 ,-3.36%,$21.13B
9/8/2026 12:16,10,Zcash,"$1,129.33 ",-6.98%,$19.03B
,,,,,
9/8/2026 12:16,1,Bitcoin,"$78,387.82 ",-1.62%,$1.57T
9/8/2026 12:16,2,Ethereum,"$2,465.50 ",-1.41%,$300.73B
9/8/2026 12:16,3,Tether,$1.00 ,-0.01%,$183.38B
9/8/2026 12:16,4,BNB,$747.79 ,0.21%,$99.57B
9/8/2026 12:16,5,XRP,$1.38 ,-1.86%,$86.78B
9/8/2026 12:16,6,USDC,$1.00 ,0.01%,$74.34B
9/8/2026 12:16,7,Solana,$102.63 ,-2.35%,$60.16B
9/8/2026 12:16,8,TRON,$0.34 ,0.19%,$32.02B
9/8/2026 12:16,9,Hyperliquid,$83.89 ,-3.36%,$21.13B
9/8/2026 12:16,10,Zcash,"$1,129.33 ",-6.98%,$19.03B
,,,,,
9/8/2026 12:17,1,Bitcoin,"$78,433.65 ",-1.54%,$1.57T
9/8/2026 12:17,2,Ethereum,"$2,466.45 ",-1.31%,$300.98B
9/8/2026 12:17,3,Tether,$1.00 ,-0.02%,$183.38B
9/8/2026 12:17,4,BNB,$747.52 ,0.30%,$99.54B
9/8/2026 12:17,5,XRP,$1.38 ,-1.69%,$86.78B
9/8/2026 12:17,6,USDC,$1.00 ,0.00%,$74.32B
9/8/2026 12:17,7,Solana,$102.59 ,-2.28%,$60.13B
9/8/2026 12:17,8,TRON,$0.34 ,0.19%,$32.02B
9/8/2026 12:17,9,Hyperliquid,$83.89 ,-3.36%,$21.13B
9/8/2026 12:17,10,Zcash,"$1,129.33 ",-6.98%,$19.03B
,,,,,
9/8/2026 12:18,1,Bitcoin,"$78,420.68 ",-1.55%,$1.57T
9/8/2026 12:18,2,Ethereum,"$2,467.32 ",-1.28%,$301.08B
9/8/2026 12:18,3,Tether,$1.00 ,-0.01%,$183.38B
9/8/2026 12:18,4,BNB,$748.28 ,0.39%,$99.64B
9/8/2026 12:18,5,XRP,$1.38 ,-1.67%,$86.81B
9/8/2026 12:18,6,USDC,$1.00 ,-0.01%,$74.32B
9/8/2026 12:18,7,Solana,$102.65 ,-2.23%,$60.17B
9/8/2026 12:18,8,TRON,$0.34 ,0.19%,$32.02B
9/8/2026 12:18,9,Hyperliquid,$83.89 ,-3.36%,$21.13B
9/8/2026 12:18,10,Zcash,"$1,129.33 ",-6.98%,$19.03B
,,,,,
9/8/2026 12:19,1,Bitcoin,"$78,415.91 ",-1.55%,$1.57T
9/8/2026 12:19,2,Ethereum,"$2,465.45 ",-1.37%,$300.73B
9/8/2026 12:19,3,Tether,$1.00 ,-0.02%,$183.38B
9/8/2026 12:19,4,BNB,$747.79 ,0.21%,$99.57B
9/8/2026 12:19,5,XRP,$1.38 ,-1.86%,$86.78B
9/8/2026 12:19,6,USDC,$1.00 ,0.01%,$74.34B
9/8/2026 12:19,7,Solana,$102.63 ,-2.35%,$60.16B
9/8/2026 12:19,8,TRON,$0.34 ,0.19%,$32.02B
9/8/2026 12:19,9,Hyperliquid,$83.61 ,-3.72%,$21.06B
9/8/2026 12:19,10,Zcash,"$1,129.30 ",-6.80%,$19.03B
,,,,,
9/8/2026 12:20,1,Bitcoin,"$78,331.37 ",-1.67%,$1.57T
9/8/2026 12:20,2,Ethereum,"$2,465.14 ",-1.38%,$300.82B
9/8/2026 12:20,3,Tether,$1.00 ,-0.02%,$183.37B
9/8/2026 12:20,4,BNB,$748.19 ,0.35%,$99.63B
9/8/2026 12:20,5,XRP,$1.38 ,-1.70%,$86.79B
9/8/2026 12:20,6,USDC,$1.00 ,0.00%,$74.32B
9/8/2026 12:20,7,Solana,$102.63 ,-2.30%,$60.15B
9/8/2026 12:20,8,TRON,$0.34 ,0.18%,$32.03B
9/8/2026 12:20,9,Hyperliquid,$83.64 ,-3.70%,$21.07B
9/8/2026 12:20,10,Zcash,"$1,129.39 ",-6.80%,$19.04B
,,,,,
9/8/2026 12:21,1,Bitcoin,"$78,415.91 ",-1.55%,$1.57T
9/8/2026 12:21,2,Ethereum,"$2,465.45 ",-1.37%,$300.73B
9/8/2026 12:21,3,Tether,$1.00 ,-0.01%,$183.38B
9/8/2026 12:21,4,BNB,$747.79 ,0.21%,$99.57B
9/8/2026 12:21,5,XRP,$1.38 ,-1.86%,$86.78B
9/8/2026 12:21,6,USDC,$1.00 ,0.01%,$74.34B
9/8/2026 12:21,7,Solana,$102.63 ,-2.35%,$60.16B
9/8/2026 12:21,8,TRON,$0.34 ,0.19%,$32.02B
9/8/2026 12:21,9,Hyperliquid,$83.89 ,-3.36%,$21.13B
9/8/2026 12:21,10,Zcash,"$1,129.33 ",-6.98%,$19.03B
,,,,,
9/8/2026 12:21,1,Bitcoin,"$78,346.39 ",-1.66%,$1.57T
9/8/2026 12:21,2,Ethereum,"$2,466.56 ",-1.32%,$300.99B
9/8/2026 12:21,3,Tether,$1.00 ,-0.01%,$183.39B
9/8/2026 12:21,4,BNB,$747.97 ,0.32%,$99.6B
9/8/2026 12:21,5,XRP,$1.38 ,-1.72%,$86.79B
9/8/2026 12:21,6,USDC,$1.00 ,0.00%,$74.33B
9/8/2026 12:21,7,Solana,$102.66 ,-2.27%,$60.18B
9/8/2026 12:21,8,TRON,$0.34 ,0.18%,$32.03B
9/8/2026 12:21,9,Hyperliquid,$83.50 ,-3.81%,$21.03B
9/8/2026 12:21,10,Zcash,"$1,129.19 ",-6.79%,$19.03B
,,,,,
9/8/2026 12:22,1,Bitcoin,"$78,309.63 ",-1.69%,$1.57T
9/8/2026 12:22,2,Ethereum,"$2,465.07 ",-1.36%,$300.81B
9/8/2026 12:22,3,Tether,$1.00 ,-0.01%,$183.38B
9/8/2026 12:22,4,BNB,$747.91 ,0.30%,$99.59B
9/8/2026 12:22,5,XRP,$1.38 ,-1.78%,$86.77B
9/8/2026 12:22,6,USDC,$1.00 ,-0.01%,$74.32B
9/8/2026 12:22,7,Solana,$102.65 ,-2.30%,$60.17B
9/8/2026 12:22,8,TRON,$0.34 ,0.18%,$32.03B
9/8/2026 12:22,9,Hyperliquid,$83.50 ,-3.81%,$21.03B
9/8/2026 12:22,10,Zcash,"$1,129.19 ",-6.79%,$19.03B
,,,,,
9/8/2026 12:23,1,Bitcoin,"$78,429.71 ",-1.54%,$1.57T
9/8/2026 12:23,2,Ethereum,"$2,465.46 ",-1.33%,$300.85B
9/8/2026 12:23,3,Tether,$1.00 ,0.00%,$183.41B
9/8/2026 12:23,4,BNB,$747.38 ,0.28%,$99.52B
9/8/2026 12:23,5,XRP,$1.38 ,-1.74%,$86.77B
9/8/2026 12:23,6,USDC,$1.00 ,0.01%,$74.34B
9/8/2026 12:23,7,Solana,$102.57 ,-2.26%,$60.12B
9/8/2026 12:23,8,TRON,$0.34 ,0.18%,$32.03B
9/8/2026 12:23,9,Hyperliquid,$83.67 ,-3.68%,$21.07B
9/8/2026 12:23,10,Zcash,"$1,128.35 ",-6.88%,$19.02B
,,,,,
9/8/2026 12:23,1,Bitcoin,"$78,419.96 ",-1.56%,$1.57T
9/8/2026 12:23,2,Ethereum,"$2,467.90 ",-1.25%,$300.85B
9/8/2026 12:23,3,Tether,$1.00 ,0.00%,$183.41B
9/8/2026 12:23,4,BNB,$747.81 ,0.29%,$99.58B
9/8/2026 12:23,5,XRP,$1.38 ,-1.74%,$86.77B
9/8/2026 12:23,6,USDC,$1.00 ,-0.01%,$74.32B
9/8/2026 12:23,7,Solana,$102.64 ,-2.31%,$60.16B
9/8/2026 12:23,8,TRON,$0.34 ,0.18%,$32.03B
9/8/2026 12:23,9,Hyperliquid,$83.50 ,-3.81%,$21.03B
9/8/2026 12:23,10,Zcash,"$1,129.19 ",-6.79%,$19.03B
,,,,,
9/8/2026 12:24,1,Bitcoin,"$78,270.85 ",-1.74%,$1.57T
9/8/2026 12:24,2,Ethereum,"$2,463.90 ",-1.40%,$300.66B
9/8/2026 12:24,3,Tether,$1.00 ,-0.01%,$183.38B
9/8/2026 12:24,4,BNB,$747.73 ,0.28%,$99.56B
9/8/2026 12:24,5,XRP,$1.38 ,-1.79%,$86.75B
9/8/2026 12:24,6,USDC,$1.00 ,0.00%,$74.32B
9/8/2026 12:24,7,Solana,$102.63 ,-2.33%,$60.15B
9/8/2026 12:24,8,TRON,$0.34 ,0.18%,$32.03B
9/8/2026 12:24,9,Hyperliquid,$83.50 ,-3.81%,$21.03B
9/8/2026 12:24,10,Zcash,"$1,129.19 ",-6.79%,$19.03B
,,,,,
9/8/2026 12:24,1,Bitcoin,"$78,255.66 ",-1.76%,$1.57T
9/8/2026 12:24,2,Ethereum,"$2,463.53 ",-1.42%,$300.62B
9/8/2026 12:24,3,Tether,$1.00 ,-0.02%,$183.38B
9/8/2026 12:24,4,BNB,$746.98 ,0.18%,$99.46B
9/8/2026 12:24,5,XRP,$1.38 ,-1.69%,$86.79B
9/8/2026 12:24,6,USDC,$1.00 ,-0.01%,$74.32B
9/8/2026 12:24,7,Solana,$102.61 ,-2.27%,$60.14B
9/8/2026 12:24,8,TRON,$0.34 ,0.16%,$32.03B
9/8/2026 12:24,9,Hyperliquid,$83.57 ,-3.71%,$21.05B
9/8/2026 12:24,10,Zcash,"$1,129.46 ",-6.79%,$19.04B
,,,,,
9/8/2026 12:25,1,Bitcoin,"$78,306.15 ",-1.69%,$1.57T
9/8/2026 12:25,2,Ethereum,"$2,466.55 ",-1.32%,$301.15B
9/8/2026 12:25,3,Tether,$1.00 ,-0.02%,$183.38B
9/8/2026 12:25,4,BNB,$746.83 ,0.16%,$99.45B
9/8/2026 12:25,5,XRP,$1.38 ,-1.69%,$86.79B
9/8/2026 12:25,6,USDC,$1.00 ,0.00%,$74.32B
9/8/2026 12:25,7,Solana,$102.59 ,-2.37%,$60.13B
9/8/2026 12:25,8,TRON,$0.34 ,0.16%,$32.03B
9/8/2026 12:25,9,Hyperliquid,$83.57 ,-3.71%,$21.05B
9/8/2026 12:25,10,Zcash,"$1,129.46 ",-6.79%,$19.04B
,,,,,
9/8/2026 12:25,1,Bitcoin,"$78,277.22 ",-1.74%,$1.57T
9/8/2026 12:25,2,Ethereum,"$2,465.58 ",-1.35%,$300.87B
9/8/2026 12:25,3,Tether,$1.00 ,0.00%,$183.4B
9/8/2026 12:25,4,BNB,$746.86 ,0.16%,$99.45B
9/8/2026 12:25,5,XRP,$1.38 ,-1.88%,$86.71B
9/8/2026 12:25,6,USDC,$1.00 ,0.01%,$74.33B
9/8/2026 12:25,7,Solana,$102.59 ,-2.37%,$60.13B
9/8/2026 12:25,8,TRON,$0.34 ,0.16%,$32.03B
9/8/2026 12:25,9,Hyperliquid,$83.57 ,-3.71%,$21.05B
9/8/2026 12:25,10,Zcash,"$1,129.46 ",-6.79%,$19.04B
,,,,,
9/8/2026 12:26,1,Bitcoin,"$78,306.15 ",-1.69%,$1.57T
9/8/2026 12:26,2,Ethereum,"$2,466.55 ",-1.32%,$301.15B
9/8/2026 12:26,3,Tether,$1.00 ,-0.02%,$183.38B
9/8/2026 12:26,4,BNB,$747.64 ,0.30%,$99.55B
9/8/2026 12:26,5,XRP,$1.38 ,-1.69%,$86.79B
9/8/2026 12:26,6,USDC,$1.00 ,0.00%,$74.32B
9/8/2026 12:26,7,Solana,$102.61 ,-2.27%,$60.14B
9/8/2026 12:26,8,TRON,$0.34 ,0.16%,$32.03B
9/8/2026 12:26,9,Hyperliquid,$83.70 ,-3.66%,$21.08B
9/8/2026 12:26,10,Zcash,"$1,127.58 ",-6.86%,$19B
,,,,,
9/8/2026 12:27,1,Bitcoin,"$78,328.50 ",-1.67%,$1.57T
9/8/2026 12:27,2,Ethereum,"$2,467.39 ",-1.29%,$301.09B
9/8/2026 12:27,3,Tether,$1.00 ,-0.01%,$183.38B
9/8/2026 12:27,4,BNB,$746.95 ,0.18%,$99.46B
9/8/2026 12:27,5,XRP,$1.38 ,-1.86%,$86.74B
9/8/2026 12:27,6,USDC,$1.00 ,0.00%,$74.32B
9/8/2026 12:27,7,Solana,$102.61 ,-2.35%,$60.14B
9/8/2026 12:27,8,TRON,$0.34 ,0.16%,$32.03B
9/8/2026 12:27,9,Hyperliquid,$83.57 ,-3.71%,$21.05B
9/8/2026 12:27,10,Zcash,"$1,129.46 ",-6.79%,$19.04B
,,,,,
9/8/2026 12:27,1,Bitcoin,"$78,270.41 ",-1.74%,$1.57T
9/8/2026 12:27,2,Ethereum,"$2,464.28 ",-1.39%,$301.15B
9/8/2026 12:27,3,Tether,$1.00 ,-0.02%,$183.38B
9/8/2026 12:27,4,BNB,$747.64 ,0.30%,$99.55B
9/8/2026 12:27,5,XRP,$1.38 ,-1.69%,$86.79B
9/8/2026 12:27,6,USDC,$1.00 ,0.00%,$74.32B
9/8/2026 12:27,7,Solana,$102.61 ,-2.27%,$60.14B
9/8/2026 12:27,8,TRON,$0.34 ,0.16%,$32.03B
9/8/2026 12:27,9,Hyperliquid,$83.82 ,-3.55%,$21.11B
9/8/2026 12:27,10,Zcash,"$1,129.13 ",-6.66%,$19.03B
,,,,,
9/8/2026 12:28,1,Bitcoin,"$78,289.94 ",-1.71%,$1.57T
9/8/2026 12:28,2,Ethereum,"$2,467.63 ",-1.27%,$301.12B
9/8/2026 12:28,3,Tether,$1.00 ,-0.01%,$183.39B
9/8/2026 12:28,4,BNB,$746.93 ,0.19%,$99.46B
9/8/2026 12:28,5,XRP,$1.38 ,-1.79%,$86.8B
9/8/2026 12:28,6,USDC,$1.00 ,0.01%,$74.32B
9/8/2026 12:28,7,Solana,$102.64 ,-2.30%,$60.16B
9/8/2026 12:28,8,TRON,$0.34 ,0.16%,$32.03B
9/8/2026 12:28,9,Hyperliquid,$83.57 ,-3.71%,$21.05B
9/8/2026 12:28,10,Zcash,"$1,129.46 ",-6.79%,$19.04B
,,,,,
9/8/2026 12:28,1,Bitcoin,"$78,270.41 ",-1.74%,$1.57T
9/8/2026 12:28,2,Ethereum,"$2,464.28 ",-1.39%,$301.15B
9/8/2026 12:28,3,Tether,$1.00 ,-0.02%,$183.38B
9/8/2026 12:28,4,BNB,$747.15 ,0.22%,$99.49B
9/8/2026 12:28,5,XRP,$1.38 ,-1.69%,$86.79B
9/8/2026 12:28,6,USDC,$1.00 ,0.01%,$74.32B
9/8/2026 12:28,7,Solana,$102.61 ,-2.27%,$60.14B
9/8/2026 12:28,8,TRON,$0.34 ,0.16%,$32.03B
9/8/2026 12:28,9,Hyperliquid,$83.84 ,-3.53%,$21.12B
9/8/2026 12:28,10,Zcash,"$1,129.46 ",-6.79%,$19.04B
,,,,,
9/8/2026 12:29,1,Bitcoin,"$78,327.59 ",-1.68%,$1.57T
9/8/2026 12:29,2,Ethereum,"$2,465.92 ",-1.34%,$300.63B
9/8/2026 12:29,3,Tether,$1.00 ,-0.01%,$183.39B
9/8/2026 12:29,4,BNB,$746.87 ,0.16%,$99.45B
9/8/2026 12:29,5,XRP,$1.38 ,-1.79%,$86.76B
9/8/2026 12:29,6,USDC,$1.00 ,0.00%,$74.33B
9/8/2026 12:29,7,Solana,$102.58 ,-2.37%,$60.13B
9/8/2026 12:29,8,TRON,$0.34 ,0.14%,$32.03B
9/8/2026 12:29,9,Hyperliquid,$83.84 ,-3.52%,$21.12B
9/8/2026 12:29,10,Zcash,"$1,130.21 ",-6.44%,$19.05B
,,,,,
9/8/2026 12:29,1,Bitcoin,"$78,320.61 ",-1.69%,$1.57T
9/8/2026 12:29,2,Ethereum,"$2,468.31 ",-1.24%,$301.2B
9/8/2026 12:29,3,Tether,$1.00 ,-0.01%,$183.39B
9/8/2026 12:29,4,BNB,$747.19 ,0.22%,$99.49B
9/8/2026 12:29,5,XRP,$1.38 ,-1.78%,$86.81B
9/8/2026 12:29,6,USDC,$1.00 ,0.00%,$74.32B
9/8/2026 12:29,7,Solana,$102.67 ,-2.28%,$60.18B
9/8/2026 12:29,8,TRON,$0.34 ,0.14%,$32.03B
9/8/2026 12:29,9,Hyperliquid,$83.66 ,-3.68%,$21.07B
9/8/2026 12:29,10,Zcash,"$1,128.16 ",-6.89%,$19.01B
,,,,,
9/8/2026 12:30,1,Bitcoin,"$78,327.59 ",-1.68%,$1.57T
9/8/2026 12:30,2,Ethereum,"$2,465.92 ",-1.34%,$300.63B
9/8/2026 12:30,3,Tether,$1.00 ,-0.01%,$183.39B
9/8/2026 12:30,4,BNB,$746.87 ,0.16%,$99.45B
9/8/2026 12:30,5,XRP,$1.38 ,-1.79%,$86.76B
9/8/2026 12:30,6,USDC,$1.00 ,0.00%,$74.33B
9/8/2026 12:30,7,Solana,$102.58 ,-2.37%,$60.13B
9/8/2026 12:30,8,TRON,$0.34 ,0.14%,$32.03B
9/8/2026 12:30,9,Hyperliquid,$83.66 ,-3.68%,$21.07B
9/8/2026 12:30,10,Zcash,"$1,129.21 ",-6.53%,$19.03B
,,,,,
9/8/2026 12:30,1,Bitcoin,"$78,302.24 ",-1.70%,$1.57T
9/8/2026 12:30,2,Ethereum,"$2,467.39 ",-1.29%,$300.63B
9/8/2026 12:30,3,Tether,$1.00 ,-0.01%,$183.39B
9/8/2026 12:30,4,BNB,$746.87 ,0.16%,$99.45B
9/8/2026 12:30,5,XRP,$1.38 ,-1.79%,$86.76B
9/8/2026 12:30,6,USDC,$1.00 ,0.00%,$74.32B
9/8/2026 12:30,7,Solana,$102.58 ,-2.37%,$60.13B
9/8/2026 12:30,8,TRON,$0.34 ,0.14%,$32.03B
9/8/2026 12:30,9,Hyperliquid,$83.88 ,-3.48%,$21.13B
9/8/2026 12:30,10,Zcash,"$1,128.97 ",-6.55%,$19.03B
,,,,,
9/8/2026 12:31,1,Bitcoin,"$78,314.16 ",-1.66%,$1.57T
9/8/2026 12:31,2,Ethereum,"$2,468.30 ",-1.16%,$301.2B
9/8/2026 12:31,3,Tether,$1.00 ,-0.01%,$183.38B
9/8/2026 12:31,4,BNB,$747.57 ,0.29%,$99.54B
9/8/2026 12:31,5,XRP,$1.38 ,-1.80%,$86.79B
9/8/2026 12:31,6,USDC,$1.00 ,0.00%,$74.32B
9/8/2026 12:31,7,Solana,$102.65 ,-2.30%,$60.17B
9/8/2026 12:31,8,TRON,$0.34 ,0.14%,$32.03B
9/8/2026 12:31,9,Hyperliquid,$83.66 ,-3.68%,$21.07B
9/8/2026 12:31,10,Zcash,"$1,128.16 ",-6.89%,$19.01B
,,,,,
9/8/2026 12:31,1,Bitcoin,"$78,289.94 ",-1.71%,$1.57T
9/8/2026 12:31,2,Ethereum,"$2,467.39 ",-1.29%,$300.63B
9/8/2026 12:31,3,Tether,$1.00 ,-0.01%,$183.39B
9/8/2026 12:31,4,BNB,$747.62 ,0.29%,$99.55B
9/8/2026 12:31,5,XRP,$1.38 ,-1.79%,$86.76B
9/8/2026 12:31,6,USDC,$1.00 ,0.00%,$74.32B
9/8/2026 12:31,7,Solana,$102.65 ,-2.30%,$60.17B
9/8/2026 12:31,8,TRON,$0.34 ,0.14%,$32.03B
9/8/2026 12:31,9,Hyperliquid,$83.66 ,-3.68%,$21.07B
9/8/2026 12:31,10,Zcash,"$1,128.16 ",-6.89%,$19.01B
,,,,,
9/8/2026 12:32,1,Bitcoin,"$78,350.84 ",-1.61%,$1.57T
9/8/2026 12:32,2,Ethereum,"$2,470.11 ",-1.09%,$301.42B
9/8/2026 12:32,3,Tether,$1.00 ,0.00%,$183.4B
9/8/2026 12:32,4,BNB,$747.78 ,0.32%,$99.57B
9/8/2026 12:32,5,XRP,$1.38 ,-1.80%,$86.79B
9/8/2026 12:32,6,USDC,$1.00 ,0.01%,$74.33B
9/8/2026 12:32,7,Solana,$102.65 ,-2.29%,$60.17B
9/8/2026 12:32,8,TRON,$0.34 ,0.14%,$32.03B
9/8/2026 12:32,9,Hyperliquid,$83.66 ,-3.68%,$21.07B
9/8/2026 12:32,10,Zcash,"$1,128.16 ",-6.89%,$19.01B
,,,,,
9/8/2026 12:33,1,Bitcoin,"$78,289.94 ",-1.71%,$1.57T
9/8/2026 12:33,2,Ethereum,"$2,467.39 ",-1.29%,$300.63B
9/8/2026 12:33,3,Tether,$1.00 ,-0.01%,$183.39B
9/8/2026 12:33,4,BNB,$746.87 ,0.16%,$99.45B
9/8/2026 12:33,5,XRP,$1.38 ,-1.79%,$86.76B
9/8/2026 12:33,6,USDC,$1.00 ,0.00%,$74.33B
9/8/2026 12:33,7,Solana,$102.58 ,-2.37%,$60.13B
9/8/2026 12:33,8,TRON,$0.34 ,0.14%,$32.03B
9/8/2026 12:33,9,Hyperliquid,$83.87 ,-3.45%,$21.12B
9/8/2026 12:33,10,Zcash,"$1,128.62 ",-6.64%,$19.02B
,,,,,
9/8/2026 12:33,1,Bitcoin,"$78,290.50 ",-1.66%,$1.57T
9/8/2026 12:33,2,Ethereum,"$2,468.54 ",-1.12%,$301.23B
9/8/2026 12:33,3,Tether,$1.00 ,-0.01%,$183.39B
9/8/2026 12:33,4,BNB,$746.87 ,0.16%,$99.45B
9/8/2026 12:33,5,XRP,$1.38 ,-1.79%,$86.76B
9/8/2026 12:33,6,USDC,$1.00 ,0.00%,$74.33B
9/8/2026 12:33,7,Solana,$102.58 ,-2.37%,$60.13B
9/8/2026 12:33,8,TRON,$0.34 ,0.14%,$32.03B
9/8/2026 12:33,9,Hyperliquid,$83.66 ,-3.68%,$21.07B
9/8/2026 12:33,10,Zcash,"$1,128.16 ",-6.89%,$19.01B
,,,,,
9/8/2026 12:34,1,Bitcoin,"$78,302.83 ",-1.70%,$1.57T
9/8/2026 12:34,2,Ethereum,"$2,468.24 ",-1.24%,$300.63B
9/8/2026 12:34,3,Tether,$1.00 ,-0.01%,$183.39B
9/8/2026 12:34,4,BNB,$746.87 ,0.16%,$99.45B
9/8/2026 12:34,5,XRP,$1.38 ,-1.79%,$86.76B
9/8/2026 12:34,6,USDC,$1.00 ,0.00%,$74.33B
9/8/2026 12:34,7,Solana,$102.58 ,-2.37%,$60.13B
9/8/2026 12:34,8,TRON,$0.34 ,0.14%,$32.03B
9/8/2026 12:34,9,Hyperliquid,$83.66 ,-3.68%,$21.07B
9/8/2026 12:34,10,Zcash,"$1,128.16 ",-6.89%,$19.01B
,,,,,
9/8/2026 12:34,1,Bitcoin,"$78,302.83 ",-1.70%,$1.57T
9/8/2026 12:34,2,Ethereum,"$2,468.24 ",-1.24%,$300.63B
9/8/2026 12:34,3,Tether,$1.00 ,-0.01%,$183.39B
9/8/2026 12:34,4,BNB,$746.87 ,0.16%,$99.45B
9/8/2026 12:34,5,XRP,$1.38 ,-1.79%,$86.76B
9/8/2026 12:34,6,USDC,$1.00 ,0.00%,$74.33B
9/8/2026 12:34,7,Solana,$102.58 ,-2.37%,$60.13B
9/8/2026 12:34,8,TRON,$0.34 ,0.14%,$32.03B
9/8/2026 12:34,9,Hyperliquid,$83.86 ,-3.45%,$21.12B
9/8/2026 12:34,10,Zcash,"$1,127.19 ",-6.56%,$19B
,,,,,
9/8/2026 12:35,1,Bitcoin,"$78,305.31 ",-1.61%,$1.57T
9/8/2026 12:35,2,Ethereum,"$2,469.45 ",-1.07%,$301.34B
9/8/2026 12:35,3,Tether,$1.00 ,0.00%,$183.4B
9/8/2026 12:35,4,BNB,$748.00 ,0.35%,$99.6B
9/8/2026 12:35,5,XRP,$1.38 ,-1.75%,$86.8B
9/8/2026 12:35,6,USDC,$1.00 ,0.01%,$74.33B
9/8/2026 12:35,7,Solana,$102.63 ,-2.31%,$60.16B
9/8/2026 12:35,8,TRON,$0.34 ,0.16%,$32.03B
9/8/2026 12:35,9,Hyperliquid,$83.86 ,-3.45%,$21.12B
9/8/2026 12:35,10,Zcash,"$1,127.14 ",-6.55%,$19B
,,,,,
9/8/2026 12:35,1,Bitcoin,"$78,344.71 ",-1.62%,$1.57T
9/8/2026 12:35,2,Ethereum,"$2,467.97 ",-1.17%,$301.18B
9/8/2026 12:35,3,Tether,$1.00 ,-0.02%,$183.39B
9/8/2026 12:35,4,BNB,$748.03 ,0.36%,$99.6B
9/8/2026 12:35,5,XRP,$1.38 ,-1.79%,$86.8B
9/8/2026 12:35,6,USDC,$1.00 ,0.00%,$74.32B
9/8/2026 12:35,7,Solana,$102.64 ,-2.30%,$60.16B
9/8/2026 12:35,8,TRON,$0.34 ,0.16%,$32.03B
9/8/2026 12:35,9,Hyperliquid,$83.87 ,-3.45%,$21.12B
9/8/2026 12:35,10,Zcash,"$1,127.15 ",-6.55%,$19B
,,,,,
9/8/2026 12:36,1,Bitcoin,"$78,338.32 ",-1.58%,$1.57T
9/8/2026 12:36,2,Ethereum,"$2,470.82 ",-1.04%,$301.51B
9/8/2026 12:36,3,Tether,$1.00 ,-0.01%,$183.39B
9/8/2026 12:36,4,BNB,$748.09 ,0.37%,$99.61B
9/8/2026 12:36,5,XRP,$1.38 ,-1.76%,$86.8B
9/8/2026 12:36,6,USDC,$1.00 ,-0.01%,$74.32B
9/8/2026 12:36,7,Solana,$102.65 ,-2.30%,$60.17B
9/8/2026 12:36,8,TRON,$0.34 ,0.16%,$32.03B
9/8/2026 12:36,9,Hyperliquid,$83.86 ,-3.50%,$21.12B
9/8/2026 12:36,10,Zcash,"$1,128.85 ",-6.61%,$19.03B
,,,,,
9/8/2026 12:36,1,Bitcoin,"$78,344.71 ",-1.62%,$1.57T
9/8/2026 12:36,2,Ethereum,"$2,467.97 ",-1.17%,$301.18B
9/8/2026 12:36,3,Tether,$1.00 ,-0.01%,$183.4B
9/8/2026 12:36,4,BNB,$747.58 ,0.29%,$99.55B
9/8/2026 12:36,5,XRP,$1.38 ,-1.79%,$86.8B
9/8/2026 12:36,6,USDC,$1.00 ,0.00%,$74.32B
9/8/2026 12:36,7,Solana,$102.66 ,-2.28%,$60.17B
9/8/2026 12:36,8,TRON,$0.34 ,0.16%,$32.03B
9/8/2026 12:36,9,Hyperliquid,$83.88 ,-3.43%,$21.13B
9/8/2026 12:36,10,Zcash,"$1,126.09 ",-6.64%,$18.98B
,,,,,
9/8/2026 12:37,1,Bitcoin,"$78,397.43 ",-1.55%,$1.57T
9/8/2026 12:37,2,Ethereum,"$2,474.33 ",-0.93%,$301.94B
9/8/2026 12:37,3,Tether,$1.00 ,-0.02%,$183.39B
9/8/2026 12:37,4,BNB,$748.73 ,0.49%,$99.7B
9/8/2026 12:37,5,XRP,$1.38 ,-1.67%,$86.89B
9/8/2026 12:37,6,USDC,$1.00 ,-0.01%,$74.32B
9/8/2026 12:37,7,Solana,$102.74 ,-2.24%,$60.22B
9/8/2026 12:37,8,TRON,$0.34 ,0.16%,$32.03B
9/8/2026 12:37,9,Hyperliquid,$83.86 ,-3.50%,$21.12B
9/8/2026 12:37,10,Zcash,"$1,128.85 ",-6.61%,$19.03B
,,,,,
9/8/2026 12:37,1,Bitcoin,"$78,344.71 ",-1.62%,$1.57T
9/8/2026 12:37,2,Ethereum,"$2,467.97 ",-1.17%,$301.18B
9/8/2026 12:37,3,Tether,$1.00 ,-0.02%,$183.39B
9/8/2026 12:37,4,BNB,$747.58 ,0.29%,$99.55B
9/8/2026 12:37,5,XRP,$1.38 ,-1.79%,$86.8B
9/8/2026 12:37,6,USDC,$1.00 ,0.00%,$74.32B
9/8/2026 12:37,7,Solana,$102.66 ,-2.28%,$60.17B
9/8/2026 12:37,8,TRON,$0.34 ,0.16%,$32.03B
9/8/2026 12:37,9,Hyperliquid,$83.89 ,-3.50%,$21.13B
9/8/2026 12:37,10,Zcash,"$1,126.19 ",-6.56%,$18.98B
,,,,,
9/8/2026 12:38,1,Bitcoin,"$78,394.53 ",-1.58%,$1.57T
9/8/2026 12:38,2,Ethereum,"$2,467.97 ",-1.17%,$301.18B
9/8/2026 12:38,3,Tether,$1.00 ,-0.02%,$183.39B
9/8/2026 12:38,4,BNB,$747.58 ,0.29%,$99.55B
9/8/2026 12:38,5,XRP,$1.38 ,-1.79%,$86.8B
9/8/2026 12:38,6,USDC,$1.00 ,0.00%,$74.32B
9/8/2026 12:38,7,Solana,$102.66 ,-2.28%,$60.17B
9/8/2026 12:38,8,TRON,$0.34 ,0.16%,$32.03B
9/8/2026 12:38,9,Hyperliquid,$83.88 ,-3.52%,$21.13B
9/8/2026 12:38,10,Zcash,"$1,126.28 ",-6.57%,$18.98B
,,,,,
9/8/2026 12:38,1,Bitcoin,"$78,375.92 ",-1.60%,$1.57T
9/8/2026 12:38,2,Ethereum,"$2,472.73 ",-1.04%,$301.74B
9/8/2026 12:38,3,Tether,$1.00 ,-0.02%,$183.39B
9/8/2026 12:38,4,BNB,$748.82 ,0.50%,$99.71B
9/8/2026 12:38,5,XRP,$1.38 ,-1.69%,$86.89B
9/8/2026 12:38,6,USDC,$1.00 ,0.00%,$74.32B
9/8/2026 12:38,7,Solana,$102.74 ,-2.25%,$60.22B
9/8/2026 12:38,8,TRON,$0.34 ,0.16%,$32.03B
9/8/2026 12:38,9,Hyperliquid,$83.86 ,-3.50%,$21.12B
9/8/2026 12:38,10,Zcash,"$1,128.85 ",-6.61%,$18.98B
,,,,,
9/8/2026 12:39,1,Bitcoin,"$78,381.11 ",-1.61%,$1.57T
9/8/2026 12:39,2,Ethereum,"$2,472.88 ",-1.05%,$301.76B
9/8/2026 12:39,3,Tether,$1.00 ,-0.02%,$183.39B
9/8/2026 12:39,4,BNB,$747.58 ,0.29%,$99.55B
9/8/2026 12:39,5,XRP,$1.38 ,-1.67%,$86.91B
9/8/2026 12:39,6,USDC,$1.00 ,0.00%,$74.32B
9/8/2026 12:39,7,Solana,$102.66 ,-2.28%,$60.17B
9/8/2026 12:39,8,TRON,$0.34 ,0.16%,$32.03B
9/8/2026 12:39,9,Hyperliquid,$83.89 ,-3.49%,$21.13B
9/8/2026 12:39,10,Zcash,"$1,126.48 ",-6.54%,$18.99B
,,,,,
9/8/2026 12:40,1,Bitcoin,"$78,305.31 ",-1.61%,$1.57T
9/8/2026 12:40,2,Ethereum,"$2,468.88 ",-1.12%,$301.18B
9/8/2026 12:40,3,Tether,$1.00 ,-0.01%,$183.39B
9/8/2026 12:40,4,BNB,$747.58 ,0.29%,$99.55B
9/8/2026 12:40,5,XRP,$1.38 ,-1.79%,$86.8B
9/8/2026 12:40,6,USDC,$1.00 ,0.00%,$74.32B
9/8/2026 12:40,7,Solana,$102.66 ,-2.28%,$60.17B
9/8/2026 12:40,8,TRON,$0.34 ,0.16%,$32.03B
9/8/2026 12:40,9,Hyperliquid,$83.88 ,-3.49%,$21.13B
9/8/2026 12:40,10,Zcash,"$1,126.29 ",-6.55%,$18.98B
,,,,,
9/8/2026 12:40,1,Bitcoin,"$78,305.31 ",-1.61%,$1.57T
9/8/2026 12:40,2,Ethereum,"$2,468.88 ",-1.12%,$301.18B
9/8/2026 12:40,3,Tether,$1.00 ,-0.02%,$183.39B
9/8/2026 12:40,4,BNB,$747.58 ,0.29%,$99.55B
9/8/2026 12:40,5,XRP,$1.38 ,-1.79%,$86.8B
9/8/2026 12:40,6,USDC,$1.00 ,0.00%,$74.32B
9/8/2026 12:40,7,Solana,$102.66 ,-2.28%,$60.17B
9/8/2026 12:40,8,TRON,$0.34 ,0.16%,$32.03B
9/8/2026 12:40,9,Hyperliquid,$83.86 ,-3.50%,$21.12B
9/8/2026 12:40,10,Zcash,"$1,128.85 ",-6.61%,$19.03B
,,,,,
9/8/2026 12:41,1,Bitcoin,"$78,396.34 ",-1.60%,$1.57T
9/8/2026 12:41,2,Ethereum,"$2,473.26 ",-1.06%,$301.81B
9/8/2026 12:41,3,Tether,$1.00 ,-0.01%,$183.39B
9/8/2026 12:41,4,BNB,$749.41 ,0.58%,$99.79B
9/8/2026 12:41,5,XRP,$1.38 ,-1.72%,$86.92B
9/8/2026 12:41,6,USDC,$1.00 ,0.00%,$74.32B
9/8/2026 12:41,7,Solana,$102.75 ,-2.32%,$60.23B
9/8/2026 12:41,8,TRON,$0.34 ,0.15%,$32.03B
9/8/2026 12:41,9,Hyperliquid,$83.87 ,-3.44%,$21.12B
9/8/2026 12:41,10,Zcash,"$1,128.62 ",-6.64%,$19.02B
,,,,,
9/8/2026 12:41,1,Bitcoin,"$78,393.93 ",-1.55%,$1.57T
9/8/2026 12:41,2,Ethereum,"$2,470.28 ",-1.06%,$301.28B
9/8/2026 12:41,3,Tether,$1.00 ,-0.01%,$183.38B
9/8/2026 12:41,4,BNB,$748.20 ,0.38%,$99.63B
9/8/2026 12:41,5,XRP,$1.38 ,-1.79%,$86.8B
9/8/2026 12:41,6,USDC,$1.00 ,0.00%,$74.32B
9/8/2026 12:41,7,Solana,$102.65 ,-2.29%,$60.17B
9/8/2026 12:41,8,TRON,$0.34 ,0.15%,$32.03B
9/8/2026 12:41,9,Hyperliquid,$83.87 ,-3.44%,$21.12B
9/8/2026 12:41,10,Zcash,"$1,128.62 ",-6.64%,$19.02B
,,,,,
9/8/2026 12:42,1,Bitcoin,"$78,410.92 ",-1.56%,$1.57T
9/8/2026 12:42,2,Ethereum,"$2,473.82 ",-1.05%,$301.88B
9/8/2026 12:42,3,Tether,$1.00 ,-0.01%,$183.38B
9/8/2026 12:42,4,BNB,$749.49 ,0.60%,$99.8B
9/8/2026 12:42,5,XRP,$1.38 ,-1.73%,$86.92B
9/8/2026 12:42,6,USDC,$1.00 ,-0.01%,$74.32B
9/8/2026 12:42,7,Solana,$102.76 ,-2.34%,$60.23B
9/8/2026 12:42,8,TRON,$0.34 ,0.15%,$32.03B
9/8/2026 12:42,9,Hyperliquid,$83.87 ,-3.44%,$21.12B
9/8/2026 12:42,10,Zcash,"$1,128.62 ",-6.64%,$19.02B
,,,,,
9/8/2026 12:42,1,Bitcoin,"$78,393.93 ",-1.55%,$1.57T
9/8/2026 12:42,2,Ethereum,"$2,470.28 ",-1.06%,$301.28B
9/8/2026 12:42,3,Tether,$1.00 ,-0.01%,$183.38B
9/8/2026 12:42,4,BNB,$749.59 ,0.61%,$99.81B
9/8/2026 12:42,5,XRP,$1.38 ,-1.79%,$86.8B
9/8/2026 12:42,6,USDC,$1.00 ,0.00%,$74.32B
9/8/2026 12:42,7,Solana,$102.77 ,-2.33%,$60.24B
9/8/2026 12:42,8,TRON,$0.34 ,0.15%,$32.03B
9/8/2026 12:42,9,Hyperliquid,$83.93 ,-3.42%,$21.14B
9/8/2026 12:42,10,Zcash,"$1,125.63 ",-6.60%,$18.97B
,,,,,
9/8/2026 12:43,1,Bitcoin,"$78,396.54 ",-1.56%,$1.57T
9/8/2026 12:43,2,Ethereum,"$2,473.45 ",-1.08%,$301.83B
9/8/2026 12:43,3,Tether,$1.00 ,-0.01%,$183.39B
9/8/2026 12:43,4,BNB,$749.68 ,0.63%,$99.82B
9/8/2026 12:43,5,XRP,$1.38 ,-1.75%,$86.94B
9/8/2026 12:43,6,USDC,$1.00 ,-0.01%,$74.32B
9/8/2026 12:43,7,Solana,$102.77 ,-2.39%,$60.24B
9/8/2026 12:43,8,TRON,$0.34 ,0.15%,$32.03B
9/8/2026 12:43,9,Hyperliquid,$83.87 ,-3.44%,$21.12B
9/8/2026 12:43,10,Zcash,"$1,128.62 ",-6.64%,$19.02B
,,,,,
9/8/2026 12:43,1,Bitcoin,"$78,395.11 ",-1.56%,$1.57T
9/8/2026 12:43,2,Ethereum,"$2,473.36 ",-1.09%,$301.82B
9/8/2026 12:43,3,Tether,$1.00 ,-0.02%,$183.38B
9/8/2026 12:43,4,BNB,$749.68 ,0.63%,$99.82B
9/8/2026 12:43,5,XRP,$1.38 ,-1.75%,$86.94B
9/8/2026 12:43,6,USDC,$1.00 ,-0.01%,$74.32B
9/8/2026 12:43,7,Solana,$102.76 ,-2.39%,$60.23B
9/8/2026 12:43,8,TRON,$0.34 ,0.15%,$32.03B
9/8/2026 12:43,9,Hyperliquid,$83.87 ,-3.44%,$21.12B
9/8/2026 12:43,10,Zcash,"$1,125.18 ",-6.64%,$18.96B
,,,,,
9/8/2026 12:44,1,Bitcoin,"$78,380.32 ",-1.61%,$1.57T
9/8/2026 12:44,2,Ethereum,"$2,473.92 ",-0.99%,$301.28B
9/8/2026 12:44,3,Tether,$1.00 ,-0.01%,$183.38B
9/8/2026 12:44,4,BNB,$748.20 ,0.38%,$99.63B
9/8/2026 12:44,5,XRP,$1.38 ,-1.79%,$86.8B
9/8/2026 12:44,6,USDC,$1.00 ,0.00%,$74.32B
9/8/2026 12:44,7,Solana,$102.65 ,-2.29%,$60.17B
9/8/2026 12:44,8,TRON,$0.34 ,0.15%,$32.03B
9/8/2026 12:44,9,Hyperliquid,$83.93 ,-3.41%,$21.14B
9/8/2026 12:44,10,Zcash,"$1,124.82 ",-6.67%,$18.96B
,,,,,
9/8/2026 12:44,1,Bitcoin,"$78,401.71 ",-1.55%,$1.57T
9/8/2026 12:44,2,Ethereum,"$2,473.71 ",-1.07%,$301.86B
9/8/2026 12:44,3,Tether,$1.00 ,0.00%,$183.4B
9/8/2026 12:44,4,BNB,$749.64 ,0.63%,$99.82B
9/8/2026 12:44,5,XRP,$1.38 ,-1.76%,$86.94B
9/8/2026 12:44,6,USDC,$1.00 ,0.01%,$74.32B
9/8/2026 12:44,7,Solana,$102.77 ,-2.42%,$60.24B
9/8/2026 12:44,8,TRON,$0.34 ,0.15%,$32.03B
9/8/2026 12:44,9,Hyperliquid,$83.87 ,-3.44%,$21.12B
9/8/2026 12:44,10,Zcash,"$1,128.62 ",-6.64%,$19.02B
,,,,,
9/8/2026 12:45,1,Bitcoin,"$78,410.92 ",-1.56%,$1.57T
9/8/2026 12:45,2,Ethereum,"$2,473.43 ",-1.08%,$301.77B
9/8/2026 12:45,3,Tether,$1.00 ,-0.01%,$183.38B
9/8/2026 12:45,4,BNB,$748.80 ,0.50%,$99.71B
9/8/2026 12:45,5,XRP,$1.38 ,-1.69%,$86.89B
9/8/2026 12:45,6,USDC,$1.00 ,0.00%,$74.32B
9/8/2026 12:45,7,Solana,$102.74 ,-2.27%,$60.22B
9/8/2026 12:45,8,TRON,$0.34 ,0.18%,$32.03B
9/8/2026 12:45,9,Hyperliquid,$83.92 ,-3.43%,$21.14B
9/8/2026 12:45,10,Zcash,"$1,124.50 ",-6.66%,$18.95B
,,,,,
9/8/2026 12:45,1,Bitcoin,"$78,378.37 ",-1.54%,$1.57T
9/8/2026 12:45,2,Ethereum,"$2,473.08 ",-1.06%,$301.78B
9/8/2026 12:45,3,Tether,$1.00 ,-0.02%,$183.38B
9/8/2026 12:45,4,BNB,$749.28 ,0.58%,$99.77B
9/8/2026 12:45,5,XRP,$1.38 ,-1.79%,$86.92B
9/8/2026 12:45,6,USDC,$1.00 ,0.00%,$74.31B
9/8/2026 12:45,7,Solana,$102.75 ,-2.44%,$60.23B
9/8/2026 12:45,8,TRON,$0.34 ,0.18%,$32.03B
9/8/2026 12:45,9,Hyperliquid,$83.89 ,-3.49%,$21.13B
9/8/2026 12:45,10,Zcash,"$1,126.21 ",-6.56%,$18.98B
,,,,,
9/8/2026 12:46,1,Bitcoin,"$78,376.43 ",-1.54%,$1.57T
9/8/2026 12:46,2,Ethereum,"$2,473.20 ",-1.05%,$301.8B
9/8/2026 12:46,3,Tether,$1.00 ,-0.01%,$183.38B
9/8/2026 12:46,4,BNB,$749.27 ,0.61%,$99.77B
9/8/2026 12:46,5,XRP,$1.38 ,-1.82%,$86.92B
9/8/2026 12:46,6,USDC,$1.00 ,0.01%,$74.32B
9/8/2026 12:46,7,Solana,$102.75 ,-2.47%,$60.23B
9/8/2026 12:46,8,TRON,$0.34 ,0.18%,$32.03B
9/8/2026 12:46,9,Hyperliquid,$83.90 ,-3.39%,$21.13B
9/8/2026 12:46,10,Zcash,"$1,124.04 ",-6.70%,$18.95B
,,,,,
9/8/2026 12:46,1,Bitcoin,"$78,410.92 ",-1.56%,$1.57T
9/8/2026 12:46,2,Ethereum,"$2,473.43 ",-1.08%,$301.77B
9/8/2026 12:46,3,Tether,$1.00 ,-0.01%,$183.38B
9/8/2026 12:46,4,BNB,$748.80 ,0.50%,$99.71B
9/8/2026 12:46,5,XRP,$1.38 ,-1.69%,$86.89B
9/8/2026 12:46,6,USDC,$1.00 ,0.01%,$74.32B
9/8/2026 12:46,7,Solana,$102.74 ,-2.27%,$60.22B
9/8/2026 12:46,8,TRON,$0.34 ,0.18%,$32.03B
9/8/2026 12:46,9,Hyperliquid,$83.90 ,-3.39%,$21.13B
9/8/2026 12:46,10,Zcash,"$1,124.04 ",-6.70%,$18.95B
,,,,,
9/8/2026 17:41,1,Bitcoin,"$78,305.20 ",-1.46%,$1.57T
9/8/2026 17:41,2,Ethereum,"$2,472.09 ",-0.75%,$301.66B
9/8/2026 17:41,3,Tether,$1.00 ,-0.02%,$183.38B
9/8/2026 17:41,4,BNB,$751.36 ,0.80%,$100.05B
9/8/2026 17:41,5,XRP,$1.39 ,-0.85%,$87.24B
9/8/2026 17:41,6,USDC,$1.00 ,0.00%,$74.23B
9/8/2026 17:41,7,Solana,$102.70 ,-2.22%,$60.2B
9/8/2026 17:41,8,TRON,$0.34 ,0.59%,$32.12B
9/8/2026 17:41,9,Hyperliquid,$83.05 ,-5.44%,$20.92B
9/8/2026 17:41,10,Zcash,"$1,154.92 ",-3.29%,$19.47B
,,,,,
9/8/2026 17:42,1,Bitcoin,"$78,250.31 ",-1.50%,$1.57T
9/8/2026 17:42,2,Ethereum,"$2,470.56 ",-0.77%,$301.48B
9/8/2026 17:42,3,Tether,$1.00 ,-0.02%,$183.37B
9/8/2026 17:42,4,BNB,$751.24 ,0.78%,$100.03B
9/8/2026 17:42,5,XRP,$1.39 ,-0.88%,$87.22B
9/8/2026 17:42,6,USDC,$1.00 ,0.00%,$74.23B
9/8/2026 17:42,7,Solana,$102.67 ,-2.23%,$60.18B
9/8/2026 17:42,8,TRON,$0.34 ,0.59%,$32.12B
9/8/2026 17:42,9,Hyperliquid,$83.05 ,-5.44%,$20.92B
9/8/2026 17:42,10,Zcash,"$1,154.92 ",-3.29%,$19.47B
,,,,,
9/8/2026 17:47,1,Bitcoin,"$78,218.00 ",-1.53%,$1.57T
9/8/2026 17:47,2,Ethereum,"$2,470.56 ",-0.77%,$301.55B
9/8/2026 17:47,3,Tether,$1.00 ,-0.02%,$183.38B
9/8/2026 17:47,4,BNB,$750.84 ,0.76%,$100.06B
9/8/2026 17:47,5,XRP,$1.39 ,-0.85%,$87.22B
9/8/2026 17:47,6,USDC,$1.00 ,0.01%,$74.19B
9/8/2026 17:47,7,Solana,$102.67 ,-2.23%,$60.19B
9/8/2026 17:47,8,TRON,$0.34 ,0.63%,$32.13B
9/8/2026 17:47,9,Hyperliquid,$82.96 ,-5.78%,$20.9B
9/8/2026 17:47,10,Zcash,"$1,151.59 ",-3.54%,$19.41B
,,,,,
9/8/2026 17:57,1,Bitcoin,"$78,273.65 ",-1.54%,$1.57T
9/8/2026 17:57,2,Ethereum,"$2,472.94 ",-0.78%,$301.48B
9/8/2026 17:57,3,Tether,$1.00 ,-0.03%,$183.37B
9/8/2026 17:57,4,BNB,$750.20 ,0.69%,$99.89B
9/8/2026 17:57,5,XRP,$1.38 ,-0.99%,$87.13B
9/8/2026 17:57,6,USDC,$1.00 ,0.00%,$74.23B
9/8/2026 17:57,7,Solana,$102.57 ,-2.33%,$60.12B
9/8/2026 17:57,8,TRON,$0.34 ,0.74%,$32.15B
9/8/2026 17:57,9,Hyperliquid,$82.73 ,-6.09%,$20.84B
9/8/2026 17:57,10,Zcash,"$1,151.28 ",-3.58%,$19.4B
,,,,,
9/8/2026 18:02,1,Bitcoin,"$78,304.19 ",-1.52%,$1.57T
9/8/2026 18:02,2,Ethereum,"$2,474.23 ",-0.73%,$301.82B
9/8/2026 18:02,3,Tether,$1.00 ,-0.02%,$183.37B
9/8/2026 18:02,4,BNB,$750.52 ,0.69%,$99.94B
9/8/2026 18:02,5,XRP,$1.39 ,-0.94%,$87.24B
9/8/2026 18:02,6,USDC,$1.00 ,0.00%,$74.23B
9/8/2026 18:02,7,Solana,$102.72 ,-2.37%,$60.21B
9/8/2026 18:02,8,TRON,$0.34 ,0.79%,$32.15B
9/8/2026 18:02,9,Hyperliquid,$82.86 ,-6.03%,$20.87B
9/8/2026 18:02,10,Zcash,"$1,161.50 ",-2.67%,$19.58B
,,,,,
9/8/2026 18:05,1,Bitcoin,"$78,358.78 ",-1.44%,$1.57T
9/8/2026 18:05,2,Ethereum,"$2,473.36 ",-0.79%,$302.02B
9/8/2026 18:05,3,Tether,$1.00 ,-0.03%,$183.36B
9/8/2026 18:05,4,BNB,$750.46 ,0.64%,$99.93B
9/8/2026 18:05,5,XRP,$1.39 ,-0.84%,$87.38B
9/8/2026 18:05,6,USDC,$1.00 ,0.00%,$74.23B
9/8/2026 18:05,7,Solana,$102.81 ,-2.38%,$60.26B
9/8/2026 18:05,8,TRON,$0.34 ,0.89%,$32.15B
9/8/2026 18:05,9,Hyperliquid,$83.03 ,-5.90%,$20.91B
9/8/2026 18:05,10,Zcash,"$1,159.78 ",-3.04%,$19.55B
,,,,,
9/8/2026 18:05,1,Bitcoin,"$78,366.62 ",-1.43%,$1.57T
9/8/2026 18:05,2,Ethereum,"$2,472.62 ",-0.82%,$301.73B
9/8/2026 18:05,3,Tether,$1.00 ,-0.02%,$183.37B
9/8/2026 18:05,4,BNB,$751.31 ,0.78%,$100.04B
9/8/2026 18:05,5,XRP,$1.39 ,-0.71%,$87.54B
9/8/2026 18:05,6,USDC,$1.00 ,0.00%,$74.23B
9/8/2026 18:05,7,Solana,$103.00 ,-2.21%,$60.37B
9/8/2026 18:05,8,TRON,$0.34 ,0.89%,$32.15B
9/8/2026 18:05,9,Hyperliquid,$83.03 ,-5.90%,$20.91B
9/8/2026 18:05,10,Zcash,"$1,159.78 ",-3.04%,$19.55B
,,,,,
9/8/2026 18:06,1,Bitcoin,"$78,372.48 ",-1.41%,$1.57T
9/8/2026 18:06,2,Ethereum,"$2,472.94 ",-0.81%,$301.77B
9/8/2026 18:06,3,Tether,$1.00 ,-0.02%,$183.37B
9/8/2026 18:06,4,BNB,$751.45 ,0.79%,$100.06B
9/8/2026 18:06,5,XRP,$1.39 ,-0.72%,$87.54B
9/8/2026 18:06,6,USDC,$1.00 ,0.01%,$74.28B
9/8/2026 18:06,7,Solana,$103.01 ,-2.19%,$60.38B
9/8/2026 18:06,8,TRON,$0.34 ,0.89%,$32.15B
9/8/2026 18:06,9,Hyperliquid,$83.03 ,-5.90%,$20.91B
9/8/2026 18:06,10,Zcash,"$1,159.78 ",-3.04%,$19.55B
,,,,,
9/8/2026 18:07,1,Bitcoin,"$78,415.26 ",-1.37%,$1.57T
9/8/2026 18:07,2,Ethereum,"$2,474.82 ",-0.75%,$302.02B
9/8/2026 18:07,3,Tether,$1.00 ,-0.02%,$183.36B
9/8/2026 18:07,4,BNB,$750.46 ,0.64%,$99.93B
9/8/2026 18:07,5,XRP,$1.39 ,-0.84%,$87.38B
9/8/2026 18:07,6,USDC,$1.00 ,0.00%,$74.28B
9/8/2026 18:07,7,Solana,$103.03 ,-2.14%,$60.39B
9/8/2026 18:07,8,TRON,$0.34 ,0.89%,$32.15B
9/8/2026 18:07,9,Hyperliquid,$83.03 ,-5.90%,$20.91B
9/8/2026 18:07,10,Zcash,"$1,159.78 ",-3.04%,$19.55B
,,,,,
9/8/2026 18:08,1,Bitcoin,"$78,415.26 ",-1.37%,$1.57T
9/8/2026 18:08,2,Ethereum,"$2,474.82 ",-0.75%,$302.02B
9/8/2026 18:08,3,Tether,$1.00 ,-0.03%,$183.36B
9/8/2026 18:08,4,BNB,$750.46 ,0.64%,$99.93B
9/8/2026 18:08,5,XRP,$1.39 ,-0.84%,$87.38B
9/8/2026 18:08,6,USDC,$1.00 ,0.00%,$74.23B
9/8/2026 18:08,7,Solana,$102.81 ,-2.38%,$60.26B
9/8/2026 18:08,8,TRON,$0.34 ,0.89%,$32.15B
9/8/2026 18:08,9,Hyperliquid,$83.03 ,-5.90%,$20.91B
9/8/2026 18:08,10,Zcash,"$1,159.78 ",-3.04%,$19.55B
,,,,,
9/8/2026 18:08,1,Bitcoin,"$78,369.25 ",-1.42%,$1.57T
9/8/2026 18:08,2,Ethereum,"$2,473.02 ",-0.81%,$302.02B
9/8/2026 18:08,3,Tether,$1.00 ,-0.03%,$183.36B
9/8/2026 18:08,4,BNB,$750.46 ,0.64%,$99.93B
9/8/2026 18:08,5,XRP,$1.39 ,-0.84%,$87.38B
9/8/2026 18:08,6,USDC,$1.00 ,0.00%,$74.23B
9/8/2026 18:08,7,Solana,$102.81 ,-2.38%,$60.26B
9/8/2026 18:08,8,TRON,$0.34 ,0.89%,$32.15B
9/8/2026 18:08,9,Hyperliquid,$83.17 ,-5.66%,$20.95B
9/8/2026 18:08,10,Zcash,"$1,157.14 ",-3.10%,$19.5B
,,,,,
9/8/2026 18:09,1,Bitcoin,"$78,369.25 ",-1.42%,$1.57T
9/8/2026 18:09,2,Ethereum,"$2,473.02 ",-0.81%,$302.02B
9/8/2026 18:09,3,Tether,$1.00 ,-0.03%,$183.36B
9/8/2026 18:09,4,BNB,$750.46 ,0.64%,$99.93B
9/8/2026 18:09,5,XRP,$1.39 ,-0.62%,$87.6B
9/8/2026 18:09,6,USDC,$1.00 ,0.00%,$74.23B
9/8/2026 18:09,7,Solana,$103.03 ,-2.13%,$60.39B
9/8/2026 18:09,8,TRON,$0.34 ,0.89%,$32.15B
9/8/2026 18:09,9,Hyperliquid,$83.03 ,-5.90%,$20.91B
9/8/2026 18:09,10,Zcash,"$1,159.78 ",-3.04%,$19.55B
,,,,,
9/8/2026 18:09,1,Bitcoin,"$78,369.25 ",-1.42%,$1.57T
9/8/2026 18:09,2,Ethereum,"$2,473.02 ",-0.81%,$302.02B
9/8/2026 18:09,3,Tether,$1.00 ,-0.03%,$183.36B
9/8/2026 18:09,4,BNB,$750.46 ,0.64%,$99.93B
9/8/2026 18:09,5,XRP,$1.39 ,-0.84%,$87.38B
9/8/2026 18:09,6,USDC,$1.00 ,0.00%,$74.23B
9/8/2026 18:09,7,Solana,$102.81 ,-2.38%,$60.26B
9/8/2026 18:09,8,TRON,$0.34 ,0.89%,$32.15B
9/8/2026 18:09,9,Hyperliquid,$83.03 ,-5.90%,$20.91B
9/8/2026 18:09,10,Zcash,"$1,159.78 ",-3.04%,$19.55B
,,,,,
9/8/2026 18:10,1,Bitcoin,"$78,349.26 ",-1.39%,$1.57T
9/8/2026 18:10,2,Ethereum,"$2,472.00 ",-0.86%,$301.65B
9/8/2026 18:10,3,Tether,$1.00 ,-0.03%,$183.36B
9/8/2026 18:10,4,BNB,$750.46 ,0.64%,$99.93B
9/8/2026 18:10,5,XRP,$1.39 ,-0.59%,$87.62B
9/8/2026 18:10,6,USDC,$1.00 ,0.00%,$74.23B
9/8/2026 18:10,7,Solana,$102.81 ,-2.38%,$60.26B
9/8/2026 18:10,8,TRON,$0.34 ,0.89%,$32.15B
9/8/2026 18:10,9,Hyperliquid,$83.21 ,-5.52%,$20.96B
9/8/2026 18:10,10,Zcash,"$1,156.87 ",-2.90%,$19.5B
,,,,,
9/8/2026 18:10,1,Bitcoin,"$78,337.31 ",-1.41%,$1.57T
9/8/2026 18:10,2,Ethereum,"$2,471.67 ",-0.87%,$301.61B
9/8/2026 18:10,3,Tether,$1.00 ,-0.03%,$183.36B
9/8/2026 18:10,4,BNB,$751.48 ,0.83%,$100.06B
9/8/2026 18:10,5,XRP,$1.39 ,-0.60%,$87.61B
9/8/2026 18:10,6,USDC,$1.00 ,0.00%,$74.27B
9/8/2026 18:10,7,Solana,$103.03 ,-2.12%,$60.39B
9/8/2026 18:10,8,TRON,$0.34 ,0.89%,$32.15B
9/8/2026 18:10,9,Hyperliquid,$83.03 ,-5.90%,$20.91B
9/8/2026 18:10,10,Zcash,"$1,159.78 ",-3.04%,$19.55B
,,,,,
9/8/2026 18:11,1,Bitcoin,"$78,288.64 ",-1.46%,$1.57T
9/8/2026 18:11,2,Ethereum,"$2,470.86 ",-0.90%,$301.51B
9/8/2026 18:11,3,Tether,$1.00 ,-0.03%,$183.36B
9/8/2026 18:11,4,BNB,$750.46 ,0.64%,$99.93B
9/8/2026 18:11,5,XRP,$1.39 ,-0.84%,$87.38B
9/8/2026 18:11,6,USDC,$1.00 ,0.00%,$74.27B
9/8/2026 18:11,7,Solana,$103.03 ,-2.12%,$60.39B
9/8/2026 18:11,8,TRON,$0.34 ,0.89%,$32.15B
9/8/2026 18:11,9,Hyperliquid,$83.20 ,-5.51%,$20.95B
9/8/2026 18:11,10,Zcash,"$1,156.41 ",-2.96%,$19.49B
,,,,,
9/8/2026 18:11,1,Bitcoin,"$78,388.77 ",-1.39%,$1.57T
9/8/2026 18:11,2,Ethereum,"$2,473.22 ",-0.81%,$302B
9/8/2026 18:11,3,Tether,$1.00 ,-0.02%,$183.37B
9/8/2026 18:11,4,BNB,$751.32 ,0.78%,$100.04B
9/8/2026 18:11,5,XRP,$1.39 ,-0.78%,$87.46B
9/8/2026 18:11,6,USDC,$1.00 ,0.01%,$74.23B
9/8/2026 18:11,7,Solana,$102.90 ,-2.33%,$60.32B
9/8/2026 18:11,8,TRON,$0.34 ,0.91%,$32.15B
9/8/2026 18:11,9,Hyperliquid,$83.20 ,-5.52%,$20.95B
9/8/2026 18:11,10,Zcash,"$1,156.21 ",-2.98%,$19.49B
,,,,,
9/8/2026 18:12,1,Bitcoin,"$78,388.77 ",-1.39%,$1.57T
9/8/2026 18:12,2,Ethereum,"$2,473.22 ",-0.81%,$302B
9/8/2026 18:12,3,Tether,$1.00 ,-0.02%,$183.37B
9/8/2026 18:12,4,BNB,$751.32 ,0.78%,$100.04B
9/8/2026 18:12,5,XRP,$1.39 ,-0.78%,$87.46B
9/8/2026 18:12,6,USDC,$1.00 ,0.01%,$74.23B
9/8/2026 18:12,7,Solana,$102.90 ,-2.33%,$60.32B
9/8/2026 18:12,8,TRON,$0.34 ,0.91%,$32.15B
9/8/2026 18:12,9,Hyperliquid,$83.09 ,-5.84%,$20.93B
9/8/2026 18:12,10,Zcash,"$1,159.92 ",-3.01%,$19.55B
,,,,,
9/8/2026 18:12,1,Bitcoin,"$78,361.39 ",-1.38%,$1.57T
9/8/2026 18:12,2,Ethereum,"$2,471.81 ",-0.87%,$302B
9/8/2026 18:12,3,Tether,$1.00 ,-0.02%,$183.37B
9/8/2026 18:12,4,BNB,$751.32 ,0.78%,$100.04B
9/8/2026 18:12,5,XRP,$1.39 ,-0.78%,$87.46B
9/8/2026 18:12,6,USDC,$1.00 ,0.01%,$74.23B
9/8/2026 18:12,7,Solana,$103.04 ,-2.11%,$60.4B
9/8/2026 18:12,8,TRON,$0.34 ,0.91%,$32.15B
9/8/2026 18:12,9,Hyperliquid,$83.09 ,-5.84%,$20.93B
9/8/2026 18:12,10,Zcash,"$1,159.92 ",-3.01%,$19.55B
,,,,,
9/8/2026 18:13,1,Bitcoin,"$78,361.39 ",-1.38%,$1.57T
9/8/2026 18:13,2,Ethereum,"$2,471.81 ",-0.87%,$302B
9/8/2026 18:13,3,Tether,$1.00 ,-0.02%,$183.37B
9/8/2026 18:13,4,BNB,$751.32 ,0.78%,$100.04B
9/8/2026 18:13,5,XRP,$1.39 ,-0.78%,$87.46B
9/8/2026 18:13,6,USDC,$1.00 ,0.01%,$74.23B
9/8/2026 18:13,7,Solana,$102.90 ,-2.33%,$60.32B
9/8/2026 18:13,8,TRON,$0.34 ,0.91%,$32.15B
9/8/2026 18:13,9,Hyperliquid,$83.09 ,-5.84%,$20.93B
9/8/2026 18:13,10,Zcash,"$1,159.92 ",-3.01%,$19.55B
,,,,,
9/8/2026 18:13,1,Bitcoin,"$78,361.39 ",-1.38%,$1.57T
9/8/2026 18:13,2,Ethereum,"$2,471.81 ",-0.87%,$302B
9/8/2026 18:13,3,Tether,$1.00 ,-0.02%,$183.37B
9/8/2026 18:13,4,BNB,$751.32 ,0.78%,$100.04B
9/8/2026 18:13,5,XRP,$1.39 ,-0.78%,$87.46B
9/8/2026 18:13,6,USDC,$1.00 ,0.01%,$74.23B
9/8/2026 18:13,7,Solana,$102.90 ,-2.33%,$60.32B
9/8/2026 18:13,8,TRON,$0.34 ,0.91%,$32.15B
9/8/2026 18:13,9,Hyperliquid,$83.09 ,-5.84%,$20.93B
9/8/2026 18:13,10,Zcash,"$1,159.92 ",-3.01%,$19.55B
,,,,,
9/8/2026 18:14,1,Bitcoin,"$78,361.39 ",-1.38%,$1.57T
9/8/2026 18:14,2,Ethereum,"$2,471.81 ",-0.87%,$302B
9/8/2026 18:14,3,Tether,$1.00 ,-0.02%,$183.37B
9/8/2026 18:14,4,BNB,$751.32 ,0.78%,$100.04B
9/8/2026 18:14,5,XRP,$1.39 ,-0.78%,$87.46B
9/8/2026 18:14,6,USDC,$1.00 ,0.01%,$74.23B
9/8/2026 18:14,7,Solana,$102.90 ,-2.33%,$60.32B
9/8/2026 18:14,8,TRON,$0.34 ,0.91%,$32.15B
9/8/2026 18:14,9,Hyperliquid,$83.09 ,-5.84%,$20.93B
9/8/2026 18:14,10,Zcash,"$1,159.92 ",-3.01%,$19.55B
,,,,,
9/8/2026 18:14,1,Bitcoin,"$78,361.39 ",-1.38%,$1.57T
9/8/2026 18:14,2,Ethereum,"$2,471.81 ",-0.87%,$302B
9/8/2026 18:14,3,Tether,$1.00 ,-0.02%,$183.37B
9/8/2026 18:14,4,BNB,$751.32 ,0.78%,$100.04B
9/8/2026 18:14,5,XRP,$1.39 ,-0.78%,$87.46B
9/8/2026 18:14,6,USDC,$1.00 ,0.01%,$74.23B
9/8/2026 18:14,7,Solana,$102.90 ,-2.33%,$60.32B
9/8/2026 18:14,8,TRON,$0.34 ,0.91%,$32.15B
9/8/2026 18:14,9,Hyperliquid,$83.16 ,-5.54%,$20.94B
9/8/2026 18:14,10,Zcash,"$1,155.10 ",-3.10%,$19.47B
,,,,,
9/8/2026 18:15,1,Bitcoin,"$78,302.98 ",-1.47%,$1.57T
9/8/2026 18:15,2,Ethereum,"$2,472.13 ",-0.87%,$301.67B
9/8/2026 18:15,3,Tether,$1.00 ,-0.03%,$183.35B
9/8/2026 18:15,4,BNB,$751.58 ,0.84%,$100.08B
9/8/2026 18:15,5,XRP,$1.39 ,-0.65%,$87.58B
9/8/2026 18:15,6,USDC,$1.00 ,0.01%,$74.23B
9/8/2026 18:15,7,Solana,$103.03 ,-2.14%,$60.39B
9/8/2026 18:15,8,TRON,$0.34 ,0.94%,$32.15B
9/8/2026 18:15,9,Hyperliquid,$83.17 ,-5.65%,$20.95B
9/8/2026 18:15,10,Zcash,"$1,157.17 ",-3.04%,$19.5B
,,,,,
9/8/2026 18:15,1,Bitcoin,"$78,320.98 ",-1.44%,$1.57T
9/8/2026 18:15,2,Ethereum,"$2,471.78 ",-0.86%,$301.63B
9/8/2026 18:15,3,Tether,$1.00 ,-0.02%,$183.37B
9/8/2026 18:15,4,BNB,$751.58 ,0.84%,$100.08B
9/8/2026 18:15,5,XRP,$1.39 ,-0.64%,$87.59B
9/8/2026 18:15,6,USDC,$1.00 ,0.01%,$74.23B
9/8/2026 18:15,7,Solana,$103.03 ,-2.14%,$60.39B
9/8/2026 18:15,8,TRON,$0.34 ,0.94%,$32.15B
9/8/2026 18:15,9,Hyperliquid,$83.17 ,-5.65%,$20.95B
9/8/2026 18:15,10,Zcash,"$1,157.17 ",-3.04%,$19.5B
,,,,,
9/8/2026 18:16,1,Bitcoin,"$78,320.98 ",-1.44%,$1.57T
9/8/2026 18:16,2,Ethereum,"$2,471.78 ",-0.86%,$301.63B
9/8/2026 18:16,3,Tether,$1.00 ,-0.02%,$183.37B
9/8/2026 18:16,4,BNB,$751.58 ,0.84%,$100.08B
9/8/2026 18:16,5,XRP,$1.39 ,-0.64%,$87.59B
9/8/2026 18:16,6,USDC,$1.00 ,0.01%,$74.23B
9/8/2026 18:16,7,Solana,$103.03 ,-2.14%,$60.39B
9/8/2026 18:16,8,TRON,$0.34 ,0.94%,$32.15B
9/8/2026 18:16,9,Hyperliquid,$83.11 ,-5.57%,$20.93B
9/8/2026 18:16,10,Zcash,"$1,157.17 ",-3.04%,$19.5B
,,,,,
9/8/2026 18:16,1,Bitcoin,"$78,319.54 ",-1.45%,$1.57T
9/8/2026 18:16,2,Ethereum,"$2,472.51 ",-0.87%,$301.71B
9/8/2026 18:16,3,Tether,$1.00 ,-0.02%,$183.37B
9/8/2026 18:16,4,BNB,$751.58 ,0.84%,$100.08B
9/8/2026 18:16,5,XRP,$1.39 ,-0.70%,$87.58B
9/8/2026 18:16,6,USDC,$1.00 ,0.01%,$74.23B
9/8/2026 18:16,7,Solana,$103.03 ,-2.14%,$60.39B
9/8/2026 18:16,8,TRON,$0.34 ,0.94%,$32.15B
9/8/2026 18:16,9,Hyperliquid,$83.11 ,-5.57%,$20.93B
9/8/2026 18:16,10,Zcash,"$1,155.02 ",-3.19%,$19.47B
,,,,,
9/8/2026 18:17,1,Bitcoin,"$78,303.48 ",-1.48%,$1.57T
9/8/2026 18:17,2,Ethereum,"$2,471.99 ",-0.94%,$301.65B
9/8/2026 18:17,3,Tether,$1.00 ,-0.03%,$183.37B
9/8/2026 18:17,4,BNB,$750.55 ,0.65%,$99.94B
9/8/2026 18:17,5,XRP,$1.39 ,-0.72%,$87.58B
9/8/2026 18:17,6,USDC,$1.00 ,-0.01%,$74.28B
9/8/2026 18:17,7,Solana,$103.04 ,-2.08%,$60.4B
9/8/2026 18:17,8,TRON,$0.34 ,0.94%,$32.15B
9/8/2026 18:17,9,Hyperliquid,$83.17 ,-5.65%,$20.95B
9/8/2026 18:17,10,Zcash,"$1,157.17 ",-3.04%,$19.5B
,,,,,
9/8/2026 18:17,1,Bitcoin,"$78,297.18 ",-1.49%,$1.57T
9/8/2026 18:17,2,Ethereum,"$2,471.83 ",-0.95%,$301.63B
9/8/2026 18:17,3,Tether,$1.00 ,-0.02%,$183.37B
9/8/2026 18:17,4,BNB,$750.58 ,0.66%,$99.94B
9/8/2026 18:17,5,XRP,$1.39 ,-0.73%,$87.57B
9/8/2026 18:17,6,USDC,$1.00 ,0.00%,$74.28B
9/8/2026 18:17,7,Solana,$103.03 ,-2.09%,$60.39B
9/8/2026 18:17,8,TRON,$0.34 ,0.94%,$32.15B
9/8/2026 18:17,9,Hyperliquid,$83.17 ,-5.65%,$20.95B
9/8/2026 18:17,10,Zcash,"$1,157.17 ",-3.04%,$19.5B
,,,,,
9/8/2026 18:18,1,Bitcoin,"$78,320.98 ",-1.44%,$1.57T
9/8/2026 18:18,2,Ethereum,"$2,471.78 ",-0.86%,$301.63B
9/8/2026 18:18,3,Tether,$1.00 ,-0.02%,$183.37B
9/8/2026 18:18,4,BNB,$751.58 ,0.84%,$100.08B
9/8/2026 18:18,5,XRP,$1.39 ,-0.64%,$87.59B
9/8/2026 18:18,6,USDC,$1.00 ,-0.01%,$74.28B
9/8/2026 18:18,7,Solana,$103.04 ,-2.11%,$60.4B
9/8/2026 18:18,8,TRON,$0.34 ,0.94%,$32.15B
9/8/2026 18:18,9,Hyperliquid,$83.17 ,-5.65%,$20.95B
9/8/2026 18:18,10,Zcash,"$1,157.17 ",-3.04%,$19.5B
,,,,,
9/8/2026 18:18,1,Bitcoin,"$78,303.86 ",-1.47%,$1.57T
9/8/2026 18:18,2,Ethereum,"$2,472.27 ",-0.86%,$301.63B
9/8/2026 18:18,3,Tether,$1.00 ,-0.02%,$183.37B
9/8/2026 18:18,4,BNB,$750.90 ,0.70%,$99.99B
9/8/2026 18:18,5,XRP,$1.39 ,-0.64%,$87.59B
9/8/2026 18:18,6,USDC,$1.00 ,-0.01%,$74.27B
9/8/2026 18:18,7,Solana,$103.04 ,-2.11%,$60.4B
9/8/2026 18:18,8,TRON,$0.34 ,0.94%,$32.15B
9/8/2026 18:18,9,Hyperliquid,$83.17 ,-5.65%,$20.95B
9/8/2026 18:18,10,Zcash,"$1,157.17 ",-3.04%,$19.5B
,,,,,
9/8/2026 18:19,1,Bitcoin,"$78,294.88 ",-1.54%,$1.57T
9/8/2026 18:19,2,Ethereum,"$2,471.61 ",-1.09%,$301.6B
9/8/2026 18:19,3,Tether,$1.00 ,-0.02%,$183.37B
9/8/2026 18:19,4,BNB,$750.93 ,0.67%,$99.99B
9/8/2026 18:19,5,XRP,$1.39 ,-0.82%,$87.58B
9/8/2026 18:19,6,USDC,$1.00 ,-0.01%,$74.28B
9/8/2026 18:19,7,Solana,$103.04 ,-2.22%,$60.4B
9/8/2026 18:19,8,TRON,$0.34 ,0.94%,$32.15B
9/8/2026 18:19,9,Hyperliquid,$83.17 ,-5.65%,$20.95B
9/8/2026 18:19,10,Zcash,"$1,157.17 ",-3.04%,$19.5B
,,,,,
9/8/2026 18:19,1,Bitcoin,"$78,303.86 ",-1.47%,$1.57T
9/8/2026 18:19,2,Ethereum,"$2,472.27 ",-0.86%,$301.63B
9/8/2026 18:19,3,Tether,$1.00 ,-0.02%,$183.37B
9/8/2026 18:19,4,BNB,$751.58 ,0.84%,$100.08B
9/8/2026 18:19,5,XRP,$1.39 ,-0.64%,$87.59B
9/8/2026 18:19,6,USDC,$1.00 ,0.01%,$74.23B
9/8/2026 18:19,7,Solana,$103.05 ,-2.21%,$60.4B
9/8/2026 18:19,8,TRON,$0.34 ,0.94%,$32.15B
9/8/2026 18:19,9,Hyperliquid,$83.17 ,-5.65%,$20.95B
9/8/2026 18:19,10,Zcash,"$1,157.17 ",-3.04%,$19.5B
,,,,,
9/8/2026 18:20,1,Bitcoin,"$78,303.86 ",-1.47%,$1.57T
9/8/2026 18:20,2,Ethereum,"$2,472.27 ",-0.86%,$301.63B
9/8/2026 18:20,3,Tether,$1.00 ,-0.02%,$183.37B
9/8/2026 18:20,4,BNB,$751.06 ,0.69%,$100.01B
9/8/2026 18:20,5,XRP,$1.39 ,-0.64%,$87.59B
9/8/2026 18:20,6,USDC,$1.00 ,0.00%,$74.27B
9/8/2026 18:20,7,Solana,$103.03 ,-2.14%,$60.39B
9/8/2026 18:20,8,TRON,$0.34 ,0.94%,$32.15B
9/8/2026 18:20,9,Hyperliquid,$83.17 ,-5.65%,$20.95B
9/8/2026 18:20,10,Zcash,"$1,157.17 ",-3.04%,$19.5B
,,,,,
9/8/2026 18:20,1,Bitcoin,"$78,303.86 ",-1.47%,$1.57T
9/8/2026 18:20,2,Ethereum,"$2,472.27 ",-0.86%,$301.63B
9/8/2026 18:20,3,Tether,$1.00 ,-0.02%,$183.37B
9/8/2026 18:20,4,BNB,$751.58 ,0.84%,$100.08B
9/8/2026 18:20,5,XRP,$1.39 ,-0.64%,$87.59B
9/8/2026 18:20,6,USDC,$1.00 ,0.01%,$74.23B
9/8/2026 18:20,7,Solana,$103.03 ,-2.14%,$60.39B
9/8/2026 18:20,8,TRON,$0.34 ,0.94%,$32.15B
9/8/2026 18:20,9,Hyperliquid,$83.17 ,-5.65%,$20.95B
9/8/2026 18:20,10,Zcash,"$1,157.17 ",-3.04%,$19.5B
,,,,,
9/8/2026 18:21,1,Bitcoin,"$78,287.29 ",-1.55%,$1.57T
9/8/2026 18:21,2,Ethereum,"$2,472.31 ",-0.98%,$301.66B
9/8/2026 18:21,3,Tether,$1.00 ,-0.03%,$183.36B
9/8/2026 18:21,4,BNB,$750.53 ,0.66%,$99.94B
9/8/2026 18:21,5,XRP,$1.39 ,-0.64%,$87.58B
9/8/2026 18:21,6,USDC,$1.00 ,0.00%,$74.27B
9/8/2026 18:21,7,Solana,$103.03 ,-2.08%,$60.39B
9/8/2026 18:21,8,TRON,$0.34 ,0.90%,$32.16B
9/8/2026 18:21,9,Hyperliquid,$83.16 ,-5.53%,$20.94B
9/8/2026 18:21,10,Zcash,"$1,154.86 ",-3.20%,$19.47B
,,,,,
9/8/2026 18:21,1,Bitcoin,"$78,287.29 ",-1.55%,$1.57T
9/8/2026 18:21,2,Ethereum,"$2,472.31 ",-0.98%,$301.66B
9/8/2026 18:21,3,Tether,$1.00 ,-0.03%,$183.36B
9/8/2026 18:21,4,BNB,$751.26 ,0.71%,$100.03B
9/8/2026 18:21,5,XRP,$1.39 ,-0.64%,$87.58B
9/8/2026 18:21,6,USDC,$1.00 ,0.00%,$74.28B
9/8/2026 18:21,7,Solana,$103.03 ,-2.08%,$60.39B
9/8/2026 18:21,8,TRON,$0.34 ,0.90%,$32.16B
9/8/2026 18:21,9,Hyperliquid,$83.16 ,-5.53%,$20.94B
9/8/2026 18:21,10,Zcash,"$1,154.86 ",-3.20%,$19.47B
,,,,,
9/8/2026 18:22,1,Bitcoin,"$78,287.29 ",-1.55%,$1.57T
9/8/2026 18:22,2,Ethereum,"$2,472.31 ",-0.98%,$301.66B
9/8/2026 18:22,3,Tether,$1.00 ,-0.03%,$183.36B
9/8/2026 18:22,4,BNB,$750.53 ,0.66%,$99.94B
9/8/2026 18:22,5,XRP,$1.39 ,-0.64%,$87.58B
9/8/2026 18:22,6,USDC,$1.00 ,0.00%,$74.27B
9/8/2026 18:22,7,Solana,$103.03 ,-2.08%,$60.39B
9/8/2026 18:22,8,TRON,$0.34 ,0.90%,$32.16B
9/8/2026 18:22,9,Hyperliquid,$83.16 ,-5.53%,$20.94B
9/8/2026 18:22,10,Zcash,"$1,159.25 ",-3.02%,$19.54B
,,,,,
9/8/2026 18:28,1,Bitcoin,"$78,347.70 ",-1.50%,$1.57T
9/8/2026 18:28,2,Ethereum,"$2,471.77 ",-1.09%,$301.69B
9/8/2026 18:28,3,Tether,$1.00 ,-0.03%,$183.35B
9/8/2026 18:28,4,BNB,$750.91 ,0.67%,$99.99B
9/8/2026 18:28,5,XRP,$1.39 ,-0.74%,$87.57B
9/8/2026 18:28,6,USDC,$1.00 ,-0.01%,$74.28B
9/8/2026 18:28,7,Solana,$103.04 ,-2.12%,$60.39B
9/8/2026 18:28,8,TRON,$0.34 ,0.92%,$32.16B
9/8/2026 18:28,9,Hyperliquid,$83.21 ,-5.52%,$20.96B
9/8/2026 18:28,10,Zcash,"$1,159.45 ",-3.12%,$19.54B
,,,,,
9/8/2026 18:28,1,Bitcoin,"$78,347.70 ",-1.50%,$1.57T
9/8/2026 18:28,2,Ethereum,"$2,471.77 ",-1.09%,$301.69B
9/8/2026 18:28,3,Tether,$1.00 ,-0.03%,$183.37B
9/8/2026 18:28,4,BNB,$750.91 ,0.67%,$99.99B
9/8/2026 18:28,5,XRP,$1.39 ,-0.74%,$87.57B
9/8/2026 18:28,6,USDC,$1.00 ,-0.01%,$74.28B
9/8/2026 18:28,7,Solana,$103.04 ,-2.12%,$60.39B
9/8/2026 18:28,8,TRON,$0.34 ,0.92%,$32.16B
9/8/2026 18:28,9,Hyperliquid,$83.09 ,-5.60%,$20.93B
9/8/2026 18:28,10,Zcash,"$1,156.80 ",-3.13%,$19.5B
,,,,,
9/8/2026 18:28,1,Bitcoin,"$78,347.70 ",-1.50%,$1.57T
9/8/2026 18:28,2,Ethereum,"$2,471.77 ",-1.09%,$301.69B
9/8/2026 18:28,3,Tether,$1.00 ,-0.03%,$183.37B
9/8/2026 18:28,4,BNB,$750.91 ,0.67%,$99.99B
9/8/2026 18:28,5,XRP,$1.39 ,-0.74%,$87.57B
9/8/2026 18:28,6,USDC,$1.00 ,-0.01%,$74.28B
9/8/2026 18:28,7,Solana,$103.04 ,-2.12%,$60.39B
9/8/2026 18:28,8,TRON,$0.34 ,0.92%,$32.16B
9/8/2026 18:28,9,Hyperliquid,$83.09 ,-5.60%,$20.93B
9/8/2026 18:28,10,Zcash,"$1,156.80 ",-3.13%,$19.5B
,,,,,
9/8/2026 18:29,1,Bitcoin,"$78,418.43 ",-1.48%,$1.57T
9/8/2026 18:29,2,Ethereum,"$2,473.00 ",-1.17%,$301.69B
9/8/2026 18:29,3,Tether,$1.00 ,-0.02%,$183.37B
9/8/2026 18:29,4,BNB,$750.91 ,0.67%,$99.99B
9/8/2026 18:29,5,XRP,$1.39 ,-0.74%,$87.57B
9/8/2026 18:29,6,USDC,$1.00 ,-0.01%,$74.28B
9/8/2026 18:29,7,Solana,$103.04 ,-2.12%,$60.39B
9/8/2026 18:29,8,TRON,$0.34 ,0.92%,$32.16B
9/8/2026 18:29,9,Hyperliquid,$83.09 ,-5.60%,$20.93B
9/8/2026 18:29,10,Zcash,"$1,156.80 ",-3.13%,$19.5B
,,,,,
9/8/2026 18:29,1,Bitcoin,"$78,397.58 ",-1.52%,$1.57T
9/8/2026 18:29,2,Ethereum,"$2,471.60 ",-1.39%,$301.6B
9/8/2026 18:29,3,Tether,$1.00 ,-0.02%,$183.37B
9/8/2026 18:29,4,BNB,$751.41 ,0.58%,$100.05B
9/8/2026 18:29,5,XRP,$1.39 ,-1.02%,$87.7B
9/8/2026 18:29,6,USDC,$1.00 ,0.00%,$74.28B
9/8/2026 18:29,7,Solana,$103.08 ,-2.54%,$60.42B
9/8/2026 18:29,8,TRON,$0.34 ,0.92%,$32.16B
9/8/2026 18:29,9,Hyperliquid,$83.09 ,-5.60%,$20.93B
9/8/2026 18:29,10,Zcash,"$1,156.80 ",-3.13%,$19.5B
,,,,,
9/8/2026 18:30,1,Bitcoin,"$78,418.43 ",-1.48%,$1.57T
9/8/2026 18:30,2,Ethereum,"$2,473.00 ",-1.17%,$301.69B
9/8/2026 18:30,3,Tether,$1.00 ,-0.03%,$183.37B
9/8/2026 18:30,4,BNB,$750.91 ,0.67%,$99.99B
9/8/2026 18:30,5,XRP,$1.39 ,-0.74%,$87.57B
9/8/2026 18:30,6,USDC,$1.00 ,-0.01%,$74.28B
9/8/2026 18:30,7,Solana,$103.04 ,-2.12%,$60.39B
9/8/2026 18:30,8,TRON,$0.34 ,0.92%,$32.16B
9/8/2026 18:30,9,Hyperliquid,$83.09 ,-5.60%,$20.93B
9/8/2026 18:30,10,Zcash,"$1,156.80 ",-3.13%,$19.5B
,,,,,
9/8/2026 18:31,1,Bitcoin,"$78,418.43 ",-1.48%,$1.57T
9/8/2026 18:31,2,Ethereum,"$2,473.00 ",-1.17%,$301.69B
9/8/2026 18:31,3,Tether,$1.00 ,-0.03%,$183.37B
9/8/2026 18:31,4,BNB,$750.91 ,0.67%,$99.99B
9/8/2026 18:31,5,XRP,$1.39 ,-0.74%,$87.57B
9/8/2026 18:31,6,USDC,$1.00 ,-0.01%,$74.28B
9/8/2026 18:31,7,Solana,$103.04 ,-2.12%,$60.39B
9/8/2026 18:31,8,TRON,$0.34 ,0.92%,$32.16B
9/8/2026 18:31,9,Hyperliquid,$83.09 ,-5.60%,$20.93B
9/8/2026 18:31,10,Zcash,"$1,156.80 ",-3.13%,$19.5B
,,,,,
9/8/2026 18:31,1,Bitcoin,"$78,378.66 ",-1.55%,$1.57T
9/8/2026 18:31,2,Ethereum,"$2,471.87 ",-1.32%,$301.78B
9/8/2026 18:31,3,Tether,$1.00 ,-0.02%,$183.39B
9/8/2026 18:31,4,BNB,$751.22 ,0.61%,$100.03B
9/8/2026 18:31,5,XRP,$1.39 ,-0.81%,$87.66B
9/8/2026 18:31,6,USDC,$1.00 ,0.01%,$74.29B
9/8/2026 18:31,7,Solana,$103.12 ,-2.27%,$60.44B
9/8/2026 18:31,8,TRON,$0.34 ,0.93%,$32.16B
9/8/2026 18:31,9,Hyperliquid,$83.26 ,-5.47%,$20.97B
9/8/2026 18:31,10,Zcash,"$1,159.29 ",-3.15%,$19.54B
,,,,,
9/8/2026 18:32,1,Bitcoin,"$78,378.66 ",-1.55%,$1.57T
9/8/2026 18:32,2,Ethereum,"$2,471.87 ",-1.32%,$301.78B
9/8/2026 18:32,3,Tether,$1.00 ,-0.02%,$183.39B
9/8/2026 18:32,4,BNB,$751.22 ,0.61%,$100.03B
9/8/2026 18:32,5,XRP,$1.39 ,-0.81%,$87.66B
9/8/2026 18:32,6,USDC,$1.00 ,0.01%,$74.29B
9/8/2026 18:32,7,Solana,$103.12 ,-2.27%,$60.44B
9/8/2026 18:32,8,TRON,$0.34 ,0.93%,$32.16B
9/8/2026 18:32,9,Hyperliquid,$83.26 ,-5.47%,$20.97B
9/8/2026 18:32,10,Zcash,"$1,159.87 ",-3.12%,$19.55B
,,,,,
9/8/2026 18:32,1,Bitcoin,"$78,461.28 ",-1.38%,$1.57T
9/8/2026 18:32,2,Ethereum,"$2,472.85 ",-1.25%,$301.76B
9/8/2026 18:32,3,Tether,$1.00 ,-0.02%,$183.39B
9/8/2026 18:32,4,BNB,$751.22 ,0.61%,$100.03B
9/8/2026 18:32,5,XRP,$1.39 ,-0.94%,$87.75B
9/8/2026 18:32,6,USDC,$1.00 ,0.00%,$74.28B
9/8/2026 18:32,7,Solana,$103.07 ,-2.50%,$60.41B
9/8/2026 18:32,8,TRON,$0.34 ,0.93%,$32.16B
9/8/2026 18:32,9,Hyperliquid,$83.18 ,-5.56%,$20.95B
9/8/2026 18:32,10,Zcash,"$1,159.46 ",-3.12%,$19.54B
,,,,,
9/8/2026 18:33,1,Bitcoin,"$78,458.49 ",-1.38%,$1.57T
9/8/2026 18:33,2,Ethereum,"$2,472.72 ",-1.26%,$301.74B
9/8/2026 18:33,3,Tether,$1.00 ,-0.02%,$183.39B
9/8/2026 18:33,4,BNB,$751.22 ,0.61%,$100.03B
9/8/2026 18:33,5,XRP,$1.39 ,-0.81%,$87.66B
9/8/2026 18:33,6,USDC,$1.00 ,0.01%,$74.29B
9/8/2026 18:33,7,Solana,$103.06 ,-2.51%,$60.41B
9/8/2026 18:33,8,TRON,$0.34 ,0.93%,$32.16B
9/8/2026 18:33,9,Hyperliquid,$83.26 ,-5.49%,$20.97B
9/8/2026 18:33,10,Zcash,"$1,159.34 ",-3.13%,$19.54B
,,,,,
9/8/2026 18:33,1,Bitcoin,"$78,468.35 ",-1.34%,$1.57T
9/8/2026 18:33,2,Ethereum,"$2,471.55 ",-1.39%,$301.78B
9/8/2026 18:33,3,Tether,$1.00 ,-0.02%,$183.39B
9/8/2026 18:33,4,BNB,$751.22 ,0.61%,$100.03B
9/8/2026 18:33,5,XRP,$1.39 ,-0.81%,$87.66B
9/8/2026 18:33,6,USDC,$1.00 ,0.01%,$74.29B
9/8/2026 18:33,7,Solana,$103.12 ,-2.27%,$60.44B
9/8/2026 18:33,8,TRON,$0.34 ,0.93%,$32.16B
9/8/2026 18:33,9,Hyperliquid,$83.26 ,-5.49%,$20.97B
9/8/2026 18:33,10,Zcash,"$1,159.32 ",-3.06%,$19.54B
,,,,,
9/8/2026 18:34,1,Bitcoin,"$78,408.49 ",-1.50%,$1.57T
9/8/2026 18:34,2,Ethereum,"$2,471.55 ",-1.39%,$301.78B
9/8/2026 18:34,3,Tether,$1.00 ,-0.02%,$183.39B
9/8/2026 18:34,4,BNB,$751.22 ,0.61%,$100.03B
9/8/2026 18:34,5,XRP,$1.39 ,-0.81%,$87.66B
9/8/2026 18:34,6,USDC,$1.00 ,0.01%,$74.29B
9/8/2026 18:34,7,Solana,$103.12 ,-2.27%,$60.44B
9/8/2026 18:34,8,TRON,$0.34 ,0.93%,$32.16B
9/8/2026 18:34,9,Hyperliquid,$83.25 ,-5.49%,$20.97B
9/8/2026 18:34,10,Zcash,"$1,159.50 ",-3.04%,$19.54B
,,,,,
9/8/2026 18:34,1,Bitcoin,"$78,408.49 ",-1.50%,$1.57T
9/8/2026 18:34,2,Ethereum,"$2,471.55 ",-1.39%,$301.78B
9/8/2026 18:34,3,Tether,$1.00 ,-0.02%,$183.39B
9/8/2026 18:34,4,BNB,$751.22 ,0.61%,$100.03B
9/8/2026 18:34,5,XRP,$1.39 ,-0.81%,$87.66B
9/8/2026 18:34,6,USDC,$1.00 ,0.01%,$74.29B
9/8/2026 18:34,7,Solana,$103.12 ,-2.27%,$60.44B
9/8/2026 18:34,8,TRON,$0.34 ,0.93%,$32.16B
9/8/2026 18:34,9,Hyperliquid,$83.25 ,-5.55%,$20.97B
9/8/2026 18:34,10,Zcash,"$1,159.51 ",-2.95%,$19.54B
,,,,,
9/8/2026 18:35,1,Bitcoin,"$78,408.49 ",-1.50%,$1.57T
9/8/2026 18:35,2,Ethereum,"$2,471.55 ",-1.39%,$301.78B
9/8/2026 18:35,3,Tether,$1.00 ,-0.02%,$183.39B
9/8/2026 18:35,4,BNB,$751.22 ,0.61%,$100.03B
9/8/2026 18:35,5,XRP,$1.39 ,-0.81%,$87.66B
9/8/2026 18:35,6,USDC,$1.00 ,0.01%,$74.29B
9/8/2026 18:35,7,Solana,$103.12 ,-2.27%,$60.44B
9/8/2026 18:35,8,TRON,$0.34 ,0.93%,$32.16B
9/8/2026 18:35,9,Hyperliquid,$83.18 ,-5.56%,$20.97B
9/8/2026 18:35,10,Zcash,"$1,159.36 ",-2.96%,$19.54B
,,,,,
9/8/2026 18:35,1,Bitcoin,"$78,396.45 ",-1.51%,$1.57T
9/8/2026 18:35,2,Ethereum,"$2,471.86 ",-1.35%,$301.78B
9/8/2026 18:35,3,Tether,$1.00 ,-0.02%,$183.39B
9/8/2026 18:35,4,BNB,$751.22 ,0.61%,$100.03B
9/8/2026 18:35,5,XRP,$1.39 ,-0.81%,$87.66B
9/8/2026 18:35,6,USDC,$1.00 ,0.01%,$74.29B
9/8/2026 18:35,7,Solana,$103.12 ,-2.27%,$60.44B
9/8/2026 18:35,8,TRON,$0.34 ,0.93%,$32.16B
9/8/2026 18:35,9,Hyperliquid,$83.18 ,-5.56%,$20.95B
9/8/2026 18:35,10,Zcash,"$1,159.87 ",-3.12%,$19.55B
,,,,,
9/8/2026 18:35,1,Bitcoin,"$78,396.45 ",-1.51%,$1.57T
9/8/2026 18:35,2,Ethereum,"$2,471.86 ",-1.35%,$301.78B
9/8/2026 18:35,3,Tether,$1.00 ,-0.02%,$183.39B
9/8/2026 18:35,4,BNB,$751.22 ,0.61%,$100.03B
9/8/2026 18:35,5,XRP,$1.39 ,-0.81%,$87.66B
9/8/2026 18:35,6,USDC,$1.00 ,0.01%,$74.29B
9/8/2026 18:35,7,Solana,$103.12 ,-2.27%,$60.44B
9/8/2026 18:35,8,TRON,$0.34 ,0.93%,$32.16B
9/8/2026 18:35,9,Hyperliquid,$83.18 ,-5.56%,$20.95B
9/8/2026 18:35,10,Zcash,"$1,159.87 ",-3.12%,$19.55B
,,,,,
9/8/2026 18:36,1,Bitcoin,"$78,396.45 ",-1.51%,$1.57T
9/8/2026 18:36,2,Ethereum,"$2,474.53 ",-1.18%,$301.96B
9/8/2026 18:36,3,Tether,$1.00 ,-0.02%,$183.38B
9/8/2026 18:36,4,BNB,$751.22 ,0.61%,$100.03B
9/8/2026 18:36,5,XRP,$1.39 ,-0.81%,$87.66B
9/8/2026 18:36,6,USDC,$1.00 ,0.01%,$74.29B
9/8/2026 18:36,7,Solana,$103.12 ,-2.27%,$60.44B
9/8/2026 18:36,8,TRON,$0.34 ,0.93%,$32.16B
9/8/2026 18:36,9,Hyperliquid,$83.18 ,-5.56%,$20.95B
9/8/2026 18:36,10,Zcash,"$1,159.87 ",-3.12%,$19.55B
,,,,,
9/8/2026 18:36,1,Bitcoin,"$78,396.45 ",-1.51%,$1.57T
9/8/2026 18:36,2,Ethereum,"$2,471.86 ",-1.35%,$301.78B
9/8/2026 18:36,3,Tether,$1.00 ,-0.03%,$183.36B
9/8/2026 18:36,4,BNB,$752.17 ,0.73%,$100.16B
9/8/2026 18:36,5,XRP,$1.39 ,-0.81%,$87.66B
9/8/2026 18:36,6,USDC,$1.00 ,0.01%,$74.29B
9/8/2026 18:36,7,Solana,$103.08 ,-2.42%,$60.42B
9/8/2026 18:36,8,TRON,$0.34 ,0.93%,$32.16B
9/8/2026 18:36,9,Hyperliquid,$83.18 ,-5.56%,$20.95B
9/8/2026 18:36,10,Zcash,"$1,159.87 ",-3.12%,$19.55B
,,,,,
9/8/2026 18:37,1,Bitcoin,"$78,463.85 ",-1.35%,$1.57T
9/8/2026 18:37,2,Ethereum,"$2,472.76 ",-1.25%,$301.64B
9/8/2026 18:37,3,Tether,$1.00 ,-0.02%,$183.37B
9/8/2026 18:37,4,BNB,$751.38 ,0.57%,$100.05B
9/8/2026 18:37,5,XRP,$1.40 ,-0.66%,$87.93B
9/8/2026 18:37,6,USDC,$1.00 ,0.00%,$74.25B
9/8/2026 18:37,7,Solana,$103.08 ,-2.43%,$60.42B
9/8/2026 18:37,8,TRON,$0.34 ,0.92%,$32.16B
9/8/2026 18:37,9,Hyperliquid,$83.22 ,-5.50%,$20.96B
9/8/2026 18:37,10,Zcash,"$1,159.10 ",-3.16%,$19.54B
,,,,,
9/8/2026 18:37,1,Bitcoin,"$78,510.18 ",-1.29%,$1.57T
9/8/2026 18:37,2,Ethereum,"$2,474.54 ",-1.20%,$301.96B
9/8/2026 18:37,3,Tether,$1.00 ,0.00%,$183.41B
9/8/2026 18:37,4,BNB,$752.23 ,0.73%,$100.16B
9/8/2026 18:37,5,XRP,$1.40 ,-0.66%,$87.93B
9/8/2026 18:37,6,USDC,$1.00 ,0.02%,$74.27B
9/8/2026 18:37,7,Solana,$103.08 ,-2.43%,$60.42B
9/8/2026 18:37,8,TRON,$0.34 ,0.92%,$32.16B
9/8/2026 18:37,9,Hyperliquid,$83.22 ,-5.50%,$20.96B
9/8/2026 18:37,10,Zcash,"$1,159.10 ",-3.16%,$19.54B
,,,,,
9/8/2026 18:38,1,Bitcoin,"$78,463.85 ",-1.35%,$1.57T
9/8/2026 18:38,2,Ethereum,"$2,472.76 ",-1.25%,$301.64B
9/8/2026 18:38,3,Tether,$1.00 ,-0.03%,$183.36B
9/8/2026 18:38,4,BNB,$751.38 ,0.57%,$100.05B
9/8/2026 18:38,5,XRP,$1.39 ,-1.01%,$87.7B
9/8/2026 18:38,6,USDC,$1.00 ,0.00%,$74.28B
9/8/2026 18:38,7,Solana,$103.08 ,-2.54%,$60.42B
9/8/2026 18:38,8,TRON,$0.34 ,0.92%,$32.16B
9/8/2026 18:38,9,Hyperliquid,$83.22 ,-5.50%,$20.96B
9/8/2026 18:38,10,Zcash,"$1,159.10 ",-3.16%,$19.54B
,,,,,
9/8/2026 18:38,1,Bitcoin,"$78,475.83 ",-1.33%,$1.57T
9/8/2026 18:38,2,Ethereum,"$2,473.13 ",-1.25%,$301.79B
9/8/2026 18:38,3,Tether,$1.00 ,-0.03%,$183.36B
9/8/2026 18:38,4,BNB,$752.21 ,0.73%,$100.16B
9/8/2026 18:38,5,XRP,$1.40 ,-0.64%,$87.93B
9/8/2026 18:38,6,USDC,$1.00 ,-0.01%,$74.25B
9/8/2026 18:38,7,Solana,$103.07 ,-2.41%,$60.41B
9/8/2026 18:38,8,TRON,$0.34 ,0.92%,$32.16B
9/8/2026 18:38,9,Hyperliquid,$83.22 ,-5.50%,$20.96B
9/8/2026 18:38,10,Zcash,"$1,159.10 ",-3.16%,$19.54B
,,,,,
9/8/2026 18:39,1,Bitcoin,"$78,463.02 ",-1.34%,$1.57T
9/8/2026 18:39,2,Ethereum,"$2,472.51 ",-1.27%,$301.72B
9/8/2026 18:39,3,Tether,$1.00 ,-0.03%,$183.34B
9/8/2026 18:39,4,BNB,$752.08 ,0.72%,$100.14B
9/8/2026 18:39,5,XRP,$1.40 ,-0.68%,$87.89B
9/8/2026 18:39,6,USDC,$1.00 ,-0.01%,$74.24B
9/8/2026 18:39,7,Solana,$103.03 ,-2.45%,$60.39B
9/8/2026 18:39,8,TRON,$0.34 ,0.92%,$32.16B
9/8/2026 18:39,9,Hyperliquid,$83.22 ,-5.50%,$20.96B
9/8/2026 18:39,10,Zcash,"$1,159.10 ",-3.16%,$19.54B
,,,,,
9/8/2026 18:39,1,Bitcoin,"$78,454.67 ",-1.35%,$1.57T
9/8/2026 18:39,2,Ethereum,"$2,472.15 ",-1.28%,$301.67B
9/8/2026 18:39,3,Tether,$1.00 ,-0.03%,$183.36B
9/8/2026 18:39,4,BNB,$752.04 ,0.71%,$100.14B
9/8/2026 18:39,5,XRP,$1.40 ,-0.70%,$87.87B
9/8/2026 18:39,6,USDC,$1.00 ,0.00%,$74.25B
9/8/2026 18:39,7,Solana,$103.01 ,-2.46%,$60.38B
9/8/2026 18:39,8,TRON,$0.34 ,0.92%,$32.16B
9/8/2026 18:39,9,Hyperliquid,$83.22 ,-5.50%,$20.96B
9/8/2026 18:39,10,Zcash,"$1,159.10 ",-3.16%,$19.54B
,,,,,
9/8/2026 18:40,1,Bitcoin,"$78,430.38 ",-1.43%,$1.57T
9/8/2026 18:40,2,Ethereum,"$2,471.77 ",-1.37%,$301.63B
9/8/2026 18:40,3,Tether,$1.00 ,-0.03%,$183.36B
9/8/2026 18:40,4,BNB,$752.00 ,0.69%,$100.13B
9/8/2026 18:40,5,XRP,$1.40 ,-0.68%,$87.86B
9/8/2026 18:40,6,USDC,$1.00 ,-0.01%,$74.25B
9/8/2026 18:40,7,Solana,$103.00 ,-2.46%,$60.37B
9/8/2026 18:40,8,TRON,$0.34 ,0.92%,$32.16B
9/8/2026 18:40,9,Hyperliquid,$83.22 ,-5.50%,$20.96B
9/8/2026 18:40,10,Zcash,"$1,159.10 ",-3.16%,$19.54B
,,,,,
9/8/2026 18:40,1,Bitcoin,"$78,428.02 ",-1.43%,$1.57T
9/8/2026 18:40,2,Ethereum,"$2,471.66 ",-1.38%,$301.61B
9/8/2026 18:40,3,Tether,$1.00 ,-0.03%,$183.36B
9/8/2026 18:40,4,BNB,$751.98 ,0.68%,$100.13B
9/8/2026 18:40,5,XRP,$1.40 ,-0.68%,$87.86B
9/8/2026 18:40,6,USDC,$1.00 ,-0.01%,$74.25B
9/8/2026 18:40,7,Solana,$103.00 ,-2.46%,$60.37B
9/8/2026 18:40,8,TRON,$0.34 ,0.95%,$32.16B
9/8/2026 18:40,9,Hyperliquid,$83.26 ,-5.48%,$20.97B
9/8/2026 18:40,10,Zcash,"$1,159.50 ",-2.95%,$19.54B
,,,,,
9/8/2026 18:41,1,Bitcoin,"$78,469.32 ",-1.44%,$1.57T
9/8/2026 18:41,2,Ethereum,"$2,472.58 ",-1.44%,$301.72B
9/8/2026 18:41,3,Tether,$1.00 ,-0.03%,$183.36B
9/8/2026 18:41,4,BNB,$751.99 ,0.68%,$100.13B
9/8/2026 18:41,5,XRP,$1.40 ,-0.69%,$87.87B
9/8/2026 18:41,6,USDC,$1.00 ,0.00%,$74.25B
9/8/2026 18:41,7,Solana,$103.00 ,-2.49%,$60.37B
9/8/2026 18:41,8,TRON,$0.34 ,0.95%,$32.16B
9/8/2026 18:41,9,Hyperliquid,$83.26 ,-5.48%,$20.97B
9/8/2026 18:41,10,Zcash,"$1,159.50 ",-2.95%,$19.54B
,,,,,
9/8/2026 18:41,1,Bitcoin,"$78,489.53 ",-1.32%,$1.57T
9/8/2026 18:41,2,Ethereum,"$2,473.58 ",-1.22%,$301.77B
9/8/2026 18:41,3,Tether,$1.00 ,-0.03%,$183.36B
9/8/2026 18:41,4,BNB,$751.78 ,0.67%,$100.1B
9/8/2026 18:41,5,XRP,$1.39 ,-0.90%,$87.76B
9/8/2026 18:41,6,USDC,$1.00 ,-0.01%,$74.28B
9/8/2026 18:41,7,Solana,$103.08 ,-2.42%,$60.42B
9/8/2026 18:41,8,TRON,$0.34 ,0.95%,$32.16B
9/8/2026 18:41,9,Hyperliquid,$83.26 ,-5.48%,$20.97B
9/8/2026 18:41,10,Zcash,"$1,159.50 ",-2.95%,$19.54B
,,,,,
9/8/2026 18:42,1,Bitcoin,"$78,489.53 ",-1.32%,$1.57T
9/8/2026 18:42,2,Ethereum,"$2,473.58 ",-1.22%,$301.77B
9/8/2026 18:42,3,Tether,$1.00 ,-0.03%,$183.36B
9/8/2026 18:42,4,BNB,$751.78 ,0.67%,$100.1B
9/8/2026 18:42,5,XRP,$1.39 ,-0.90%,$87.76B
9/8/2026 18:42,6,USDC,$1.00 ,-0.01%,$74.28B
9/8/2026 18:42,7,Solana,$103.08 ,-2.42%,$60.42B
9/8/2026 18:42,8,TRON,$0.34 ,0.95%,$32.16B
9/8/2026 18:42,9,Hyperliquid,$83.26 ,-5.48%,$20.97B
9/8/2026 18:42,10,Zcash,"$1,159.50 ",-2.95%,$19.54B
,,,,,
9/8/2026 18:42,1,Bitcoin,"$78,454.86 ",-1.45%,$1.57T
9/8/2026 18:42,2,Ethereum,"$2,473.58 ",-1.22%,$301.77B
9/8/2026 18:42,3,Tether,$1.00 ,-0.03%,$183.36B
9/8/2026 18:42,4,BNB,$751.78 ,0.67%,$100.1B
9/8/2026 18:42,5,XRP,$1.39 ,-0.90%,$87.76B
9/8/2026 18:42,6,USDC,$1.00 ,-0.01%,$74.28B
9/8/2026 18:42,7,Solana,$103.08 ,-2.42%,$60.42B
9/8/2026 18:42,8,TRON,$0.34 ,0.95%,$32.16B
9/8/2026 18:42,9,Hyperliquid,$83.26 ,-5.48%,$20.97B
9/8/2026 18:42,10,Zcash,"$1,159.50 ",-2.95%,$19.54B
,,,,,
9/8/2026 18:43,1,Bitcoin,"$78,489.53 ",-1.32%,$1.57T
9/8/2026 18:43,2,Ethereum,"$2,473.58 ",-1.22%,$301.77B
9/8/2026 18:43,3,Tether,$1.00 ,-0.03%,$183.36B
9/8/2026 18:43,4,BNB,$751.78 ,0.67%,$100.1B
9/8/2026 18:43,5,XRP,$1.39 ,-0.90%,$87.76B
9/8/2026 18:43,6,USDC,$1.00 ,-0.01%,$74.28B
9/8/2026 18:43,7,Solana,$103.08 ,-2.42%,$60.42B
9/8/2026 18:43,8,TRON,$0.34 ,0.95%,$32.16B
9/8/2026 18:43,9,Hyperliquid,$83.26 ,-5.48%,$20.97B
9/8/2026 18:43,10,Zcash,"$1,159.50 ",-2.95%,$19.54B
,,,,,
9/8/2026 18:43,1,Bitcoin,"$78,443.31 ",-1.41%,$1.57T
9/8/2026 18:43,2,Ethereum,"$2,472.47 ",-1.37%,$301.71B
9/8/2026 18:43,3,Tether,$1.00 ,-0.02%,$183.37B
9/8/2026 18:43,4,BNB,$752.02 ,0.67%,$100.14B
9/8/2026 18:43,5,XRP,$1.40 ,-0.62%,$87.92B
9/8/2026 18:43,6,USDC,$1.00 ,0.00%,$74.26B
9/8/2026 18:43,7,Solana,$103.02 ,-2.50%,$60.38B
9/8/2026 18:43,8,TRON,$0.34 ,0.95%,$32.16B
9/8/2026 18:43,9,Hyperliquid,$83.26 ,-5.48%,$20.97B
9/8/2026 18:43,10,Zcash,"$1,159.50 ",-2.95%,$19.54B
,,,,,
9/8/2026 18:44,1,Bitcoin,"$78,436.51 ",-1.42%,$1.57T
9/8/2026 18:44,2,Ethereum,"$2,472.81 ",-1.26%,$301.77B
9/8/2026 18:44,3,Tether,$1.00 ,-0.02%,$183.37B
9/8/2026 18:44,4,BNB,$751.78 ,0.67%,$100.1B
9/8/2026 18:44,5,XRP,$1.39 ,-0.90%,$87.76B
9/8/2026 18:44,6,USDC,$1.00 ,-0.01%,$74.28B
9/8/2026 18:44,7,Solana,$103.08 ,-2.42%,$60.42B
9/8/2026 18:44,8,TRON,$0.34 ,0.95%,$32.16B
9/8/2026 18:44,9,Hyperliquid,$83.26 ,-5.48%,$20.97B
9/8/2026 18:44,10,Zcash,"$1,159.50 ",-2.95%,$19.54B
,,,,,
9/8/2026 18:44,1,Bitcoin,"$78,436.51 ",-1.42%,$1.57T
9/8/2026 18:44,2,Ethereum,"$2,472.81 ",-1.26%,$301.77B
9/8/2026 18:44,3,Tether,$1.00 ,-0.03%,$183.36B
9/8/2026 18:44,4,BNB,$751.78 ,0.67%,$100.1B
9/8/2026 18:44,5,XRP,$1.39 ,-0.90%,$87.76B
9/8/2026 18:44,6,USDC,$1.00 ,-0.01%,$74.28B
9/8/2026 18:44,7,Solana,$103.08 ,-2.42%,$60.42B
9/8/2026 18:44,8,TRON,$0.34 ,0.95%,$32.16B
9/8/2026 18:44,9,Hyperliquid,$83.26 ,-5.48%,$20.97B
9/8/2026 18:44,10,Zcash,"$1,159.50 ",-2.95%,$19.54B
,,,,,
9/8/2026 18:45,1,Bitcoin,"$78,443.11 ",-1.47%,$1.57T
9/8/2026 18:45,2,Ethereum,"$2,472.81 ",-1.26%,$301.77B
9/8/2026 18:45,3,Tether,$1.00 ,-0.03%,$183.36B
9/8/2026 18:45,4,BNB,$751.78 ,0.67%,$100.1B
9/8/2026 18:45,5,XRP,$1.39 ,-0.90%,$87.76B
9/8/2026 18:45,6,USDC,$1.00 ,-0.01%,$74.28B
9/8/2026 18:45,7,Solana,$103.08 ,-2.42%,$60.42B
9/8/2026 18:45,8,TRON,$0.34 ,0.95%,$32.16B
9/8/2026 18:45,9,Hyperliquid,$83.26 ,-5.48%,$20.97B
9/8/2026 18:45,10,Zcash,"$1,159.50 ",-2.95%,$19.54B
,,,,,
9/8/2026 18:45,1,Bitcoin,"$78,436.51 ",-1.42%,$1.57T
9/8/2026 18:45,2,Ethereum,"$2,472.81 ",-1.26%,$301.77B
9/8/2026 18:45,3,Tether,$1.00 ,-0.03%,$183.36B
9/8/2026 18:45,4,BNB,$751.78 ,0.67%,$100.1B
9/8/2026 18:45,5,XRP,$1.39 ,-0.90%,$87.76B
9/8/2026 18:45,6,USDC,$1.00 ,-0.01%,$74.28B
9/8/2026 18:45,7,Solana,$103.08 ,-2.42%,$60.42B
9/8/2026 18:45,8,TRON,$0.34 ,0.95%,$32.16B
9/8/2026 18:45,9,Hyperliquid,$83.26 ,-5.48%,$20.97B
9/8/2026 18:45,10,Zcash,"$1,159.50 ",-2.95%,$19.54B
,,,,,
9/8/2026 18:46,1,Bitcoin,"$78,436.51 ",-1.42%,$1.57T
9/8/2026 18:46,2,Ethereum,"$2,472.81 ",-1.26%,$301.77B
9/8/2026 18:46,3,Tether,$1.00 ,-0.03%,$183.36B
9/8/2026 18:46,4,BNB,$751.78 ,0.67%,$100.1B
9/8/2026 18:46,5,XRP,$1.39 ,-0.90%,$87.76B
9/8/2026 18:46,6,USDC,$1.00 ,-0.01%,$74.28B
9/8/2026 18:46,7,Solana,$103.08 ,-2.42%,$60.42B
9/8/2026 18:46,8,TRON,$0.34 ,0.95%,$32.16B
9/8/2026 18:46,9,Hyperliquid,$83.26 ,-5.48%,$20.97B
9/8/2026 18:46,10,Zcash,"$1,159.50 ",-2.95%,$19.54B
,,,,,
9/8/2026 18:46,1,Bitcoin,"$78,436.51 ",-1.42%,$1.57T
9/8/2026 18:46,2,Ethereum,"$2,472.81 ",-1.26%,$301.77B
9/8/2026 18:46,3,Tether,$1.00 ,-0.03%,$183.36B
9/8/2026 18:46,4,BNB,$751.78 ,0.67%,$100.1B
9/8/2026 18:46,5,XRP,$1.39 ,-0.90%,$87.76B
9/8/2026 18:46,6,USDC,$1.00 ,-0.01%,$74.28B
9/8/2026 18:46,7,Solana,$103.08 ,-2.42%,$60.42B
9/8/2026 18:46,8,TRON,$0.34 ,0.95%,$32.16B
9/8/2026 18:46,9,Hyperliquid,$83.26 ,-5.48%,$20.97B
9/8/2026 18:46,10,Zcash,"$1,159.50 ",-2.95%,$19.54B
,,,,,
9/8/2026 18:47,1,Bitcoin,"$78,439.74 ",-1.48%,$1.57T
9/8/2026 18:47,2,Ethereum,"$2,472.39 ",-1.39%,$301.85B
9/8/2026 18:47,3,Tether,$1.00 ,-0.03%,$183.36B
9/8/2026 18:47,4,BNB,$751.89 ,0.64%,$100.12B
9/8/2026 18:47,5,XRP,$1.40 ,-0.74%,$87.85B
9/8/2026 18:47,6,USDC,$1.00 ,0.00%,$74.28B
9/8/2026 18:47,7,Solana,$103.08 ,-2.43%,$60.42B
9/8/2026 18:47,8,TRON,$0.34 ,0.94%,$32.16B
9/8/2026 18:47,9,Hyperliquid,$83.13 ,-5.58%,$20.94B
9/8/2026 18:47,10,Zcash,"$1,159.08 ",-2.76%,$19.54B
,,,,,
9/8/2026 18:47,1,Bitcoin,"$78,417.23 ",-1.47%,$1.57T
9/8/2026 18:47,2,Ethereum,"$2,472.03 ",-1.43%,$301.66B
9/8/2026 18:47,3,Tether,$1.00 ,-0.03%,$183.36B
9/8/2026 18:47,4,BNB,$752.16 ,0.72%,$100.15B
9/8/2026 18:47,5,XRP,$1.40 ,-0.64%,$87.94B
9/8/2026 18:47,6,USDC,$1.00 ,0.00%,$74.28B
9/8/2026 18:47,7,Solana,$103.08 ,-2.43%,$60.42B
9/8/2026 18:47,8,TRON,$0.34 ,0.94%,$32.16B
9/8/2026 18:47,9,Hyperliquid,$83.13 ,-5.58%,$20.94B
9/8/2026 18:47,10,Zcash,"$1,158.40 ",-2.86%,$19.53B
,,,,,
9/8/2026 18:48,1,Bitcoin,"$78,439.74 ",-1.48%,$1.57T
9/8/2026 18:48,2,Ethereum,"$2,472.39 ",-1.39%,$301.85B
9/8/2026 18:48,3,Tether,$1.00 ,-0.03%,$183.36B
9/8/2026 18:48,4,BNB,$752.16 ,0.72%,$100.15B
9/8/2026 18:48,5,XRP,$1.40 ,-0.74%,$87.85B
9/8/2026 18:48,6,USDC,$1.00 ,0.00%,$74.28B
9/8/2026 18:48,7,Solana,$103.08 ,-2.43%,$60.42B
9/8/2026 18:48,8,TRON,$0.34 ,0.94%,$32.16B
9/8/2026 18:48,9,Hyperliquid,$83.09 ,-5.61%,$20.93B
9/8/2026 18:48,10,Zcash,"$1,158.44 ",-2.84%,$19.53B
,,,,,
9/8/2026 18:48,1,Bitcoin,"$78,439.74 ",-1.48%,$1.57T
9/8/2026 18:48,2,Ethereum,"$2,472.39 ",-1.39%,$301.85B
9/8/2026 18:48,3,Tether,$1.00 ,-0.03%,$183.36B
9/8/2026 18:48,4,BNB,$752.16 ,0.72%,$100.15B
9/8/2026 18:48,5,XRP,$1.40 ,-0.74%,$87.85B
9/8/2026 18:48,6,USDC,$1.00 ,0.00%,$74.25B
9/8/2026 18:48,7,Solana,$103.08 ,-2.43%,$60.42B
9/8/2026 18:48,8,TRON,$0.34 ,0.94%,$32.16B
9/8/2026 18:48,9,Hyperliquid,$83.24 ,-5.59%,$20.97B
9/8/2026 18:48,10,Zcash,"$1,159.08 ",-2.76%,$19.54B
,,,,,
9/8/2026 18:49,1,Bitcoin,"$78,439.74 ",-1.48%,$1.57T
9/8/2026 18:49,2,Ethereum,"$2,472.39 ",-1.39%,$301.85B
9/8/2026 18:49,3,Tether,$1.00 ,-0.03%,$183.36B
9/8/2026 18:49,4,BNB,$751.94 ,0.71%,$100.13B
9/8/2026 18:49,5,XRP,$1.40 ,-0.74%,$87.85B
9/8/2026 18:49,6,USDC,$1.00 ,0.00%,$74.25B
9/8/2026 18:49,7,Solana,$103.08 ,-2.43%,$60.42B
9/8/2026 18:49,8,TRON,$0.34 ,0.94%,$32.16B
9/8/2026 18:49,9,Hyperliquid,$83.24 ,-5.59%,$20.97B
9/8/2026 18:49,10,Zcash,"$1,158.86 ",-2.77%,$19.53B
,,,,,
9/8/2026 18:49,1,Bitcoin,"$78,439.74 ",-1.48%,$1.57T
9/8/2026 18:49,2,Ethereum,"$2,472.39 ",-1.39%,$301.85B
9/8/2026 18:49,3,Tether,$1.00 ,-0.03%,$183.36B
9/8/2026 18:49,4,BNB,$751.94 ,0.71%,$100.12B
9/8/2026 18:49,5,XRP,$1.40 ,-0.74%,$87.85B
9/8/2026 18:49,6,USDC,$1.00 ,0.01%,$74.25B
9/8/2026 18:49,7,Solana,$103.08 ,-2.43%,$60.42B
9/8/2026 18:49,8,TRON,$0.34 ,0.94%,$32.16B
9/8/2026 18:49,9,Hyperliquid,$83.24 ,-5.59%,$20.97B
9/8/2026 18:49,10,Zcash,"$1,158.70 ",-2.78%,$19.53B
,,,,,
9/8/2026 18:50,1,Bitcoin,"$78,439.74 ",-1.48%,$1.57T
9/8/2026 18:50,2,Ethereum,"$2,472.39 ",-1.39%,$301.85B
9/8/2026 18:50,3,Tether,$1.00 ,-0.03%,$183.36B
9/8/2026 18:50,4,BNB,$751.94 ,0.71%,$100.12B
9/8/2026 18:50,5,XRP,$1.40 ,-0.74%,$87.85B
9/8/2026 18:50,6,USDC,$1.00 ,0.00%,$74.28B
9/8/2026 18:50,7,Solana,$103.08 ,-2.43%,$60.42B
9/8/2026 18:50,8,TRON,$0.34 ,0.94%,$32.16B
9/8/2026 18:50,9,Hyperliquid,$83.03 ,-5.65%,$20.91B
9/8/2026 18:50,10,Zcash,"$1,158.57 ",-2.79%,$19.53B
,,,,,
9/8/2026 18:50,1,Bitcoin,"$78,439.74 ",-1.48%,$1.57T
9/8/2026 18:50,2,Ethereum,"$2,472.39 ",-1.39%,$301.85B
9/8/2026 18:50,3,Tether,$1.00 ,-0.03%,$183.36B
9/8/2026 18:50,4,BNB,$752.16 ,0.72%,$100.15B
9/8/2026 18:50,5,XRP,$1.40 ,-0.74%,$87.85B
9/8/2026 18:50,6,USDC,$1.00 ,0.00%,$74.28B
9/8/2026 18:50,7,Solana,$103.08 ,-2.43%,$60.42B
9/8/2026 18:50,8,TRON,$0.34 ,0.94%,$32.16B
9/8/2026 18:50,9,Hyperliquid,$83.03 ,-5.65%,$20.91B
9/8/2026 18:50,10,Zcash,"$1,158.48 ",-2.80%,$19.53B
,,,,,
9/8/2026 18:51,1,Bitcoin,"$78,402.16 ",-1.47%,$1.57T
9/8/2026 18:51,2,Ethereum,"$2,471.94 ",-1.44%,$301.66B
9/8/2026 18:51,3,Tether,$1.00 ,-0.03%,$183.35B
9/8/2026 18:51,4,BNB,$751.65 ,0.66%,$100.09B
9/8/2026 18:51,5,XRP,$1.40 ,-0.62%,$87.92B
9/8/2026 18:51,6,USDC,$1.00 ,-0.01%,$74.25B
9/8/2026 18:51,7,Solana,$103.02 ,-2.52%,$60.38B
9/8/2026 18:51,8,TRON,$0.34 ,0.99%,$32.17B
9/8/2026 18:51,9,Hyperliquid,$82.98 ,-5.70%,$20.9B
9/8/2026 18:51,10,Zcash,"$1,157.30 ",-2.92%,$19.51B
,,,,,
9/8/2026 18:51,1,Bitcoin,"$78,402.16 ",-1.47%,$1.57T
9/8/2026 18:51,2,Ethereum,"$2,471.94 ",-1.44%,$301.66B
9/8/2026 18:51,3,Tether,$1.00 ,-0.03%,$183.35B
9/8/2026 18:51,4,BNB,$751.91 ,0.62%,$100.12B
9/8/2026 18:51,5,XRP,$1.40 ,-0.62%,$87.92B
9/8/2026 18:51,6,USDC,$1.00 ,-0.01%,$74.25B
9/8/2026 18:51,7,Solana,$103.02 ,-2.52%,$60.38B
9/8/2026 18:51,8,TRON,$0.34 ,0.99%,$32.17B
9/8/2026 18:51,9,Hyperliquid,$82.95 ,-5.74%,$20.89B
9/8/2026 18:51,10,Zcash,"$1,156.92 ",-2.95%,$19.5B
,,,,,
9/8/2026 18:52,1,Bitcoin,"$78,402.16 ",-1.47%,$1.57T
9/8/2026 18:52,2,Ethereum,"$2,471.94 ",-1.44%,$301.66B
9/8/2026 18:52,3,Tether,$1.00 ,-0.03%,$183.35B
9/8/2026 18:52,4,BNB,$751.91 ,0.62%,$100.12B
9/8/2026 18:52,5,XRP,$1.40 ,-0.62%,$87.92B
9/8/2026 18:52,6,USDC,$1.00 ,-0.01%,$74.25B
9/8/2026 18:52,7,Solana,$103.02 ,-2.52%,$60.38B
9/8/2026 18:52,8,TRON,$0.34 ,0.99%,$32.17B
9/8/2026 18:52,9,Hyperliquid,$82.93 ,-5.81%,$20.89B
9/8/2026 18:52,10,Zcash,"$1,156.67 ",-2.85%,$19.5B
,,,,,
9/8/2026 18:52,1,Bitcoin,"$78,402.16 ",-1.47%,$1.57T
9/8/2026 18:52,2,Ethereum,"$2,471.94 ",-1.44%,$301.66B
9/8/2026 18:52,3,Tether,$1.00 ,-0.03%,$183.35B
9/8/2026 18:52,4,BNB,$751.43 ,0.58%,$100.06B
9/8/2026 18:52,5,XRP,$1.40 ,-0.62%,$87.92B
9/8/2026 18:52,6,USDC,$1.00 ,-0.01%,$74.25B
9/8/2026 18:52,7,Solana,$103.02 ,-2.52%,$60.38B
9/8/2026 18:52,8,TRON,$0.34 ,0.99%,$32.17B
9/8/2026 18:52,9,Hyperliquid,$82.92 ,-5.82%,$20.89B
9/8/2026 18:52,10,Zcash,"$1,156.57 ",-2.86%,$19.49B
,,,,,
9/8/2026 18:53,1,Bitcoin,"$78,402.16 ",-1.47%,$1.57T
9/8/2026 18:53,2,Ethereum,"$2,471.94 ",-1.44%,$301.66B
9/8/2026 18:53,3,Tether,$1.00 ,-0.03%,$183.35B
9/8/2026 18:53,4,BNB,$751.47 ,0.59%,$100.06B
9/8/2026 18:53,5,XRP,$1.40 ,-0.62%,$87.92B
9/8/2026 18:53,6,USDC,$1.00 ,-0.01%,$74.25B
9/8/2026 18:53,7,Solana,$103.02 ,-2.52%,$60.38B
9/8/2026 18:53,8,TRON,$0.34 ,0.99%,$32.17B
9/8/2026 18:53,9,Hyperliquid,$83.21 ,-5.42%,$20.96B
9/8/2026 18:53,10,Zcash,"$1,157.68 ",-2.91%,$19.51B
,,,,,
9/8/2026 18:53,1,Bitcoin,"$78,402.16 ",-1.47%,$1.57T
9/8/2026 18:53,2,Ethereum,"$2,471.94 ",-1.44%,$301.66B
9/8/2026 18:53,3,Tether,$1.00 ,-0.03%,$183.35B
9/8/2026 18:53,4,BNB,$751.91 ,0.62%,$100.12B
9/8/2026 18:53,5,XRP,$1.40 ,-0.62%,$87.92B
9/8/2026 18:53,6,USDC,$1.00 ,-0.01%,$74.25B
9/8/2026 18:53,7,Solana,$103.02 ,-2.52%,$60.38B
9/8/2026 18:53,8,TRON,$0.34 ,0.99%,$32.17B
9/8/2026 18:53,9,Hyperliquid,$83.21 ,-5.42%,$20.96B
9/8/2026 18:53,10,Zcash,"$1,157.68 ",-2.91%,$19.51B
,,,,,
9/8/2026 18:54,1,Bitcoin,"$78,402.16 ",-1.47%,$1.57T
9/8/2026 18:54,2,Ethereum,"$2,471.94 ",-1.44%,$301.66B
9/8/2026 18:54,3,Tether,$1.00 ,-0.03%,$183.35B
9/8/2026 18:54,4,BNB,$751.91 ,0.62%,$100.12B
9/8/2026 18:54,5,XRP,$1.40 ,-0.62%,$87.92B
9/8/2026 18:54,6,USDC,$1.00 ,-0.01%,$74.25B
9/8/2026 18:54,7,Solana,$103.02 ,-2.52%,$60.38B
9/8/2026 18:54,8,TRON,$0.34 ,0.99%,$32.17B
9/8/2026 18:54,9,Hyperliquid,$82.80 ,-5.97%,$20.86B
9/8/2026 18:54,10,Zcash,"$1,157.68 ",-2.91%,$19.51B
,,,,,
9/8/2026 18:54,1,Bitcoin,"$78,319.38 ",-1.63%,$1.57T
9/8/2026 18:54,2,Ethereum,"$2,468.74 ",-1.60%,$301.25B
9/8/2026 18:54,3,Tether,$1.00 ,-0.03%,$183.35B
9/8/2026 18:54,4,BNB,$750.97 ,0.52%,$100B
9/8/2026 18:54,5,XRP,$1.40 ,-0.86%,$87.84B
9/8/2026 18:54,6,USDC,$1.00 ,0.00%,$74.25B
9/8/2026 18:54,7,Solana,$102.84 ,-2.75%,$60.28B
9/8/2026 18:54,8,TRON,$0.34 ,0.99%,$32.17B
9/8/2026 18:54,9,Hyperliquid,$83.21 ,-5.42%,$20.96B
9/8/2026 18:54,10,Zcash,"$1,157.68 ",-2.91%,$19.51B
,,,,,
9/8/2026 18:55,1,Bitcoin,"$78,336.66 ",-1.61%,$1.57T
9/8/2026 18:55,2,Ethereum,"$2,469.31 ",-1.57%,$301.32B
9/8/2026 18:55,3,Tether,$1.00 ,-0.03%,$183.35B
9/8/2026 18:55,4,BNB,$751.91 ,0.62%,$100.12B
9/8/2026 18:55,5,XRP,$1.40 ,-0.62%,$87.92B
9/8/2026 18:55,6,USDC,$1.00 ,-0.01%,$74.25B
9/8/2026 18:55,7,Solana,$103.02 ,-2.52%,$60.38B
9/8/2026 18:55,8,TRON,$0.34 ,0.99%,$32.17B
9/8/2026 18:55,9,Hyperliquid,$83.21 ,-5.42%,$20.96B
9/8/2026 18:55,10,Zcash,"$1,157.68 ",-2.91%,$19.51B
,,,,,
9/8/2026 18:55,1,Bitcoin,"$78,365.64 ",-1.58%,$1.57T
9/8/2026 18:55,2,Ethereum,"$2,470.49 ",-1.52%,$301.47B
9/8/2026 18:55,3,Tether,$1.00 ,-0.02%,$183.37B
9/8/2026 18:55,4,BNB,$750.96 ,0.55%,$99.99B
9/8/2026 18:55,5,XRP,$1.40 ,-0.85%,$87.84B
9/8/2026 18:55,6,USDC,$1.00 ,0.00%,$74.25B
9/8/2026 18:55,7,Solana,$102.84 ,-2.72%,$60.28B
9/8/2026 18:55,8,TRON,$0.34 ,0.99%,$32.17B
9/8/2026 18:55,9,Hyperliquid,$83.21 ,-5.42%,$20.96B
9/8/2026 18:55,10,Zcash,"$1,157.68 ",-2.91%,$19.51B
,,,,,
9/8/2026 18:56,1,Bitcoin,"$78,349.33 ",-1.60%,$1.57T
9/8/2026 18:56,2,Ethereum,"$2,469.79 ",-1.54%,$301.38B
9/8/2026 18:56,3,Tether,$1.00 ,-0.03%,$183.35B
9/8/2026 18:56,4,BNB,$751.91 ,0.62%,$100.12B
9/8/2026 18:56,5,XRP,$1.40 ,-0.84%,$87.85B
9/8/2026 18:56,6,USDC,$1.00 ,-0.01%,$74.25B
9/8/2026 18:56,7,Solana,$102.84 ,-2.71%,$60.28B
9/8/2026 18:56,8,TRON,$0.34 ,0.99%,$32.17B
9/8/2026 18:56,9,Hyperliquid,$82.80 ,-5.94%,$20.86B
9/8/2026 18:56,10,Zcash,"$1,157.68 ",-2.91%,$19.51B
,,,,,
9/8/2026 18:56,1,Bitcoin,"$78,359.64 ",-1.59%,$1.57T
9/8/2026 18:56,2,Ethereum,"$2,470.31 ",-1.52%,$301.45B
9/8/2026 18:56,3,Tether,$1.00 ,-0.03%,$183.35B
9/8/2026 18:56,4,BNB,$751.91 ,0.62%,$100.12B
9/8/2026 18:56,5,XRP,$1.40 ,-0.84%,$87.85B
9/8/2026 18:56,6,USDC,$1.00 ,-0.01%,$74.25B
9/8/2026 18:56,7,Solana,$102.83 ,-2.72%,$60.28B
9/8/2026 18:56,8,TRON,$0.34 ,0.99%,$32.17B
9/8/2026 18:56,9,Hyperliquid,$82.80 ,-5.94%,$20.85B
9/8/2026 18:56,10,Zcash,"$1,157.68 ",-2.91%,$19.51B
,,,,,
9/8/2026 18:57,1,Bitcoin,"$78,341.42 ",-1.61%,$1.57T
9/8/2026 18:57,2,Ethereum,"$2,470.31 ",-1.48%,$301.66B
9/8/2026 18:57,3,Tether,$1.00 ,-0.03%,$183.35B
9/8/2026 18:57,4,BNB,$751.91 ,0.62%,$100.12B
9/8/2026 18:57,5,XRP,$1.40 ,-0.62%,$87.92B
9/8/2026 18:57,6,USDC,$1.00 ,0.00%,$74.25B
9/8/2026 18:57,7,Solana,$103.02 ,-2.52%,$60.38B
9/8/2026 18:57,8,TRON,$0.34 ,0.99%,$32.17B
9/8/2026 18:57,9,Hyperliquid,$82.80 ,-5.93%,$20.86B
9/8/2026 18:57,10,Zcash,"$1,157.87 ",-2.53%,$19.52B
,,,,,
9/8/2026 18:57,1,Bitcoin,"$78,325.21 ",-1.61%,$1.57T
9/8/2026 18:57,2,Ethereum,"$2,467.46 ",-1.65%,$301.64B
9/8/2026 18:57,3,Tether,$1.00 ,-0.02%,$183.36B
9/8/2026 18:57,4,BNB,$751.95 ,0.71%,$100.13B
9/8/2026 18:57,5,XRP,$1.40 ,-0.64%,$87.94B
9/8/2026 18:57,6,USDC,$1.00 ,0.00%,$74.25B
9/8/2026 18:57,7,Solana,$102.99 ,-2.54%,$60.37B
9/8/2026 18:57,8,TRON,$0.34 ,1.00%,$32.17B
9/8/2026 18:57,9,Hyperliquid,$82.81 ,-5.93%,$20.86B
9/8/2026 18:57,10,Zcash,"$1,157.77 ",-2.53%,$19.51B
,,,,,
9/8/2026 18:58,1,Bitcoin,"$78,325.21 ",-1.61%,$1.57T
9/8/2026 18:58,2,Ethereum,"$2,467.46 ",-1.65%,$301.64B
9/8/2026 18:58,3,Tether,$1.00 ,-0.02%,$183.36B
9/8/2026 18:58,4,BNB,$750.86 ,0.48%,$99.98B
9/8/2026 18:58,5,XRP,$1.40 ,-0.64%,$87.94B
9/8/2026 18:58,6,USDC,$1.00 ,-0.01%,$74.25B
9/8/2026 18:58,7,Solana,$102.99 ,-2.54%,$60.37B
9/8/2026 18:58,8,TRON,$0.34 ,1.00%,$32.17B
9/8/2026 18:58,9,Hyperliquid,$83.13 ,-5.57%,$20.94B
9/8/2026 18:58,10,Zcash,"$1,158.77 ",-2.77%,$19.53B
,,,,,
9/8/2026 18:58,1,Bitcoin,"$78,325.21 ",-1.61%,$1.57T
9/8/2026 18:58,2,Ethereum,"$2,467.46 ",-1.65%,$301.64B
9/8/2026 18:58,3,Tether,$1.00 ,-0.02%,$183.36B
9/8/2026 18:58,4,BNB,$751.95 ,0.71%,$100.13B
9/8/2026 18:58,5,XRP,$1.40 ,-0.64%,$87.94B
9/8/2026 18:58,6,USDC,$1.00 ,0.00%,$74.25B
9/8/2026 18:58,7,Solana,$102.99 ,-2.54%,$60.37B
9/8/2026 18:58,8,TRON,$0.34 ,1.00%,$32.17B
9/8/2026 18:58,9,Hyperliquid,$82.81 ,-5.90%,$20.86B
9/8/2026 18:58,10,Zcash,"$1,157.55 ",-2.48%,$19.51B
,,,,,
9/8/2026 18:59,1,Bitcoin,"$78,354.99 ",-1.59%,$1.57T
9/8/2026 18:59,2,Ethereum,"$2,468.95 ",-1.58%,$301.64B
9/8/2026 18:59,3,Tether,$1.00 ,-0.02%,$183.36B
9/8/2026 18:59,4,BNB,$751.95 ,0.71%,$100.13B
9/8/2026 18:59,5,XRP,$1.40 ,-0.64%,$87.94B
9/8/2026 18:59,6,USDC,$1.00 ,0.00%,$74.25B
9/8/2026 18:59,7,Solana,$102.99 ,-2.54%,$60.37B
9/8/2026 18:59,8,TRON,$0.34 ,1.00%,$32.17B
9/8/2026 18:59,9,Hyperliquid,$82.80 ,-5.90%,$20.86B
9/8/2026 18:59,10,Zcash,"$1,157.56 ",-2.50%,$19.51B
,,,,,
9/8/2026 18:59,1,Bitcoin,"$78,354.99 ",-1.59%,$1.57T
9/8/2026 18:59,2,Ethereum,"$2,468.95 ",-1.58%,$301.64B
9/8/2026 18:59,3,Tether,$1.00 ,-0.03%,$183.36B
9/8/2026 18:59,4,BNB,$750.90 ,0.50%,$99.99B
9/8/2026 18:59,5,XRP,$1.40 ,-0.64%,$87.94B
9/8/2026 18:59,6,USDC,$1.00 ,0.00%,$74.25B
9/8/2026 18:59,7,Solana,$102.83 ,-2.71%,$60.27B
9/8/2026 18:59,8,TRON,$0.34 ,1.00%,$32.17B
9/8/2026 18:59,9,Hyperliquid,$82.80 ,-5.90%,$20.85B
9/8/2026 18:59,10,Zcash,"$1,157.60 ",-2.50%,$19.51B
,,,,,
9/8/2026 19:00,1,Bitcoin,"$78,354.99 ",-1.59%,$1.57T
9/8/2026 19:00,2,Ethereum,"$2,468.95 ",-1.58%,$301.64B
9/8/2026 19:00,3,Tether,$1.00 ,-0.02%,$183.36B
9/8/2026 19:00,4,BNB,$750.84 ,0.49%,$99.98B
9/8/2026 19:00,5,XRP,$1.40 ,-0.64%,$87.94B
9/8/2026 19:00,6,USDC,$1.00 ,0.00%,$74.25B
9/8/2026 19:00,7,Solana,$102.99 ,-2.54%,$60.37B
9/8/2026 19:00,8,TRON,$0.34 ,1.00%,$32.17B
9/8/2026 19:00,9,Hyperliquid,$83.13 ,-5.57%,$20.94B
9/8/2026 19:00,10,Zcash,"$1,158.77 ",-2.77%,$19.53B
,,,,,
9/8/2026 19:00,1,Bitcoin,"$78,354.99 ",-1.59%,$1.57T
9/8/2026 19:00,2,Ethereum,"$2,468.95 ",-1.58%,$301.64B
9/8/2026 19:00,3,Tether,$1.00 ,-0.02%,$183.37B
9/8/2026 19:00,4,BNB,$751.95 ,0.71%,$100.13B
9/8/2026 19:00,5,XRP,$1.40 ,-0.64%,$87.94B
9/8/2026 19:00,6,USDC,$1.00 ,0.00%,$74.25B
9/8/2026 19:00,7,Solana,$102.99 ,-2.54%,$60.37B
9/8/2026 19:00,8,TRON,$0.34 ,1.00%,$32.17B
9/8/2026 19:00,9,Hyperliquid,$83.13 ,-5.57%,$20.94B
9/8/2026 19:00,10,Zcash,"$1,158.77 ",-2.77%,$19.53B
,,,,,
9/8/2026 19:01,1,Bitcoin,"$78,292.39 ",-1.65%,$1.57T
9/8/2026 19:01,2,Ethereum,"$2,466.78 ",-1.59%,$301.02B
9/8/2026 19:01,3,Tether,$1.00 ,-0.03%,$183.35B
9/8/2026 19:01,4,BNB,$750.94 ,0.55%,$99.99B
9/8/2026 19:01,5,XRP,$1.40 ,-0.84%,$87.86B
9/8/2026 19:01,6,USDC,$1.00 ,0.00%,$74.25B
9/8/2026 19:01,7,Solana,$102.85 ,-2.73%,$60.29B
9/8/2026 19:01,8,TRON,$0.34 ,0.97%,$32.17B
9/8/2026 19:01,9,Hyperliquid,$82.80 ,-5.88%,$20.85B
9/8/2026 19:01,10,Zcash,"$1,157.46 ",-2.62%,$19.51B
,,,,,
9/8/2026 19:01,1,Bitcoin,"$78,199.50 ",-1.77%,$1.57T
9/8/2026 19:01,2,Ethereum,"$2,470.00 ",-1.54%,$301.26B
9/8/2026 19:01,3,Tether,$1.00 ,-0.03%,$183.35B
9/8/2026 19:01,4,BNB,$750.94 ,0.55%,$99.99B
9/8/2026 19:01,5,XRP,$1.40 ,-0.84%,$87.86B
9/8/2026 19:01,6,USDC,$1.00 ,0.00%,$74.25B
9/8/2026 19:01,7,Solana,$102.85 ,-2.73%,$60.29B
9/8/2026 19:01,8,TRON,$0.34 ,0.97%,$32.17B
9/8/2026 19:01,9,Hyperliquid,$82.79 ,-5.88%,$20.85B
9/8/2026 19:01,10,Zcash,"$1,156.98 ",-2.66%,$19.5B
,,,,,
9/8/2026 19:02,1,Bitcoin,"$78,352.89 ",-1.60%,$1.57T
9/8/2026 19:02,2,Ethereum,"$2,470.00 ",-1.54%,$301.26B
9/8/2026 19:02,3,Tether,$1.00 ,-0.03%,$183.35B
9/8/2026 19:02,4,BNB,$750.94 ,0.55%,$99.99B
9/8/2026 19:02,5,XRP,$1.40 ,-0.84%,$87.86B
9/8/2026 19:02,6,USDC,$1.00 ,0.00%,$74.25B
9/8/2026 19:02,7,Solana,$102.85 ,-2.73%,$60.29B
9/8/2026 19:02,8,TRON,$0.34 ,0.97%,$32.17B
9/8/2026 19:02,9,Hyperliquid,$82.76 ,-5.91%,$20.85B
9/8/2026 19:02,10,Zcash,"$1,156.65 ",-2.70%,$19.5B
,,,,,
9/8/2026 19:02,1,Bitcoin,"$78,352.89 ",-1.60%,$1.57T
9/8/2026 19:02,2,Ethereum,"$2,470.00 ",-1.54%,$301.26B
9/8/2026 19:02,3,Tether,$1.00 ,-0.03%,$183.35B
9/8/2026 19:02,4,BNB,$750.94 ,0.55%,$99.99B
9/8/2026 19:02,5,XRP,$1.40 ,-0.84%,$87.86B
9/8/2026 19:02,6,USDC,$1.00 ,0.00%,$74.25B
9/8/2026 19:02,7,Solana,$102.85 ,-2.73%,$60.29B
9/8/2026 19:02,8,TRON,$0.34 ,0.97%,$32.17B
9/8/2026 19:02,9,Hyperliquid,$82.77 ,-5.91%,$20.85B
9/8/2026 19:02,10,Zcash,"$1,156.47 ",-2.72%,$19.49B
,,,,,
9/8/2026 19:03,1,Bitcoin,"$78,316.16 ",-1.65%,$1.57T
9/8/2026 19:03,2,Ethereum,"$2,469.53 ",-1.51%,$301.26B
9/8/2026 19:03,3,Tether,$1.00 ,-0.03%,$183.35B
9/8/2026 19:03,4,BNB,$750.94 ,0.55%,$99.99B
9/8/2026 19:03,5,XRP,$1.40 ,-0.84%,$87.86B
9/8/2026 19:03,6,USDC,$1.00 ,0.00%,$74.25B
9/8/2026 19:03,7,Solana,$102.85 ,-2.73%,$60.29B
9/8/2026 19:03,8,TRON,$0.34 ,0.97%,$32.17B
9/8/2026 19:03,9,Hyperliquid,$82.69 ,-6.00%,$20.83B
9/8/2026 19:03,10,Zcash,"$1,154.87 ",-2.80%,$19.47B
,,,,,
9/8/2026 19:03,1,Bitcoin,"$78,316.16 ",-1.65%,$1.57T
9/8/2026 19:03,2,Ethereum,"$2,469.53 ",-1.51%,$301.26B
9/8/2026 19:03,3,Tether,$1.00 ,-0.03%,$183.35B
9/8/2026 19:03,4,BNB,$750.94 ,0.55%,$99.99B
9/8/2026 19:03,5,XRP,$1.40 ,-0.84%,$87.86B
9/8/2026 19:03,6,USDC,$1.00 ,0.00%,$74.25B
9/8/2026 19:03,7,Solana,$102.85 ,-2.73%,$60.29B
9/8/2026 19:03,8,TRON,$0.34 ,0.97%,$32.17B
9/8/2026 19:03,9,Hyperliquid,$82.92 ,-5.84%,$20.88B
9/8/2026 19:03,10,Zcash,"$1,156.04 ",-2.72%,$19.49B
,,,,,
9/8/2026 19:04,1,Bitcoin,"$78,316.16 ",-1.65%,$1.57T
9/8/2026 19:04,2,Ethereum,"$2,469.53 ",-1.51%,$301.26B
9/8/2026 19:04,3,Tether,$1.00 ,-0.03%,$183.35B
9/8/2026 19:04,4,BNB,$750.94 ,0.55%,$99.99B
9/8/2026 19:04,5,XRP,$1.40 ,-0.84%,$87.86B
9/8/2026 19:04,6,USDC,$1.00 ,0.00%,$74.25B
9/8/2026 19:04,7,Solana,$102.85 ,-2.73%,$60.29B
9/8/2026 19:04,8,TRON,$0.34 ,0.97%,$32.17B
9/8/2026 19:04,9,Hyperliquid,$82.58 ,-6.09%,$20.8B
9/8/2026 19:04,10,Zcash,"$1,153.93 ",-2.82%,$19.45B
,,,,,
9/8/2026 19:04,1,Bitcoin,"$78,316.16 ",-1.65%,$1.57T
9/8/2026 19:04,2,Ethereum,"$2,469.53 ",-1.51%,$301.26B
9/8/2026 19:04,3,Tether,$1.00 ,-0.03%,$183.35B
9/8/2026 19:04,4,BNB,$750.94 ,0.55%,$99.99B
9/8/2026 19:04,5,XRP,$1.40 ,-0.84%,$87.86B
9/8/2026 19:04,6,USDC,$1.00 ,0.00%,$74.25B
9/8/2026 19:04,7,Solana,$102.85 ,-2.73%,$60.29B
9/8/2026 19:04,8,TRON,$0.34 ,0.97%,$32.17B
9/8/2026 19:04,9,Hyperliquid,$82.58 ,-6.09%,$20.8B
9/8/2026 19:04,10,Zcash,"$1,153.59 ",-2.85%,$19.44B
,,,,,
9/8/2026 19:05,1,Bitcoin,"$78,316.16 ",-1.65%,$1.57T
9/8/2026 19:05,2,Ethereum,"$2,469.53 ",-1.51%,$301.26B
9/8/2026 19:05,3,Tether,$1.00 ,-0.03%,$183.35B
9/8/2026 19:05,4,BNB,$748.88 ,0.27%,$99.72B
9/8/2026 19:05,5,XRP,$1.40 ,-0.84%,$87.86B
9/8/2026 19:05,6,USDC,$1.00 ,0.00%,$74.25B
9/8/2026 19:05,7,Solana,$102.85 ,-2.73%,$60.29B
9/8/2026 19:05,8,TRON,$0.34 ,0.97%,$32.17B
9/8/2026 19:05,9,Hyperliquid,$82.56 ,-6.10%,$20.79B
9/8/2026 19:05,10,Zcash,"$1,153.26 ",-2.82%,$19.44B
,,,,,
9/8/2026 19:05,1,Bitcoin,"$78,210.09 ",-1.77%,$1.57T
9/8/2026 19:05,2,Ethereum,"$2,467.26 ",-1.57%,$301.26B
9/8/2026 19:05,3,Tether,$1.00 ,-0.03%,$183.35B
9/8/2026 19:05,4,BNB,$750.82 ,0.50%,$99.98B
9/8/2026 19:05,5,XRP,$1.40 ,-0.84%,$87.85B
9/8/2026 19:05,6,USDC,$1.00 ,-0.01%,$74.25B
9/8/2026 19:05,7,Solana,$102.83 ,-2.71%,$60.28B
9/8/2026 19:05,8,TRON,$0.34 ,1.00%,$32.18B
9/8/2026 19:05,9,Hyperliquid,$82.55 ,-6.12%,$20.79B
9/8/2026 19:05,10,Zcash,"$1,153.30 ",-2.82%,$19.44B
,,,,,
9/8/2026 19:06,1,Bitcoin,"$78,210.09 ",-1.77%,$1.57T
9/8/2026 19:06,2,Ethereum,"$2,467.26 ",-1.57%,$301.26B
9/8/2026 19:06,3,Tether,$1.00 ,-0.03%,$183.35B
9/8/2026 19:06,4,BNB,$750.82 ,0.50%,$99.98B
9/8/2026 19:06,5,XRP,$1.40 ,-0.84%,$87.85B
9/8/2026 19:06,6,USDC,$1.00 ,-0.01%,$74.25B
9/8/2026 19:06,7,Solana,$102.83 ,-2.71%,$60.28B
9/8/2026 19:06,8,TRON,$0.34 ,1.00%,$32.18B
9/8/2026 19:06,9,Hyperliquid,$82.49 ,-6.19%,$20.78B
9/8/2026 19:06,10,Zcash,"$1,152.46 ",-2.86%,$19.42B
,,,,,
9/8/2026 19:06,1,Bitcoin,"$78,210.09 ",-1.77%,$1.57T
9/8/2026 19:06,2,Ethereum,"$2,467.26 ",-1.57%,$301.26B
9/8/2026 19:06,3,Tether,$1.00 ,-0.03%,$183.35B
9/8/2026 19:06,4,BNB,$750.82 ,0.50%,$99.98B
9/8/2026 19:06,5,XRP,$1.40 ,-0.84%,$87.85B
9/8/2026 19:06,6,USDC,$1.00 ,-0.01%,$74.25B
9/8/2026 19:06,7,Solana,$102.83 ,-2.71%,$60.28B
9/8/2026 19:06,8,TRON,$0.34 ,1.00%,$32.18B
9/8/2026 19:06,9,Hyperliquid,$82.80 ,-5.91%,$20.85B
9/8/2026 19:06,10,Zcash,"$1,157.46 ",-2.62%,$19.51B
,,,,,
9/8/2026 19:07,1,Bitcoin,"$78,125.52 ",-1.69%,$1.57T
9/8/2026 19:07,2,Ethereum,"$2,457.42 ",-1.89%,$301.26B
9/8/2026 19:07,3,Tether,$1.00 ,-0.03%,$183.35B
9/8/2026 19:07,4,BNB,$750.82 ,0.50%,$99.98B
9/8/2026 19:07,5,XRP,$1.40 ,-0.84%,$87.85B
9/8/2026 19:07,6,USDC,$1.00 ,-0.01%,$74.25B
9/8/2026 19:07,7,Solana,$102.83 ,-2.71%,$60.28B
9/8/2026 19:07,8,TRON,$0.34 ,1.00%,$32.18B
9/8/2026 19:07,9,Hyperliquid,$82.43 ,-5.93%,$20.76B
9/8/2026 19:07,10,Zcash,"$1,157.46 ",-2.62%,$19.51B
,,,,,
9/8/2026 19:07,1,Bitcoin,"$78,125.52 ",-1.69%,$1.57T
9/8/2026 19:07,2,Ethereum,"$2,457.42 ",-1.89%,$301.26B
9/8/2026 19:07,3,Tether,$1.00 ,-0.03%,$183.35B
9/8/2026 19:07,4,BNB,$750.82 ,0.50%,$99.98B
9/8/2026 19:07,5,XRP,$1.40 ,-0.84%,$87.85B
9/8/2026 19:07,6,USDC,$1.00 ,-0.01%,$74.25B
9/8/2026 19:07,7,Solana,$102.83 ,-2.71%,$60.28B
9/8/2026 19:07,8,TRON,$0.34 ,1.00%,$32.18B
9/8/2026 19:07,9,Hyperliquid,$82.80 ,-5.91%,$20.76B
9/8/2026 19:07,10,Zcash,"$1,149.22 ",-2.95%,$19.37B
,,,,,
9/8/2026 19:08,1,Bitcoin,"$78,125.52 ",-1.69%,$1.57T
9/8/2026 19:08,2,Ethereum,"$2,457.42 ",-1.89%,$301.26B
9/8/2026 19:08,3,Tether,$1.00 ,-0.03%,$183.35B
9/8/2026 19:08,4,BNB,$750.82 ,0.50%,$99.98B
9/8/2026 19:08,5,XRP,$1.40 ,-0.84%,$87.85B
9/8/2026 19:08,6,USDC,$1.00 ,-0.01%,$74.25B
9/8/2026 19:08,7,Solana,$102.83 ,-2.71%,$60.28B
9/8/2026 19:08,8,TRON,$0.34 ,1.00%,$32.18B
9/8/2026 19:08,9,Hyperliquid,$82.42 ,-5.90%,$20.76B
9/8/2026 19:08,10,Zcash,"$1,147.31 ",-3.01%,$19.34B
,,,,,
9/8/2026 19:08,1,Bitcoin,"$78,125.52 ",-1.69%,$1.57T
9/8/2026 19:08,2,Ethereum,"$2,457.42 ",-1.89%,$301.26B
9/8/2026 19:08,3,Tether,$1.00 ,-0.03%,$183.35B
9/8/2026 19:08,4,BNB,$750.82 ,0.50%,$99.98B
9/8/2026 19:08,5,XRP,$1.40 ,-0.84%,$87.85B
9/8/2026 19:08,6,USDC,$1.00 ,-0.01%,$74.25B
9/8/2026 19:08,7,Solana,$102.83 ,-2.71%,$60.28B
9/8/2026 19:08,8,TRON,$0.34 ,1.00%,$32.18B
9/8/2026 19:08,9,Hyperliquid,$82.42 ,-5.90%,$20.76B
9/8/2026 19:08,10,Zcash,"$1,147.45 ",-3.00%,$19.34B
,,,,,
9/8/2026 19:09,1,Bitcoin,"$78,075.00 ",-1.60%,$1.56T
9/8/2026 19:09,2,Ethereum,"$2,456.25 ",-1.66%,$299.87B
9/8/2026 19:09,3,Tether,$1.00 ,-0.02%,$183.37B
9/8/2026 19:09,4,BNB,$749.05 ,0.28%,$99.74B
9/8/2026 19:09,5,XRP,$1.39 ,-0.90%,$87.75B
9/8/2026 19:09,6,USDC,$1.00 ,0.01%,$74.26B
9/8/2026 19:09,7,Solana,$102.78 ,-2.72%,$60.24B
9/8/2026 19:09,8,TRON,$0.34 ,1.03%,$32.18B
9/8/2026 19:09,9,Hyperliquid,$82.39 ,-5.94%,$20.75B
9/8/2026 19:09,10,Zcash,"$1,146.67 ",-3.05%,$19.33B
,,,,,
9/8/2026 19:09,1,Bitcoin,"$78,075.00 ",-1.60%,$1.56T
9/8/2026 19:09,2,Ethereum,"$2,456.25 ",-1.66%,$299.87B
9/8/2026 19:09,3,Tether,$1.00 ,-0.02%,$183.37B
9/8/2026 19:09,4,BNB,$749.05 ,0.28%,$99.74B
9/8/2026 19:09,5,XRP,$1.39 ,-0.90%,$87.75B
9/8/2026 19:09,6,USDC,$1.00 ,0.01%,$74.26B
9/8/2026 19:09,7,Solana,$102.78 ,-2.72%,$60.24B
9/8/2026 19:09,8,TRON,$0.34 ,1.03%,$32.18B
9/8/2026 19:09,9,Hyperliquid,$82.78 ,-5.89%,$20.85B
9/8/2026 19:09,10,Zcash,"$1,154.11 ",-2.80%,$19.45B
,,,,,
9/8/2026 19:10,1,Bitcoin,"$78,075.00 ",-1.60%,$1.56T
9/8/2026 19:10,2,Ethereum,"$2,456.25 ",-1.66%,$299.87B
9/8/2026 19:10,3,Tether,$1.00 ,-0.02%,$183.37B
9/8/2026 19:10,4,BNB,$749.05 ,0.28%,$99.74B
9/8/2026 19:10,5,XRP,$1.39 ,-0.90%,$87.75B
9/8/2026 19:10,6,USDC,$1.00 ,0.01%,$74.26B
9/8/2026 19:10,7,Solana,$102.78 ,-2.72%,$60.24B
9/8/2026 19:10,8,TRON,$0.34 ,1.03%,$32.18B
9/8/2026 19:10,9,Hyperliquid,$82.78 ,-5.89%,$20.85B
9/8/2026 19:10,10,Zcash,"$1,154.11 ",-2.80%,$19.45B
,,,,,
9/8/2026 19:10,1,Bitcoin,"$78,075.00 ",-1.60%,$1.56T
9/8/2026 19:10,2,Ethereum,"$2,456.25 ",-1.66%,$299.87B
9/8/2026 19:10,3,Tether,$1.00 ,-0.02%,$183.37B
9/8/2026 19:10,4,BNB,$749.05 ,0.28%,$99.74B
9/8/2026 19:10,5,XRP,$1.39 ,-0.90%,$87.75B
9/8/2026 19:10,6,USDC,$1.00 ,0.01%,$74.26B
9/8/2026 19:10,7,Solana,$102.78 ,-2.72%,$60.24B
9/8/2026 19:10,8,TRON,$0.34 ,1.03%,$32.18B
9/8/2026 19:10,9,Hyperliquid,$82.78 ,-5.89%,$20.85B
9/8/2026 19:10,10,Zcash,"$1,154.11 ",-2.80%,$19.45B
,,,,,
9/8/2026 19:11,1,Bitcoin,"$78,075.00 ",-1.60%,$1.56T
9/8/2026 19:11,2,Ethereum,"$2,456.25 ",-1.66%,$299.87B
9/8/2026 19:11,3,Tether,$1.00 ,-0.02%,$183.37B
9/8/2026 19:11,4,BNB,$749.05 ,0.28%,$99.74B
9/8/2026 19:11,5,XRP,$1.39 ,-0.90%,$87.75B
9/8/2026 19:11,6,USDC,$1.00 ,0.01%,$74.26B
9/8/2026 19:11,7,Solana,$102.78 ,-2.72%,$60.24B
9/8/2026 19:11,8,TRON,$0.34 ,1.03%,$32.18B
9/8/2026 19:11,9,Hyperliquid,$82.78 ,-5.89%,$20.85B
9/8/2026 19:11,10,Zcash,"$1,154.11 ",-2.80%,$19.45B
,,,,,
9/8/2026 19:11,1,Bitcoin,"$78,017.50 ",-1.70%,$1.56T
9/8/2026 19:11,2,Ethereum,"$2,453.54 ",-1.79%,$299.87B
9/8/2026 19:11,3,Tether,$1.00 ,-0.02%,$183.37B
9/8/2026 19:11,4,BNB,$749.05 ,0.28%,$99.74B
9/8/2026 19:11,5,XRP,$1.39 ,-0.90%,$87.75B
9/8/2026 19:11,6,USDC,$1.00 ,0.01%,$74.26B
9/8/2026 19:11,7,Solana,$102.78 ,-2.72%,$60.24B
9/8/2026 19:11,8,TRON,$0.34 ,1.03%,$32.18B
9/8/2026 19:11,9,Hyperliquid,$82.78 ,-5.89%,$20.85B
9/8/2026 19:11,10,Zcash,"$1,154.11 ",-2.80%,$19.45B
,,,,,
9/8/2026 19:12,1,Bitcoin,"$77,690.35 ",-2.10%,$1.56T
9/8/2026 19:12,2,Ethereum,"$2,443.81 ",-2.18%,$298.21B
9/8/2026 19:12,3,Tether,$1.00 ,-0.02%,$183.37B
9/8/2026 19:12,4,BNB,$745.05 ,-0.15%,$99.21B
9/8/2026 19:12,5,XRP,$1.38 ,-1.20%,$87.12B
9/8/2026 19:12,6,USDC,$1.00 ,0.01%,$74.26B
9/8/2026 19:12,7,Solana,$101.99 ,-3.03%,$59.78B
9/8/2026 19:12,8,TRON,$0.34 ,1.03%,$32.18B
9/8/2026 19:12,9,Hyperliquid,$82.08 ,-6.36%,$20.67B
9/8/2026 19:12,10,Zcash,"$1,154.11 ",-2.80%,$19.45B
,,,,,
9/8/2026 19:12,1,Bitcoin,"$77,690.57 ",-2.10%,$1.56T
9/8/2026 19:12,2,Ethereum,"$2,443.31 ",-2.20%,$298.15B
9/8/2026 19:12,3,Tether,$1.00 ,-0.02%,$183.37B
9/8/2026 19:12,4,BNB,$744.34 ,-0.24%,$99.11B
9/8/2026 19:12,5,XRP,$1.38 ,-1.25%,$87.08B
9/8/2026 19:12,6,USDC,$1.00 ,0.03%,$74.27B
9/8/2026 19:12,7,Solana,$101.94 ,-3.09%,$59.75B
9/8/2026 19:12,8,TRON,$0.34 ,1.03%,$32.18B
9/8/2026 19:12,9,Hyperliquid,$82.78 ,-5.89%,$20.85B
9/8/2026 19:12,10,Zcash,"$1,154.11 ",-2.80%,$19.45B
,,,,,
9/8/2026 19:13,1,Bitcoin,"$77,705.74 ",-2.10%,$1.56T
9/8/2026 19:13,2,Ethereum,"$2,444.06 ",-2.22%,$298.24B
9/8/2026 19:13,3,Tether,$1.00 ,-0.02%,$183.37B
9/8/2026 19:13,4,BNB,$749.05 ,0.28%,$99.74B
9/8/2026 19:13,5,XRP,$1.38 ,-1.22%,$87.07B
9/8/2026 19:13,6,USDC,$1.00 ,0.01%,$74.26B
9/8/2026 19:13,7,Solana,$101.93 ,-3.10%,$59.74B
9/8/2026 19:13,8,TRON,$0.34 ,1.03%,$32.18B
9/8/2026 19:13,9,Hyperliquid,$81.96 ,-6.59%,$20.64B
9/8/2026 19:13,10,Zcash,"$1,154.11 ",-2.80%,$19.45B
,,,,,
9/8/2026 19:13,1,Bitcoin,"$77,685.56 ",-2.13%,$1.56T
9/8/2026 19:13,2,Ethereum,"$2,443.10 ",-2.26%,$298.13B
9/8/2026 19:13,3,Tether,$1.00 ,-0.02%,$183.37B
9/8/2026 19:13,4,BNB,$749.05 ,-0.28%,$99.74B
9/8/2026 19:13,5,XRP,$1.38 ,-1.23%,$87.07B
9/8/2026 19:13,6,USDC,$1.00 ,0.01%,$74.26B
9/8/2026 19:13,7,Solana,$101.86 ,-3.16%,$59.71B
9/8/2026 19:13,8,TRON,$0.34 ,1.03%,$32.18B
9/8/2026 19:13,9,Hyperliquid,$82.78 ,-5.89%,$20.85B
9/8/2026 19:13,10,Zcash,"$1,154.11 ",-2.80%,$19.45B
,,,,,
9/8/2026 19:14,1,Bitcoin,"$77,675.14 ",-2.13%,$1.55T
9/8/2026 19:14,2,Ethereum,"$2,442.66 ",-2.23%,$298.07B
9/8/2026 19:14,3,Tether,$1.00 ,-0.02%,$183.37B
9/8/2026 19:14,4,BNB,$749.05 ,-0.28%,$99.74B
9/8/2026 19:14,5,XRP,$1.38 ,-1.22%,$87.06B
9/8/2026 19:14,6,USDC,$1.00 ,0.01%,$74.26B
9/8/2026 19:14,7,Solana,$101.85 ,-3.15%,$59.7B
9/8/2026 19:14,8,TRON,$0.34 ,1.03%,$32.18B
9/8/2026 19:14,9,Hyperliquid,$82.00 ,-6.55%,$20.65B
9/8/2026 19:14,10,Zcash,"$1,154.11 ",-2.80%,$19.45B
,,,,,
9/8/2026 19:14,1,Bitcoin,"$77,756.68 ",-2.02%,$1.56T
9/8/2026 19:14,2,Ethereum,"$2,446.16 ",-2.14%,$299.87B
9/8/2026 19:14,3,Tether,$1.00 ,-0.02%,$183.37B
9/8/2026 19:14,4,BNB,$749.05 ,-0.28%,$99.74B
9/8/2026 19:14,5,XRP,$1.39 ,-0.90%,$87.75B
9/8/2026 19:14,6,USDC,$1.00 ,0.01%,$74.26B
9/8/2026 19:14,7,Solana,$101.86 ,-3.14%,$59.71B
9/8/2026 19:14,8,TRON,$0.34 ,1.03%,$32.18B
9/8/2026 19:14,9,Hyperliquid,$82.01 ,-6.54%,$20.66B
9/8/2026 19:14,10,Zcash,"$1,154.11 ",-2.80%,$19.45B
,,,,,
9/8/2026 19:16,1,Bitcoin,"$77,680.36 ",-2.13%,$1.56T
9/8/2026 19:16,2,Ethereum,"$2,446.63 ",-2.09%,$298.56B
9/8/2026 19:16,3,Tether,$1.00 ,-0.03%,$183.36B
9/8/2026 19:16,4,BNB,$746.05 ,-0.03%,$99.34B
9/8/2026 19:16,5,XRP,$1.39 ,-1.01%,$87.33B
9/8/2026 19:16,6,USDC,$1.00 ,-0.01%,$74.26B
9/8/2026 19:16,7,Solana,$102.38 ,-2.59%,$60.01B
9/8/2026 19:16,8,TRON,$0.34 ,1.00%,$32.15B
9/8/2026 19:16,9,Hyperliquid,$82.23 ,-6.37%,$20.71B
9/8/2026 19:16,10,Zcash,"$1,140.45 ",-3.56%,$19.22B
,,,,,
9/8/2026 19:16,1,Bitcoin,"$77,680.36 ",-2.13%,$1.56T
9/8/2026 19:16,2,Ethereum,"$2,442.83 ",-2.22%,$299.33B
9/8/2026 19:16,3,Tether,$1.00 ,-0.03%,$183.36B
9/8/2026 19:16,4,BNB,$746.05 ,-0.03%,$99.34B
9/8/2026 19:16,5,XRP,$1.39 ,-1.01%,$87.33B
9/8/2026 19:16,6,USDC,$1.00 ,0.00%,$74.25B
9/8/2026 19:16,7,Solana,$102.38 ,-2.59%,$60.01B
9/8/2026 19:16,8,TRON,$0.34 ,1.00%,$32.15B
9/8/2026 19:16,9,Hyperliquid,$82.23 ,-6.38%,$20.71B
9/8/2026 19:16,10,Zcash,"$1,140.26 ",-3.58%,$19.22B
,,,,,
9/8/2026 19:17,1,Bitcoin,"$77,680.36 ",-2.13%,$1.56T
9/8/2026 19:17,2,Ethereum,"$2,442.83 ",-2.22%,$299.33B
9/8/2026 19:17,3,Tether,$1.00 ,-0.03%,$183.36B
9/8/2026 19:17,4,BNB,$746.05 ,-0.03%,$99.34B
9/8/2026 19:17,5,XRP,$1.39 ,-1.01%,$87.33B
9/8/2026 19:17,6,USDC,$1.00 ,0.00%,$74.25B
9/8/2026 19:17,7,Solana,$102.38 ,-2.59%,$60.01B
9/8/2026 19:17,8,TRON,$0.34 ,1.00%,$32.15B
9/8/2026 19:17,9,Hyperliquid,$82.24 ,-6.32%,$20.71B
9/8/2026 19:17,10,Zcash,"$1,140.96 ",-3.47%,$19.23B
,,,,,
9/8/2026 19:17,1,Bitcoin,"$77,693.20 ",-2.11%,$1.56T
9/8/2026 19:17,2,Ethereum,"$2,443.08 ",-2.26%,$299.33B
9/8/2026 19:17,3,Tether,$1.00 ,-0.03%,$183.36B
9/8/2026 19:17,4,BNB,$746.05 ,-0.03%,$99.34B
9/8/2026 19:17,5,XRP,$1.39 ,-1.01%,$87.33B
9/8/2026 19:17,6,USDC,$1.00 ,0.00%,$74.25B
9/8/2026 19:17,7,Solana,$102.38 ,-2.59%,$60.01B
9/8/2026 19:17,8,TRON,$0.34 ,1.00%,$32.15B
9/8/2026 19:17,9,Hyperliquid,$82.25 ,-6.31%,$20.72B
9/8/2026 19:17,10,Zcash,"$1,141.23 ",-3.45%,$19.24B
,,,,,
9/8/2026 19:18,1,Bitcoin,"$77,889.09 ",-1.80%,$1.56T
9/8/2026 19:18,2,Ethereum,"$2,452.34 ",-1.80%,$299.25B
9/8/2026 19:18,3,Tether,$1.00 ,-0.03%,$183.36B
9/8/2026 19:18,4,BNB,$746.05 ,-0.03%,$99.34B
9/8/2026 19:18,5,XRP,$1.39 ,-1.01%,$87.33B
9/8/2026 19:18,6,USDC,$1.00 ,0.00%,$74.25B
9/8/2026 19:18,7,Solana,$102.38 ,-2.59%,$60.01B
9/8/2026 19:18,8,TRON,$0.34 ,1.00%,$32.15B
9/8/2026 19:18,9,Hyperliquid,$82.37 ,-6.11%,$20.75B
9/8/2026 19:18,10,Zcash,"$1,146.08 ",-3.01%,$19.32B
,,,,,
9/8/2026 19:18,1,Bitcoin,"$77,863.29 ",-1.84%,$1.56T
9/8/2026 19:18,2,Ethereum,"$2,452.14 ",-1.81%,$299.23B
9/8/2026 19:18,3,Tether,$1.00 ,-0.03%,$183.36B
9/8/2026 19:18,4,BNB,$746.05 ,-0.03%,$99.34B
9/8/2026 19:18,5,XRP,$1.39 ,-0.66%,$87.51B
9/8/2026 19:18,6,USDC,$1.00 ,0.00%,$74.25B
9/8/2026 19:18,7,Solana,$102.18 ,-2.76%,$59.89B
9/8/2026 19:18,8,TRON,$0.34 ,1.00%,$32.15B
9/8/2026 19:18,9,Hyperliquid,$82.40 ,-6.08%,$20.75B
9/8/2026 19:18,10,Zcash,"$1,145.91 ",-3.02%,$19.31B
,,,,,
9/8/2026 19:19,1,Bitcoin,"$77,693.20 ",-2.11%,$1.56T
9/8/2026 19:19,2,Ethereum,"$2,443.08 ",-2.26%,$299.33B
9/8/2026 19:19,3,Tether,$1.00 ,-0.03%,$183.36B
9/8/2026 19:19,4,BNB,$746.05 ,-0.03%,$99.34B
9/8/2026 19:19,5,XRP,$1.39 ,-1.01%,$87.33B
9/8/2026 19:19,6,USDC,$1.00 ,0.00%,$74.25B
9/8/2026 19:19,7,Solana,$102.38 ,-2.59%,$60.01B
9/8/2026 19:19,8,TRON,$0.34 ,1.00%,$32.15B
9/8/2026 19:19,9,Hyperliquid,$82.41 ,-5.91%,$20.76B
9/8/2026 19:19,10,Zcash,"$1,148.17 ",-2.93%,$19.35B
,,,,,
9/8/2026 19:19,1,Bitcoin,"$77,838.61 ",-1.89%,$1.56T
9/8/2026 19:19,2,Ethereum,"$2,452.12 ",-1.82%,$299.23B
9/8/2026 19:19,3,Tether,$1.00 ,-0.04%,$183.35B
9/8/2026 19:19,4,BNB,$743.83 ,-0.15%,$99.05B
9/8/2026 19:19,5,XRP,$1.39 ,-0.63%,$87.51B
9/8/2026 19:19,6,USDC,$1.00 ,-0.01%,$74.25B
9/8/2026 19:19,7,Solana,$102.16 ,-2.75%,$59.88B
9/8/2026 19:19,8,TRON,$0.34 ,1.00%,$32.15B
9/8/2026 19:19,9,Hyperliquid,$82.41 ,-5.91%,$20.76B
9/8/2026 19:19,10,Zcash,"$1,148.17 ",-2.93%,$19.35B
,,,,,
9/8/2026 19:20,1,Bitcoin,"$77,803.78 ",-1.97%,$1.56T
9/8/2026 19:20,2,Ethereum,"$2,443.18 ",-2.21%,$299.33B
9/8/2026 19:20,3,Tether,$1.00 ,-0.03%,$183.36B
9/8/2026 19:20,4,BNB,$746.05 ,-0.03%,$99.34B
9/8/2026 19:20,5,XRP,$1.39 ,-1.01%,$87.33B
9/8/2026 19:20,6,USDC,$1.00 ,0.00%,$74.25B
9/8/2026 19:20,7,Solana,$102.38 ,-2.59%,$60.01B
9/8/2026 19:20,8,TRON,$0.34 ,1.00%,$32.15B
9/8/2026 19:20,9,Hyperliquid,$82.41 ,-5.91%,$20.76B
9/8/2026 19:20,10,Zcash,"$1,148.17 ",-2.93%,$19.35B
,,,,,
9/8/2026 19:21,1,Bitcoin,"$77,803.78 ",-1.97%,$1.56T
9/8/2026 19:21,2,Ethereum,"$2,443.18 ",-2.21%,$299.33B
9/8/2026 19:21,3,Tether,$1.00 ,-0.03%,$183.36B
9/8/2026 19:21,4,BNB,$746.05 ,-0.03%,$99.34B
9/8/2026 19:21,5,XRP,$1.39 ,-1.01%,$87.33B
9/8/2026 19:21,6,USDC,$1.00 ,0.00%,$74.25B
9/8/2026 19:21,7,Solana,$102.38 ,-2.59%,$60.01B
9/8/2026 19:21,8,TRON,$0.34 ,1.00%,$32.15B
9/8/2026 19:21,9,Hyperliquid,$82.41 ,-5.93%,$20.76B
9/8/2026 19:21,10,Zcash,"$1,148.17 ",-2.98%,$19.32B
,,,,,
9/8/2026 19:21,1,Bitcoin,"$77,824.76 ",-1.91%,$1.56T
9/8/2026 19:21,2,Ethereum,"$2,451.08 ",-1.85%,$298.75B
9/8/2026 19:21,3,Tether,$1.00 ,-0.03%,$183.36B
9/8/2026 19:21,4,BNB,$744.08 ,-0.25%,$99.08B
9/8/2026 19:21,5,XRP,$1.38 ,-1.19%,$87.08B
9/8/2026 19:21,6,USDC,$1.00 ,0.00%,$74.26B
9/8/2026 19:21,7,Solana,$101.91 ,-3.08%,$59.74B
9/8/2026 19:21,8,TRON,$0.34 ,0.94%,$32.14B
9/8/2026 19:21,9,Hyperliquid,$82.37 ,-5.98%,$20.75B
9/8/2026 19:21,10,Zcash,"$1,145.51 ",-3.02%,$19.31B
,,,,,
9/8/2026 19:22,1,Bitcoin,"$77,678.96 ",-2.07%,$1.55T
9/8/2026 19:22,2,Ethereum,"$2,448.65 ",-1.94%,$298.8B
9/8/2026 19:22,3,Tether,$1.00 ,-0.03%,$183.36B
9/8/2026 19:22,4,BNB,$744.08 ,-0.25%,$99.08B
9/8/2026 19:22,5,XRP,$1.38 ,-1.19%,$87.08B
9/8/2026 19:22,6,USDC,$1.00 ,0.00%,$74.26B
9/8/2026 19:22,7,Solana,$101.91 ,-3.08%,$59.74B
9/8/2026 19:22,8,TRON,$0.34 ,0.94%,$32.14B
9/8/2026 19:22,9,Hyperliquid,$82.35 ,-6.00%,$20.74B
9/8/2026 19:22,10,Zcash,"$1,144.54 ",-3.10%,$19.29B
,,,,,
9/8/2026 19:22,1,Bitcoin,"$77,667.17 ",-2.09%,$1.55T
9/8/2026 19:22,2,Ethereum,"$2,447.86 ",-1.97%,$298.71B
9/8/2026 19:22,3,Tether,$1.00 ,-0.03%,$183.36B
9/8/2026 19:22,4,BNB,$744.04 ,-0.09%,$99.07B
9/8/2026 19:22,5,XRP,$1.39 ,-0.49%,$87.57B
9/8/2026 19:22,6,USDC,$1.00 ,0.01%,$74.26B
9/8/2026 19:22,7,Solana,$101.91 ,-3.08%,$59.74B
9/8/2026 19:22,8,TRON,$0.34 ,0.94%,$32.14B
9/8/2026 19:22,9,Hyperliquid,$82.09 ,-6.45%,$20.68B
9/8/2026 19:22,10,Zcash,"$1,138.39 ",-3.77%,$19.19B
,,,,,
9/8/2026 19:23,1,Bitcoin,"$77,824.76 ",-1.91%,$1.56T
9/8/2026 19:23,2,Ethereum,"$2,451.08 ",-1.85%,$298.75B
9/8/2026 19:23,3,Tether,$1.00 ,-0.03%,$183.36B
9/8/2026 19:23,4,BNB,$744.08 ,-0.25%,$99.08B
9/8/2026 19:23,5,XRP,$1.38 ,-1.19%,$87.08B
9/8/2026 19:23,6,USDC,$1.00 ,0.00%,$74.26B
9/8/2026 19:23,7,Solana,$101.91 ,-3.08%,$59.74B
9/8/2026 19:23,8,TRON,$0.34 ,0.94%,$32.14B
9/8/2026 19:23,9,Hyperliquid,$82.09 ,-6.45%,$20.68B
9/8/2026 19:23,10,Zcash,"$1,138.39 ",-3.77%,$19.19B
,,,,,
9/8/2026 19:23,1,Bitcoin,"$77,824.76 ",-1.91%,$1.56T
9/8/2026 19:23,2,Ethereum,"$2,451.08 ",-1.85%,$298.75B
9/8/2026 19:23,3,Tether,$1.00 ,-0.03%,$183.36B
9/8/2026 19:23,4,BNB,$744.08 ,-0.25%,$99.08B
9/8/2026 19:23,5,XRP,$1.38 ,-1.19%,$87.08B
9/8/2026 19:23,6,USDC,$1.00 ,0.00%,$74.26B
9/8/2026 19:23,7,Solana,$101.91 ,-3.08%,$59.74B
9/8/2026 19:23,8,TRON,$0.34 ,0.94%,$32.14B
9/8/2026 19:23,9,Hyperliquid,$82.09 ,-6.45%,$20.68B
9/8/2026 19:23,10,Zcash,"$1,138.39 ",-3.77%,$19.19B
,,,,,
9/8/2026 19:24,1,Bitcoin,"$77,683.41 ",-2.07%,$1.56T
9/8/2026 19:24,2,Ethereum,"$2,449.68 ",-1.90%,$299.1B
9/8/2026 19:24,3,Tether,$1.00 ,-0.03%,$183.36B
9/8/2026 19:24,4,BNB,$743.93 ,-0.14%,$99.06B
9/8/2026 19:24,5,XRP,$1.39 ,-0.96%,$87.24B
9/8/2026 19:24,6,USDC,$1.00 ,0.00%,$74.26B
9/8/2026 19:24,7,Solana,$102.07 ,-2.87%,$59.83B
9/8/2026 19:24,8,TRON,$0.34 ,0.96%,$32.14B
9/8/2026 19:24,9,Hyperliquid,$82.26 ,-6.09%,$20.72B
9/8/2026 19:24,10,Zcash,"$1,144.41 ",-3.21%,$19.29B
,,,,,
9/8/2026 19:24,1,Bitcoin,"$77,683.41 ",-2.07%,$1.56T
9/8/2026 19:24,2,Ethereum,"$2,449.68 ",-1.90%,$299.1B
9/8/2026 19:24,3,Tether,$1.00 ,-0.03%,$183.36B
9/8/2026 19:24,4,BNB,$743.93 ,-0.14%,$99.06B
9/8/2026 19:24,5,XRP,$1.39 ,-0.96%,$87.24B
9/8/2026 19:24,6,USDC,$1.00 ,0.00%,$74.26B
9/8/2026 19:24,7,Solana,$102.07 ,-2.87%,$59.83B
9/8/2026 19:24,8,TRON,$0.34 ,0.96%,$32.14B
9/8/2026 19:24,9,Hyperliquid,$82.13 ,-6.24%,$20.69B
9/8/2026 19:24,10,Zcash,"$1,144.66 ",-3.18%,$19.29B
,,,,,
9/8/2026 19:25,1,Bitcoin,"$77,683.41 ",-2.07%,$1.56T
9/8/2026 19:25,2,Ethereum,"$2,449.68 ",-1.90%,$299.1B
9/8/2026 19:25,3,Tether,$1.00 ,-0.03%,$183.36B
9/8/2026 19:25,4,BNB,$743.93 ,-0.14%,$99.06B
9/8/2026 19:25,5,XRP,$1.39 ,-0.96%,$87.24B
9/8/2026 19:25,6,USDC,$1.00 ,0.00%,$74.26B
9/8/2026 19:25,7,Solana,$102.07 ,-2.87%,$59.83B
9/8/2026 19:25,8,TRON,$0.34 ,0.96%,$32.14B
9/8/2026 19:25,9,Hyperliquid,$82.18 ,-6.21%,$20.7B
9/8/2026 19:25,10,Zcash,"$1,145.57 ",-3.18%,$19.31B
,,,,,
9/8/2026 19:25,1,Bitcoin,"$77,883.75 ",-1.91%,$1.56T
9/8/2026 19:25,2,Ethereum,"$2,454.97 ",-1.86%,$299.57B
9/8/2026 19:25,3,Tether,$1.00 ,-0.02%,$183.36B
9/8/2026 19:25,4,BNB,$744.19 ,-0.15%,$99.09B
9/8/2026 19:25,5,XRP,$1.39 ,-0.51%,$87.6B
9/8/2026 19:25,6,USDC,$1.00 ,0.00%,$74.26B
9/8/2026 19:25,7,Solana,$102.14 ,-2.82%,$59.87B
9/8/2026 19:25,8,TRON,$0.34 ,0.96%,$32.14B
9/8/2026 19:25,9,Hyperliquid,$82.22 ,-6.17%,$20.71B
9/8/2026 19:25,10,Zcash,"$1,145.91 ",-3.15%,$19.31B
,,,,,
9/8/2026 19:26,1,Bitcoin,"$77,651.42 ",-2.13%,$1.56T
9/8/2026 19:26,2,Ethereum,"$2,448.67 ",-1.94%,$299.1B
9/8/2026 19:26,3,Tether,$1.00 ,-0.03%,$183.36B
9/8/2026 19:26,4,BNB,$744.18 ,-0.16%,$99.09B
9/8/2026 19:26,5,XRP,$1.39 ,-0.96%,$87.24B
9/8/2026 19:26,6,USDC,$1.00 ,0.00%,$74.26B
9/8/2026 19:26,7,Solana,$102.07 ,-2.87%,$59.83B
9/8/2026 19:26,8,TRON,$0.34 ,0.96%,$32.14B
9/8/2026 19:26,9,Hyperliquid,$82.25 ,-6.13%,$20.72B
9/8/2026 19:26,10,Zcash,"$1,146.94 ",-3.05%,$19.33B
,,,,,
9/8/2026 19:26,1,Bitcoin,"$77,651.42 ",-2.13%,$1.56T
9/8/2026 19:26,2,Ethereum,"$2,448.67 ",-1.94%,$299.1B
9/8/2026 19:26,3,Tether,$1.00 ,-0.03%,$183.36B
9/8/2026 19:26,4,BNB,$743.93 ,-0.14%,$99.06B
9/8/2026 19:26,5,XRP,$1.39 ,-0.96%,$87.24B
9/8/2026 19:26,6,USDC,$1.00 ,0.00%,$74.26B
9/8/2026 19:26,7,Solana,$102.07 ,-2.87%,$59.83B
9/8/2026 19:26,8,TRON,$0.34 ,0.96%,$32.14B
9/8/2026 19:26,9,Hyperliquid,$82.27 ,-6.22%,$20.72B
9/8/2026 19:26,10,Zcash,"$1,145.52 ",-3.04%,$19.31B
,,,,,
9/8/2026 19:27,1,Bitcoin,"$77,651.42 ",-2.13%,$1.56T
9/8/2026 19:27,2,Ethereum,"$2,448.67 ",-1.94%,$299.1B
9/8/2026 19:27,3,Tether,$1.00 ,-0.03%,$183.36B
9/8/2026 19:27,4,BNB,$743.93 ,-0.14%,$99.06B
9/8/2026 19:27,5,XRP,$1.39 ,-0.96%,$87.24B
9/8/2026 19:27,6,USDC,$1.00 ,0.00%,$74.26B
9/8/2026 19:27,7,Solana,$102.25 ,-2.74%,$59.93B
9/8/2026 19:27,8,TRON,$0.34 ,0.96%,$32.14B
9/8/2026 19:27,9,Hyperliquid,$82.27 ,-6.22%,$20.72B
9/8/2026 19:27,10,Zcash,"$1,145.52 ",-3.04%,$19.31B
,,,,,
9/8/2026 19:27,1,Bitcoin,"$77,651.42 ",-2.13%,$1.56T
9/8/2026 19:27,2,Ethereum,"$2,448.67 ",-1.94%,$299.1B
9/8/2026 19:27,3,Tether,$1.00 ,-0.03%,$183.35B
9/8/2026 19:27,4,BNB,$743.93 ,-0.14%,$99.06B
9/8/2026 19:27,5,XRP,$1.39 ,-0.96%,$87.24B
9/8/2026 19:27,6,USDC,$1.00 ,0.00%,$74.26B
9/8/2026 19:27,7,Solana,$102.07 ,-2.87%,$59.83B
9/8/2026 19:27,8,TRON,$0.34 ,0.96%,$32.14B
9/8/2026 19:27,9,Hyperliquid,$82.27 ,-6.22%,$20.72B
9/8/2026 19:27,10,Zcash,"$1,145.52 ",-3.04%,$19.31B
,,,,,
9/8/2026 19:28,1,Bitcoin,"$77,686.64 ",-2.15%,$1.56T
9/8/2026 19:28,2,Ethereum,"$2,447.00 ",-2.03%,$299.1B
9/8/2026 19:28,3,Tether,$1.00 ,-0.03%,$183.36B
9/8/2026 19:28,4,BNB,$743.93 ,-0.14%,$99.06B
9/8/2026 19:28,5,XRP,$1.39 ,-0.96%,$87.24B
9/8/2026 19:28,6,USDC,$1.00 ,0.00%,$74.26B
9/8/2026 19:28,7,Solana,$102.07 ,-2.87%,$59.83B
9/8/2026 19:28,8,TRON,$0.34 ,0.96%,$32.14B
9/8/2026 19:28,9,Hyperliquid,$82.27 ,-6.22%,$20.72B
9/8/2026 19:28,10,Zcash,"$1,145.52 ",-3.04%,$19.31B
,,,,,
9/8/2026 19:28,1,Bitcoin,"$77,686.64 ",-2.15%,$1.56T
9/8/2026 19:28,2,Ethereum,"$2,447.00 ",-2.03%,$299.1B
9/8/2026 19:28,3,Tether,$1.00 ,-0.03%,$183.36B
9/8/2026 19:28,4,BNB,$743.93 ,-0.14%,$99.06B
9/8/2026 19:28,5,XRP,$1.39 ,-0.96%,$87.24B
9/8/2026 19:28,6,USDC,$1.00 ,0.00%,$74.26B
9/8/2026 19:28,7,Solana,$102.07 ,-2.87%,$59.83B
9/8/2026 19:28,8,TRON,$0.34 ,0.96%,$32.14B
9/8/2026 19:28,9,Hyperliquid,$82.27 ,-6.22%,$20.72B
9/8/2026 19:28,10,Zcash,"$1,145.52 ",-3.04%,$19.31B
,,,,,
9/8/2026 19:29,1,Bitcoin,"$77,883.40 ",-1.88%,$1.56T
9/8/2026 19:29,2,Ethereum,"$2,456.61 ",-1.71%,$299.78B
9/8/2026 19:29,3,Tether,$1.00 ,-0.03%,$183.36B
9/8/2026 19:29,4,BNB,$747.04 ,0.17%,$99.47B
9/8/2026 19:29,5,XRP,$1.40 ,-0.10%,$87.96B
9/8/2026 19:29,6,USDC,$1.00 ,-0.01%,$74.25B
9/8/2026 19:29,7,Solana,$102.64 ,-2.37%,$60.16B
9/8/2026 19:29,8,TRON,$0.34 ,0.96%,$32.14B
9/8/2026 19:29,9,Hyperliquid,$82.27 ,-6.22%,$20.72B
9/8/2026 19:29,10,Zcash,"$1,145.52 ",-3.04%,$19.31B
,,,,,
9/8/2026 19:29,1,Bitcoin,"$77,969.57 ",-1.77%,$1.56T
9/8/2026 19:29,2,Ethereum,"$2,460.07 ",-1.62%,$298.57B
9/8/2026 19:29,3,Tether,$1.00 ,-0.02%,$183.37B
9/8/2026 19:29,4,BNB,$744.09 ,-0.16%,$99.08B
9/8/2026 19:29,5,XRP,$1.39 ,-0.53%,$87.56B
9/8/2026 19:29,6,USDC,$1.00 ,-0.01%,$74.25B
9/8/2026 19:29,7,Solana,$102.11 ,-2.85%,$59.85B
9/8/2026 19:29,8,TRON,$0.34 ,0.94%,$32.13B
9/8/2026 19:29,9,Hyperliquid,$82.26 ,-6.09%,$20.72B
9/8/2026 19:29,10,Zcash,"$1,145.57 ",-3.18%,$19.31B
,,,,,
9/8/2026 19:30,1,Bitcoin,"$77,988.84 ",-1.71%,$1.56T
9/8/2026 19:30,2,Ethereum,"$2,459.87 ",-1.55%,$300.17B
9/8/2026 19:30,3,Tether,$1.00 ,-0.03%,$183.36B
9/8/2026 19:30,4,BNB,$746.94 ,0.16%,$99.46B
9/8/2026 19:30,5,XRP,$1.40 ,-0.09%,$87.97B
9/8/2026 19:30,6,USDC,$1.00 ,0.00%,$74.26B
9/8/2026 19:30,7,Solana,$102.66 ,-2.34%,$60.17B
9/8/2026 19:30,8,TRON,$0.34 ,0.94%,$32.13B
9/8/2026 19:30,9,Hyperliquid,$82.26 ,-6.09%,$20.72B
9/8/2026 19:30,10,Zcash,"$1,145.57 ",-3.18%,$19.31B
,,,,,
9/8/2026 19:30,1,Bitcoin,"$77,951.73 ",-1.82%,$1.56T
9/8/2026 19:30,2,Ethereum,"$2,451.54 ",-1.99%,$298.57B
9/8/2026 19:30,3,Tether,$1.00 ,-0.02%,$183.37B
9/8/2026 19:30,4,BNB,$744.09 ,-0.16%,$99.08B
9/8/2026 19:30,5,XRP,$1.39 ,-0.53%,$87.56B
9/8/2026 19:30,6,USDC,$1.00 ,-0.01%,$74.25B
9/8/2026 19:30,7,Solana,$102.11 ,-2.85%,$59.85B
9/8/2026 19:30,8,TRON,$0.34 ,0.94%,$32.13B
9/8/2026 19:30,9,Hyperliquid,$82.26 ,-6.09%,$20.72B
9/8/2026 19:30,10,Zcash,"$1,145.57 ",-3.18%,$19.31B
,,,,,
9/8/2026 19:31,1,Bitcoin,"$77,969.57 ",-1.77%,$1.56T
9/8/2026 19:31,2,Ethereum,"$2,460.07 ",-1.62%,$298.57B
9/8/2026 19:31,3,Tether,$1.00 ,-0.02%,$183.37B
9/8/2026 19:31,4,BNB,$744.09 ,-0.16%,$99.08B
9/8/2026 19:31,5,XRP,$1.39 ,-0.53%,$87.56B
9/8/2026 19:31,6,USDC,$1.00 ,-0.01%,$74.25B
9/8/2026 19:31,7,Solana,$102.11 ,-2.85%,$59.85B
9/8/2026 19:31,8,TRON,$0.34 ,0.94%,$32.13B
9/8/2026 19:31,9,Hyperliquid,$82.26 ,-6.09%,$20.72B
9/8/2026 19:31,10,Zcash,"$1,145.57 ",-3.18%,$19.31B
,,,,,
9/8/2026 19:31,1,Bitcoin,"$77,969.57 ",-1.77%,$1.56T
9/8/2026 19:31,2,Ethereum,"$2,460.07 ",-1.62%,$298.57B
9/8/2026 19:31,3,Tether,$1.00 ,-0.02%,$183.37B
9/8/2026 19:31,4,BNB,$744.09 ,-0.16%,$99.08B
9/8/2026 19:31,5,XRP,$1.39 ,-0.53%,$87.56B
9/8/2026 19:31,6,USDC,$1.00 ,-0.01%,$74.25B
9/8/2026 19:31,7,Solana,$102.11 ,-2.85%,$59.85B
9/8/2026 19:31,8,TRON,$0.34 ,0.94%,$32.13B
9/8/2026 19:31,9,Hyperliquid,$82.26 ,-6.09%,$20.72B
9/8/2026 19:31,10,Zcash,"$1,145.57 ",-3.18%,$19.31B
,,,,,
9/8/2026 19:32,1,Bitcoin,"$77,928.11 ",-1.79%,$1.56T
9/8/2026 19:32,2,Ethereum,"$2,458.06 ",-1.65%,$298.57B
9/8/2026 19:32,3,Tether,$1.00 ,-0.02%,$183.37B
9/8/2026 19:32,4,BNB,$744.09 ,0.16%,$99.08B
9/8/2026 19:32,5,XRP,$1.39 ,-0.53%,$87.56B
9/8/2026 19:32,6,USDC,$1.00 ,-0.01%,$74.25B
9/8/2026 19:32,7,Solana,$102.11 ,-2.85%,$59.85B
9/8/2026 19:32,8,TRON,$0.34 ,0.94%,$32.13B
9/8/2026 19:32,9,Hyperliquid,$82.67 ,-5.58%,$20.82B
9/8/2026 19:32,10,Zcash,"$1,156.09 ",-2.35%,$19.49B
,,,,,
9/8/2026 19:32,1,Bitcoin,"$77,928.11 ",-1.79%,$1.56T
9/8/2026 19:32,2,Ethereum,"$2,458.06 ",-1.65%,$298.57B
9/8/2026 19:32,3,Tether,$1.00 ,-0.02%,$183.37B
9/8/2026 19:32,4,BNB,$744.09 ,0.16%,$99.08B
9/8/2026 19:32,5,XRP,$1.39 ,-0.53%,$87.56B
9/8/2026 19:32,6,USDC,$1.00 ,-0.01%,$74.25B
9/8/2026 19:32,7,Solana,$102.11 ,-2.85%,$59.85B
9/8/2026 19:32,8,TRON,$0.34 ,0.94%,$32.13B
9/8/2026 19:32,9,Hyperliquid,$82.63 ,-5.62%,$20.81B
9/8/2026 19:32,10,Zcash,"$1,155.38 ",-2.41%,$19.47B
,,,,,
9/8/2026 19:33,1,Bitcoin,"$77,928.11 ",-1.79%,$1.56T
9/8/2026 19:33,2,Ethereum,"$2,458.06 ",-1.65%,$298.57B
9/8/2026 19:33,3,Tether,$1.00 ,-0.02%,$183.37B
9/8/2026 19:33,4,BNB,$744.09 ,0.16%,$99.08B
9/8/2026 19:33,5,XRP,$1.39 ,-0.53%,$87.56B
9/8/2026 19:33,6,USDC,$1.00 ,-0.01%,$74.25B
9/8/2026 19:33,7,Solana,$102.11 ,-2.85%,$59.85B
9/8/2026 19:33,8,TRON,$0.34 ,0.94%,$32.13B
9/8/2026 19:33,9,Hyperliquid,$82.26 ,-6.09%,$20.8B
9/8/2026 19:33,10,Zcash,"$1,155.04 ",-2.33%,$19.47B
,,,,,
9/8/2026 19:33,1,Bitcoin,"$77,913.62 ",-1.85%,$1.56T
9/8/2026 19:33,2,Ethereum,"$2,458.23 ",-1.63%,$299.97B
9/8/2026 19:33,3,Tether,$1.00 ,-0.03%,$183.35B
9/8/2026 19:33,4,BNB,$746.57 ,0.14%,$99.41B
9/8/2026 19:33,5,XRP,$1.39 ,-0.53%,$87.56B
9/8/2026 19:33,6,USDC,$1.00 ,-0.01%,$74.25B
9/8/2026 19:33,7,Solana,$102.57 ,-2.40%,$60.12B
9/8/2026 19:33,8,TRON,$0.34 ,0.94%,$32.13B
9/8/2026 19:33,9,Hyperliquid,$82.26 ,-6.09%,$20.72B
9/8/2026 19:33,10,Zcash,"$1,145.57 ",-3.18%,$19.31B
,,,,,
9/8/2026 19:34,1,Bitcoin,"$77,902.13 ",-1.87%,$1.56T
9/8/2026 19:34,2,Ethereum,"$2,457.68 ",-1.65%,$299.91B
9/8/2026 19:34,3,Tether,$1.00 ,-0.02%,$183.37B
9/8/2026 19:34,4,BNB,$744.09 ,0.16%,$99.08B
9/8/2026 19:34,5,XRP,$1.40 ,-0.07%,$88.01B
9/8/2026 19:34,6,USDC,$1.00 ,-0.01%,$74.25B
9/8/2026 19:34,7,Solana,$102.56 ,-2.46%,$60.12B
9/8/2026 19:34,8,TRON,$0.34 ,0.94%,$32.13B
9/8/2026 19:34,9,Hyperliquid,$82.50 ,-5.88%,$20.78B
9/8/2026 19:34,10,Zcash,"$1,145.57 ",-3.18%,$19.31B
,,,,,
9/8/2026 19:34,1,Bitcoin,"$77,928.11 ",-1.79%,$1.56T
9/8/2026 19:34,2,Ethereum,"$2,457.99 ",-1.62%,$298.57B
9/8/2026 19:34,3,Tether,$1.00 ,-0.02%,$183.37B
9/8/2026 19:34,4,BNB,$744.09 ,0.16%,$99.08B
9/8/2026 19:34,5,XRP,$1.39 ,-0.53%,$87.56B
9/8/2026 19:34,6,USDC,$1.00 ,-0.01%,$74.25B
9/8/2026 19:34,7,Solana,$102.11 ,-2.85%,$59.85B
9/8/2026 19:34,8,TRON,$0.34 ,0.94%,$32.13B
9/8/2026 19:34,9,Hyperliquid,$82.50 ,-5.88%,$20.78B
9/8/2026 19:34,10,Zcash,"$1,153.76 ",-2.18%,$19.45B
,,,,,
9/8/2026 19:35,1,Bitcoin,"$77,928.11 ",-1.79%,$1.56T
9/8/2026 19:35,2,Ethereum,"$2,457.99 ",-1.62%,$298.57B
9/8/2026 19:35,3,Tether,$1.00 ,-0.02%,$183.37B
9/8/2026 19:35,4,BNB,$744.09 ,0.16%,$99.08B
9/8/2026 19:35,5,XRP,$1.39 ,-0.53%,$87.56B
9/8/2026 19:35,6,USDC,$1.00 ,-0.01%,$74.25B
9/8/2026 19:35,7,Solana,$102.11 ,-2.85%,$59.85B
9/8/2026 19:35,8,TRON,$0.34 ,0.94%,$32.13B
9/8/2026 19:35,9,Hyperliquid,$82.26 ,-6.09%,$20.72B
9/8/2026 19:35,10,Zcash,"$1,145.57 ",-3.18%,$19.31B
,,,,,
9/8/2026 19:35,1,Bitcoin,"$78,053.84 ",-1.61%,$1.56T
9/8/2026 19:35,2,Ethereum,"$2,462.80 ",-1.32%,$300.53B
9/8/2026 19:35,3,Tether,$1.00 ,-0.03%,$183.36B
9/8/2026 19:35,4,BNB,$746.67 ,0.16%,$99.42B
9/8/2026 19:35,5,XRP,$1.40 ,0.02%,$88.06B
9/8/2026 19:35,6,USDC,$1.00 ,-0.01%,$74.22B
9/8/2026 19:35,7,Solana,$102.61 ,-2.37%,$60.14B
9/8/2026 19:35,8,TRON,$0.34 ,0.94%,$32.13B
9/8/2026 19:35,9,Hyperliquid,$82.26 ,-6.09%,$20.72B
9/8/2026 19:35,10,Zcash,"$1,145.57 ",-3.18%,$19.31B
,,,,,
9/8/2026 19:36,1,Bitcoin,"$77,914.05 ",-1.85%,$1.56T
9/8/2026 19:36,2,Ethereum,"$2,458.96 ",-1.60%,$299.94B
9/8/2026 19:36,3,Tether,$1.00 ,-0.02%,$183.36B
9/8/2026 19:36,4,BNB,$746.96 ,0.20%,$99.46B
9/8/2026 19:36,5,XRP,$1.40 ,0.15%,$88.15B
9/8/2026 19:36,6,USDC,$1.00 ,-0.01%,$74.25B
9/8/2026 19:36,7,Solana,$102.71 ,-2.25%,$60.2B
9/8/2026 19:36,8,TRON,$0.34 ,0.98%,$32.15B
9/8/2026 19:36,9,Hyperliquid,$82.63 ,-5.66%,$20.81B
9/8/2026 19:36,10,Zcash,"$1,150.35 ",-2.77%,$19.39B
,,,,,
9/8/2026 19:37,1,Bitcoin,"$78,046.98 ",-1.58%,$1.56T
9/8/2026 19:37,2,Ethereum,"$2,458.96 ",-1.60%,$299.94B
9/8/2026 19:37,3,Tether,$1.00 ,-0.02%,$183.38B
9/8/2026 19:37,4,BNB,$746.96 ,0.20%,$99.46B
9/8/2026 19:37,5,XRP,$1.40 ,-0.12%,$87.94B
9/8/2026 19:37,6,USDC,$1.00 ,-0.01%,$74.25B
9/8/2026 19:37,7,Solana,$102.62 ,-2.37%,$60.15B
9/8/2026 19:37,8,TRON,$0.34 ,0.98%,$32.15B
9/8/2026 19:37,9,Hyperliquid,$82.63 ,-5.66%,$20.81B
9/8/2026 19:37,10,Zcash,"$1,150.35 ",-2.77%,$19.39B
,,,,,
9/8/2026 19:37,1,Bitcoin,"$77,914.05 ",-1.85%,$1.56T
9/8/2026 19:37,2,Ethereum,"$2,458.96 ",-1.60%,$299.94B
9/8/2026 19:37,3,Tether,$1.00 ,-0.02%,$183.38B
9/8/2026 19:37,4,BNB,$746.96 ,0.20%,$99.46B
9/8/2026 19:37,5,XRP,$1.40 ,-0.12%,$87.94B
9/8/2026 19:37,6,USDC,$1.00 ,-0.01%,$74.25B
9/8/2026 19:37,7,Solana,$102.62 ,-2.37%,$60.15B
9/8/2026 19:37,8,TRON,$0.34 ,0.98%,$32.15B
9/8/2026 19:37,9,Hyperliquid,$82.63 ,-5.66%,$20.81B
9/8/2026 19:37,10,Zcash,"$1,150.35 ",-2.77%,$19.39B
,,,,,
9/8/2026 19:38,1,Bitcoin,"$77,914.05 ",-1.85%,$1.56T
9/8/2026 19:38,2,Ethereum,"$2,458.96 ",-1.60%,$299.94B
9/8/2026 19:38,3,Tether,$1.00 ,-0.02%,$183.38B
9/8/2026 19:38,4,BNB,$746.96 ,0.20%,$99.46B
9/8/2026 19:38,5,XRP,$1.40 ,-0.12%,$87.94B
9/8/2026 19:38,6,USDC,$1.00 ,-0.01%,$74.25B
9/8/2026 19:38,7,Solana,$102.62 ,-2.37%,$60.15B
9/8/2026 19:38,8,TRON,$0.34 ,0.98%,$32.15B
9/8/2026 19:38,9,Hyperliquid,$82.63 ,-5.48%,$20.81B
9/8/2026 19:38,10,Zcash,"$1,157.63 ",-1.16%,$19.51B
,,,,,
9/8/2026 19:38,1,Bitcoin,"$78,055.13 ",-1.57%,$1.56T
9/8/2026 19:38,2,Ethereum,"$2,460.09 ",-1.43%,$299.94B
9/8/2026 19:38,3,Tether,$1.00 ,-0.02%,$183.38B
9/8/2026 19:38,4,BNB,$746.96 ,0.20%,$99.46B
9/8/2026 19:38,5,XRP,$1.40 ,-0.12%,$87.94B
9/8/2026 19:38,6,USDC,$1.00 ,-0.01%,$74.25B
9/8/2026 19:38,7,Solana,$102.62 ,-2.37%,$60.15B
9/8/2026 19:38,8,TRON,$0.34 ,0.98%,$32.15B
9/8/2026 19:38,9,Hyperliquid,$82.65 ,-5.46%,$20.82B
9/8/2026 19:38,10,Zcash,"$1,158.12 ",-1.12%,$19.52B
,,,,,
9/8/2026 19:39,1,Bitcoin,"$78,071.26 ",-1.37%,$1.56T
9/8/2026 19:39,2,Ethereum,"$2,462.64 ",-1.03%,$300.51B
9/8/2026 19:39,3,Tether,$1.00 ,-0.03%,$183.36B
9/8/2026 19:39,4,BNB,$747.66 ,0.39%,$99.56B
9/8/2026 19:39,5,XRP,$1.40 ,0.30%,$88.14B
9/8/2026 19:39,6,USDC,$1.00 ,0.00%,$74.23B
9/8/2026 19:39,7,Solana,$102.78 ,-1.96%,$60.24B
9/8/2026 19:39,8,TRON,$0.34 ,0.98%,$32.15B
9/8/2026 19:39,9,Hyperliquid,$82.63 ,-5.66%,$20.82B
9/8/2026 19:39,10,Zcash,"$1,150.35 ",-2.77%,$19.53B
,,,,,
9/8/2026 19:39,1,Bitcoin,"$78,055.13 ",-1.57%,$1.56T
9/8/2026 19:39,2,Ethereum,"$2,460.09 ",-1.43%,$299.94B
9/8/2026 19:39,3,Tether,$1.00 ,-0.02%,$183.38B
9/8/2026 19:39,4,BNB,$746.96 ,0.20%,$99.46B
9/8/2026 19:39,5,XRP,$1.40 ,-0.12%,$87.94B
9/8/2026 19:39,6,USDC,$1.00 ,-0.01%,$74.25B
9/8/2026 19:39,7,Solana,$102.62 ,-2.37%,$60.15B
9/8/2026 19:39,8,TRON,$0.34 ,0.98%,$32.15B
9/8/2026 19:39,9,Hyperliquid,$82.63 ,-5.66%,$20.81B
9/8/2026 19:39,10,Zcash,"$1,150.35 ",-2.77%,$19.39B
,,,,,
9/8/2026 19:40,1,Bitcoin,"$78,001.06 ",-1.48%,$1.56T
9/8/2026 19:40,2,Ethereum,"$2,461.31 ",-1.15%,$300.06B
9/8/2026 19:40,3,Tether,$1.00 ,-0.02%,$183.37B
9/8/2026 19:40,4,BNB,$746.55 ,0.13%,$99.41B
9/8/2026 19:40,5,XRP,$1.40 ,0.00%,$88.03B
9/8/2026 19:40,6,USDC,$1.00 ,0.00%,$74.26B
9/8/2026 19:40,7,Solana,$102.57 ,-2.45%,$60.12B
9/8/2026 19:40,8,TRON,$0.34 ,0.97%,$32.14B
9/8/2026 19:40,9,Hyperliquid,$82.72 ,-5.16%,$20.84B
9/8/2026 19:40,10,Zcash,"$1,154.55 ",-2.12%,$19.46B
,,,,,
9/8/2026 19:40,1,Bitcoin,"$78,022.98 ",-1.41%,$1.56T
9/8/2026 19:40,2,Ethereum,"$2,460.55 ",-1.06%,$300.26B
9/8/2026 19:40,3,Tether,$1.00 ,-0.03%,$183.36B
9/8/2026 19:40,4,BNB,$748.04 ,0.48%,$99.61B
9/8/2026 19:40,5,XRP,$1.40 ,0.35%,$88.07B
9/8/2026 19:40,6,USDC,$1.00 ,-0.01%,$74.22B
9/8/2026 19:40,7,Solana,$102.81 ,-1.72%,$60.26B
9/8/2026 19:40,8,TRON,$0.34 ,0.97%,$32.14B
9/8/2026 19:40,9,Hyperliquid,$82.64 ,-5.61%,$20.82B
9/8/2026 19:40,10,Zcash,"$1,154.55 ",-2.12%,$19.46B
,,,,,
9/8/2026 19:41,1,Bitcoin,"$78,001.06 ",-1.48%,$1.56T
9/8/2026 19:41,2,Ethereum,"$2,461.31 ",-1.15%,$300.06B
9/8/2026 19:41,3,Tether,$1.00 ,-0.02%,$183.37B
9/8/2026 19:41,4,BNB,$746.55 ,0.13%,$99.41B
9/8/2026 19:41,5,XRP,$1.40 ,0.00%,$88.03B
9/8/2026 19:41,6,USDC,$1.00 ,0.00%,$74.26B
9/8/2026 19:41,7,Solana,$102.57 ,-2.45%,$60.12B
9/8/2026 19:41,8,TRON,$0.34 ,0.97%,$32.14B
9/8/2026 19:41,9,Hyperliquid,$82.64 ,-5.61%,$20.82B
9/8/2026 19:41,10,Zcash,"$1,154.55 ",-2.12%,$19.46B
,,,,,
9/8/2026 19:41,1,Bitcoin,"$78,055.13 ",-1.57%,$1.56T
9/8/2026 19:41,2,Ethereum,"$2,460.09 ",-1.43%,$299.94B
9/8/2026 19:41,3,Tether,$1.00 ,-0.02%,$183.38B
9/8/2026 19:41,4,BNB,$748.24 ,0.52%,$99.63B
9/8/2026 19:41,5,XRP,$1.40 ,-0.12%,$87.94B
9/8/2026 19:41,6,USDC,$1.00 ,0.00%,$74.23B
9/8/2026 19:41,7,Solana,$102.62 ,-2.37%,$60.15B
9/8/2026 19:41,8,TRON,$0.34 ,0.98%,$32.15B
9/8/2026 19:41,9,Hyperliquid,$82.79 ,-5.11%,$20.85B
9/8/2026 19:41,10,Zcash,"$1,161.73 ",-0.97%,$19.58B
,,,,,
9/8/2026 19:42,1,Bitcoin,"$78,125.06 ",-1.36%,$1.56T
9/8/2026 19:42,2,Ethereum,"$2,471.09 ",-0.74%,$301.54B
9/8/2026 19:42,3,Tether,$1.00 ,-0.02%,$183.38B
9/8/2026 19:42,4,BNB,$746.55 ,0.13%,$99.41B
9/8/2026 19:42,5,XRP,$1.40 ,0.40%,$88.12B
9/8/2026 19:42,6,USDC,$1.00 ,0.00%,$74.26B
9/8/2026 19:42,7,Solana,$102.57 ,-2.45%,$60.12B
9/8/2026 19:42,8,TRON,$0.34 ,0.97%,$32.14B
9/8/2026 19:42,9,Hyperliquid,$82.64 ,-5.61%,$20.82B
9/8/2026 19:42,10,Zcash,"$1,154.55 ",-2.12%,$19.46B
,,,,,
9/8/2026 19:42,1,Bitcoin,"$78,142.54 ",-1.34%,$1.56T
9/8/2026 19:42,2,Ethereum,"$2,473.63 ",-0.64%,$301.85B
9/8/2026 19:42,3,Tether,$1.00 ,-0.03%,$183.37B
9/8/2026 19:42,4,BNB,$749.16 ,0.63%,$99.76B
9/8/2026 19:42,5,XRP,$1.40 ,0.48%,$88.2B
9/8/2026 19:42,6,USDC,$1.00 ,-0.01%,$74.23B
9/8/2026 19:42,7,Solana,$102.89 ,-1.64%,$60.31B
9/8/2026 19:42,8,TRON,$0.34 ,0.97%,$32.14B
9/8/2026 19:42,9,Hyperliquid,$82.64 ,-5.61%,$20.82B
9/8/2026 19:42,10,Zcash,"$1,154.55 ",-2.12%,$19.46B
,,,,,
9/8/2026 19:43,1,Bitcoin,"$78,131.35 ",-1.30%,$1.56T
9/8/2026 19:43,2,Ethereum,"$2,472.57 ",-0.60%,$301.72B
9/8/2026 19:43,3,Tether,$1.00 ,-0.02%,$183.37B
9/8/2026 19:43,4,BNB,$749.36 ,0.64%,$99.78B
9/8/2026 19:43,5,XRP,$1.40 ,0.54%,$88.21B
9/8/2026 19:43,6,USDC,$1.00 ,0.01%,$74.23B
9/8/2026 19:43,7,Solana,$102.91 ,-1.64%,$60.32B
9/8/2026 19:43,8,TRON,$0.34 ,0.97%,$32.14B
9/8/2026 19:43,9,Hyperliquid,$82.64 ,-5.61%,$20.82B
9/8/2026 19:43,10,Zcash,"$1,154.55 ",-2.12%,$19.46B
,,,,,
9/8/2026 19:43,1,Bitcoin,"$78,071.26 ",-1.37%,$1.56T
9/8/2026 19:43,2,Ethereum,"$2,460.51 ",-1.09%,$300.06B
9/8/2026 19:43,3,Tether,$1.00 ,-0.02%,$183.37B
9/8/2026 19:43,4,BNB,$746.55 ,0.13%,$99.41B
9/8/2026 19:43,5,XRP,$1.40 ,0.00%,$88.03B
9/8/2026 19:43,6,USDC,$1.00 ,0.00%,$74.26B
9/8/2026 19:43,7,Solana,$102.57 ,-2.45%,$60.12B
9/8/2026 19:43,8,TRON,$0.34 ,0.97%,$32.14B
9/8/2026 19:43,9,Hyperliquid,$82.64 ,-5.61%,$20.82B
9/8/2026 19:43,10,Zcash,"$1,162.51 ",-0.99%,$19.59B
,,,,,
9/8/2026 19:44,1,Bitcoin,"$78,050.30 ",-1.37%,$1.56T
9/8/2026 19:44,2,Ethereum,"$2,462.64 ",-1.03%,$300.06B
9/8/2026 19:44,3,Tether,$1.00 ,-0.02%,$183.37B
9/8/2026 19:44,4,BNB,$746.55 ,0.13%,$99.41B
9/8/2026 19:44,5,XRP,$1.40 ,0.00%,$88.03B
9/8/2026 19:44,6,USDC,$1.00 ,0.00%,$74.26B
9/8/2026 19:44,7,Solana,$102.57 ,-2.45%,$60.12B
9/8/2026 19:44,8,TRON,$0.34 ,0.97%,$32.14B
9/8/2026 19:44,9,Hyperliquid,$82.91 ,-5.05%,$20.88B
9/8/2026 19:44,10,Zcash,"$1,163.16 ",-0.90%,$19.61B
,,,,,
9/8/2026 19:44,1,Bitcoin,"$78,112.44 ",-1.27%,$1.56T
9/8/2026 19:44,2,Ethereum,"$2,471.28 ",-0.54%,$301.57B
9/8/2026 19:44,3,Tether,$1.00 ,-0.02%,$183.37B
9/8/2026 19:44,4,BNB,$746.55 ,0.13%,$99.41B
9/8/2026 19:44,5,XRP,$1.40 ,0.59%,$88.22B
9/8/2026 19:44,6,USDC,$1.00 ,0.00%,$74.26B
9/8/2026 19:44,7,Solana,$102.92 ,-1.60%,$60.33B
9/8/2026 19:44,8,TRON,$0.34 ,0.97%,$32.14B
9/8/2026 19:44,9,Hyperliquid,$82.91 ,-5.05%,$20.88B
9/8/2026 19:44,10,Zcash,"$1,154.55 ",-2.12%,$19.46B
,,,,,
9/8/2026 19:45,1,Bitcoin,"$78,050.30 ",-1.37%,$1.56T
9/8/2026 19:45,2,Ethereum,"$2,474.14 ",-0.51%,$301.91B
9/8/2026 19:45,3,Tether,$1.00 ,-0.01%,$183.39B
9/8/2026 19:45,4,BNB,$749.88 ,0.71%,$99.85B
9/8/2026 19:45,5,XRP,$1.40 ,0.66%,$88.28B
9/8/2026 19:45,6,USDC,$1.00 ,0.00%,$74.23B
9/8/2026 19:45,7,Solana,$102.99 ,-1.54%,$60.36B
9/8/2026 19:45,8,TRON,$0.34 ,0.97%,$32.14B
9/8/2026 19:45,9,Hyperliquid,$82.64 ,-5.61%,$20.82B
9/8/2026 19:45,10,Zcash,"$1,154.55 ",-2.12%,$19.46B
,,,,,
9/8/2026 19:46,1,Bitcoin,"$78,119.48 ",-1.31%,$1.56T
9/8/2026 19:46,2,Ethereum,"$2,469.76 ",-0.80%,$300.51B
9/8/2026 19:46,3,Tether,$1.00 ,-0.03%,$183.36B
9/8/2026 19:46,4,BNB,$748.05 ,0.48%,$99.61B
9/8/2026 19:46,5,XRP,$1.40 ,0.30%,$88.14B
9/8/2026 19:46,6,USDC,$1.00 ,0.00%,$74.25B
9/8/2026 19:46,7,Solana,$102.78 ,-1.96%,$60.24B
9/8/2026 19:46,8,TRON,$0.34 ,1.09%,$32.17B
9/8/2026 19:46,9,Hyperliquid,$82.66 ,-5.43%,$20.82B
9/8/2026 19:46,10,Zcash,"$1,161.61 ",-0.90%,$19.58B
,,,,,
9/8/2026 19:46,1,Bitcoin,"$78,119.48 ",-1.31%,$1.56T
9/8/2026 19:46,2,Ethereum,"$2,469.76 ",-0.80%,$300.51B
9/8/2026 19:46,3,Tether,$1.00 ,-0.03%,$183.36B
9/8/2026 19:46,4,BNB,$748.05 ,0.48%,$99.61B
9/8/2026 19:46,5,XRP,$1.40 ,0.30%,$88.14B
9/8/2026 19:46,6,USDC,$1.00 ,0.00%,$74.25B
9/8/2026 19:46,7,Solana,$102.78 ,-1.96%,$60.24B
9/8/2026 19:46,8,TRON,$0.34 ,1.09%,$32.17B
9/8/2026 19:46,9,Hyperliquid,$82.66 ,-5.43%,$20.82B
9/8/2026 19:46,10,Zcash,"$1,161.61 ",-0.90%,$19.58B
,,,,,
9/8/2026 19:47,1,Bitcoin,"$78,119.48 ",-1.31%,$1.56T
9/8/2026 19:47,2,Ethereum,"$2,469.76 ",-0.80%,$300.51B
9/8/2026 19:47,3,Tether,$1.00 ,-0.03%,$183.36B
9/8/2026 19:47,4,BNB,$748.05 ,0.48%,$99.61B
9/8/2026 19:47,5,XRP,$1.40 ,0.30%,$88.14B
9/8/2026 19:47,6,USDC,$1.00 ,0.00%,$74.25B
9/8/2026 19:47,7,Solana,$102.78 ,-1.96%,$60.24B
9/8/2026 19:47,8,TRON,$0.34 ,1.09%,$32.17B
9/8/2026 19:47,9,Hyperliquid,$82.66 ,-5.43%,$20.82B
9/8/2026 19:47,10,Zcash,"$1,161.61 ",-0.90%,$19.58B
,,,,,
9/8/2026 19:47,1,Bitcoin,"$78,248.00 ",-1.21%,$1.57T
9/8/2026 19:47,2,Ethereum,"$2,477.97 ",-0.43%,$302.38B
9/8/2026 19:47,3,Tether,$1.00 ,-0.01%,$183.4B
9/8/2026 19:47,4,BNB,$750.17 ,0.77%,$99.89B
9/8/2026 19:47,5,XRP,$1.40 ,0.74%,$88.33B
9/8/2026 19:47,6,USDC,$1.00 ,0.00%,$74.24B
9/8/2026 19:47,7,Solana,$103.04 ,-1.42%,$60.4B
9/8/2026 19:47,8,TRON,$0.34 ,1.09%,$32.17B
9/8/2026 19:47,9,Hyperliquid,$82.66 ,-5.43%,$20.82B
9/8/2026 19:47,10,Zcash,"$1,161.61 ",-0.90%,$19.58B
,,,,,
9/8/2026 19:48,1,Bitcoin,"$78,119.48 ",-1.31%,$1.56T
9/8/2026 19:48,2,Ethereum,"$2,469.76 ",-0.80%,$300.51B
9/8/2026 19:48,3,Tether,$1.00 ,-0.03%,$183.36B
9/8/2026 19:48,4,BNB,$748.05 ,0.48%,$99.61B
9/8/2026 19:48,5,XRP,$1.40 ,0.30%,$88.14B
9/8/2026 19:48,6,USDC,$1.00 ,0.00%,$74.25B
9/8/2026 19:48,7,Solana,$102.78 ,-1.96%,$60.24B
9/8/2026 19:48,8,TRON,$0.34 ,1.09%,$32.17B
9/8/2026 19:48,9,Hyperliquid,$82.66 ,-5.43%,$20.82B
9/8/2026 19:48,10,Zcash,"$1,161.61 ",-0.90%,$19.58B
,,,,,
9/8/2026 19:48,1,Bitcoin,"$78,119.48 ",-1.31%,$1.56T
9/8/2026 19:48,2,Ethereum,"$2,469.76 ",-0.80%,$300.51B
9/8/2026 19:48,3,Tether,$1.00 ,-0.03%,$183.36B
9/8/2026 19:48,4,BNB,$748.05 ,0.48%,$99.61B
9/8/2026 19:48,5,XRP,$1.40 ,0.30%,$88.14B
9/8/2026 19:48,6,USDC,$1.00 ,0.00%,$74.25B
9/8/2026 19:48,7,Solana,$102.78 ,-1.96%,$60.24B
9/8/2026 19:48,8,TRON,$0.34 ,1.09%,$32.17B
9/8/2026 19:48,9,Hyperliquid,$82.66 ,-5.43%,$20.82B
9/8/2026 19:48,10,Zcash,"$1,161.61 ",-0.90%,$19.58B
,,,,,
9/8/2026 19:49,1,Bitcoin,"$78,259.96 ",-1.13%,$1.56T
9/8/2026 19:49,2,Ethereum,"$2,471.74 ",-0.60%,$300.51B
9/8/2026 19:49,3,Tether,$1.00 ,-0.03%,$183.36B
9/8/2026 19:49,4,BNB,$748.05 ,0.48%,$99.61B
9/8/2026 19:49,5,XRP,$1.40 ,0.30%,$88.14B
9/8/2026 19:49,6,USDC,$1.00 ,0.00%,$74.25B
9/8/2026 19:49,7,Solana,$102.78 ,-1.96%,$60.24B
9/8/2026 19:49,8,TRON,$0.34 ,1.09%,$32.17B
9/8/2026 19:49,9,Hyperliquid,$82.66 ,-5.43%,$20.82B
9/8/2026 19:49,10,Zcash,"$1,161.61 ",-0.90%,$19.58B
,,,,,
9/8/2026 19:49,1,Bitcoin,"$78,259.96 ",-1.13%,$1.56T
9/8/2026 19:49,2,Ethereum,"$2,471.74 ",-0.60%,$300.51B
9/8/2026 19:49,3,Tether,$1.00 ,-0.03%,$183.36B
9/8/2026 19:49,4,BNB,$748.05 ,0.48%,$99.61B
9/8/2026 19:49,5,XRP,$1.40 ,0.30%,$88.14B
9/8/2026 19:49,6,USDC,$1.00 ,0.00%,$74.25B
9/8/2026 19:49,7,Solana,$102.78 ,-1.96%,$60.24B
9/8/2026 19:49,8,TRON,$0.34 ,1.09%,$32.17B
9/8/2026 19:49,9,Hyperliquid,$82.66 ,-5.43%,$20.82B
9/8/2026 19:49,10,Zcash,"$1,161.61 ",-0.90%,$19.58B
,,,,,
9/8/2026 19:50,1,Bitcoin,"$78,259.96 ",-1.13%,$1.56T
9/8/2026 19:50,2,Ethereum,"$2,471.74 ",-0.60%,$300.51B
9/8/2026 19:50,3,Tether,$1.00 ,-0.03%,$183.36B
9/8/2026 19:50,4,BNB,$748.05 ,0.48%,$99.61B
9/8/2026 19:50,5,XRP,$1.40 ,0.30%,$88.14B
9/8/2026 19:50,6,USDC,$1.00 ,0.00%,$74.25B
9/8/2026 19:50,7,Solana,$102.78 ,-1.96%,$60.24B
9/8/2026 19:50,8,TRON,$0.34 ,1.09%,$32.17B
9/8/2026 19:50,9,Hyperliquid,$83.17 ,-4.58%,$20.95B
9/8/2026 19:50,10,Zcash,"$1,160.35 ",-1.28%,$19.56B
,,,,,
9/8/2026 19:50,1,Bitcoin,"$78,306.53 ",-1.04%,$1.57T
9/8/2026 19:50,2,Ethereum,"$2,480.53 ",-0.21%,$302.69B
9/8/2026 19:50,3,Tether,$1.00 ,-0.02%,$183.37B
9/8/2026 19:50,4,BNB,$750.53 ,0.83%,$99.94B
9/8/2026 19:50,5,XRP,$1.40 ,0.75%,$88.32B
9/8/2026 19:50,6,USDC,$1.00 ,0.00%,$74.23B
9/8/2026 19:50,7,Solana,$103.03 ,-1.35%,$60.39B
9/8/2026 19:50,8,TRON,$0.34 ,1.09%,$32.17B
9/8/2026 19:50,9,Hyperliquid,$83.18 ,-4.58%,$20.95B
9/8/2026 19:50,10,Zcash,"$1,160.66 ",-1.26%,$19.56B
,,,,,
9/8/2026 19:53,1,Bitcoin,"$78,273.79 ",-1.08%,$1.57T
9/8/2026 19:53,2,Ethereum,"$2,477.39 ",-0.42%,$301.62B
9/8/2026 19:53,3,Tether,$1.00 ,-0.02%,$183.37B
9/8/2026 19:53,4,BNB,$750.12 ,0.77%,$99.88B
9/8/2026 19:53,5,XRP,$1.40 ,0.59%,$88.22B
9/8/2026 19:53,6,USDC,$1.00 ,0.00%,$74.23B
9/8/2026 19:53,7,Solana,$102.91 ,-1.61%,$60.32B
9/8/2026 19:53,8,TRON,$0.34 ,1.12%,$32.18B
9/8/2026 19:53,9,Hyperliquid,$82.90 ,-5.06%,$20.88B
9/8/2026 19:53,10,Zcash,"$1,162.55 ",-0.94%,$19.6B
,,,,,
9/8/2026 19:56,1,Bitcoin,"$78,310.34 ",-0.99%,$1.57T
9/8/2026 19:56,2,Ethereum,"$2,476.89 ",-0.32%,$302.25B
9/8/2026 19:56,3,Tether,$1.00 ,-0.02%,$183.37B
9/8/2026 19:56,4,BNB,$750.33 ,0.84%,$99.91B
9/8/2026 19:56,5,XRP,$1.40 ,0.78%,$88.35B
9/8/2026 19:56,6,USDC,$1.00 ,0.00%,$74.23B
9/8/2026 19:56,7,Solana,$102.98 ,-1.36%,$60.36B
9/8/2026 19:56,8,TRON,$0.34 ,1.12%,$32.18B
9/8/2026 19:56,9,Hyperliquid,$82.90 ,-5.06%,$20.88B
9/8/2026 19:56,10,Zcash,"$1,161.28 ",-1.28%,$19.57B
,,,,,
9/8/2026 20:00,1,Bitcoin,"$78,317.20 ",-0.96%,$1.57T
9/8/2026 20:00,2,Ethereum,"$2,479.76 ",-0.20%,$302.31B
9/8/2026 20:00,3,Tether,$1.00 ,0.02%,$183.37B
9/8/2026 20:00,4,BNB,$750.46 ,0.82%,$99.93B
9/8/2026 20:00,5,XRP,$1.40 ,0.72%,$88.31B
9/8/2026 20:00,6,USDC,$1.00 ,0.00%,$74.23B
9/8/2026 20:00,7,Solana,$103.03 ,-1.35%,$60.39B
9/8/2026 20:00,8,TRON,$0.34 ,1.15%,$32.2B
9/8/2026 20:00,9,Hyperliquid,$82.99 ,-4.91%,$20.9B
9/8/2026 20:00,10,Zcash,"$1,161.24 ",-1.15%,$19.57B
,,,,,
9/8/2026 20:01,1,Bitcoin,"$78,302.16 ",-0.91%,$1.57T
9/8/2026 20:01,2,Ethereum,"$2,478.27 ",-0.15%,$302.42B
9/8/2026 20:01,3,Tether,$1.00 ,-0.01%,$183.38B
9/8/2026 20:01,4,BNB,$749.82 ,0.85%,$99.84B
9/8/2026 20:01,5,XRP,$1.40 ,0.78%,$88.31B
9/8/2026 20:01,6,USDC,$1.00 ,0.00%,$74.23B
9/8/2026 20:01,7,Solana,$102.89 ,-1.32%,$60.31B
9/8/2026 20:01,8,TRON,$0.34 ,1.18%,$32.2B
9/8/2026 20:01,9,Hyperliquid,$83.52 ,-3.58%,$21.04B
9/8/2026 20:01,10,Zcash,"$1,163.85 ",-1.22%,$19.62B
,,,,,
9/8/2026 20:02,1,Bitcoin,"$78,247.06 ",-1.10%,$1.57T
9/8/2026 20:02,2,Ethereum,"$2,477.12 ",-0.31%,$302.6B
9/8/2026 20:02,3,Tether,$1.00 ,0.00%,$183.41B
9/8/2026 20:02,4,BNB,$750.44 ,0.86%,$99.93B
9/8/2026 20:02,5,XRP,$1.40 ,0.87%,$88.39B
9/8/2026 20:02,6,USDC,$1.00 ,0.01%,$74.24B
9/8/2026 20:02,7,Solana,$103.03 ,-1.34%,$60.39B
9/8/2026 20:02,8,TRON,$0.34 ,1.18%,$32.2B
9/8/2026 20:02,9,Hyperliquid,$83.37 ,-4.23%,$21B
9/8/2026 20:02,10,Zcash,"$1,161.95 ",-1.22%,$19.58B
,,,,,
9/8/2026 20:03,1,Bitcoin,"$78,285.25 ",-1.01%,$1.57T
9/8/2026 20:03,2,Ethereum,"$2,474.65 ",-0.43%,$302.6B
9/8/2026 20:03,3,Tether,$1.00 ,0.00%,$183.41B
9/8/2026 20:03,4,BNB,$750.44 ,0.86%,$99.93B
9/8/2026 20:03,5,XRP,$1.40 ,0.87%,$88.39B
9/8/2026 20:03,6,USDC,$1.00 ,0.01%,$74.24B
9/8/2026 20:03,7,Solana,$103.03 ,-1.34%,$60.39B
9/8/2026 20:03,8,TRON,$0.34 ,1.18%,$32.2B
9/8/2026 20:03,9,Hyperliquid,$83.37 ,-4.23%,$21B
9/8/2026 20:03,10,Zcash,"$1,161.95 ",-1.22%,$19.58B
,,,,,
9/8/2026 20:04,1,Bitcoin,"$78,313.48 ",-0.93%,$1.57T
9/8/2026 20:04,2,Ethereum,"$2,476.72 ",-0.32%,$302.6B
9/8/2026 20:04,3,Tether,$1.00 ,0.00%,$183.41B
9/8/2026 20:04,4,BNB,$750.44 ,0.86%,$99.93B
9/8/2026 20:04,5,XRP,$1.40 ,0.87%,$88.39B
9/8/2026 20:04,6,USDC,$1.00 ,0.01%,$74.24B
9/8/2026 20:04,7,Solana,$103.03 ,-1.34%,$60.39B
9/8/2026 20:04,8,TRON,$0.34 ,1.18%,$32.2B
9/8/2026 20:04,9,Hyperliquid,$83.37 ,-4.23%,$21B
9/8/2026 20:04,10,Zcash,"$1,161.95 ",-1.22%,$19.58B
,,,,,
9/8/2026 20:05,1,Bitcoin,"$78,313.48 ",-0.93%,$1.57T
9/8/2026 20:05,2,Ethereum,"$2,476.72 ",-0.32%,$302.6B
9/8/2026 20:05,3,Tether,$1.00 ,0.00%,$183.41B
9/8/2026 20:05,4,BNB,$750.44 ,0.86%,$99.93B
9/8/2026 20:05,5,XRP,$1.40 ,0.87%,$88.39B
9/8/2026 20:05,6,USDC,$1.00 ,0.01%,$74.24B
9/8/2026 20:05,7,Solana,$103.03 ,-1.34%,$60.39B
9/8/2026 20:05,8,TRON,$0.34 ,1.18%,$32.2B
9/8/2026 20:05,9,Hyperliquid,$83.37 ,-4.23%,$21B
9/8/2026 20:05,10,Zcash,"$1,161.95 ",-1.22%,$19.58B
,,,,,
9/8/2026 20:05,1,Bitcoin,"$78,313.48 ",-0.93%,$1.57T
9/8/2026 20:05,2,Ethereum,"$2,476.72 ",-0.32%,$302.6B
9/8/2026 20:05,3,Tether,$1.00 ,0.00%,$183.41B
9/8/2026 20:05,4,BNB,$750.44 ,0.86%,$99.93B
9/8/2026 20:05,5,XRP,$1.40 ,0.87%,$88.39B
9/8/2026 20:05,6,USDC,$1.00 ,0.01%,$74.24B
9/8/2026 20:05,7,Solana,$103.03 ,-1.34%,$60.39B
9/8/2026 20:05,8,TRON,$0.34 ,1.18%,$32.2B
9/8/2026 20:05,9,Hyperliquid,$83.37 ,-4.23%,$21B
9/8/2026 20:05,10,Zcash,"$1,161.95 ",-1.22%,$19.58B
,,,,,
9/8/2026 20:06,1,Bitcoin,"$78,313.48 ",-0.93%,$1.57T
9/8/2026 20:06,2,Ethereum,"$2,476.72 ",-0.32%,$302.6B
9/8/2026 20:06,3,Tether,$1.00 ,0.00%,$183.41B
9/8/2026 20:06,4,BNB,$750.44 ,0.86%,$99.93B
9/8/2026 20:06,5,XRP,$1.40 ,0.87%,$88.39B
9/8/2026 20:06,6,USDC,$1.00 ,0.01%,$74.24B
9/8/2026 20:06,7,Solana,$103.03 ,-1.34%,$60.39B
9/8/2026 20:06,8,TRON,$0.34 ,1.18%,$32.2B
9/8/2026 20:06,9,Hyperliquid,$83.37 ,-4.23%,$21B
9/8/2026 20:06,10,Zcash,"$1,161.95 ",-1.22%,$19.58B
,,,,,
9/8/2026 20:11,1,Bitcoin,"$78,312.01 ",-0.96%,$1.57T
9/8/2026 20:11,2,Ethereum,"$2,478.48 ",-0.17%,$302.2B
9/8/2026 20:11,3,Tether,$1.00 ,-0.03%,$183.38B
9/8/2026 20:11,4,BNB,$749.12 ,0.75%,$99.75B
9/8/2026 20:11,5,XRP,$1.40 ,0.78%,$88.3B
9/8/2026 20:11,6,USDC,$1.00 ,-0.02%,$74.23B
9/8/2026 20:11,7,Solana,$102.88 ,-1.33%,$60.3B
9/8/2026 20:11,8,TRON,$0.34 ,1.27%,$32.2B
9/8/2026 20:11,9,Hyperliquid,$83.52 ,-3.55%,$21.04B
9/8/2026 20:11,10,Zcash,"$1,164.90 ",-1.03%,$19.63B
,,,,,
9/8/2026 20:14,1,Bitcoin,"$78,307.37 ",-0.96%,$1.57T
9/8/2026 20:14,2,Ethereum,"$2,478.11 ",-0.15%,$302.2B
9/8/2026 20:14,3,Tether,$1.00 ,-0.03%,$183.38B
9/8/2026 20:14,4,BNB,$748.91 ,0.74%,$99.75B
9/8/2026 20:14,5,XRP,$1.40 ,1.03%,$88.3B
9/8/2026 20:14,6,USDC,$1.00 ,-0.02%,$74.23B
9/8/2026 20:14,7,Solana,$102.95 ,-1.25%,$60.3B
9/8/2026 20:14,8,TRON,$0.34 ,1.27%,$32.2B
9/8/2026 20:14,9,Hyperliquid,$83.52 ,-3.55%,$21.04B
9/8/2026 20:14,10,Zcash,"$1,164.90 ",-1.03%,$19.63B
,,,,,
9/8/2026 20:14,1,Bitcoin,"$78,337.74 ",-0.88%,$1.57T
9/8/2026 20:14,2,Ethereum,"$2,479.51 ",-0.02%,$302.71B
9/8/2026 20:14,3,Tether,$1.00 ,-0.04%,$183.47B
9/8/2026 20:14,4,BNB,$748.75 ,0.76%,$99.7B
9/8/2026 20:14,5,XRP,$1.40 ,1.02%,$88.39B
9/8/2026 20:14,6,USDC,$1.00 ,0.03%,$74.25B
9/8/2026 20:14,7,Solana,$102.97 ,-1.23%,$60.35B
9/8/2026 20:14,8,TRON,$0.34 ,1.32%,$32.22B
9/8/2026 20:14,9,Hyperliquid,$83.58 ,-3.34%,$21.05B
9/8/2026 20:14,10,Zcash,"$1,168.85 ",-0.30%,$19.7B
,,,,,
9/8/2026 20:15,1,Bitcoin,"$78,337.74 ",-0.88%,$1.57T
9/8/2026 20:15,2,Ethereum,"$2,479.51 ",-0.02%,$302.71B
9/8/2026 20:15,3,Tether,$1.00 ,-0.02%,$183.47B
9/8/2026 20:15,4,BNB,$748.75 ,0.76%,$99.7B
9/8/2026 20:15,5,XRP,$1.40 ,1.04%,$88.39B
9/8/2026 20:15,6,USDC,$1.00 ,0.03%,$74.25B
9/8/2026 20:15,7,Solana,$103.03 ,-1.15%,$60.35B
9/8/2026 20:15,8,TRON,$0.34 ,1.32%,$32.22B
9/8/2026 20:15,9,Hyperliquid,$83.58 ,-3.34%,$21.05B
9/8/2026 20:15,10,Zcash,"$1,168.85 ",-0.30%,$19.7B
,,,,,
9/8/2026 20:37,1,Bitcoin,"$78,485.56 ",-0.76%,$1.57T
9/8/2026 20:37,2,Ethereum,"$2,487.09 ",-0.03%,$303.25B
9/8/2026 20:37,3,Tether,$1.00 ,-0.01%,$183.38B
9/8/2026 20:37,4,BNB,$750.69 ,1.01%,$99.96B
9/8/2026 20:37,5,XRP,$1.41 ,1.18%,$88.69B
9/8/2026 20:37,6,USDC,$1.00 ,0.00%,$74.19B
9/8/2026 20:37,7,Solana,$103.26 ,-1.23%,$60.53B
9/8/2026 20:37,8,TRON,$0.34 ,1.51%,$32.26B
9/8/2026 20:37,9,Hyperliquid,$83.64 ,-3.66%,$21.07B
9/8/2026 20:37,10,Zcash,"$1,173.53 ",0.03%,$19.78B
,,,,,
9/8/2026 20:37,1,Bitcoin,"$78,523.69 ",-0.65%,$1.57T
9/8/2026 20:37,2,Ethereum,"$2,485.80 ",0.12%,$303.34B
9/8/2026 20:37,3,Tether,$1.00 ,0.01%,$183.42B
9/8/2026 20:37,4,BNB,$750.71 ,1.14%,$99.96B
9/8/2026 20:37,5,XRP,$1.41 ,1.40%,$88.68B
9/8/2026 20:37,6,USDC,$1.00 ,0.03%,$74.21B
9/8/2026 20:37,7,Solana,$103.26 ,-1.11%,$60.53B
9/8/2026 20:37,8,TRON,$0.34 ,1.51%,$32.26B
9/8/2026 20:37,9,Hyperliquid,$83.64 ,-3.66%,$21.07B
9/8/2026 20:37,10,Zcash,"$1,173.53 ",0.03%,$19.78B
,,,,,
9/8/2026 20:38,1,Bitcoin,"$78,625.86 ",-0.63%,$1.57T
9/8/2026 20:38,2,Ethereum,"$2,487.09 ",-0.03%,$303.25B
9/8/2026 20:38,3,Tether,$1.00 ,-0.01%,$183.38B
9/8/2026 20:38,4,BNB,$750.49 ,0.93%,$99.93B
9/8/2026 20:38,5,XRP,$1.41 ,1.27%,$88.91B
9/8/2026 20:38,6,USDC,$1.00 ,0.00%,$74.19B
9/8/2026 20:38,7,Solana,$103.31 ,-1.30%,$60.55B
9/8/2026 20:38,8,TRON,$0.34 ,1.51%,$32.26B
9/8/2026 20:38,9,Hyperliquid,$83.73 ,-2.99%,$21.09B
9/8/2026 20:38,10,Zcash,"$1,174.09 ",1.05%,$19.79B
,,,,,
9/8/2026 20:38,1,Bitcoin,"$78,508.57 ",-0.69%,$1.57T
9/8/2026 20:38,2,Ethereum,"$2,485.42 ",0.06%,$303.29B
9/8/2026 20:38,3,Tether,$1.00 ,-0.01%,$183.38B
9/8/2026 20:38,4,BNB,$750.49 ,0.93%,$99.93B
9/8/2026 20:38,5,XRP,$1.41 ,1.39%,$88.69B
9/8/2026 20:38,6,USDC,$1.00 ,0.00%,$74.19B
9/8/2026 20:38,7,Solana,$103.28 ,-1.08%,$60.54B
9/8/2026 20:38,8,TRON,$0.34 ,1.51%,$32.26B
9/8/2026 20:38,9,Hyperliquid,$83.73 ,-2.99%,$21.09B
9/8/2026 20:38,10,Zcash,"$1,174.18 ",1.06%,$19.79B
,,,,,
9/8/2026 20:39,1,Bitcoin,"$78,533.53 ",-0.66%,$1.57T
9/8/2026 20:39,2,Ethereum,"$2,485.92 ",0.08%,$303.35B
9/8/2026 20:39,3,Tether,$1.00 ,-0.01%,$183.38B
9/8/2026 20:39,4,BNB,$750.72 ,1.15%,$99.96B
9/8/2026 20:39,5,XRP,$1.41 ,1.40%,$88.7B
9/8/2026 20:39,6,USDC,$1.00 ,0.01%,$74.2B
9/8/2026 20:39,7,Solana,$103.29 ,-1.06%,$60.54B
9/8/2026 20:39,8,TRON,$0.34 ,1.51%,$32.26B
9/8/2026 20:39,9,Hyperliquid,$83.64 ,-3.66%,$21.07B
9/8/2026 20:39,10,Zcash,"$1,173.53 ",0.03%,$19.78B
,,,,,
9/8/2026 20:39,1,Bitcoin,"$78,481.11 ",-0.77%,$1.57T
9/8/2026 20:39,2,Ethereum,"$2,485.65 ",0.04%,$303.25B
9/8/2026 20:39,3,Tether,$1.00 ,-0.01%,$183.38B
9/8/2026 20:39,4,BNB,$750.49 ,0.93%,$99.93B
9/8/2026 20:39,5,XRP,$1.41 ,1.27%,$88.91B
9/8/2026 20:39,6,USDC,$1.00 ,0.00%,$74.19B
9/8/2026 20:39,7,Solana,$103.31 ,-1.30%,$60.55B
9/8/2026 20:39,8,TRON,$0.34 ,1.51%,$32.26B
9/8/2026 20:39,9,Hyperliquid,$83.64 ,-3.66%,$21.07B
9/8/2026 20:39,10,Zcash,"$1,173.53 ",0.03%,$19.78B
,,,,,
9/8/2026 20:40,1,Bitcoin,"$78,481.11 ",-0.77%,$1.57T
9/8/2026 20:40,2,Ethereum,"$2,485.65 ",0.04%,$303.25B
9/8/2026 20:40,3,Tether,$1.00 ,-0.01%,$183.38B
9/8/2026 20:40,4,BNB,$750.49 ,0.93%,$99.93B
9/8/2026 20:40,5,XRP,$1.41 ,1.27%,$88.91B
9/8/2026 20:40,6,USDC,$1.00 ,0.00%,$74.19B
9/8/2026 20:40,7,Solana,$103.31 ,-1.30%,$60.55B
9/8/2026 20:40,8,TRON,$0.34 ,1.51%,$32.26B
9/8/2026 20:40,9,Hyperliquid,$83.71 ,-2.98%,$21.08B
9/8/2026 20:40,10,Zcash,"$1,175.80 ",1.39%,$19.82B
,,,,,
9/8/2026 20:40,1,Bitcoin,"$78,481.11 ",-0.77%,$1.57T
9/8/2026 20:40,2,Ethereum,"$2,485.65 ",0.04%,$303.25B
9/8/2026 20:40,3,Tether,$1.00 ,-0.01%,$183.38B
9/8/2026 20:40,4,BNB,$750.49 ,0.93%,$99.93B
9/8/2026 20:40,5,XRP,$1.41 ,1.27%,$88.91B
9/8/2026 20:40,6,USDC,$1.00 ,0.00%,$74.19B
9/8/2026 20:40,7,Solana,$103.31 ,-1.30%,$60.55B
9/8/2026 20:40,8,TRON,$0.34 ,1.51%,$32.26B
9/8/2026 20:40,9,Hyperliquid,$83.64 ,-3.66%,$21.07B
9/8/2026 20:40,10,Zcash,"$1,173.53 ",0.03%,$19.78B
,,,,,
9/8/2026 20:41,1,Bitcoin,"$78,531.31 ",-0.67%,$1.57T
9/8/2026 20:41,2,Ethereum,"$2,485.66 ",0.07%,$303.49B
9/8/2026 20:41,3,Tether,$1.00 ,-0.02%,$183.38B
9/8/2026 20:41,4,BNB,$751.07 ,1.05%,$100.01B
9/8/2026 20:41,5,XRP,$1.41 ,1.30%,$88.87B
9/8/2026 20:41,6,USDC,$1.00 ,0.00%,$74.19B
9/8/2026 20:41,7,Solana,$103.33 ,-1.24%,$60.56B
9/8/2026 20:41,8,TRON,$0.34 ,1.49%,$32.26B
9/8/2026 20:41,9,Hyperliquid,$83.71 ,-3.01%,$21.08B
9/8/2026 20:41,10,Zcash,"$1,176.70 ",1.41%,$19.83B
,,,,,
9/8/2026 20:41,1,Bitcoin,"$78,560.02 ",-0.67%,$1.57T
9/8/2026 20:41,2,Ethereum,"$2,485.66 ",0.07%,$303.49B
9/8/2026 20:41,3,Tether,$1.00 ,-0.02%,$183.38B
9/8/2026 20:41,4,BNB,$751.07 ,1.05%,$100.01B
9/8/2026 20:41,5,XRP,$1.41 ,1.30%,$88.87B
9/8/2026 20:41,6,USDC,$1.00 ,0.00%,$74.19B
9/8/2026 20:41,7,Solana,$103.33 ,-1.24%,$60.56B
9/8/2026 20:41,8,TRON,$0.34 ,1.49%,$32.26B
9/8/2026 20:41,9,Hyperliquid,$83.71 ,-3.01%,$21.08B
9/8/2026 20:41,10,Zcash,"$1,176.72 ",1.41%,$19.83B
,,,,,
9/8/2026 20:42,1,Bitcoin,"$78,581.09 ",-0.61%,$1.57T
9/8/2026 20:42,2,Ethereum,"$2,486.81 ",0.09%,$303.46B
9/8/2026 20:42,3,Tether,$1.00 ,-0.02%,$183.38B
9/8/2026 20:42,4,BNB,$751.07 ,1.05%,$100.01B
9/8/2026 20:42,5,XRP,$1.41 ,1.55%,$88.8B
9/8/2026 20:42,6,USDC,$1.00 ,0.00%,$74.19B
9/8/2026 20:42,7,Solana,$103.46 ,-0.92%,$60.64B
9/8/2026 20:42,8,TRON,$0.34 ,1.49%,$32.26B
9/8/2026 20:42,9,Hyperliquid,$83.66 ,-3.60%,$21.07B
9/8/2026 20:42,10,Zcash,"$1,177.50 ",0.61%,$19.85B
,,,,,
9/8/2026 20:42,1,Bitcoin,"$78,531.31 ",-0.67%,$1.57T
9/8/2026 20:42,2,Ethereum,"$2,485.66 ",0.07%,$303.49B
9/8/2026 20:42,3,Tether,$1.00 ,-0.02%,$183.38B
9/8/2026 20:42,4,BNB,$750.93 ,1.22%,$99.99B
9/8/2026 20:42,5,XRP,$1.41 ,1.30%,$88.87B
9/8/2026 20:42,6,USDC,$1.00 ,0.03%,$74.21B
9/8/2026 20:42,7,Solana,$103.47 ,-0.90%,$60.65B
9/8/2026 20:42,8,TRON,$0.34 ,1.49%,$32.26B
9/8/2026 20:42,9,Hyperliquid,$83.66 ,-3.60%,$21.07B
9/8/2026 20:42,10,Zcash,"$1,177.50 ",0.61%,$19.85B
,,,,,
9/8/2026 20:43,1,Bitcoin,"$78,615.79 ",-0.56%,$1.57T
9/8/2026 20:43,2,Ethereum,"$2,487.40 ",0.13%,$303.53B
9/8/2026 20:43,3,Tether,$1.00 ,-0.01%,$183.39B
9/8/2026 20:43,4,BNB,$750.98 ,1.25%,$100B
9/8/2026 20:43,5,XRP,$1.41 ,1.56%,$88.82B
9/8/2026 20:43,6,USDC,$1.00 ,0.00%,$74.25B
9/8/2026 20:43,7,Solana,$103.49 ,-0.84%,$60.66B
9/8/2026 20:43,8,TRON,$0.34 ,1.49%,$32.26B
9/8/2026 20:43,9,Hyperliquid,$83.66 ,-3.60%,$21.07B
9/8/2026 20:43,10,Zcash,"$1,177.50 ",0.61%,$19.85B
,,,,,
9/8/2026 20:44,1,Bitcoin,"$78,610.79 ",-0.57%,$1.57T
9/8/2026 20:44,2,Ethereum,"$2,487.52 ",0.13%,$303.55B
9/8/2026 20:44,3,Tether,$1.00 ,-0.01%,$183.39B
9/8/2026 20:44,4,BNB,$751.01 ,1.25%,$100B
9/8/2026 20:44,5,XRP,$1.41 ,1.57%,$88.83B
9/8/2026 20:44,6,USDC,$1.00 ,0.00%,$74.25B
9/8/2026 20:44,7,Solana,$103.50 ,-0.83%,$60.67B
9/8/2026 20:44,8,TRON,$0.34 ,1.49%,$32.26B
9/8/2026 20:44,9,Hyperliquid,$83.66 ,-3.60%,$21.07B
9/8/2026 20:44,10,Zcash,"$1,177.50 ",0.61%,$19.85B
,,,,,
9/8/2026 20:44,1,Bitcoin,"$78,555.27 ",-0.67%,$1.57T
9/8/2026 20:44,2,Ethereum,"$2,485.64 ",0.06%,$303.49B
9/8/2026 20:44,3,Tether,$1.00 ,-0.02%,$183.38B
9/8/2026 20:44,4,BNB,$751.07 ,1.05%,$100.01B
9/8/2026 20:44,5,XRP,$1.41 ,1.30%,$88.87B
9/8/2026 20:44,6,USDC,$1.00 ,0.00%,$74.19B
9/8/2026 20:44,7,Solana,$103.33 ,-1.24%,$60.56B
9/8/2026 20:44,8,TRON,$0.34 ,1.49%,$32.26B
9/8/2026 20:44,9,Hyperliquid,$83.78 ,-2.93%,$21.1B
9/8/2026 20:44,10,Zcash,"$1,178.15 ",1.46%,$19.86B
,,,,,
9/8/2026 22:39,1,Bitcoin,"$78,832.37 ",-0.23%,$1.58T
9/8/2026 22:39,2,Ethereum,"$2,498.97 ",0.64%,$304.61B
9/8/2026 22:39,3,Tether,$1.00 ,0.02%,$183.43B
9/8/2026 22:39,4,BNB,$755.75 ,2.17%,$100.63B
9/8/2026 22:39,5,XRP,$1.43 ,2.88%,$90.04B
9/8/2026 22:39,6,USDC,$1.00 ,0.01%,$74.39B
9/8/2026 22:39,7,Solana,$104.15 ,0.33%,$61.05B
9/8/2026 22:39,8,TRON,$0.34 ,1.74%,$32.25B
9/8/2026 22:39,9,Hyperliquid,$84.28 ,-1.31%,$21.23B
9/8/2026 22:39,10,Zcash,"$1,193.01 ",2.88%,$20.11B
,,,,,
9/9/2026 10:23,1,Bitcoin,"$79,122.13 ",0.43%,$1.58T
9/9/2026 10:23,2,Ethereum,"$2,507.27 ",1.01%,$305.96B
9/9/2026 10:23,3,Tether,$1.00 ,0.01%,$183.41B
9/9/2026 10:23,4,BNB,$754.60 ,1.24%,$100.48B
9/9/2026 10:23,5,XRP,$1.43 ,2.69%,$89.82B
9/9/2026 10:23,6,USDC,$1.00 ,0.00%,$74.43B
9/9/2026 10:23,7,Solana,$104.09 ,0.75%,$61.02B
9/9/2026 10:23,8,TRON,$0.34 ,1.05%,$32.14B
9/9/2026 10:23,9,Hyperliquid,$85.79 ,1.69%,$21.6B
9/9/2026 10:23,10,Zcash,"$1,232.69 ",9.32%,$20.78B
,,,,,
9/9/2026 10:24,1,Bitcoin,"$79,170.16 ",0.55%,$1.58T
9/9/2026 10:24,2,Ethereum,"$2,509.92 ",1.16%,$306.29B
9/9/2026 10:24,3,Tether,$1.00 ,0.03%,$183.44B
9/9/2026 10:24,4,BNB,$754.70 ,1.19%,$100.49B
9/9/2026 10:24,5,XRP,$1.43 ,3.02%,$90.07B
9/9/2026 10:24,6,USDC,$1.00 ,0.02%,$74.44B
9/9/2026 10:24,7,Solana,$104.09 ,0.75%,$61.02B
9/9/2026 10:24,8,TRON,$0.34 ,1.05%,$32.14B
9/9/2026 10:24,9,Hyperliquid,$86.00 ,1.95%,$21.66B
9/9/2026 10:24,10,Zcash,"$1,237.47 ",10.02%,$20.86B
,,,,,
9/9/2026 10:24,1,Bitcoin,"$79,122.13 ",0.43%,$1.58T
9/9/2026 10:24,2,Ethereum,"$2,507.27 ",1.01%,$305.96B
9/9/2026 10:24,3,Tether,$1.00 ,0.01%,$183.41B
9/9/2026 10:24,4,BNB,$754.60 ,1.24%,$100.48B
9/9/2026 10:24,5,XRP,$1.43 ,2.69%,$89.82B
9/9/2026 10:24,6,USDC,$1.00 ,0.00%,$74.43B
9/9/2026 10:24,7,Solana,$104.09 ,0.75%,$61.02B
9/9/2026 10:24,8,TRON,$0.34 ,1.05%,$32.14B
9/9/2026 10:24,9,Hyperliquid,$85.79 ,1.69%,$21.6B
9/9/2026 10:24,10,Zcash,"$1,232.69 ",9.32%,$20.78B
,,,,,
9/9/2026 10:25,1,Bitcoin,"$79,156.97 ",0.56%,$1.58T
9/9/2026 10:25,2,Ethereum,"$2,509.66 ",1.19%,$306.26B
9/9/2026 10:25,3,Tether,$1.00 ,0.01%,$183.41B
9/9/2026 10:25,4,BNB,$754.60 ,1.24%,$100.48B
9/9/2026 10:25,5,XRP,$1.43 ,3.13%,$90.11B
9/9/2026 10:25,6,USDC,$1.00 ,0.00%,$74.43B
9/9/2026 10:25,7,Solana,$104.09 ,0.75%,$61.02B
9/9/2026 10:25,8,TRON,$0.34 ,1.05%,$32.14B
9/9/2026 10:25,9,Hyperliquid,$86.02 ,2.03%,$21.66B
9/9/2026 10:25,10,Zcash,"$1,238.89 ",10.22%,$20.88B
,,,,,
9/9/2026 10:25,1,Bitcoin,"$79,167.67 ",0.58%,$1.58T
9/9/2026 10:25,2,Ethereum,"$2,509.62 ",1.19%,$306.25B
9/9/2026 10:25,3,Tether,$1.00 ,0.01%,$183.41B
9/9/2026 10:25,4,BNB,$754.60 ,1.24%,$100.48B
9/9/2026 10:25,5,XRP,$1.43 ,3.13%,$90.11B
9/9/2026 10:25,6,USDC,$1.00 ,0.00%,$74.43B
9/9/2026 10:25,7,Solana,$104.09 ,0.75%,$61.02B
9/9/2026 10:25,8,TRON,$0.34 ,1.05%,$32.14B
9/9/2026 10:25,9,Hyperliquid,$85.79 ,1.69%,$21.6B
9/9/2026 10:25,10,Zcash,"$1,232.69 ",9.32%,$20.78B
,,,,,
9/9/2026 10:26,1,Bitcoin,"$79,169.20 ",0.61%,$1.58T
9/9/2026 10:26,2,Ethereum,"$2,509.79 ",1.26%,$306.27B
9/9/2026 10:26,3,Tether,$1.00 ,0.01%,$183.42B
9/9/2026 10:26,4,BNB,$754.66 ,1.21%,$100.49B
9/9/2026 10:26,5,XRP,$1.43 ,3.13%,$90.11B
9/9/2026 10:26,6,USDC,$1.00 ,0.00%,$74.44B
9/9/2026 10:26,7,Solana,$104.32 ,1.13%,$61.16B
9/9/2026 10:26,8,TRON,$0.34 ,1.04%,$32.15B
9/9/2026 10:26,9,Hyperliquid,$85.93 ,1.87%,$21.64B
9/9/2026 10:26,10,Zcash,"$1,235.59 ",9.80%,$20.83B
,,,,,
9/9/2026 10:26,1,Bitcoin,"$79,148.28 ",0.47%,$1.58T
9/9/2026 10:26,2,Ethereum,"$2,510.35 ",1.14%,$306.05B
9/9/2026 10:26,3,Tether,$1.00 ,0.01%,$183.42B
9/9/2026 10:26,4,BNB,$754.94 ,1.20%,$100.52B
9/9/2026 10:26,5,XRP,$1.43 ,2.86%,$89.95B
9/9/2026 10:26,6,USDC,$1.00 ,0.00%,$74.44B
9/9/2026 10:26,7,Solana,$104.21 ,0.90%,$61.09B
9/9/2026 10:26,8,TRON,$0.34 ,1.04%,$32.15B
9/9/2026 10:26,9,Hyperliquid,$86.05 ,2.06%,$21.67B
9/9/2026 10:26,10,Zcash,"$1,240.75 ",10.42%,$20.91B
,,,,,
9/10/2026 19:02,1,Bitcoin,"$76,788.29 ",-3.51%,$1.54T
9/10/2026 19:02,2,Ethereum,"$2,418.59 ",-3.80%,$294.95B
9/10/2026 19:02,3,Tether,$1.00 ,-0.01%,$183.38B
9/10/2026 19:02,4,BNB,$705.91 ,-5.92%,$93.99B
9/10/2026 19:02,5,XRP,$1.35 ,-5.69%,$84.95B
9/10/2026 19:02,6,USDC,$1.00 ,0.00%,$74.3B
9/10/2026 19:02,7,Solana,$99.27 ,-5.00%,$58.2B
9/10/2026 19:02,8,TRON,$0.34 ,-0.14%,$32.12B
9/10/2026 19:02,9,Hyperliquid,$80.98 ,-6.51%,$20.39B
9/10/2026 19:02,10,Zcash,"$1,170.30 ",-7.39%,$19.73B
,,,,,
9/10/2026 19:02,1,Bitcoin,"$76,842.63 ",-3.36%,$1.54T
9/10/2026 19:02,2,Ethereum,"$2,420.39 ",-3.64%,$295.37B
9/10/2026 19:02,3,Tether,$1.00 ,-0.01%,$183.38B
9/10/2026 19:02,4,BNB,$705.91 ,-5.92%,$93.99B
9/10/2026 19:02,5,XRP,$1.35 ,-5.45%,$85.09B
9/10/2026 19:02,6,USDC,$1.00 ,0.00%,$74.3B
9/10/2026 19:02,7,Solana,$99.41 ,-4.82%,$58.29B
9/10/2026 19:02,8,TRON,$0.34 ,-0.16%,$32.11B
9/10/2026 19:02,9,Hyperliquid,$80.98 ,-6.51%,$20.39B
9/10/2026 19:02,10,Zcash,"$1,170.30 ",-7.39%,$19.73B
,,,,,
9/10/2026 19:03,1,Bitcoin,"$76,882.59 ",-3.38%,$1.54T
9/10/2026 19:03,2,Ethereum,"$2,418.59 ",-3.80%,$294.95B
9/10/2026 19:03,3,Tether,$1.00 ,-0.01%,$183.38B
9/10/2026 19:03,4,BNB,$705.91 ,-5.92%,$93.99B
9/10/2026 19:03,5,XRP,$1.35 ,-5.69%,$84.95B
9/10/2026 19:03,6,USDC,$1.00 ,0.00%,$74.3B
9/10/2026 19:03,7,Solana,$99.27 ,-5.00%,$58.2B
9/10/2026 19:03,8,TRON,$0.34 ,-0.14%,$32.12B
9/10/2026 19:03,9,Hyperliquid,$81.07 ,-6.47%,$20.41B
9/10/2026 19:03,10,Zcash,"$1,171.03 ",-7.52%,$19.74B
,,,,,
9/10/2026 19:05,1,Bitcoin,"$76,919.18 ",-3.36%,$1.54T
9/10/2026 19:05,2,Ethereum,"$2,419.99 ",-3.77%,$294.95B
9/10/2026 19:05,3,Tether,$1.00 ,-0.01%,$183.38B
9/10/2026 19:05,4,BNB,$706.80 ,-5.79%,$94.11B
9/10/2026 19:05,5,XRP,$1.35 ,-5.69%,$84.95B
9/10/2026 19:05,6,USDC,$1.00 ,0.00%,$74.3B
9/10/2026 19:05,7,Solana,$99.27 ,-5.00%,$58.2B
9/10/2026 19:05,8,TRON,$0.34 ,-0.14%,$32.12B
9/10/2026 19:05,9,Hyperliquid,$80.98 ,-6.51%,$20.39B
9/10/2026 19:05,10,Zcash,"$1,170.30 ",-7.39%,$19.73B
,,,,,
9/10/2026 19:06,1,Bitcoin,"$76,801.08 ",-3.49%,$1.54T
9/10/2026 19:06,2,Ethereum,"$2,418.34 ",-3.80%,$295.17B
9/10/2026 19:06,3,Tether,$1.00 ,-0.02%,$183.38B
9/10/2026 19:06,4,BNB,$706.45 ,-5.86%,$94.07B
9/10/2026 19:06,5,XRP,$1.35 ,-5.51%,$85.08B
9/10/2026 19:06,6,USDC,$1.00 ,-0.01%,$74.3B
9/10/2026 19:06,7,Solana,$99.41 ,-4.85%,$58.29B
9/10/2026 19:06,8,TRON,$0.34 ,-0.16%,$32.12B
9/10/2026 19:06,9,Hyperliquid,$81.12 ,-6.42%,$20.43B
9/10/2026 19:06,10,Zcash,"$1,175.90 ",-6.93%,$19.82B
,,,,,
9/10/2026 19:07,1,Bitcoin,"$77,048.63 ",-2.92%,$1.54T
9/10/2026 19:07,2,Ethereum,"$2,421.40 ",-3.79%,$295.17B
9/10/2026 19:07,3,Tether,$1.00 ,-0.01%,$183.39B
9/10/2026 19:07,4,BNB,$706.45 ,-5.86%,$94.07B
9/10/2026 19:07,5,XRP,$1.35 ,-5.51%,$85.08B
9/10/2026 19:07,6,USDC,$1.00 ,-0.01%,$74.3B
9/10/2026 19:07,7,Solana,$99.41 ,-4.85%,$58.29B
9/10/2026 19:07,8,TRON,$0.34 ,-0.16%,$32.12B
9/10/2026 19:07,9,Hyperliquid,$81.12 ,-6.42%,$20.43B
9/10/2026 19:07,10,Zcash,"$1,175.90 ",-6.93%,$19.82B
,,,,,
9/10/2026 19:08,1,Bitcoin,"$77,003.34 ",-2.90%,$1.54T
9/10/2026 19:08,2,Ethereum,"$2,421.40 ",-3.79%,$295.17B
9/10/2026 19:08,3,Tether,$1.00 ,-0.02%,$183.38B
9/10/2026 19:08,4,BNB,$706.45 ,-5.86%,$94.07B
9/10/2026 19:08,5,XRP,$1.35 ,-5.51%,$85.08B
9/10/2026 19:08,6,USDC,$1.00 ,-0.01%,$74.3B
9/10/2026 19:08,7,Solana,$99.34 ,-4.64%,$58.25B
9/10/2026 19:08,8,TRON,$0.34 ,-0.11%,$32.11B
9/10/2026 19:08,9,Hyperliquid,$81.12 ,-6.42%,$20.4B
9/10/2026 19:08,10,Zcash,"$1,175.90 ",-6.93%,$19.69B
,,,,,
9/10/2026 19:09,1,Bitcoin,"$76,857.21 ",-3.46%,$1.54T
9/10/2026 19:09,2,Ethereum,"$2,421.40 ",-3.79%,$295.17B
9/10/2026 19:09,3,Tether,$1.00 ,-0.02%,$183.38B
9/10/2026 19:09,4,BNB,$706.71 ,-5.80%,$94.07B
9/10/2026 19:09,5,XRP,$1.35 ,-5.50%,$85.08B
9/10/2026 19:09,6,USDC,$1.00 ,-0.01%,$74.3B
9/10/2026 19:09,7,Solana,$99.33 ,-4.93%,$58.29B
9/10/2026 19:09,8,TRON,$0.34 ,-0.16%,$32.12B
9/10/2026 19:09,9,Hyperliquid,$81.12 ,-6.42%,$20.43B
9/10/2026 19:09,10,Zcash,"$1,175.90 ",-6.93%,$19.82B
,,,,,
9/10/2026 19:10,1,Bitcoin,"$76,857.21 ",-3.46%,$1.54T
9/10/2026 19:10,2,Ethereum,"$2,421.40 ",-3.79%,$295.17B
9/10/2026 19:10,3,Tether,$1.00 ,-0.02%,$183.38B
9/10/2026 19:10,4,BNB,$706.45 ,-5.86%,$94.07B
9/10/2026 19:10,5,XRP,$1.35 ,-5.51%,$85.08B
9/10/2026 19:10,6,USDC,$1.00 ,-0.01%,$74.3B
9/10/2026 19:10,7,Solana,$99.41 ,-4.85%,$58.29B
9/10/2026 19:10,8,TRON,$0.34 ,-0.10%,$32.11B
9/10/2026 19:10,9,Hyperliquid,$81.08 ,-6.03%,$20.41B
9/10/2026 19:10,10,Zcash,"$1,169.10 ",-8.35%,$19.71B
,,,,,
9/10/2026 19:11,1,Bitcoin,"$76,987.77 ",-3.07%,$1.54T
9/10/2026 19:11,2,Ethereum,"$2,426.98 ",-3.34%,$296.17B
9/10/2026 19:11,3,Tether,$1.00 ,-0.02%,$183.38B
9/10/2026 19:11,4,BNB,$706.45 ,-5.86%,$94.07B
9/10/2026 19:11,5,XRP,$1.36 ,-4.88%,$85.41B
9/10/2026 19:11,6,USDC,$1.00 ,-0.01%,$74.3B
9/10/2026 19:11,7,Solana,$99.41 ,-4.85%,$58.29B
9/10/2026 19:11,8,TRON,$0.34 ,-0.16%,$32.12B
9/10/2026 19:11,9,Hyperliquid,$81.12 ,-6.42%,$20.43B
9/10/2026 19:11,10,Zcash,"$1,175.90 ",-6.93%,$19.82B
,,,,,
9/10/2026 19:12,1,Bitcoin,"$76,995.58 ",-3.06%,$1.54T
9/10/2026 19:12,2,Ethereum,"$2,427.04 ",-3.34%,$296.18B
9/10/2026 19:12,3,Tether,$1.00 ,-0.01%,$183.39B
9/10/2026 19:12,4,BNB,$708.46 ,-5.36%,$94.34B
9/10/2026 19:12,5,XRP,$1.36 ,-4.86%,$85.43B
9/10/2026 19:12,6,USDC,$1.00 ,0.00%,$74.3B
9/10/2026 19:12,7,Solana,$99.44 ,-4.43%,$58.3B
9/10/2026 19:12,8,TRON,$0.34 ,-0.17%,$32.11B
9/10/2026 19:12,9,Hyperliquid,$81.11 ,-6.43%,$20.42B
9/10/2026 19:12,10,Zcash,"$1,171.80 ",-7.46%,$19.75B
,,,,,
9/10/2026 19:12,1,Bitcoin,"$77,063.25 ",-2.90%,$1.54T
9/10/2026 19:12,2,Ethereum,"$2,426.35 ",-3.24%,$295.11B
9/10/2026 19:12,3,Tether,$1.00 ,-0.01%,$183.39B
9/10/2026 19:12,4,BNB,$706.62 ,-5.82%,$94.09B
9/10/2026 19:12,5,XRP,$1.35 ,-5.45%,$85.09B
9/10/2026 19:12,6,USDC,$1.00 ,0.00%,$74.3B
9/10/2026 19:12,7,Solana,$99.41 ,-4.82%,$58.28B
9/10/2026 19:12,8,TRON,$0.34 ,-0.17%,$32.11B
9/10/2026 19:12,9,Hyperliquid,$81.11 ,-6.43%,$20.42B
9/10/2026 19:12,10,Zcash,"$1,171.80 ",-7.46%,$19.75B
,,,,,
9/10/2026 19:13,1,Bitcoin,"$76,974.19 ",-2.97%,$1.54T
9/10/2026 19:13,2,Ethereum,"$2,425.47 ",-3.28%,$295.11B
9/10/2026 19:13,3,Tether,$1.00 ,-0.01%,$183.39B
9/10/2026 19:13,4,BNB,$706.62 ,-5.82%,$94.09B
9/10/2026 19:13,5,XRP,$1.35 ,-5.45%,$85.09B
9/10/2026 19:13,6,USDC,$1.00 ,0.00%,$74.3B
9/10/2026 19:13,7,Solana,$99.41 ,-4.82%,$58.28B
9/10/2026 19:13,8,TRON,$0.34 ,-0.06%,$32.12B
9/10/2026 19:13,9,Hyperliquid,$81.18 ,-5.80%,$20.44B
9/10/2026 19:13,10,Zcash,"$1,170.18 ",-8.16%,$19.73B
,,,,,
9/10/2026 19:14,1,Bitcoin,"$76,974.19 ",-2.97%,$1.54T
9/10/2026 19:14,2,Ethereum,"$2,425.47 ",-3.28%,$295.11B
9/10/2026 19:14,3,Tether,$1.00 ,-0.01%,$183.39B
9/10/2026 19:14,4,BNB,$706.62 ,-5.82%,$94.09B
9/10/2026 19:14,5,XRP,$1.35 ,-5.45%,$85.09B
9/10/2026 19:14,6,USDC,$1.00 ,0.00%,$74.3B
9/10/2026 19:14,7,Solana,$99.41 ,-4.82%,$58.28B
9/10/2026 19:14,8,TRON,$0.34 ,-0.17%,$32.11B
9/10/2026 19:14,9,Hyperliquid,$81.11 ,-6.43%,$20.42B
9/10/2026 19:14,10,Zcash,"$1,171.80 ",-7.46%,$19.75B
,,,,,
9/10/2026 19:15,1,Bitcoin,"$76,911.30 ",-2.92%,$1.54T
9/10/2026 19:15,2,Ethereum,"$2,424.75 ",-3.16%,$295.9B
9/10/2026 19:15,3,Tether,$1.00 ,-0.01%,$183.39B
9/10/2026 19:15,4,BNB,$706.62 ,-5.82%,$94.09B
9/10/2026 19:15,5,XRP,$1.36 ,-4.76%,$85.44B
9/10/2026 19:15,6,USDC,$1.00 ,0.01%,$74.3B
9/10/2026 19:15,7,Solana,$99.41 ,-4.82%,$58.28B
9/10/2026 19:15,8,TRON,$0.34 ,-0.17%,$32.11B
9/10/2026 19:15,9,Hyperliquid,$81.11 ,-6.43%,$20.42B
9/10/2026 19:15,10,Zcash,"$1,171.80 ",-7.46%,$19.75B
,,,,,
9/10/2026 19:16,1,Bitcoin,"$76,978.04 ",-2.84%,$1.54T
9/10/2026 19:16,2,Ethereum,"$2,426.30 ",-3.06%,$295.99B
9/10/2026 19:16,3,Tether,$1.00 ,-0.02%,$183.39B
9/10/2026 19:16,4,BNB,$707.63 ,-5.55%,$94.22B
9/10/2026 19:16,5,XRP,$1.35 ,-5.16%,$85.23B
9/10/2026 19:16,6,USDC,$1.00 ,0.01%,$74.32B
9/10/2026 19:16,7,Solana,$99.51 ,-4.12%,$58.35B
9/10/2026 19:16,8,TRON,$0.34 ,-0.13%,$32.11B
9/10/2026 19:16,9,Hyperliquid,$81.03 ,-6.26%,$20.4B
9/10/2026 19:16,10,Zcash,"$1,167.80 ",-8.47%,$19.69B
,,,,,
9/10/2026 19:17,1,Bitcoin,"$77,047.45 ",-2.86%,$1.54T
9/10/2026 19:17,2,Ethereum,"$2,426.30 ",-3.06%,$295.99B
9/10/2026 19:17,3,Tether,$1.00 ,-0.02%,$183.39B
9/10/2026 19:17,4,BNB,$707.63 ,-5.55%,$94.22B
9/10/2026 19:17,5,XRP,$1.35 ,-5.16%,$85.23B
9/10/2026 19:17,6,USDC,$1.00 ,0.01%,$74.32B
9/10/2026 19:17,7,Solana,$99.34 ,-4.64%,$58.24B
9/10/2026 19:17,8,TRON,$0.34 ,-0.13%,$32.11B
9/10/2026 19:17,9,Hyperliquid,$81.03 ,-6.26%,$20.4B
9/10/2026 19:17,10,Zcash,"$1,167.80 ",-8.47%,$19.69B
,,,,,
9/10/2026 19:19,1,Bitcoin,"$77,023.50 ",-2.93%,$1.54T
9/10/2026 19:19,2,Ethereum,"$2,429.53 ",-3.28%,$296.48B
9/10/2026 19:19,3,Tether,$1.00 ,0.01%,$183.4B
9/10/2026 19:19,4,BNB,$709.22 ,-5.19%,$94.44B
9/10/2026 19:19,5,XRP,$1.36 ,-4.53%,$85.61B
9/10/2026 19:19,6,USDC,$1.00 ,0.00%,$74.3B
9/10/2026 19:19,7,Solana,$99.64 ,-4.15%,$58.42B
9/10/2026 19:19,8,TRON,$0.34 ,-0.09%,$32.12B
9/10/2026 19:19,9,Hyperliquid,$81.11 ,-5.99%,$20.42B
9/10/2026 19:19,10,Zcash,"$1,170.66 ",-8.22%,$19.74B
,,,,,
9/10/2026 19:20,1,Bitcoin,"$76,952.96 ",-2.87%,$1.54T
9/10/2026 19:20,2,Ethereum,"$2,425.50 ",-3.16%,$296.17B
9/10/2026 19:20,3,Tether,$1.00 ,0.03%,$183.39B
9/10/2026 19:20,4,BNB,$708.46 ,-5.34%,$94.34B
9/10/2026 19:20,5,XRP,$1.36 ,-4.88%,$85.41B
9/10/2026 19:20,6,USDC,$1.00 ,0.01%,$74.31B
9/10/2026 19:20,7,Solana,$99.41 ,-4.46%,$58.29B
9/10/2026 19:20,8,TRON,$0.34 ,-0.09%,$32.12B
9/10/2026 19:20,9,Hyperliquid,$81.11 ,-5.99%,$20.42B
9/10/2026 19:20,10,Zcash,"$1,170.66 ",-8.22%,$19.74B
,,,,,
9/10/2026 19:21,1,Bitcoin,"$76,952.96 ",-2.87%,$1.54T
9/10/2026 19:21,2,Ethereum,"$2,425.50 ",-3.16%,$296.17B
9/10/2026 19:21,3,Tether,$1.00 ,0.03%,$183.39B
9/10/2026 19:21,4,BNB,$708.46 ,-5.34%,$94.34B
9/10/2026 19:21,5,XRP,$1.36 ,-4.88%,$85.41B
9/10/2026 19:21,6,USDC,$1.00 ,0.01%,$74.31B
9/10/2026 19:21,7,Solana,$99.41 ,-4.46%,$58.29B
9/10/2026 19:21,8,TRON,$0.34 ,-0.09%,$32.12B
9/10/2026 19:21,9,Hyperliquid,$81.11 ,-5.99%,$20.42B
9/10/2026 19:21,10,Zcash,"$1,170.66 ",-8.22%,$19.74B
,,,,,
9/10/2026 19:22,1,Bitcoin,"$76,924.86 ",-3.01%,$1.54T
9/10/2026 19:22,2,Ethereum,"$2,427.06 ",-3.25%,$296.17B
9/10/2026 19:22,3,Tether,$1.00 ,-0.02%,$183.38B
9/10/2026 19:22,4,BNB,$708.46 ,-5.34%,$94.34B
9/10/2026 19:22,5,XRP,$1.36 ,-4.88%,$85.41B
9/10/2026 19:22,6,USDC,$1.00 ,0.01%,$74.31B
9/10/2026 19:22,7,Solana,$99.41 ,-4.46%,$58.29B
9/10/2026 19:22,8,TRON,$0.34 ,-0.09%,$32.12B
9/10/2026 19:22,9,Hyperliquid,$81.11 ,-5.99%,$20.42B
9/10/2026 19:22,10,Zcash,"$1,170.66 ",-8.22%,$19.74B
,,,,,
9/10/2026 19:22,1,Bitcoin,"$77,044.40 ",-2.87%,$1.54T
9/10/2026 19:22,2,Ethereum,"$2,427.06 ",-3.25%,$296.17B
9/10/2026 19:22,3,Tether,$1.00 ,-0.03%,$183.39B
9/10/2026 19:22,4,BNB,$708.46 ,-5.34%,$94.34B
9/10/2026 19:22,5,XRP,$1.36 ,-4.88%,$85.41B
9/10/2026 19:22,6,USDC,$1.00 ,0.01%,$74.31B
9/10/2026 19:22,7,Solana,$99.53 ,-4.32%,$58.36B
9/10/2026 19:22,8,TRON,$0.34 ,-0.09%,$32.12B
9/10/2026 19:22,9,Hyperliquid,$81.12 ,-6.22%,$20.43B
9/10/2026 19:22,10,Zcash,"$1,165.93 ",-8.59%,$19.66B
,,,,,
9/10/2026 19:24,1,Bitcoin,"$77,004.24 ",-2.95%,$1.54T
9/10/2026 19:24,2,Ethereum,"$2,428.57 ",-3.32%,$296.17B
9/10/2026 19:24,3,Tether,$1.00 ,-0.03%,$183.39B
9/10/2026 19:24,4,BNB,$708.46 ,-5.34%,$94.34B
9/10/2026 19:24,5,XRP,$1.36 ,-4.88%,$85.41B
9/10/2026 19:24,6,USDC,$1.00 ,0.01%,$74.31B
9/10/2026 19:24,7,Solana,$99.41 ,-4.46%,$58.29B
9/10/2026 19:24,8,TRON,$0.34 ,-0.09%,$32.12B
9/10/2026 19:24,9,Hyperliquid,$81.11 ,-5.99%,$20.42B
9/10/2026 19:24,10,Zcash,"$1,170.66 ",-8.22%,$19.74B
,,,,,
9/10/2026 19:25,1,Bitcoin,"$77,114.84 ",-2.60%,$1.54T
9/10/2026 19:25,2,Ethereum,"$2,428.57 ",-3.32%,$296.17B
9/10/2026 19:25,3,Tether,$1.00 ,-0.03%,$183.39B
9/10/2026 19:25,4,BNB,$708.46 ,-5.34%,$94.34B
9/10/2026 19:25,5,XRP,$1.36 ,-4.88%,$85.41B
9/10/2026 19:25,6,USDC,$1.00 ,0.01%,$74.31B
9/10/2026 19:25,7,Solana,$99.41 ,-4.46%,$58.29B
9/10/2026 19:25,8,TRON,$0.34 ,-0.09%,$32.12B
9/10/2026 19:25,9,Hyperliquid,$81.11 ,-5.99%,$20.42B
9/10/2026 19:25,10,Zcash,"$1,170.66 ",-8.22%,$19.74B
,,,,,
9/10/2026 19:26,1,Bitcoin,"$77,155.81 ",-2.57%,$1.54T
9/10/2026 19:26,2,Ethereum,"$2,426.30 ",-3.36%,$296.18B
9/10/2026 19:26,3,Tether,$1.00 ,-0.02%,$183.38B
9/10/2026 19:26,4,BNB,$708.77 ,-5.21%,$94.38B
9/10/2026 19:26,5,XRP,$1.36 ,-4.61%,$85.47B
9/10/2026 19:26,6,USDC,$1.00 ,0.02%,$74.31B
9/10/2026 19:26,7,Solana,$99.53 ,-4.12%,$58.36B
9/10/2026 19:26,8,TRON,$0.34 ,-0.04%,$32.13B
9/10/2026 19:26,9,Hyperliquid,$81.19 ,-5.83%,$20.44B
9/10/2026 19:26,10,Zcash,"$1,168.71 ",-8.19%,$19.7B
,,,,,
9/10/2026 19:27,1,Bitcoin,"$77,156.28 ",-2.57%,$1.54T
9/10/2026 19:27,2,Ethereum,"$2,433.82 ",-2.87%,$297.01B
9/10/2026 19:27,3,Tether,$1.00 ,-0.01%,$183.4B
9/10/2026 19:27,4,BNB,$710.05 ,-4.92%,$94.55B
9/10/2026 19:27,5,XRP,$1.36 ,-4.65%,$85.62B
9/10/2026 19:27,6,USDC,$1.00 ,-0.01%,$74.3B
9/10/2026 19:27,7,Solana,$99.73 ,-4.05%,$58.47B
9/10/2026 19:27,8,TRON,$0.34 ,-0.04%,$32.13B
9/10/2026 19:27,9,Hyperliquid,$81.19 ,-5.83%,$20.44B
9/10/2026 19:27,10,Zcash,"$1,168.71 ",-8.19%,$19.7B
,,,,,
9/10/2026 19:28,1,Bitcoin,"$77,189.28 ",-2.60%,$1.55T
9/10/2026 19:28,2,Ethereum,"$2,433.65 ",-3.06%,$296.79B
9/10/2026 19:28,3,Tether,$1.00 ,-0.01%,$183.41B
9/10/2026 19:28,4,BNB,$709.21 ,-5.12%,$94.43B
9/10/2026 19:28,5,XRP,$1.36 ,-4.71%,$85.55B
9/10/2026 19:28,6,USDC,$1.00 ,0.00%,$74.3B
9/10/2026 19:28,7,Solana,$99.55 ,-4.29%,$58.37B
9/10/2026 19:28,8,TRON,$0.34 ,-0.06%,$32.13B
9/10/2026 19:28,9,Hyperliquid,$81.15 ,-6.19%,$20.43B
9/10/2026 19:28,10,Zcash,"$1,165.83 ",-8.59%,$19.71B
,,,,,
9/10/2026 19:29,1,Bitcoin,"$77,202.61 ",-2.51%,$1.55T
9/10/2026 19:29,2,Ethereum,"$2,433.65 ",-3.06%,$296.79B
9/10/2026 19:29,3,Tether,$1.00 ,0.00%,$183.41B
9/10/2026 19:29,4,BNB,$709.21 ,-5.12%,$94.43B
9/10/2026 19:29,5,XRP,$1.36 ,-4.71%,$85.55B
9/10/2026 19:29,6,USDC,$1.00 ,0.00%,$74.3B
9/10/2026 19:29,7,Solana,$99.73 ,-4.02%,$58.47B
9/10/2026 19:29,8,TRON,$0.34 ,-0.06%,$32.13B
9/10/2026 19:29,9,Hyperliquid,$81.15 ,-6.19%,$20.43B
9/10/2026 19:29,10,Zcash,"$1,168.73 ",-8.28%,$19.7B
,,,,,
9/10/2026 19:30,1,Bitcoin,"$77,113.88 ",-2.63%,$1.54T
9/10/2026 19:30,2,Ethereum,"$2,432.01 ",-2.98%,$296.79B
9/10/2026 19:30,3,Tether,$1.00 ,0.00%,$183.41B
9/10/2026 19:30,4,BNB,$709.21 ,-5.12%,$94.43B
9/10/2026 19:30,5,XRP,$1.36 ,-4.71%,$85.55B
9/10/2026 19:30,6,USDC,$1.00 ,0.00%,$74.3B
9/10/2026 19:30,7,Solana,$99.55 ,-4.29%,$58.37B
9/10/2026 19:30,8,TRON,$0.34 ,-0.06%,$32.13B
9/10/2026 19:30,9,Hyperliquid,$81.15 ,-6.19%,$20.43B
9/10/2026 19:30,10,Zcash,"$1,165.83 ",-8.59%,$19.65B
,,,,,
9/10/2026 19:31,1,Bitcoin,"$77,243.49 ",-2.32%,$1.55T
9/10/2026 19:31,2,Ethereum,"$2,432.01 ",-2.98%,$296.79B
9/10/2026 19:31,3,Tether,$1.00 ,0.00%,$183.41B
9/10/2026 19:31,4,BNB,$709.21 ,-5.12%,$94.43B
9/10/2026 19:31,5,XRP,$1.36 ,-4.71%,$85.55B
9/10/2026 19:31,6,USDC,$1.00 ,0.00%,$74.3B
9/10/2026 19:31,7,Solana,$99.55 ,-4.29%,$58.37B
9/10/2026 19:31,8,TRON,$0.34 ,-0.06%,$32.13B
9/10/2026 19:31,9,Hyperliquid,$81.15 ,-6.19%,$20.43B
9/10/2026 19:31,10,Zcash,"$1,165.83 ",-8.59%,$19.65B
,,,,,
9/10/2026 19:32,1,Bitcoin,"$77,291.67 ",-2.08%,$1.55T
9/10/2026 19:32,2,Ethereum,"$2,438.72 ",-2.34%,$297.61B
9/10/2026 19:32,3,Tether,$1.00 ,0.00%,$183.4B
9/10/2026 19:32,4,BNB,$710.49 ,-4.65%,$94.61B
9/10/2026 19:32,5,XRP,$1.36 ,-4.44%,$85.64B
9/10/2026 19:32,6,USDC,$1.00 ,0.00%,$74.3B
9/10/2026 19:32,7,Solana,$99.79 ,-3.81%,$58.51B
9/10/2026 19:32,8,TRON,$0.34 ,-0.06%,$32.13B
9/10/2026 19:32,9,Hyperliquid,$81.15 ,-6.19%,$20.43B
9/10/2026 19:32,10,Zcash,"$1,165.83 ",-8.59%,$19.65B
,,,,,
9/10/2026 19:33,1,Bitcoin,"$77,267.79 ",-2.14%,$1.55T
9/10/2026 19:33,2,Ethereum,"$2,432.01 ",-2.98%,$296.79B
9/10/2026 19:33,3,Tether,$1.00 ,0.00%,$183.41B
9/10/2026 19:33,4,BNB,$709.21 ,-5.12%,$94.43B
9/10/2026 19:33,5,XRP,$1.36 ,-4.71%,$85.55B
9/10/2026 19:33,6,USDC,$1.00 ,0.00%,$74.3B
9/10/2026 19:33,7,Solana,$99.55 ,-4.29%,$58.37B
9/10/2026 19:33,8,TRON,$0.34 ,-0.06%,$32.13B
9/10/2026 19:33,9,Hyperliquid,$81.15 ,-6.19%,$20.43B
9/10/2026 19:33,10,Zcash,"$1,165.83 ",-8.59%,$19.65B
,,,,,
9/10/2026 19:34,1,Bitcoin,"$77,208.08 ",-2.21%,$1.55T
9/10/2026 19:34,2,Ethereum,"$2,434.52 ",-2.68%,$296.79B
9/10/2026 19:34,3,Tether,$1.00 ,-0.04%,$183.35B
9/10/2026 19:34,4,BNB,$710.04 ,-4.93%,$94.54B
9/10/2026 19:34,5,XRP,$1.36 ,-4.66%,$85.6B
9/10/2026 19:34,6,USDC,$1.00 ,-0.01%,$74.3B
9/10/2026 19:34,7,Solana,$99.69 ,-4.10%,$58.45B
9/10/2026 19:34,8,TRON,$0.34 ,-0.03%,$32.14B
9/10/2026 19:34,9,Hyperliquid,$81.09 ,-6.27%,$20.42B
9/10/2026 19:34,10,Zcash,"$1,169.04 ",-8.36%,$19.71B
,,,,,
9/10/2026 19:34,1,Bitcoin,"$77,242.72 ",-2.32%,$1.54T
9/10/2026 19:34,2,Ethereum,"$2,434.52 ",-2.68%,$296.79B
9/10/2026 19:34,3,Tether,$1.00 ,-0.04%,$183.35B
9/10/2026 19:34,4,BNB,$710.04 ,-4.93%,$94.54B
9/10/2026 19:34,5,XRP,$1.36 ,-4.66%,$85.6B
9/10/2026 19:34,6,USDC,$1.00 ,-0.01%,$74.3B
9/10/2026 19:34,7,Solana,$99.69 ,-4.10%,$58.45B
9/10/2026 19:34,8,TRON,$0.34 ,0.05%,$32.15B
9/10/2026 19:34,9,Hyperliquid,$81.32 ,-5.78%,$20.48B
9/10/2026 19:34,10,Zcash,"$1,176.92 ",-7.22%,$19.84B
,,,,,
9/10/2026 19:35,1,Bitcoin,"$77,242.72 ",-2.32%,$1.54T
9/10/2026 19:35,2,Ethereum,"$2,434.52 ",-2.68%,$296.79B
9/10/2026 19:35,3,Tether,$1.00 ,-0.04%,$183.35B
9/10/2026 19:35,4,BNB,$710.04 ,-4.93%,$94.54B
9/10/2026 19:35,5,XRP,$1.36 ,-4.66%,$85.6B
9/10/2026 19:35,6,USDC,$1.00 ,-0.01%,$74.3B
9/10/2026 19:35,7,Solana,$99.69 ,-4.10%,$58.45B
9/10/2026 19:35,8,TRON,$0.34 ,-0.03%,$32.14B
9/10/2026 19:35,9,Hyperliquid,$81.09 ,-6.27%,$20.42B
9/10/2026 19:35,10,Zcash,"$1,169.04 ",-8.36%,$19.71B
,,,,,
9/10/2026 19:36,1,Bitcoin,"$77,242.72 ",-2.32%,$1.54T
9/10/2026 19:36,2,Ethereum,"$2,436.80 ",-2.61%,$296.79B
9/10/2026 19:36,3,Tether,$1.00 ,-0.04%,$183.35B
9/10/2026 19:36,4,BNB,$710.04 ,-4.93%,$94.54B
9/10/2026 19:36,5,XRP,$1.36 ,-4.66%,$85.6B
9/10/2026 19:36,6,USDC,$1.00 ,-0.01%,$74.3B
9/10/2026 19:36,7,Solana,$99.69 ,-4.10%,$58.45B
9/10/2026 19:36,8,TRON,$0.34 ,0.06%,$32.16B
9/10/2026 19:36,9,Hyperliquid,$81.08 ,-6.13%,$20.42B
9/10/2026 19:36,10,Zcash,"$1,175.34 ",-7.64%,$19.81B
,,,,,
9/15/2026 9:56,1,Bitcoin,"$77,554.43 ",-0.11%,$1.55T
9/15/2026 9:56,2,Ethereum,"$2,499.13 ",-0.57%,$304.86B
9/15/2026 9:56,3,Tether,$1.00 ,0.01%,$183.39B
9/15/2026 9:56,4,BNB,$720.70 ,-0.27%,$95.97B
9/15/2026 9:56,5,XRP,$1.41 ,3.07%,$88.94B
9/15/2026 9:56,6,USDC,$1.00 ,0.00%,$74.34B
9/15/2026 9:56,7,Solana,$101.47 ,0.55%,$59.56B
9/15/2026 9:56,8,TRON,$0.34 ,-0.31%,$32.05B
9/15/2026 9:56,9,Hyperliquid,$79.51 ,-0.60%,$20.01B
9/15/2026 9:56,10,Zcash,"$1,145.00 ",1.87%,$19.31B
,,,,,
9/15/2026 9:57,1,Bitcoin,"$77,618.84 ",-0.02%,$1.55T
9/15/2026 9:57,2,Ethereum,"$2,495.21 ",-0.80%,$304.86B
9/15/2026 9:57,3,Tether,$1.00 ,0.01%,$183.39B
9/15/2026 9:57,4,BNB,$720.70 ,-0.27%,$95.97B
9/15/2026 9:57,5,XRP,$1.41 ,3.07%,$88.94B
9/15/2026 9:57,6,USDC,$1.00 ,0.00%,$74.34B
9/15/2026 9:57,7,Solana,$101.47 ,0.55%,$59.56B
9/15/2026 9:57,8,TRON,$0.34 ,-0.31%,$32.05B
9/15/2026 9:57,9,Hyperliquid,$79.52 ,-0.60%,$20.01B
9/15/2026 9:57,10,Zcash,"$1,145.00 ",1.87%,$19.31B
,,,,,
9/15/2026 9:57,1,Bitcoin,"$77,580.38 ",-0.09%,$1.55T
9/15/2026 9:57,2,Ethereum,"$2,493.71 ",-0.85%,$304.35B
9/15/2026 9:57,3,Tether,$1.00 ,0.02%,$183.39B
9/15/2026 9:57,4,BNB,$720.70 ,-0.27%,$95.97B
9/15/2026 9:57,5,XRP,$1.41 ,2.63%,$88.81B
9/15/2026 9:57,6,USDC,$1.00 ,0.00%,$74.33B
9/15/2026 9:57,7,Solana,$101.46 ,0.35%,$59.56B
9/15/2026 9:57,8,TRON,$0.34 ,-0.31%,$32.05B
9/15/2026 9:57,9,Hyperliquid,$79.40 ,-0.73%,$19.98B
9/15/2026 9:57,10,Zcash,"$1,145.00 ",1.87%,$19.31B

2026-09-19 20:24:12,1,Bitcoin,"$81,506.49",0.93%,$1.63T
2026-09-19 20:24:12,2,Ethereum,"$2,638.65",2.34%,$322.11B
2026-09-19 20:24:12,3,Tether,$0.9997,0.04%,$183.34B
2026-09-19 20:24:12,4,BNB,$769.73,1.44%,$102.49B
2026-09-19 20:24:12,5,XRP,$1.43,4.01%,$90.44B
2026-09-19 20:24:12,6,USDC,$0.9999,0.01%,$74.29B
2026-09-19 20:24:12,7,Solana,$111.81,1.46%,$65.67B
2026-09-19 20:24:12,8,TRON,$0.3377,-0.40%,$32.07B
2026-09-19 20:24:12,9,Zcash,"$1,527.53",2.96%,$25.78B
2026-09-19 20:24:12,10,Hyperliquid,$92.96,0.99%,$23.38B

2026-09-19 20:24:40,1,Bitcoin,"$81,506.49",0.93%,$1.63T
2026-09-19 20:24:40,2,Ethereum,"$2,638.65",2.34%,$322.11B
2026-09-19 20:24:40,3,Tether,$0.9997,0.04%,$183.34B
2026-09-19 20:24:40,4,BNB,$769.73,1.44%,$102.49B
2026-09-19 20:24:40,5,XRP,$1.43,4.01%,$90.44B
2026-09-19 20:24:40,6,USDC,$0.9999,0.01%,$74.29B
2026-09-19 20:24:40,7,Solana,$111.81,1.46%,$65.67B
2026-09-19 20:24:40,8,TRON,$0.3377,-0.40%,$32.07B
2026-09-19 20:24:40,9,Zcash,"$1,527.53",2.96%,$25.78B
2026-09-19 20:24:40,10,Hyperliquid,$92.96,0.99%,$23.38B

2026-09-19 20:25:08,1,Bitcoin,"$81,492.92",0.81%,$1.63T
2026-09-19 20:25:08,2,Ethereum,"$2,637.13",2.31%,$322.11B
2026-09-19 20:25:08,3,Tether,$0.9997,0.04%,$183.34B
2026-09-19 20:25:08,4,BNB,$769.73,1.44%,$102.49B
2026-09-19 20:25:08,5,XRP,$1.43,4.01%,$90.44B
2026-09-19 20:25:08,6,USDC,$0.9999,0.01%,$74.29B
2026-09-19 20:25:08,7,Solana,$111.81,1.46%,$65.67B
2026-09-19 20:25:08,8,TRON,$0.3377,-0.40%,$32.07B
2026-09-19 20:25:08,9,Zcash,"$1,527.53",2.96%,$25.78B
2026-09-19 20:25:08,10,Hyperliquid,$92.88,0.73%,$23.35B

2026-09-19 20:25:36,1,Bitcoin,"$81,492.92",0.81%,$1.63T
2026-09-19 20:25:36,2,Ethereum,"$2,637.13",2.31%,$322.11B
2026-09-19 20:25:36,3,Tether,$0.9997,0.04%,$183.34B
2026-09-19 20:25:36,4,BNB,$769.73,1.44%,$102.49B
2026-09-19 20:25:36,5,XRP,$1.43,4.01%,$90.44B
2026-09-19 20:25:36,6,USDC,$0.9999,0.01%,$74.29B
2026-09-19 20:25:36,7,Solana,$111.81,1.46%,$65.67B
2026-09-19 20:25:36,8,TRON,$0.3377,-0.40%,$32.07B
2026-09-19 20:25:36,9,Zcash,"$1,526.27",2.78%,$25.75B
2026-09-19 20:25:36,10,Hyperliquid,$92.89,0.74%,$23.36B

2026-09-19 20:26:04,1,Bitcoin,"$81,492.92",0.81%,$1.63T
2026-09-19 20:26:04,2,Ethereum,"$2,637.13",2.31%,$322.11B
2026-09-19 20:26:04,3,Tether,$0.9997,0.04%,$183.34B
2026-09-19 20:26:04,4,BNB,$769.73,1.44%,$102.49B
2026-09-19 20:26:04,5,XRP,$1.43,4.01%,$90.44B
2026-09-19 20:26:04,6,USDC,$0.9999,0.01%,$74.29B
2026-09-19 20:26:04,7,Solana,$111.81,1.46%,$65.67B
2026-09-19 20:26:04,8,TRON,$0.3377,-0.40%,$32.07B
2026-09-19 20:26:04,9,Zcash,"$1,527.53",2.96%,$25.78B
2026-09-19 20:26:04,10,Hyperliquid,$92.96,0.99%,$23.38B

2026-09-19 20:26:32,1,Bitcoin,"$81,512.61",0.81%,$1.63T
2026-09-19 20:26:32,2,Ethereum,"$2,637.13",2.31%,$322.11B
2026-09-19 20:26:32,3,Tether,$0.9997,0.04%,$183.34B
2026-09-19 20:26:32,4,BNB,$769.73,1.44%,$102.49B
2026-09-19 20:26:32,5,XRP,$1.43,4.01%,$90.44B
2026-09-19 20:26:32,6,USDC,$0.9998,-0.00%,$74.28B
2026-09-19 20:26:32,7,Solana,$111.75,0.98%,$65.64B
2026-09-19 20:26:32,8,TRON,$0.3377,-0.40%,$32.07B
2026-09-19 20:26:32,9,Zcash,"$1,527.53",2.96%,$25.78B
2026-09-19 20:26:32,10,Hyperliquid,$92.90,0.75%,$23.36B

2026-09-19 20:26:59,1,Bitcoin,"$81,492.92",0.81%,$1.63T
2026-09-19 20:26:59,2,Ethereum,"$2,637.13",2.31%,$322.11B
2026-09-19 20:26:59,3,Tether,$0.9997,0.04%,$183.34B
2026-09-19 20:26:59,4,BNB,$769.73,1.44%,$102.49B
2026-09-19 20:26:59,5,XRP,$1.43,4.01%,$90.44B
2026-09-19 20:26:59,6,USDC,$0.9999,0.01%,$74.29B
2026-09-19 20:26:59,7,Solana,$111.81,1.46%,$65.67B
2026-09-19 20:26:59,8,TRON,$0.3377,-0.40%,$32.07B
2026-09-19 20:26:59,9,Zcash,"$1,527.53",2.96%,$25.78B
2026-09-19 20:26:59,10,Hyperliquid,$92.96,0.99%,$23.38B

2026-09-19 20:27:28,1,Bitcoin,"$81,499.59",0.79%,$1.63T
2026-09-19 20:27:28,2,Ethereum,"$2,636.80",2.30%,$322.01B
2026-09-19 20:27:28,3,Tether,$0.9996,0.01%,$183.32B
2026-09-19 20:27:28,4,BNB,$770.04,1.42%,$102.53B
2026-09-19 20:27:28,5,XRP,$1.43,3.38%,$90.43B
2026-09-19 20:27:28,6,USDC,$0.9998,-0.01%,$74.28B
2026-09-19 20:27:28,7,Solana,$111.76,0.96%,$65.64B
2026-09-19 20:27:28,8,TRON,$0.3377,-0.39%,$32.07B
2026-09-19 20:27:28,9,Zcash,"$1,526.84",2.91%,$25.76B
2026-09-19 20:27:28,10,Hyperliquid,$92.90,0.71%,$23.36B

2026-09-19 20:27:56,1,Bitcoin,"$81,499.59",0.79%,$1.63T
2026-09-19 20:27:56,2,Ethereum,"$2,636.80",2.30%,$322.01B
2026-09-19 20:27:56,3,Tether,$0.9996,0.01%,$183.32B
2026-09-19 20:27:56,4,BNB,$770.04,1.42%,$102.53B
2026-09-19 20:27:56,5,XRP,$1.43,3.38%,$90.43B
2026-09-19 20:27:56,6,USDC,$0.9998,-0.01%,$74.28B
2026-09-19 20:27:56,7,Solana,$111.76,0.96%,$65.64B
2026-09-19 20:27:56,8,TRON,$0.3377,-0.39%,$32.07B
2026-09-19 20:27:56,9,Zcash,"$1,527.63",2.91%,$25.78B
2026-09-19 20:27:56,10,Hyperliquid,$92.92,0.79%,$23.36B

2026-09-19 20:28:24,1,Bitcoin,"$81,499.59",0.79%,$1.63T
2026-09-19 20:28:24,2,Ethereum,"$2,636.80",2.30%,$322.01B
2026-09-19 20:28:24,3,Tether,$0.9996,0.01%,$183.32B
2026-09-19 20:28:24,4,BNB,$770.04,1.42%,$102.53B
2026-09-19 20:28:24,5,XRP,$1.43,3.38%,$90.43B
2026-09-19 20:28:24,6,USDC,$0.9998,-0.01%,$74.28B
2026-09-19 20:28:24,7,Solana,$111.76,0.96%,$65.64B
2026-09-19 20:28:24,8,TRON,$0.3377,-0.39%,$32.07B
2026-09-19 20:28:24,9,Zcash,"$1,526.84",2.91%,$25.76B
2026-09-19 20:28:24,10,Hyperliquid,$92.90,0.71%,$23.36B

2026-09-19 20:28:51,1,Bitcoin,"$81,499.59",0.79%,$1.63T
2026-09-19 20:28:51,2,Ethereum,"$2,636.80",2.30%,$322.01B
2026-09-19 20:28:51,3,Tether,$0.9996,0.01%,$183.32B
2026-09-19 20:28:51,4,BNB,$770.04,1.42%,$102.53B
2026-09-19 20:28:51,5,XRP,$1.43,3.38%,$90.43B
2026-09-19 20:28:51,6,USDC,$0.9998,-0.01%,$74.28B
2026-09-19 20:28:51,7,Solana,$111.76,0.96%,$65.64B
2026-09-19 20:28:51,8,TRON,$0.3377,-0.39%,$32.07B
2026-09-19 20:28:51,9,Zcash,"$1,527.50",3.08%,$25.77B
2026-09-19 20:28:51,10,Hyperliquid,$92.90,0.82%,$23.36B

2026-09-19 20:29:20,1,Bitcoin,"$81,499.59",0.79%,$1.63T
2026-09-19 20:29:20,2,Ethereum,"$2,636.80",2.30%,$322.01B
2026-09-19 20:29:20,3,Tether,$0.9996,0.01%,$183.32B
2026-09-19 20:29:20,4,BNB,$770.04,1.42%,$102.53B
2026-09-19 20:29:20,5,XRP,$1.43,3.38%,$90.43B
2026-09-19 20:29:20,6,USDC,$0.9998,-0.01%,$74.28B
2026-09-19 20:29:20,7,Solana,$111.76,0.96%,$65.64B
2026-09-19 20:29:20,8,TRON,$0.3377,-0.39%,$32.07B
2026-09-19 20:29:20,9,Zcash,"$1,526.84",2.91%,$25.76B
2026-09-19 20:29:20,10,Hyperliquid,$92.90,0.71%,$23.36B

2026-09-19 20:29:47,1,Bitcoin,"$81,499.59",0.79%,$1.63T
2026-09-19 20:29:47,2,Ethereum,"$2,636.80",2.30%,$322.01B
2026-09-19 20:29:47,3,Tether,$0.9996,0.01%,$183.32B
2026-09-19 20:29:47,4,BNB,$770.04,1.42%,$102.53B
2026-09-19 20:29:47,5,XRP,$1.43,3.38%,$90.43B
2026-09-19 20:29:47,6,USDC,$0.9998,-0.01%,$74.28B
2026-09-19 20:29:47,7,Solana,$111.76,0.96%,$65.64B
2026-09-19 20:29:47,8,TRON,$0.3377,-0.39%,$32.07B
2026-09-19 20:29:47,9,Zcash,"$1,526.84",2.91%,$25.76B
2026-09-19 20:29:47,10,Hyperliquid,$92.90,0.71%,$23.36B

2026-09-19 20:30:14,1,Bitcoin,"$81,499.59",0.79%,$1.63T
2026-09-19 20:30:14,2,Ethereum,"$2,636.80",2.30%,$322.01B
2026-09-19 20:30:14,3,Tether,$0.9996,0.01%,$183.32B
2026-09-19 20:30:14,4,BNB,$770.04,1.42%,$102.53B
2026-09-19 20:30:14,5,XRP,$1.43,3.38%,$90.43B
2026-09-19 20:30:14,6,USDC,$0.9998,-0.01%,$74.28B
2026-09-19 20:30:14,7,Solana,$111.76,0.96%,$65.64B
2026-09-19 20:30:14,8,TRON,$0.3377,-0.39%,$32.07B
2026-09-19 20:30:14,9,Zcash,"$1,526.84",2.91%,$25.76B
2026-09-19 20:30:14,10,Hyperliquid,$92.90,0.71%,$23.36B

2026-09-19 20:30:41,1,Bitcoin,"$81,499.59",0.79%,$1.63T
2026-09-19 20:30:41,2,Ethereum,"$2,636.80",2.30%,$322.01B
2026-09-19 20:30:41,3,Tether,$0.9996,0.01%,$183.32B
2026-09-19 20:30:41,4,BNB,$770.04,1.42%,$102.53B
2026-09-19 20:30:41,5,XRP,$1.43,3.38%,$90.43B
2026-09-19 20:30:41,6,USDC,$0.9998,-0.01%,$74.28B
2026-09-19 20:30:41,7,Solana,$111.76,0.96%,$65.64B
2026-09-19 20:30:41,8,TRON,$0.3377,-0.39%,$32.07B
2026-09-19 20:30:41,9,Zcash,"$1,526.84",2.91%,$25.76B
2026-09-19 20:30:41,10,Hyperliquid,$92.90,0.71%,$23.36B

2026-09-19 20:31:10,1,Bitcoin,"$81,505.88",0.80%,$1.63T
2026-09-19 20:31:10,2,Ethereum,"$2,638.26",2.28%,$322.01B
2026-09-19 20:31:10,3,Tether,$0.9996,0.01%,$183.32B
2026-09-19 20:31:10,4,BNB,$770.04,1.42%,$102.53B
2026-09-19 20:31:10,5,XRP,$1.43,3.38%,$90.43B
2026-09-19 20:31:10,6,USDC,$0.9998,-0.01%,$74.28B
2026-09-19 20:31:10,7,Solana,$111.76,0.96%,$65.64B
2026-09-19 20:31:10,8,TRON,$0.3377,-0.39%,$32.07B
2026-09-19 20:31:10,9,Zcash,"$1,526.84",2.91%,$25.76B
2026-09-19 20:31:10,10,Hyperliquid,$92.90,0.71%,$23.36B

2026-09-19 20:31:38,1,Bitcoin,"$81,505.88",0.80%,$1.63T
2026-09-19 20:31:38,2,Ethereum,"$2,639.86",2.16%,$322.22B
2026-09-19 20:31:38,3,Tether,$0.9996,0.01%,$183.32B
2026-09-19 20:31:38,4,BNB,$770.04,1.42%,$102.53B
2026-09-19 20:31:38,5,XRP,$1.43,3.38%,$90.43B
2026-09-19 20:31:38,6,USDC,$0.9998,-0.01%,$74.28B
2026-09-19 20:31:38,7,Solana,$111.76,0.96%,$65.64B
2026-09-19 20:31:38,8,TRON,$0.3377,-0.39%,$32.07B
2026-09-19 20:31:38,9,Zcash,"$1,526.86",3.02%,$25.76B
2026-09-19 20:31:38,10,Hyperliquid,$92.84,0.47%,$23.35B

2026-09-19 20:32:06,1,Bitcoin,"$81,505.88",0.80%,$1.63T
2026-09-19 20:32:06,2,Ethereum,"$2,638.26",2.28%,$322.01B
2026-09-19 20:32:06,3,Tether,$0.9996,0.01%,$183.32B
2026-09-19 20:32:06,4,BNB,$770.04,1.42%,$102.53B
2026-09-19 20:32:06,5,XRP,$1.43,3.38%,$90.43B
2026-09-19 20:32:06,6,USDC,$0.9998,-0.01%,$74.28B
2026-09-19 20:32:06,7,Solana,$111.76,0.96%,$65.64B
2026-09-19 20:32:06,8,TRON,$0.3377,-0.39%,$32.07B
2026-09-19 20:32:06,9,Zcash,"$1,526.80",3.13%,$25.76B
2026-09-19 20:32:06,10,Hyperliquid,$92.86,0.56%,$23.35B

2026-09-19 20:32:34,1,Bitcoin,"$81,505.88",0.80%,$1.63T
2026-09-19 20:32:34,2,Ethereum,"$2,638.26",2.28%,$322.01B
2026-09-19 20:32:34,3,Tether,$0.9996,0.01%,$183.32B
2026-09-19 20:32:34,4,BNB,$770.04,1.42%,$102.53B
2026-09-19 20:32:34,5,XRP,$1.43,3.38%,$90.43B
2026-09-19 20:32:34,6,USDC,$0.9998,-0.01%,$74.28B
2026-09-19 20:32:34,7,Solana,$111.76,0.96%,$65.64B
2026-09-19 20:32:34,8,TRON,$0.3377,-0.39%,$32.07B
2026-09-19 20:32:34,9,Zcash,"$1,526.84",2.91%,$25.76B
2026-09-19 20:32:34,10,Hyperliquid,$92.90,0.71%,$23.36B

2026-09-19 20:33:01,1,Bitcoin,"$81,505.88",0.80%,$1.63T
2026-09-19 20:33:01,2,Ethereum,"$2,638.26",2.28%,$322.01B
2026-09-19 20:33:01,3,Tether,$0.9996,0.01%,$183.32B
2026-09-19 20:33:01,4,BNB,$770.04,1.42%,$102.53B
2026-09-19 20:33:01,5,XRP,$1.43,3.38%,$90.43B
2026-09-19 20:33:01,6,USDC,$0.9998,-0.01%,$74.28B
2026-09-19 20:33:01,7,Solana,$111.76,0.96%,$65.64B
2026-09-19 20:33:01,8,TRON,$0.3377,-0.39%,$32.07B
2026-09-19 20:33:01,9,Zcash,"$1,525.44",3.04%,$25.74B
2026-09-19 20:33:01,10,Hyperliquid,$92.86,0.56%,$23.35B

2026-09-19 20:33:28,1,Bitcoin,"$81,491.34",0.82%,$1.63T
2026-09-19 20:33:28,2,Ethereum,"$2,638.02",2.24%,$322.03B
2026-09-19 20:33:28,3,Tether,$0.9997,0.02%,$183.34B
2026-09-19 20:33:28,4,BNB,$770.56,1.33%,$102.6B
2026-09-19 20:33:28,5,XRP,$1.43,2.95%,$90.39B
2026-09-19 20:33:28,6,USDC,$0.9999,0.00%,$74.28B
2026-09-19 20:33:28,7,Solana,$111.75,0.97%,$65.64B
2026-09-19 20:33:28,8,TRON,$0.3378,-0.38%,$32.07B
2026-09-19 20:33:28,9,Zcash,"$1,526.85",2.86%,$25.76B
2026-09-19 20:33:28,10,Hyperliquid,$92.90,0.77%,$23.36B

2026-09-19 20:33:56,1,Bitcoin,"$81,491.34",0.82%,$1.63T
2026-09-19 20:33:56,2,Ethereum,"$2,638.02",2.24%,$322.03B
2026-09-19 20:33:56,3,Tether,$0.9997,0.02%,$183.33B
2026-09-19 20:33:56,4,BNB,$770.49,1.41%,$102.59B
2026-09-19 20:33:56,5,XRP,$1.43,2.95%,$90.39B
2026-09-19 20:33:56,6,USDC,$0.9999,0.00%,$74.28B
2026-09-19 20:33:56,7,Solana,$111.75,0.97%,$65.64B
2026-09-19 20:33:56,8,TRON,$0.3378,-0.38%,$32.07B
2026-09-19 20:33:56,9,Zcash,"$1,525.74",3.34%,$25.74B
2026-09-19 20:33:56,10,Hyperliquid,$92.91,0.65%,$23.36B

2026-09-19 20:34:39,1,Bitcoin,"$81,491.34",0.82%,$1.63T
2026-09-19 20:34:39,2,Ethereum,"$2,638.02",2.24%,$322.03B
2026-09-19 20:34:39,3,Tether,$0.9997,0.02%,$183.33B
2026-09-19 20:34:39,4,BNB,$770.56,1.33%,$102.6B
2026-09-19 20:34:39,5,XRP,$1.43,2.95%,$90.39B
2026-09-19 20:34:39,6,USDC,$0.9999,0.00%,$74.28B
2026-09-19 20:34:39,7,Solana,$111.82,1.40%,$65.68B
2026-09-19 20:34:39,8,TRON,$0.3378,-0.38%,$32.07B
2026-09-19 20:34:39,9,Zcash,"$1,526.85",2.86%,$25.76B
2026-09-19 20:34:39,10,Hyperliquid,$92.90,0.77%,$23.36B

2026-09-19 20:35:08,1,Bitcoin,"$81,491.34",0.82%,$1.63T
2026-09-19 20:35:08,2,Ethereum,"$2,638.02",2.24%,$322.03B
2026-09-19 20:35:08,3,Tether,$0.9997,0.02%,$183.33B
2026-09-19 20:35:08,4,BNB,$770.56,1.33%,$102.6B
2026-09-19 20:35:08,5,XRP,$1.43,2.95%,$90.39B
2026-09-19 20:35:08,6,USDC,$0.9999,0.00%,$74.28B
2026-09-19 20:35:08,7,Solana,$111.75,0.97%,$65.64B
2026-09-19 20:35:08,8,TRON,$0.3378,-0.38%,$32.07B
2026-09-19 20:35:08,9,Zcash,"$1,526.85",2.86%,$25.76B
2026-09-19 20:35:08,10,Hyperliquid,$92.90,0.77%,$23.36B

2026-09-19 20:35:36,1,Bitcoin,"$81,570.14",0.80%,$1.63T
2026-09-19 20:35:36,2,Ethereum,"$2,639.22",2.13%,$322.03B
2026-09-19 20:35:36,3,Tether,$0.9997,0.02%,$183.33B
2026-09-19 20:35:36,4,BNB,$770.56,1.33%,$102.6B
2026-09-19 20:35:36,5,XRP,$1.43,2.95%,$90.39B
2026-09-19 20:35:36,6,USDC,$0.9999,0.00%,$74.28B
2026-09-19 20:35:36,7,Solana,$111.75,0.97%,$65.64B
2026-09-19 20:35:36,8,TRON,$0.3378,-0.38%,$32.07B
2026-09-19 20:35:36,9,Zcash,"$1,526.17",3.73%,$25.75B
2026-09-19 20:35:36,10,Hyperliquid,$92.92,0.91%,$23.36B

2026-09-19 20:36:06,1,Bitcoin,"$81,570.14",0.80%,$1.63T
2026-09-19 20:36:06,2,Ethereum,"$2,639.22",2.13%,$322.03B
2026-09-19 20:36:06,3,Tether,$0.9997,0.02%,$183.33B
2026-09-19 20:36:06,4,BNB,$770.56,1.33%,$102.6B
2026-09-19 20:36:06,5,XRP,$1.43,2.95%,$90.39B
2026-09-19 20:36:06,6,USDC,$0.9999,0.00%,$74.28B
2026-09-19 20:36:06,7,Solana,$111.75,0.97%,$65.64B
2026-09-19 20:36:06,8,TRON,$0.3378,-0.38%,$32.07B
2026-09-19 20:36:06,9,Zcash,"$1,525.26",3.45%,$25.74B
2026-09-19 20:36:06,10,Hyperliquid,$92.97,0.97%,$23.38B

2026-09-19 20:36:34,1,Bitcoin,"$81,570.14",0.80%,$1.63T
2026-09-19 20:36:34,2,Ethereum,"$2,639.22",2.13%,$322.03B
2026-09-19 20:36:34,3,Tether,$0.9997,0.02%,$183.33B
2026-09-19 20:36:34,4,BNB,$770.56,1.33%,$102.6B
2026-09-19 20:36:34,5,XRP,$1.43,2.95%,$90.39B
2026-09-19 20:36:34,6,USDC,$0.9999,0.00%,$74.28B
2026-09-19 20:36:34,7,Solana,$111.75,0.97%,$65.64B
2026-09-19 20:36:34,8,TRON,$0.3378,-0.38%,$32.07B
2026-09-19 20:36:34,9,Zcash,"$1,526.85",2.86%,$25.76B
2026-09-19 20:36:34,10,Hyperliquid,$92.90,0.77%,$23.36B

2026-09-19 20:37:02,1,Bitcoin,"$81,570.14",0.80%,$1.63T
2026-09-19 20:37:02,2,Ethereum,"$2,639.22",2.13%,$322.03B
2026-09-19 20:37:02,3,Tether,$0.9997,0.02%,$183.33B
2026-09-19 20:37:02,4,BNB,$770.56,1.33%,$102.6B
2026-09-19 20:37:02,5,XRP,$1.43,2.95%,$90.39B
2026-09-19 20:37:02,6,USDC,$0.9999,0.00%,$74.28B
2026-09-19 20:37:02,7,Solana,$111.75,0.97%,$65.64B
2026-09-19 20:37:02,8,TRON,$0.3378,-0.38%,$32.07B
2026-09-19 20:37:02,9,Zcash,"$1,526.85",2.86%,$25.76B
2026-09-19 20:37:02,10,Hyperliquid,$92.90,0.77%,$23.36B

2026-09-19 20:37:29,1,Bitcoin,"$81,626.52",1.12%,$1.63T
2026-09-19 20:37:29,2,Ethereum,"$2,642.39",2.54%,$322.3B
2026-09-19 20:37:29,3,Tether,$0.9998,0.03%,$183.35B
2026-09-19 20:37:29,4,BNB,$770.09,1.33%,$102.54B
2026-09-19 20:37:29,5,XRP,$1.43,2.84%,$90.43B
2026-09-19 20:37:29,6,USDC,$0.9999,0.00%,$74.28B
2026-09-19 20:37:29,7,Solana,$111.77,1.08%,$65.65B
2026-09-19 20:37:29,8,TRON,$0.3377,-0.39%,$32.07B
2026-09-19 20:37:29,9,Zcash,"$1,524.50",3.26%,$25.72B
2026-09-19 20:37:29,10,Hyperliquid,$92.86,0.56%,$23.35B

2026-09-19 20:37:57,1,Bitcoin,"$81,626.52",1.12%,$1.63T
2026-09-19 20:37:57,2,Ethereum,"$2,642.39",2.54%,$322.3B
2026-09-19 20:37:57,3,Tether,$0.9998,0.03%,$183.35B
2026-09-19 20:37:57,4,BNB,$770.09,1.33%,$102.54B
2026-09-19 20:37:57,5,XRP,$1.43,2.84%,$90.43B
2026-09-19 20:37:57,6,USDC,$0.9999,0.00%,$74.28B
2026-09-19 20:37:57,7,Solana,$111.77,1.08%,$65.65B
2026-09-19 20:37:57,8,TRON,$0.3377,-0.39%,$32.07B
2026-09-19 20:37:57,9,Zcash,"$1,524.50",3.26%,$25.72B
2026-09-19 20:37:57,10,Hyperliquid,$92.86,0.56%,$23.35B

2026-09-19 20:38:24,1,Bitcoin,"$81,626.52",1.12%,$1.63T
2026-09-19 20:38:24,2,Ethereum,"$2,643.49",2.40%,$322.67B
2026-09-19 20:38:24,3,Tether,$0.9998,0.03%,$183.35B
2026-09-19 20:38:24,4,BNB,$770.09,1.33%,$102.54B
2026-09-19 20:38:24,5,XRP,$1.43,2.84%,$90.43B
2026-09-19 20:38:24,6,USDC,$0.9999,0.00%,$74.28B
2026-09-19 20:38:24,7,Solana,$111.77,1.08%,$65.65B
2026-09-19 20:38:24,8,TRON,$0.3377,-0.39%,$32.07B
2026-09-19 20:38:24,9,Zcash,"$1,524.50",3.26%,$25.72B
2026-09-19 20:38:24,10,Hyperliquid,$92.86,0.56%,$23.35B

2026-09-19 20:38:52,1,Bitcoin,"$81,669.41",1.11%,$1.64T
2026-09-19 20:38:52,2,Ethereum,"$2,642.39",2.54%,$322.3B
2026-09-19 20:38:52,3,Tether,$0.9998,0.03%,$183.35B
2026-09-19 20:38:52,4,BNB,$770.09,1.33%,$102.54B
2026-09-19 20:38:52,5,XRP,$1.43,2.84%,$90.43B
2026-09-19 20:38:52,6,USDC,$0.9998,-0.00%,$74.27B
2026-09-19 20:38:52,7,Solana,$111.77,1.08%,$65.65B
2026-09-19 20:38:52,8,TRON,$0.3377,-0.39%,$32.07B
2026-09-19 20:38:52,9,Zcash,"$1,526.71",3.55%,$25.76B
2026-09-19 20:38:52,10,Hyperliquid,$93.11,1.13%,$23.41B

2026-09-19 20:39:19,1,Bitcoin,"$81,651.83",1.18%,$1.63T
2026-09-19 20:39:19,2,Ethereum,"$2,642.39",2.54%,$322.3B
2026-09-19 20:39:19,3,Tether,$0.9998,0.03%,$183.35B
2026-09-19 20:39:19,4,BNB,$770.09,1.33%,$102.54B
2026-09-19 20:39:19,5,XRP,$1.43,2.84%,$90.43B
2026-09-19 20:39:19,6,USDC,$0.9999,0.00%,$74.28B
2026-09-19 20:39:19,7,Solana,$111.77,1.08%,$65.65B
2026-09-19 20:39:19,8,TRON,$0.3377,-0.39%,$32.07B
2026-09-19 20:39:19,9,Zcash,"$1,524.50",3.26%,$25.72B
2026-09-19 20:39:19,10,Hyperliquid,$92.86,0.56%,$23.35B

2026-09-19 20:39:47,1,Bitcoin,"$81,651.83",1.18%,$1.63T
2026-09-19 20:39:47,2,Ethereum,"$2,642.39",2.54%,$322.3B
2026-09-19 20:39:47,3,Tether,$0.9998,0.03%,$183.35B
2026-09-19 20:39:47,4,BNB,$770.09,1.33%,$102.54B
2026-09-19 20:39:47,5,XRP,$1.43,2.84%,$90.43B
2026-09-19 20:39:47,6,USDC,$0.9999,0.00%,$74.28B
2026-09-19 20:39:47,7,Solana,$111.77,1.08%,$65.65B
2026-09-19 20:39:47,8,TRON,$0.3377,-0.39%,$32.07B
2026-09-19 20:39:47,9,Zcash,"$1,524.50",3.26%,$25.72B
2026-09-19 20:39:47,10,Hyperliquid,$92.86,0.56%,$23.35B

2026-09-19 20:40:14,1,Bitcoin,"$81,651.83",1.18%,$1.63T
2026-09-19 20:40:14,2,Ethereum,"$2,642.39",2.54%,$322.3B
2026-09-19 20:40:14,3,Tether,$0.9998,0.03%,$183.35B
2026-09-19 20:40:14,4,BNB,$770.09,1.33%,$102.54B
2026-09-19 20:40:14,5,XRP,$1.43,2.84%,$90.43B
2026-09-19 20:40:14,6,USDC,$0.9999,0.00%,$74.28B
2026-09-19 20:40:14,7,Solana,$111.77,1.08%,$65.65B
2026-09-19 20:40:14,8,TRON,$0.3377,-0.39%,$32.07B
2026-09-19 20:40:14,9,Zcash,"$1,524.50",3.26%,$25.72B
2026-09-19 20:40:14,10,Hyperliquid,$92.86,0.56%,$23.35B

2026-09-19 20:40:44,1,Bitcoin,"$81,651.83",1.18%,$1.63T
2026-09-19 20:40:44,2,Ethereum,"$2,642.39",2.54%,$322.3B
2026-09-19 20:40:44,3,Tether,$0.9998,0.03%,$183.35B
2026-09-19 20:40:44,4,BNB,$770.09,1.33%,$102.54B
2026-09-19 20:40:44,5,XRP,$1.43,2.84%,$90.43B
2026-09-19 20:40:44,6,USDC,$0.9999,0.00%,$74.28B
2026-09-19 20:40:44,7,Solana,$111.77,1.08%,$65.65B
2026-09-19 20:40:44,8,TRON,$0.3377,-0.39%,$32.07B
2026-09-19 20:40:44,9,Zcash,"$1,524.50",3.26%,$25.72B
2026-09-19 20:40:44,10,Hyperliquid,$92.86,0.56%,$23.35B

2026-09-19 20:41:16,1,Bitcoin,"$81,673.64",1.09%,$1.63T
2026-09-19 20:41:16,2,Ethereum,"$2,643.22",2.39%,$322.3B
2026-09-19 20:41:16,3,Tether,$0.9998,0.03%,$183.35B
2026-09-19 20:41:16,4,BNB,$770.09,1.33%,$102.54B
2026-09-19 20:41:16,5,XRP,$1.43,2.84%,$90.43B
2026-09-19 20:41:16,6,USDC,$0.9999,0.00%,$74.28B
2026-09-19 20:41:16,7,Solana,$111.77,1.08%,$65.65B
2026-09-19 20:41:16,8,TRON,$0.3377,-0.39%,$32.07B
2026-09-19 20:41:16,9,Zcash,"$1,525.33",3.77%,$25.74B
2026-09-19 20:41:16,10,Hyperliquid,$93.17,1.42%,$23.43B

2026-09-19 20:41:43,1,Bitcoin,"$81,673.64",1.09%,$1.63T
2026-09-19 20:41:43,2,Ethereum,"$2,643.22",2.39%,$322.3B
2026-09-19 20:41:43,3,Tether,$0.9998,0.03%,$183.35B
2026-09-19 20:41:43,4,BNB,$770.09,1.33%,$102.54B
2026-09-19 20:41:43,5,XRP,$1.43,2.84%,$90.43B
2026-09-19 20:41:43,6,USDC,$0.9999,0.00%,$74.28B
2026-09-19 20:41:43,7,Solana,$111.77,1.08%,$65.65B
2026-09-19 20:41:43,8,TRON,$0.3377,-0.39%,$32.07B
2026-09-19 20:41:43,9,Zcash,"$1,524.50",3.26%,$25.72B
2026-09-19 20:41:43,10,Hyperliquid,$92.86,0.56%,$23.35B

2026-09-19 20:42:12,1,Bitcoin,"$81,673.64",1.09%,$1.63T
2026-09-19 20:42:12,2,Ethereum,"$2,643.22",2.39%,$322.3B
2026-09-19 20:42:12,3,Tether,$0.9998,0.03%,$183.35B
2026-09-19 20:42:12,4,BNB,$770.09,1.33%,$102.54B
2026-09-19 20:42:12,5,XRP,$1.43,2.84%,$90.43B
2026-09-19 20:42:12,6,USDC,$0.9999,0.00%,$74.28B
2026-09-19 20:42:12,7,Solana,$111.77,1.08%,$65.65B
2026-09-19 20:42:12,8,TRON,$0.3377,-0.39%,$32.07B
2026-09-19 20:42:12,9,Zcash,"$1,524.50",3.26%,$25.72B
2026-09-19 20:42:12,10,Hyperliquid,$92.86,0.56%,$23.35B

2026-09-19 20:42:42,1,Bitcoin,"$81,673.64",1.09%,$1.63T
2026-09-19 20:42:42,2,Ethereum,"$2,643.22",2.39%,$322.3B
2026-09-19 20:42:42,3,Tether,$0.9998,0.03%,$183.35B
2026-09-19 20:42:42,4,BNB,$769.42,1.61%,$102.45B
2026-09-19 20:42:42,5,XRP,$1.43,2.84%,$90.43B
2026-09-19 20:42:42,6,USDC,$0.9999,0.00%,$74.28B
2026-09-19 20:42:42,7,Solana,$111.77,1.08%,$65.65B
2026-09-19 20:42:42,8,TRON,$0.3377,-0.39%,$32.07B
2026-09-19 20:42:42,9,Zcash,"$1,524.34",3.52%,$25.72B
2026-09-19 20:42:42,10,Hyperliquid,$93.10,1.33%,$23.41B

2026-09-19 20:43:07,1,Bitcoin,"$81,673.64",1.09%,$1.63T
2026-09-19 20:43:07,2,Ethereum,"$2,643.22",2.39%,$322.3B
2026-09-19 20:43:07,3,Tether,$0.9998,0.03%,$183.35B
2026-09-19 20:43:07,4,BNB,$770.09,1.33%,$102.54B
2026-09-19 20:43:07,5,XRP,$1.43,2.84%,$90.43B
2026-09-19 20:43:07,6,USDC,$0.9999,0.00%,$74.28B
2026-09-19 20:43:07,7,Solana,$111.77,1.08%,$65.65B
2026-09-19 20:43:07,8,TRON,$0.3377,-0.39%,$32.07B
2026-09-19 20:43:07,9,Zcash,"$1,524.50",3.26%,$25.72B
2026-09-19 20:43:07,10,Hyperliquid,$92.86,0.56%,$23.35B

2026-09-19 20:43:14,1,Bitcoin,"$81,714.52",1.41%,$1.64T
2026-09-19 20:43:14,2,Ethereum,"$2,643.91",2.72%,$322.53B
2026-09-19 20:43:14,3,Tether,$0.9998,0.03%,$183.35B
2026-09-19 20:43:14,4,BNB,$770.47,1.57%,$102.59B
2026-09-19 20:43:14,5,XRP,$1.43,3.24%,$90.47B
2026-09-19 20:43:14,6,USDC,$0.9999,0.01%,$74.28B
2026-09-19 20:43:14,7,Solana,$111.84,1.51%,$65.69B
2026-09-19 20:43:14,8,TRON,$0.3378,-0.35%,$32.08B
2026-09-19 20:43:14,9,Zcash,"$1,525.26",3.45%,$25.74B
2026-09-19 20:43:14,10,Hyperliquid,$92.92,0.91%,$23.37B

2026-09-19 20:43:36,1,Bitcoin,"$81,714.52",1.41%,$1.64T
2026-09-19 20:43:36,2,Ethereum,"$2,643.91",2.72%,$322.53B
2026-09-19 20:43:36,3,Tether,$0.9998,0.03%,$183.35B
2026-09-19 20:43:36,4,BNB,$770.47,1.57%,$102.59B
2026-09-19 20:43:36,5,XRP,$1.43,3.24%,$90.47B
2026-09-19 20:43:36,6,USDC,$0.9999,0.01%,$74.28B
2026-09-19 20:43:36,7,Solana,$111.84,1.51%,$65.69B
2026-09-19 20:43:36,8,TRON,$0.3378,-0.35%,$32.08B
2026-09-19 20:43:36,9,Zcash,"$1,524.45",3.35%,$25.72B
2026-09-19 20:43:36,10,Hyperliquid,$93.10,1.50%,$23.41B

2026-09-19 20:43:42,1,Bitcoin,"$81,714.52",1.41%,$1.64T
2026-09-19 20:43:42,2,Ethereum,"$2,643.91",2.72%,$322.53B
2026-09-19 20:43:42,3,Tether,$0.9998,0.03%,$183.35B
2026-09-19 20:43:42,4,BNB,$770.47,1.57%,$102.59B
2026-09-19 20:43:42,5,XRP,$1.43,3.24%,$90.47B
2026-09-19 20:43:42,6,USDC,$0.9999,0.01%,$74.28B
2026-09-19 20:43:42,7,Solana,$111.84,1.51%,$65.69B
2026-09-19 20:43:42,8,TRON,$0.3378,-0.35%,$32.08B
2026-09-19 20:43:42,9,Zcash,"$1,525.26",3.45%,$25.74B
2026-09-19 20:43:42,10,Hyperliquid,$92.92,0.91%,$23.37B

2026-09-19 20:44:05,1,Bitcoin,"$81,714.52",1.41%,$1.64T
2026-09-19 20:44:05,2,Ethereum,"$2,643.91",2.72%,$322.53B
2026-09-19 20:44:05,3,Tether,$0.9998,0.03%,$183.35B
2026-09-19 20:44:05,4,BNB,$770.47,1.57%,$102.59B
2026-09-19 20:44:05,5,XRP,$1.43,3.24%,$90.47B
2026-09-19 20:44:05,6,USDC,$0.9999,0.01%,$74.28B
2026-09-19 20:44:05,7,Solana,$111.84,1.51%,$65.69B
2026-09-19 20:44:05,8,TRON,$0.3378,-0.35%,$32.08B
2026-09-19 20:44:05,9,Zcash,"$1,525.26",3.45%,$25.74B
2026-09-19 20:44:05,10,Hyperliquid,$92.92,0.91%,$23.37B

2026-09-19 20:44:11,1,Bitcoin,"$81,714.52",1.41%,$1.64T
2026-09-19 20:44:11,2,Ethereum,"$2,643.91",2.72%,$322.53B
2026-09-19 20:44:11,3,Tether,$0.9998,0.03%,$183.35B
2026-09-19 20:44:11,4,BNB,$769.43,1.74%,$102.45B
2026-09-19 20:44:11,5,XRP,$1.43,3.24%,$90.47B
2026-09-19 20:44:11,6,USDC,$0.9999,0.01%,$74.28B
2026-09-19 20:44:11,7,Solana,$111.84,1.51%,$65.69B
2026-09-19 20:44:11,8,TRON,$0.3378,-0.35%,$32.08B
2026-09-19 20:44:11,9,Zcash,"$1,524.79",3.21%,$25.73B
2026-09-19 20:44:11,10,Hyperliquid,$93.10,1.45%,$23.41B

2026-09-19 20:44:35,1,Bitcoin,"$81,693.78",1.34%,$1.64T
2026-09-19 20:44:35,2,Ethereum,"$2,642.17",2.81%,$322.5B
2026-09-19 20:44:35,3,Tether,$0.9996,0.01%,$183.32B
2026-09-19 20:44:35,4,BNB,$769.41,1.74%,$102.45B
2026-09-19 20:44:35,5,XRP,$1.43,3.86%,$90.39B
2026-09-19 20:44:35,6,USDC,$0.9998,-0.01%,$74.28B
2026-09-19 20:44:35,7,Solana,$111.96,2.03%,$65.76B
2026-09-19 20:44:35,8,TRON,$0.3378,-0.35%,$32.08B
2026-09-19 20:44:35,9,Zcash,"$1,525.26",3.45%,$25.74B
2026-09-19 20:44:35,10,Hyperliquid,$92.92,0.91%,$23.37B

2026-09-19 20:44:40,1,Bitcoin,"$81,714.52",1.41%,$1.64T
2026-09-19 20:44:40,2,Ethereum,"$2,643.91",2.72%,$322.53B
2026-09-19 20:44:40,3,Tether,$0.9998,0.03%,$183.35B
2026-09-19 20:44:40,4,BNB,$770.47,1.57%,$102.59B
2026-09-19 20:44:40,5,XRP,$1.43,3.24%,$90.47B
2026-09-19 20:44:40,6,USDC,$0.9999,0.01%,$74.28B
2026-09-19 20:44:40,7,Solana,$111.84,1.51%,$65.69B
2026-09-19 20:44:40,8,TRON,$0.3378,-0.35%,$32.08B
2026-09-19 20:44:40,9,Zcash,"$1,525.26",3.45%,$25.74B
2026-09-19 20:44:40,10,Hyperliquid,$92.92,0.91%,$23.37B

2026-09-19 20:45:04,1,Bitcoin,"$81,714.52",1.41%,$1.64T
2026-09-19 20:45:04,2,Ethereum,"$2,643.91",2.72%,$322.53B
2026-09-19 20:45:04,3,Tether,$0.9997,0.02%,$183.33B
2026-09-19 20:45:04,4,BNB,$770.47,1.57%,$102.59B
2026-09-19 20:45:04,5,XRP,$1.43,3.24%,$90.47B
2026-09-19 20:45:04,6,USDC,$0.9999,0.01%,$74.28B
2026-09-19 20:45:04,7,Solana,$111.84,1.51%,$65.69B
2026-09-19 20:45:04,8,TRON,$0.3378,-0.35%,$32.08B
2026-09-19 20:45:04,9,Zcash,"$1,525.26",3.45%,$25.74B
2026-09-19 20:45:04,10,Hyperliquid,$92.92,0.91%,$23.37B

2026-09-19 20:45:40,1,Bitcoin,"$81,642.69",1.31%,$1.64T
2026-09-19 20:45:40,2,Ethereum,"$2,640.29",2.74%,$322.53B
2026-09-19 20:45:40,3,Tether,$0.9998,0.03%,$183.35B
2026-09-19 20:45:40,4,BNB,$770.47,1.57%,$102.59B
2026-09-19 20:45:40,5,XRP,$1.43,3.24%,$90.47B
2026-09-19 20:45:40,6,USDC,$0.9999,0.01%,$74.28B
2026-09-19 20:45:40,7,Solana,$111.93,1.96%,$65.74B
2026-09-19 20:45:40,8,TRON,$0.3378,-0.35%,$32.08B
2026-09-19 20:45:40,9,Zcash,"$1,525.26",3.45%,$25.74B
2026-09-19 20:45:40,10,Hyperliquid,$92.92,0.91%,$23.37B

2026-09-19 20:46:08,1,Bitcoin,"$81,642.69",1.31%,$1.64T
2026-09-19 20:46:08,2,Ethereum,"$2,640.29",2.74%,$322.53B
2026-09-19 20:46:08,3,Tether,$0.9998,0.03%,$183.35B
2026-09-19 20:46:08,4,BNB,$770.47,1.57%,$102.59B
2026-09-19 20:46:08,5,XRP,$1.43,3.24%,$90.47B
2026-09-19 20:46:08,6,USDC,$0.9999,0.01%,$74.28B
2026-09-19 20:46:08,7,Solana,$111.84,1.51%,$65.69B
2026-09-19 20:46:08,8,TRON,$0.3378,-0.35%,$32.08B
2026-09-19 20:46:08,9,Zcash,"$1,525.26",3.45%,$25.74B
2026-09-19 20:46:08,10,Hyperliquid,$93.10,1.35%,$23.41B

2026-09-19 20:46:12,1,Bitcoin,"$81,642.69",1.31%,$1.64T
2026-09-19 20:46:12,2,Ethereum,"$2,640.29",2.74%,$322.53B
2026-09-19 20:46:12,3,Tether,$0.9998,0.03%,$183.35B
2026-09-19 20:46:12,4,BNB,$769.58,1.65%,$102.47B
2026-09-19 20:46:12,5,XRP,$1.43,3.24%,$90.47B
2026-09-19 20:46:12,6,USDC,$0.9999,0.01%,$74.28B
2026-09-19 20:46:12,7,Solana,$111.84,1.51%,$65.69B
2026-09-19 20:46:12,8,TRON,$0.3378,-0.35%,$32.08B
2026-09-19 20:46:12,9,Zcash,"$1,525.26",3.45%,$25.74B
2026-09-19 20:46:12,10,Hyperliquid,$92.92,0.91%,$23.37B

2026-09-19 20:46:38,1,Bitcoin,"$81,642.69",1.31%,$1.64T
2026-09-19 20:46:38,2,Ethereum,"$2,640.29",2.74%,$322.53B
2026-09-19 20:46:38,3,Tether,$0.9998,0.03%,$183.35B
2026-09-19 20:46:38,4,BNB,$770.47,1.57%,$102.59B
2026-09-19 20:46:38,5,XRP,$1.43,3.24%,$90.47B
2026-09-19 20:46:38,6,USDC,$0.9999,0.01%,$74.28B
2026-09-19 20:46:38,7,Solana,$111.84,1.51%,$65.69B
2026-09-19 20:46:38,8,TRON,$0.3378,-0.35%,$32.08B
2026-09-19 20:46:38,9,Zcash,"$1,525.26",3.45%,$25.74B
2026-09-19 20:46:38,10,Hyperliquid,$93.10,1.36%,$23.41B

2026-09-19 20:46:46,1,Bitcoin,"$81,726.35",1.01%,$1.64T
2026-09-19 20:46:46,2,Ethereum,"$2,643.74",2.48%,$322.7B
2026-09-19 20:46:46,3,Tether,$0.9998,0.03%,$183.35B
2026-09-19 20:46:46,4,BNB,$770.47,1.57%,$102.59B
2026-09-19 20:46:46,5,XRP,$1.43,3.24%,$90.47B
2026-09-19 20:46:46,6,USDC,$0.9998,0.00%,$74.28B
2026-09-19 20:46:46,7,Solana,$111.84,1.51%,$65.69B
2026-09-19 20:46:46,8,TRON,$0.3378,-0.35%,$32.08B
2026-09-19 20:46:46,9,Zcash,"$1,524.26",2.86%,$25.72B
2026-09-19 20:46:46,10,Hyperliquid,$93.10,1.35%,$23.41B

2026-09-19 20:47:06,1,Bitcoin,"$81,642.69",1.31%,$1.64T
2026-09-19 20:47:06,2,Ethereum,"$2,640.29",2.74%,$322.53B
2026-09-19 20:47:06,3,Tether,$0.9998,0.03%,$183.35B
2026-09-19 20:47:06,4,BNB,$770.47,1.57%,$102.59B
2026-09-19 20:47:06,5,XRP,$1.43,3.24%,$90.47B
2026-09-19 20:47:06,6,USDC,$0.9999,0.01%,$74.28B
2026-09-19 20:47:06,7,Solana,$111.84,1.51%,$65.69B
2026-09-19 20:47:06,8,TRON,$0.3378,-0.35%,$32.08B
2026-09-19 20:47:06,9,Zcash,"$1,525.26",3.45%,$25.74B
2026-09-19 20:47:06,10,Hyperliquid,$92.92,0.91%,$23.37B

2026-09-19 20:47:19,1,Bitcoin,"$81,730.95",0.94%,$1.64T
2026-09-19 20:47:19,2,Ethereum,"$2,643.42",2.25%,$322.66B
2026-09-19 20:47:19,3,Tether,$0.9997,0.04%,$183.34B
2026-09-19 20:47:19,4,BNB,$769.57,1.62%,$102.47B
2026-09-19 20:47:19,5,XRP,$1.43,3.34%,$90.26B
2026-09-19 20:47:19,6,USDC,$0.9999,0.02%,$74.28B
2026-09-19 20:47:19,7,Solana,$111.92,1.59%,$65.74B
2026-09-19 20:47:19,8,TRON,$0.3380,-0.31%,$32.09B
2026-09-19 20:47:19,9,Zcash,"$1,525.27",3.58%,$25.74B
2026-09-19 20:47:19,10,Hyperliquid,$93.17,1.43%,$23.43B

2026-09-19 20:47:39,1,Bitcoin,"$81,692.97",0.90%,$1.64T
2026-09-19 20:47:39,2,Ethereum,"$2,642.46",2.21%,$322.54B
2026-09-19 20:47:39,3,Tether,$0.9998,0.04%,$183.34B
2026-09-19 20:47:39,4,BNB,$769.52,1.61%,$102.46B
2026-09-19 20:47:39,5,XRP,$1.43,3.31%,$90.24B
2026-09-19 20:47:39,6,USDC,$0.9998,0.01%,$74.28B
2026-09-19 20:47:39,7,Solana,$111.91,1.58%,$65.73B
2026-09-19 20:47:39,8,TRON,$0.3380,-0.31%,$32.09B
2026-09-19 20:47:39,9,Zcash,"$1,525.27",3.58%,$25.74B
2026-09-19 20:47:39,10,Hyperliquid,$93.17,1.43%,$23.43B

2026-09-19 20:47:54,1,Bitcoin,"$81,693.26",0.90%,$1.64T
2026-09-19 20:47:54,2,Ethereum,"$2,642.87",2.23%,$322.59B
2026-09-19 20:47:54,3,Tether,$0.9996,0.03%,$183.32B
2026-09-19 20:47:54,4,BNB,$769.53,1.61%,$102.47B
2026-09-19 20:47:54,5,XRP,$1.43,3.31%,$90.24B
2026-09-19 20:47:54,6,USDC,$0.9999,0.01%,$74.28B
2026-09-19 20:47:54,7,Solana,$111.91,1.58%,$65.73B
2026-09-19 20:47:54,8,TRON,$0.3380,-0.31%,$32.09B
2026-09-19 20:47:54,9,Zcash,"$1,525.27",3.58%,$25.74B
2026-09-19 20:47:54,10,Hyperliquid,$93.17,1.43%,$23.43B

2026-09-19 20:48:08,1,Bitcoin,"$81,697.14",1.05%,$1.64T
2026-09-19 20:48:08,2,Ethereum,"$2,642.67",2.43%,$322.57B
2026-09-19 20:48:08,3,Tether,$0.9997,0.02%,$183.34B
2026-09-19 20:48:08,4,BNB,$769.51,1.60%,$102.46B
2026-09-19 20:48:08,5,XRP,$1.43,3.38%,$90.26B
2026-09-19 20:48:08,6,USDC,$0.9998,-0.01%,$74.28B
2026-09-19 20:48:08,7,Solana,$111.91,1.59%,$65.73B
2026-09-19 20:48:08,8,TRON,$0.3380,-0.31%,$32.09B
2026-09-19 20:48:08,9,Zcash,"$1,525.27",3.58%,$25.74B
2026-09-19 20:48:08,10,Hyperliquid,$93.17,1.43%,$23.43B

2026-09-19 20:48:25,1,Bitcoin,"$81,698.38",1.05%,$1.64T
2026-09-19 20:48:25,2,Ethereum,"$2,642.87",2.44%,$322.59B
2026-09-19 20:48:25,3,Tether,$0.9997,0.02%,$183.34B
2026-09-19 20:48:25,4,BNB,$769.41,1.59%,$102.45B
2026-09-19 20:48:25,5,XRP,$1.43,3.43%,$90.29B
2026-09-19 20:48:25,6,USDC,$0.9999,-0.00%,$74.28B
2026-09-19 20:48:25,7,Solana,$111.90,1.58%,$65.72B
2026-09-19 20:48:25,8,TRON,$0.3380,-0.31%,$32.09B
2026-09-19 20:48:25,9,Zcash,"$1,525.27",3.58%,$25.74B
2026-09-19 20:48:25,10,Hyperliquid,$93.17,1.43%,$23.43B

2026-09-19 20:48:37,1,Bitcoin,"$81,642.69",1.31%,$1.64T
2026-09-19 20:48:37,2,Ethereum,"$2,640.29",2.74%,$322.55B
2026-09-19 20:48:37,3,Tether,$0.9997,0.03%,$183.34B
2026-09-19 20:48:37,4,BNB,$769.86,1.65%,$102.51B
2026-09-19 20:48:37,5,XRP,$1.43,3.85%,$90.49B
2026-09-19 20:48:37,6,USDC,$0.9998,0.00%,$74.28B
2026-09-19 20:48:37,7,Solana,$111.97,2.02%,$65.77B
2026-09-19 20:48:37,8,TRON,$0.3380,-0.31%,$32.09B
2026-09-19 20:48:37,9,Zcash,"$1,525.27",3.58%,$25.74B
2026-09-19 20:48:37,10,Hyperliquid,$93.17,1.43%,$23.43B

2026-09-19 20:48:55,1,Bitcoin,"$81,642.69",1.31%,$1.64T
2026-09-19 20:48:55,2,Ethereum,"$2,640.29",2.74%,$322.55B
2026-09-19 20:48:55,3,Tether,$0.9997,0.03%,$183.34B
2026-09-19 20:48:55,4,BNB,$769.86,1.65%,$102.51B
2026-09-19 20:48:55,5,XRP,$1.43,3.85%,$90.49B
2026-09-19 20:48:55,6,USDC,$0.9998,0.00%,$74.28B
2026-09-19 20:48:55,7,Solana,$111.97,2.02%,$65.77B
2026-09-19 20:48:55,8,TRON,$0.3380,-0.31%,$32.09B
2026-09-19 20:48:55,9,Zcash,"$1,525.27",3.58%,$25.74B
2026-09-19 20:48:55,10,Hyperliquid,$93.17,1.43%,$23.43B

2026-09-19 20:49:05,1,Bitcoin,"$81,642.69",1.31%,$1.64T
2026-09-19 20:49:05,2,Ethereum,"$2,640.29",2.74%,$322.55B
2026-09-19 20:49:05,3,Tether,$0.9997,0.03%,$183.34B
2026-09-19 20:49:05,4,BNB,$769.86,1.65%,$102.51B
2026-09-19 20:49:05,5,XRP,$1.43,3.85%,$90.49B
2026-09-19 20:49:05,6,USDC,$0.9998,0.00%,$74.28B
2026-09-19 20:49:05,7,Solana,$111.97,2.02%,$65.77B
2026-09-19 20:49:05,8,TRON,$0.3380,-0.31%,$32.09B
2026-09-19 20:49:05,9,Zcash,"$1,525.27",3.58%,$25.74B
2026-09-19 20:49:05,10,Hyperliquid,$93.17,1.43%,$23.43B

2026-09-19 20:49:27,1,Bitcoin,"$81,679.78",1.17%,$1.64T
2026-09-19 20:49:27,2,Ethereum,"$2,641.85",2.64%,$322.55B
2026-09-19 20:49:27,3,Tether,$0.9997,0.03%,$183.34B
2026-09-19 20:49:27,4,BNB,$769.86,1.65%,$102.51B
2026-09-19 20:49:27,5,XRP,$1.43,3.85%,$90.49B
2026-09-19 20:49:27,6,USDC,$0.9998,0.00%,$74.28B
2026-09-19 20:49:27,7,Solana,$111.97,2.02%,$65.77B
2026-09-19 20:49:27,8,TRON,$0.3380,-0.31%,$32.09B
2026-09-19 20:49:27,9,Zcash,"$1,525.27",3.58%,$25.74B
2026-09-19 20:49:27,10,Hyperliquid,$93.17,1.43%,$23.43B

2026-09-19 20:49:35,1,Bitcoin,"$81,679.78",1.17%,$1.64T
2026-09-19 20:49:35,2,Ethereum,"$2,641.85",2.64%,$322.55B
2026-09-19 20:49:35,3,Tether,$0.9997,0.03%,$183.34B
2026-09-19 20:49:35,4,BNB,$769.86,1.65%,$102.51B
2026-09-19 20:49:35,5,XRP,$1.43,3.85%,$90.49B
2026-09-19 20:49:35,6,USDC,$0.9998,0.00%,$74.28B
2026-09-19 20:49:35,7,Solana,$111.97,2.02%,$65.77B
2026-09-19 20:49:35,8,TRON,$0.3380,-0.31%,$32.09B
2026-09-19 20:49:35,9,Zcash,"$1,522.74",2.26%,$25.69B
2026-09-19 20:49:35,10,Hyperliquid,$93.17,1.43%,$23.43B

2026-09-19 20:50:00,1,Bitcoin,"$81,638.22",0.98%,$1.63T
2026-09-19 20:50:00,2,Ethereum,"$2,640.72",2.34%,$322.33B
2026-09-19 20:50:00,3,Tether,$0.9997,0.03%,$183.34B
2026-09-19 20:50:00,4,BNB,$769.29,1.50%,$102.43B
2026-09-19 20:50:00,5,XRP,$1.43,3.34%,$90.27B
2026-09-19 20:50:00,6,USDC,$0.9998,-0.00%,$74.28B
2026-09-19 20:50:00,7,Solana,$111.86,1.40%,$65.7B
2026-09-19 20:50:00,8,TRON,$0.3380,-0.31%,$32.09B
2026-09-19 20:50:00,9,Zcash,"$1,525.27",3.58%,$25.74B
2026-09-19 20:50:00,10,Hyperliquid,$93.17,1.43%,$23.43B

2026-09-19 20:50:04,1,Bitcoin,"$81,679.78",1.17%,$1.64T
2026-09-19 20:50:04,2,Ethereum,"$2,641.85",2.64%,$322.55B
2026-09-19 20:50:04,3,Tether,$0.9997,0.03%,$183.34B
2026-09-19 20:50:04,4,BNB,$769.86,1.65%,$102.51B
2026-09-19 20:50:04,5,XRP,$1.43,3.85%,$90.49B
2026-09-19 20:50:04,6,USDC,$0.9998,0.00%,$74.28B
2026-09-19 20:50:04,7,Solana,$111.97,2.02%,$65.77B
2026-09-19 20:50:04,8,TRON,$0.3380,-0.31%,$32.09B
2026-09-19 20:50:04,9,Zcash,"$1,525.27",3.58%,$25.74B
2026-09-19 20:50:04,10,Hyperliquid,$93.17,1.43%,$23.43B

2026-09-19 20:50:31,1,Bitcoin,"$81,679.78",1.17%,$1.64T
2026-09-19 20:50:31,2,Ethereum,"$2,641.85",2.64%,$322.55B
2026-09-19 20:50:31,3,Tether,$0.9997,0.03%,$183.34B
2026-09-19 20:50:31,4,BNB,$769.86,1.65%,$102.51B
2026-09-19 20:50:31,5,XRP,$1.43,3.85%,$90.49B
2026-09-19 20:50:31,6,USDC,$0.9998,0.00%,$74.28B
2026-09-19 20:50:31,7,Solana,$111.97,2.02%,$65.77B
2026-09-19 20:50:31,8,TRON,$0.3380,-0.31%,$32.09B
2026-09-19 20:50:31,9,Zcash,"$1,522.84",2.24%,$25.7B
2026-09-19 20:50:31,10,Hyperliquid,$93.21,1.46%,$23.44B

2026-09-19 20:50:34,1,Bitcoin,"$81,616.31",0.94%,$1.63T
2026-09-19 20:50:34,2,Ethereum,"$2,640.23",2.32%,$322.27B
2026-09-19 20:50:34,3,Tether,$0.9997,0.03%,$183.34B
2026-09-19 20:50:34,4,BNB,$769.27,1.49%,$102.43B
2026-09-19 20:50:34,5,XRP,$1.43,3.85%,$90.49B
2026-09-19 20:50:34,6,USDC,$0.9999,0.01%,$74.28B
2026-09-19 20:50:34,7,Solana,$111.84,1.41%,$65.69B
2026-09-19 20:50:34,8,TRON,$0.3380,-0.31%,$32.09B
2026-09-19 20:50:34,9,Zcash,"$1,525.27",3.58%,$25.74B
2026-09-19 20:50:34,10,Hyperliquid,$93.17,1.43%,$23.43B

2026-09-19 20:51:01,1,Bitcoin,"$81,679.78",1.17%,$1.64T
2026-09-19 20:51:01,2,Ethereum,"$2,641.85",2.64%,$322.55B
2026-09-19 20:51:01,3,Tether,$0.9997,0.03%,$183.34B
2026-09-19 20:51:01,4,BNB,$769.86,1.65%,$102.51B
2026-09-19 20:51:01,5,XRP,$1.43,3.85%,$90.49B
2026-09-19 20:51:01,6,USDC,$0.9998,0.00%,$74.28B
2026-09-19 20:51:01,7,Solana,$111.97,2.02%,$65.77B
2026-09-19 20:51:01,8,TRON,$0.3380,-0.31%,$32.09B
2026-09-19 20:51:01,9,Zcash,"$1,525.27",3.58%,$25.74B
2026-09-19 20:51:01,10,Hyperliquid,$93.17,1.43%,$23.43B

2026-09-19 20:51:04,1,Bitcoin,"$81,620.67",0.95%,$1.63T
2026-09-19 20:51:04,2,Ethereum,"$2,640.56",2.33%,$322.31B
2026-09-19 20:51:04,3,Tether,$0.9998,0.05%,$183.35B
2026-09-19 20:51:04,4,BNB,$769.26,1.49%,$102.43B
2026-09-19 20:51:04,5,XRP,$1.43,3.37%,$90.27B
2026-09-19 20:51:04,6,USDC,$0.9999,0.02%,$74.27B
2026-09-19 20:51:04,7,Solana,$111.84,1.41%,$65.69B
2026-09-19 20:51:04,8,TRON,$0.3379,-0.32%,$32.09B
2026-09-19 20:51:04,9,Zcash,"$1,523.57",2.61%,$25.71B
2026-09-19 20:51:04,10,Hyperliquid,$93.10,1.35%,$23.41B

2026-09-19 20:51:33,1,Bitcoin,"$81,697.14",1.05%,$1.64T
2026-09-19 20:51:33,2,Ethereum,"$2,642.67",2.43%,$322.66B
2026-09-19 20:51:33,3,Tether,$0.9997,0.03%,$183.33B
2026-09-19 20:51:33,4,BNB,$769.56,1.62%,$102.47B
2026-09-19 20:51:33,5,XRP,$1.43,3.38%,$90.26B
2026-09-19 20:51:33,6,USDC,$0.9998,-0.01%,$74.28B
2026-09-19 20:51:33,7,Solana,$111.91,1.59%,$65.73B
2026-09-19 20:51:33,8,TRON,$0.3379,-0.32%,$32.09B
2026-09-19 20:51:33,9,Zcash,"$1,523.57",2.61%,$25.71B
2026-09-19 20:51:33,10,Hyperliquid,$93.10,1.35%,$23.41B

2026-09-19 20:51:34,1,Bitcoin,"$81,632.99",0.96%,$1.63T
2026-09-19 20:51:34,2,Ethereum,"$2,640.82",2.36%,$322.34B
2026-09-19 20:51:34,3,Tether,$0.9997,0.01%,$183.33B
2026-09-19 20:51:34,4,BNB,$768.95,1.44%,$102.39B
2026-09-19 20:51:34,5,XRP,$1.43,3.33%,$90.2B
2026-09-19 20:51:34,6,USDC,$0.9998,-0.02%,$74.26B
2026-09-19 20:51:34,7,Solana,$111.77,1.35%,$65.65B
2026-09-19 20:51:34,8,TRON,$0.3379,-0.32%,$32.09B
2026-09-19 20:51:34,9,Zcash,"$1,523.57",2.61%,$25.71B
2026-09-19 20:51:34,10,Hyperliquid,$93.10,1.35%,$23.41B

2026-09-19 20:52:04,1,Bitcoin,"$81,697.14",1.05%,$1.64T
2026-09-19 20:52:04,2,Ethereum,"$2,642.67",2.43%,$322.66B
2026-09-19 20:52:04,3,Tether,$0.9997,0.03%,$183.33B
2026-09-19 20:52:04,4,BNB,$769.56,1.62%,$102.47B
2026-09-19 20:52:04,5,XRP,$1.43,3.38%,$90.26B
2026-09-19 20:52:04,6,USDC,$0.9998,-0.01%,$74.28B
2026-09-19 20:52:04,7,Solana,$111.91,1.59%,$65.73B
2026-09-19 20:52:04,8,TRON,$0.3379,-0.32%,$32.09B
2026-09-19 20:52:04,9,Zcash,"$1,523.57",2.61%,$25.71B
2026-09-19 20:52:04,10,Hyperliquid,$93.10,1.35%,$23.41B

2026-09-19 20:52:05,1,Bitcoin,"$81,631.21",0.96%,$1.63T
2026-09-19 20:52:05,2,Ethereum,"$2,640.97",2.36%,$322.36B
2026-09-19 20:52:05,3,Tether,$0.9997,0.02%,$183.34B
2026-09-19 20:52:05,4,BNB,$768.93,1.44%,$102.39B
2026-09-19 20:52:05,5,XRP,$1.43,3.32%,$90.2B
2026-09-19 20:52:05,6,USDC,$0.9998,-0.02%,$74.26B
2026-09-19 20:52:05,7,Solana,$111.76,1.34%,$65.64B
2026-09-19 20:52:05,8,TRON,$0.3379,-0.32%,$32.09B
2026-09-19 20:52:05,9,Zcash,"$1,523.57",2.61%,$25.71B
2026-09-19 20:52:05,10,Hyperliquid,$93.10,1.35%,$23.41B

2026-09-19 20:52:35,1,Bitcoin,"$81,697.14",1.05%,$1.64T
2026-09-19 20:52:35,2,Ethereum,"$2,642.67",2.43%,$322.66B
2026-09-19 20:52:35,3,Tether,$0.9997,0.03%,$183.33B
2026-09-19 20:52:35,4,BNB,$769.56,1.62%,$102.47B
2026-09-19 20:52:35,5,XRP,$1.43,3.38%,$90.26B
2026-09-19 20:52:35,6,USDC,$0.9998,-0.01%,$74.28B
2026-09-19 20:52:35,7,Solana,$111.91,1.59%,$65.73B
2026-09-19 20:52:35,8,TRON,$0.3379,-0.32%,$32.09B
2026-09-19 20:52:35,9,Zcash,"$1,523.57",2.61%,$25.71B
2026-09-19 20:52:35,10,Hyperliquid,$93.10,1.35%,$23.41B

2026-09-19 20:52:37,1,Bitcoin,"$81,697.14",1.05%,$1.64T
2026-09-19 20:52:37,2,Ethereum,"$2,642.67",2.43%,$322.66B
2026-09-19 20:52:37,3,Tether,$0.9997,0.03%,$183.33B
2026-09-19 20:52:37,4,BNB,$769.56,1.62%,$102.47B
2026-09-19 20:52:37,5,XRP,$1.43,3.38%,$90.26B
2026-09-19 20:52:37,6,USDC,$0.9998,-0.01%,$74.28B
2026-09-19 20:52:37,7,Solana,$111.91,1.59%,$65.73B
2026-09-19 20:52:37,8,TRON,$0.3379,-0.32%,$32.09B
2026-09-19 20:52:37,9,Zcash,"$1,520.68",1.63%,$25.66B
2026-09-19 20:52:37,10,Hyperliquid,$93.13,1.26%,$23.42B

2026-09-19 20:53:06,1,Bitcoin,"$81,697.14",1.05%,$1.64T
2026-09-19 20:53:06,2,Ethereum,"$2,642.67",2.43%,$322.66B
2026-09-19 20:53:06,3,Tether,$0.9997,0.03%,$183.33B
2026-09-19 20:53:06,4,BNB,$769.56,1.62%,$102.47B
2026-09-19 20:53:06,5,XRP,$1.43,3.38%,$90.26B
2026-09-19 20:53:06,6,USDC,$0.9998,-0.01%,$74.28B
2026-09-19 20:53:06,7,Solana,$111.91,1.59%,$65.73B
2026-09-19 20:53:06,8,TRON,$0.3379,-0.32%,$32.09B
2026-09-19 20:53:06,9,Zcash,"$1,520.67",1.63%,$25.66B
2026-09-19 20:53:06,10,Hyperliquid,$93.13,1.27%,$23.42B

2026-09-19 20:53:11,1,Bitcoin,"$81,632.24",0.87%,$1.63T
2026-09-19 20:53:11,2,Ethereum,"$2,641.32",2.32%,$322.4B
2026-09-19 20:53:11,3,Tether,$0.9997,0.02%,$183.33B
2026-09-19 20:53:11,4,BNB,$768.92,1.41%,$102.39B
2026-09-19 20:53:11,5,XRP,$1.43,3.38%,$90.2B
2026-09-19 20:53:11,6,USDC,$0.9999,-0.01%,$74.26B
2026-09-19 20:53:11,7,Solana,$111.75,1.32%,$65.64B
2026-09-19 20:53:11,8,TRON,$0.3379,-0.32%,$32.09B
2026-09-19 20:53:11,9,Zcash,"$1,520.70",1.63%,$25.66B
2026-09-19 20:53:11,10,Hyperliquid,$93.10,1.35%,$23.41B

2026-09-19 20:53:34,1,Bitcoin,"$81,697.14",1.05%,$1.64T
2026-09-19 20:53:34,2,Ethereum,"$2,642.67",2.43%,$322.66B
2026-09-19 20:53:34,3,Tether,$0.9997,0.03%,$183.33B
2026-09-19 20:53:34,4,BNB,$769.56,1.62%,$102.47B
2026-09-19 20:53:34,5,XRP,$1.43,3.38%,$90.26B
2026-09-19 20:53:34,6,USDC,$0.9998,-0.01%,$74.28B
2026-09-19 20:53:34,7,Solana,$111.91,1.59%,$65.73B
2026-09-19 20:53:34,8,TRON,$0.3379,-0.32%,$32.09B
2026-09-19 20:53:34,9,Zcash,"$1,523.57",2.61%,$25.71B
2026-09-19 20:53:34,10,Hyperliquid,$93.10,1.35%,$23.41B

2026-09-19 20:53:45,1,Bitcoin,"$81,697.14",1.05%,$1.64T
2026-09-19 20:53:45,2,Ethereum,"$2,642.67",2.43%,$322.66B
2026-09-19 20:53:45,3,Tether,$0.9997,0.03%,$183.33B
2026-09-19 20:53:45,4,BNB,$769.56,1.62%,$102.47B
2026-09-19 20:53:45,5,XRP,$1.43,3.38%,$90.26B
2026-09-19 20:53:45,6,USDC,$0.9998,-0.01%,$74.28B
2026-09-19 20:53:45,7,Solana,$111.91,1.59%,$65.73B
2026-09-19 20:53:45,8,TRON,$0.3379,-0.32%,$32.09B
2026-09-19 20:53:45,9,Zcash,"$1,523.57",2.61%,$25.71B
2026-09-19 20:53:45,10,Hyperliquid,$93.10,1.35%,$23.41B

2026-09-19 20:54:03,1,Bitcoin,"$81,697.14",1.05%,$1.64T
2026-09-19 20:54:03,2,Ethereum,"$2,642.67",2.43%,$322.66B
2026-09-19 20:54:03,3,Tether,$0.9997,0.03%,$183.33B
2026-09-19 20:54:03,4,BNB,$769.56,1.62%,$102.47B
2026-09-19 20:54:03,5,XRP,$1.43,3.38%,$90.26B
2026-09-19 20:54:03,6,USDC,$0.9998,-0.01%,$74.28B
2026-09-19 20:54:03,7,Solana,$111.91,1.59%,$65.73B
2026-09-19 20:54:03,8,TRON,$0.3379,-0.32%,$32.09B
2026-09-19 20:54:03,9,Zcash,"$1,523.57",2.61%,$25.71B
2026-09-19 20:54:03,10,Hyperliquid,$93.10,1.35%,$23.41B

2026-09-19 20:54:21,1,Bitcoin,"$81,697.14",1.05%,$1.64T
2026-09-19 20:54:21,2,Ethereum,"$2,642.67",2.43%,$322.66B
2026-09-19 20:54:21,3,Tether,$0.9997,0.03%,$183.33B
2026-09-19 20:54:21,4,BNB,$769.56,1.62%,$102.47B
2026-09-19 20:54:21,5,XRP,$1.43,3.38%,$90.26B
2026-09-19 20:54:21,6,USDC,$0.9998,-0.01%,$74.28B
2026-09-19 20:54:21,7,Solana,$111.91,1.59%,$65.73B
2026-09-19 20:54:21,8,TRON,$0.3379,-0.32%,$32.09B
2026-09-19 20:54:21,9,Zcash,"$1,521.72",1.71%,$25.68B
2026-09-19 20:54:21,10,Hyperliquid,$93.15,1.28%,$23.42B

2026-09-19 20:54:37,1,Bitcoin,"$81,637.73",0.82%,$1.63T
2026-09-19 20:54:37,2,Ethereum,"$2,642.67",2.43%,$322.66B
2026-09-19 20:54:37,3,Tether,$0.9997,0.03%,$183.33B
2026-09-19 20:54:37,4,BNB,$769.56,1.62%,$102.47B
2026-09-19 20:54:37,5,XRP,$1.43,3.38%,$90.26B
2026-09-19 20:54:37,6,USDC,$0.9998,-0.01%,$74.28B
2026-09-19 20:54:37,7,Solana,$111.91,1.59%,$65.73B
2026-09-19 20:54:37,8,TRON,$0.3379,-0.32%,$32.09B
2026-09-19 20:54:37,9,Zcash,"$1,523.57",2.61%,$25.71B
2026-09-19 20:54:37,10,Hyperliquid,$93.20,1.33%,$23.43B

2026-09-19 20:54:54,1,Bitcoin,"$81,697.14",1.05%,$1.64T
2026-09-19 20:54:54,2,Ethereum,"$2,642.67",2.43%,$322.66B
2026-09-19 20:54:54,3,Tether,$0.9997,0.03%,$183.33B
2026-09-19 20:54:54,4,BNB,$769.56,1.62%,$102.47B
2026-09-19 20:54:54,5,XRP,$1.43,3.38%,$90.26B
2026-09-19 20:54:54,6,USDC,$0.9998,-0.01%,$74.28B
2026-09-19 20:54:54,7,Solana,$111.91,1.59%,$65.73B
2026-09-19 20:54:54,8,TRON,$0.3379,-0.32%,$32.09B
2026-09-19 20:54:54,9,Zcash,"$1,521.74",1.71%,$25.68B
2026-09-19 20:54:54,10,Hyperliquid,$93.20,1.33%,$23.43B

2026-09-19 20:55:05,1,Bitcoin,"$81,697.14",1.05%,$1.64T
2026-09-19 20:55:05,2,Ethereum,"$2,642.67",2.43%,$322.66B
2026-09-19 20:55:05,3,Tether,$0.9997,0.03%,$183.33B
2026-09-19 20:55:05,4,BNB,$769.56,1.62%,$102.47B
2026-09-19 20:55:05,5,XRP,$1.43,3.38%,$90.26B
2026-09-19 20:55:05,6,USDC,$0.9998,-0.01%,$74.28B
2026-09-19 20:55:05,7,Solana,$111.91,1.59%,$65.73B
2026-09-19 20:55:05,8,TRON,$0.3379,-0.32%,$32.09B
2026-09-19 20:55:05,9,Zcash,"$1,523.57",2.61%,$25.71B
2026-09-19 20:55:05,10,Hyperliquid,$93.10,1.35%,$23.41B

2026-09-19 20:55:25,1,Bitcoin,"$81,631.19",1.00%,$1.64T
2026-09-19 20:55:25,2,Ethereum,"$2,641.32",2.32%,$322.66B
2026-09-19 20:55:25,3,Tether,$0.9997,0.03%,$183.33B
2026-09-19 20:55:25,4,BNB,$769.56,1.62%,$102.47B
2026-09-19 20:55:25,5,XRP,$1.43,3.38%,$90.26B
2026-09-19 20:55:25,6,USDC,$0.9998,-0.01%,$74.28B
2026-09-19 20:55:25,7,Solana,$111.91,1.59%,$65.73B
2026-09-19 20:55:25,8,TRON,$0.3379,-0.32%,$32.09B
2026-09-19 20:55:25,9,Zcash,"$1,523.57",2.61%,$25.71B
2026-09-19 20:55:25,10,Hyperliquid,$93.10,1.35%,$23.41B

2026-09-19 20:55:34,1,Bitcoin,"$81,631.19",1.00%,$1.64T
2026-09-19 20:55:34,2,Ethereum,"$2,641.32",2.32%,$322.66B
2026-09-19 20:55:34,3,Tether,$0.9997,0.03%,$183.33B
2026-09-19 20:55:34,4,BNB,$769.56,1.62%,$102.47B
2026-09-19 20:55:34,5,XRP,$1.43,3.38%,$90.26B
2026-09-19 20:55:34,6,USDC,$0.9998,-0.01%,$74.28B
2026-09-19 20:55:34,7,Solana,$111.91,1.59%,$65.73B
2026-09-19 20:55:34,8,TRON,$0.3379,-0.32%,$32.09B
2026-09-19 20:55:34,9,Zcash,"$1,523.57",2.61%,$25.71B
2026-09-19 20:55:34,10,Hyperliquid,$93.10,1.35%,$23.41B

2026-09-19 20:55:57,1,Bitcoin,"$81,631.19",1.00%,$1.64T
2026-09-19 20:55:57,2,Ethereum,"$2,641.32",2.32%,$322.66B
2026-09-19 20:55:57,3,Tether,$0.9997,0.03%,$183.33B
2026-09-19 20:55:57,4,BNB,$769.08,1.36%,$102.41B
2026-09-19 20:55:57,5,XRP,$1.43,3.38%,$90.26B
2026-09-19 20:55:57,6,USDC,$0.9998,-0.00%,$74.26B
2026-09-19 20:55:57,7,Solana,$111.91,1.59%,$65.73B
2026-09-19 20:55:57,8,TRON,$0.3379,-0.32%,$32.09B
2026-09-19 20:55:57,9,Zcash,"$1,522.06",1.80%,$25.68B
2026-09-19 20:55:57,10,Hyperliquid,$93.10,1.35%,$23.41B

2026-09-19 20:56:04,1,Bitcoin,"$81,639.48",0.71%,$1.63T
2026-09-19 20:56:04,2,Ethereum,"$2,640.03",1.87%,$322.24B
2026-09-19 20:56:04,3,Tether,$0.9997,0.03%,$183.34B
2026-09-19 20:56:04,4,BNB,$769.06,1.36%,$102.4B
2026-09-19 20:56:04,5,XRP,$1.43,3.25%,$90.19B
2026-09-19 20:56:04,6,USDC,$0.9999,0.00%,$74.27B
2026-09-19 20:56:04,7,Solana,$111.72,1.15%,$65.62B
2026-09-19 20:56:04,8,TRON,$0.3379,-0.32%,$32.09B
2026-09-19 20:56:04,9,Zcash,"$1,523.57",2.61%,$25.71B
2026-09-19 20:56:04,10,Hyperliquid,$93.10,1.35%,$23.41B

2026-09-19 20:56:29,1,Bitcoin,"$81,631.19",1.00%,$1.64T
2026-09-19 20:56:29,2,Ethereum,"$2,640.22",1.87%,$322.27B
2026-09-19 20:56:29,3,Tether,$0.9997,0.02%,$183.33B
2026-09-19 20:56:29,4,BNB,$769.56,1.62%,$102.47B
2026-09-19 20:56:29,5,XRP,$1.43,3.38%,$90.26B
2026-09-19 20:56:29,6,USDC,$0.9999,0.00%,$74.26B
2026-09-19 20:56:29,7,Solana,$111.91,1.59%,$65.73B
2026-09-19 20:56:29,8,TRON,$0.3379,-0.32%,$32.09B
2026-09-19 20:56:29,9,Zcash,"$1,522.27",1.81%,$25.69B
2026-09-19 20:56:29,10,Hyperliquid,$93.19,1.27%,$23.43B

2026-09-19 20:56:42,1,Bitcoin,"$81,639.51",0.78%,$1.63T
2026-09-19 20:56:42,2,Ethereum,"$2,641.32",2.32%,$322.66B
2026-09-19 20:56:42,3,Tether,$0.9997,0.03%,$183.33B
2026-09-19 20:56:42,4,BNB,$769.05,1.34%,$102.4B
2026-09-19 20:56:42,5,XRP,$1.43,3.38%,$90.26B
2026-09-19 20:56:42,6,USDC,$0.9999,0.00%,$74.26B
2026-09-19 20:56:42,7,Solana,$111.72,1.08%,$65.62B
2026-09-19 20:56:42,8,TRON,$0.3379,-0.32%,$32.09B
2026-09-19 20:56:42,9,Zcash,"$1,522.47",1.83%,$25.69B
2026-09-19 20:56:42,10,Hyperliquid,$93.19,1.27%,$23.43B

2026-09-19 20:56:59,1,Bitcoin,"$81,625.65",0.76%,$1.63T
2026-09-19 20:56:59,2,Ethereum,"$2,639.86",1.86%,$322.22B
2026-09-19 20:56:59,3,Tether,$0.9996,0.02%,$183.32B
2026-09-19 20:56:59,4,BNB,$769.05,1.34%,$102.4B
2026-09-19 20:56:59,5,XRP,$1.43,3.22%,$90.19B
2026-09-19 20:56:59,6,USDC,$0.9998,-0.01%,$74.26B
2026-09-19 20:56:59,7,Solana,$111.72,1.08%,$65.62B
2026-09-19 20:56:59,8,TRON,$0.3379,-0.32%,$32.09B
2026-09-19 20:56:59,9,Zcash,"$1,523.57",2.61%,$25.71B
2026-09-19 20:56:59,10,Hyperliquid,$93.10,1.35%,$23.41B

2026-09-19 20:57:56,1,Bitcoin,"$81,632.24",0.87%,$1.63T
2026-09-19 20:57:56,2,Ethereum,"$2,641.32",2.32%,$322.34B
2026-09-19 20:57:56,3,Tether,$0.9997,0.04%,$183.33B
2026-09-19 20:57:56,4,BNB,$769.29,1.50%,$102.44B
2026-09-19 20:57:56,5,XRP,$1.43,3.40%,$90.27B
2026-09-19 20:57:56,6,USDC,$0.9998,0.01%,$74.28B
2026-09-19 20:57:56,7,Solana,$111.86,1.42%,$65.7B
2026-09-19 20:57:56,8,TRON,$0.3379,-0.36%,$32.09B
2026-09-19 20:57:56,9,Zcash,"$1,522.63",2.07%,$25.69B
2026-09-19 20:57:56,10,Hyperliquid,$93.22,1.47%,$23.44B

2026-09-19 20:58:24,1,Bitcoin,"$81,632.24",0.87%,$1.63T
2026-09-19 20:58:24,2,Ethereum,"$2,641.32",2.32%,$322.34B
2026-09-19 20:58:24,3,Tether,$0.9997,0.04%,$183.33B
2026-09-19 20:58:24,4,BNB,$769.29,1.50%,$102.44B
2026-09-19 20:58:24,5,XRP,$1.43,3.40%,$90.27B
2026-09-19 20:58:24,6,USDC,$0.9998,0.01%,$74.28B
2026-09-19 20:58:24,7,Solana,$111.86,1.42%,$65.7B
2026-09-19 20:58:24,8,TRON,$0.3379,-0.36%,$32.09B
2026-09-19 20:58:24,9,Zcash,"$1,522.63",2.07%,$25.69B
2026-09-19 20:58:24,10,Hyperliquid,$93.22,1.47%,$23.44B

2026-09-19 20:58:53,1,Bitcoin,"$81,547.85",0.75%,$1.63T
2026-09-19 20:58:53,2,Ethereum,"$2,641.32",2.32%,$322.34B
2026-09-19 20:58:53,3,Tether,$0.9997,0.04%,$183.33B
2026-09-19 20:58:53,4,BNB,$769.29,1.50%,$102.44B
2026-09-19 20:58:53,5,XRP,$1.43,3.40%,$90.27B
2026-09-19 20:58:53,6,USDC,$0.9999,0.01%,$74.27B
2026-09-19 20:58:53,7,Solana,$111.86,1.42%,$65.7B
2026-09-19 20:58:53,8,TRON,$0.3379,-0.36%,$32.09B
2026-09-19 20:58:53,9,Zcash,"$1,522.63",2.07%,$25.69B
2026-09-19 20:58:53,10,Hyperliquid,$93.22,1.47%,$23.44B

2026-09-19 20:59:22,1,Bitcoin,"$81,632.24",0.87%,$1.63T
2026-09-19 20:59:22,2,Ethereum,"$2,641.32",2.32%,$322.34B
2026-09-19 20:59:22,3,Tether,$0.9997,0.04%,$183.33B
2026-09-19 20:59:22,4,BNB,$769.29,1.50%,$102.44B
2026-09-19 20:59:22,5,XRP,$1.43,3.40%,$90.27B
2026-09-19 20:59:22,6,USDC,$0.9998,0.01%,$74.28B
2026-09-19 20:59:22,7,Solana,$111.86,1.42%,$65.7B
2026-09-19 20:59:22,8,TRON,$0.3379,-0.36%,$32.09B
2026-09-19 20:59:22,9,Zcash,"$1,522.63",2.07%,$25.69B
2026-09-19 20:59:22,10,Hyperliquid,$93.22,1.47%,$23.44B

2026-09-19 20:59:51,1,Bitcoin,"$81,646.00",0.72%,$1.63T
2026-09-19 20:59:51,2,Ethereum,"$2,641.64",1.93%,$322.34B
2026-09-19 20:59:51,3,Tether,$0.9997,0.04%,$183.33B
2026-09-19 20:59:51,4,BNB,$769.29,1.50%,$102.44B
2026-09-19 20:59:51,5,XRP,$1.43,3.40%,$90.27B
2026-09-19 20:59:51,6,USDC,$0.9998,0.01%,$74.28B
2026-09-19 20:59:51,7,Solana,$111.86,1.42%,$65.7B
2026-09-19 20:59:51,8,TRON,$0.3379,-0.36%,$32.09B
2026-09-19 20:59:51,9,Zcash,"$1,522.63",2.07%,$25.69B
2026-09-19 20:59:51,10,Hyperliquid,$93.22,1.47%,$23.44B

2026-09-19 21:00:20,1,Bitcoin,"$81,646.00",0.72%,$1.63T
2026-09-19 21:00:20,2,Ethereum,"$2,641.64",1.93%,$322.34B
2026-09-19 21:00:20,3,Tether,$0.9997,0.04%,$183.33B
2026-09-19 21:00:20,4,BNB,$769.29,1.50%,$102.44B
2026-09-19 21:00:20,5,XRP,$1.43,3.40%,$90.27B
2026-09-19 21:00:20,6,USDC,$0.9998,0.01%,$74.28B
2026-09-19 21:00:20,7,Solana,$111.86,1.42%,$65.7B
2026-09-19 21:00:20,8,TRON,$0.3379,-0.36%,$32.09B
2026-09-19 21:00:20,9,Zcash,"$1,522.63",2.07%,$25.69B
2026-09-19 21:00:20,10,Hyperliquid,$93.22,1.47%,$23.44B

2026-09-19 21:00:49,1,Bitcoin,"$81,646.00",0.72%,$1.63T
2026-09-19 21:00:49,2,Ethereum,"$2,641.64",1.93%,$322.34B
2026-09-19 21:00:49,3,Tether,$0.9997,0.04%,$183.33B
2026-09-19 21:00:49,4,BNB,$769.29,1.50%,$102.44B
2026-09-19 21:00:49,5,XRP,$1.43,3.40%,$90.27B
2026-09-19 21:00:49,6,USDC,$0.9998,0.01%,$74.28B
2026-09-19 21:00:49,7,Solana,$111.86,1.42%,$65.7B
2026-09-19 21:00:49,8,TRON,$0.3379,-0.36%,$32.09B
2026-09-19 21:00:49,9,Zcash,"$1,522.63",2.07%,$25.69B
2026-09-19 21:00:49,10,Hyperliquid,$93.22,1.47%,$23.44B

2026-09-19 21:01:17,1,Bitcoin,"$81,646.00",0.72%,$1.63T
2026-09-19 21:01:17,2,Ethereum,"$2,641.64",1.93%,$322.34B
2026-09-19 21:01:17,3,Tether,$0.9997,0.04%,$183.33B
2026-09-19 21:01:17,4,BNB,$769.29,1.50%,$102.44B
2026-09-19 21:01:17,5,XRP,$1.43,3.40%,$90.27B
2026-09-19 21:01:17,6,USDC,$0.9998,0.01%,$74.28B
2026-09-19 21:01:17,7,Solana,$111.86,1.42%,$65.7B
2026-09-19 21:01:17,8,TRON,$0.3379,-0.36%,$32.09B
2026-09-19 21:01:17,9,Zcash,"$1,522.63",2.07%,$25.69B
2026-09-19 21:01:17,10,Hyperliquid,$93.22,1.47%,$23.44B

2026-09-19 21:01:45,1,Bitcoin,"$81,622.14",0.85%,$1.63T
2026-09-19 21:01:45,2,Ethereum,"$2,639.76",1.97%,$322.34B
2026-09-19 21:01:45,3,Tether,$0.9997,0.04%,$183.33B
2026-09-19 21:01:45,4,BNB,$769.29,1.50%,$102.44B
2026-09-19 21:01:45,5,XRP,$1.43,3.40%,$90.27B
2026-09-19 21:01:45,6,USDC,$0.9998,0.01%,$74.28B
2026-09-19 21:01:45,7,Solana,$111.86,1.42%,$65.7B
2026-09-19 21:01:45,8,TRON,$0.3379,-0.36%,$32.09B
2026-09-19 21:01:45,9,Zcash,"$1,522.63",2.07%,$25.69B
2026-09-19 21:01:45,10,Hyperliquid,$93.22,1.47%,$23.44B

2026-09-19 21:02:35,1,Bitcoin,"$81,622.14",0.85%,$1.63T
2026-09-19 21:02:35,2,Ethereum,"$2,639.76",1.97%,$322.34B
2026-09-19 21:02:35,3,Tether,$0.9997,0.04%,$183.33B
2026-09-19 21:02:35,4,BNB,$769.29,1.50%,$102.44B
2026-09-19 21:02:35,5,XRP,$1.43,3.40%,$90.27B
2026-09-19 21:02:35,6,USDC,$0.9998,0.01%,$74.28B
2026-09-19 21:02:35,7,Solana,$111.86,1.42%,$65.7B
2026-09-19 21:02:35,8,TRON,$0.3379,-0.36%,$32.09B
2026-09-19 21:02:35,9,Zcash,"$1,522.63",2.07%,$25.69B
2026-09-19 21:02:35,10,Hyperliquid,$93.22,1.47%,$23.44B

2026-09-19 21:05:24,1,Bitcoin,"$81,610.35",0.83%,$1.63T
2026-09-19 21:05:24,2,Ethereum,"$2,639.95",2.32%,$322.23B
2026-09-19 21:05:24,3,Tether,$0.9996,0.01%,$183.32B
2026-09-19 21:05:24,4,BNB,$769.06,1.34%,$102.4B
2026-09-19 21:05:24,5,XRP,$1.43,3.23%,$90.18B
2026-09-19 21:05:24,6,USDC,$0.9998,-0.01%,$74.26B
2026-09-19 21:05:24,7,Solana,$111.52,0.95%,$65.5B
2026-09-19 21:05:24,8,TRON,$0.3379,-0.37%,$32.09B
2026-09-19 21:05:24,9,Zcash,"$1,522.72",1.95%,$25.69B
2026-09-19 21:05:24,10,Hyperliquid,$93.19,1.27%,$23.43B

2026-09-19 21:05:53,1,Bitcoin,"$81,591.51",0.94%,$1.63T
2026-09-19 21:05:53,2,Ethereum,"$2,639.28",2.20%,$322.21B
2026-09-19 21:05:53,3,Tether,$0.9996,0.01%,$183.32B
2026-09-19 21:05:53,4,BNB,$769.06,1.34%,$102.4B
2026-09-19 21:05:53,5,XRP,$1.43,3.23%,$90.18B
2026-09-19 21:05:53,6,USDC,$0.9998,-0.01%,$74.26B
2026-09-19 21:05:53,7,Solana,$111.72,1.11%,$65.62B
2026-09-19 21:05:53,8,TRON,$0.3379,-0.37%,$32.09B
2026-09-19 21:05:53,9,Zcash,"$1,523.31",2.79%,$25.7B
2026-09-19 21:05:53,10,Hyperliquid,$93.14,1.88%,$23.42B

2026-09-19 21:06:23,1,Bitcoin,"$81,631.98",1.06%,$1.63T
2026-09-19 21:06:23,2,Ethereum,"$2,640.62",2.27%,$322.31B
2026-09-19 21:06:23,3,Tether,$0.9996,0.01%,$183.32B
2026-09-19 21:06:23,4,BNB,$769.06,1.34%,$102.4B
2026-09-19 21:06:23,5,XRP,$1.43,3.23%,$90.18B
2026-09-19 21:06:23,6,USDC,$0.9999,0.00%,$74.27B
2026-09-19 21:06:23,7,Solana,$111.55,0.93%,$65.52B
2026-09-19 21:06:23,8,TRON,$0.3379,-0.37%,$32.09B
2026-09-19 21:06:23,9,Zcash,"$1,522.72",1.95%,$25.69B
2026-09-19 21:06:23,10,Hyperliquid,$93.16,1.92%,$23.42B

2026-09-19 21:06:43,1,Bitcoin,"$81,591.51",0.94%,$1.63T
2026-09-19 21:06:43,2,Ethereum,"$2,639.28",2.20%,$322.21B
2026-09-19 21:06:43,3,Tether,$0.9996,0.01%,$183.32B
2026-09-19 21:06:43,4,BNB,$769.06,1.34%,$102.4B
2026-09-19 21:06:43,5,XRP,$1.43,3.23%,$90.18B
2026-09-19 21:06:43,6,USDC,$0.9998,-0.01%,$74.26B
2026-09-19 21:06:43,7,Solana,$111.72,1.11%,$65.62B
2026-09-19 21:06:43,8,TRON,$0.3379,-0.37%,$32.09B
2026-09-19 21:06:43,9,Zcash,"$1,522.72",1.95%,$25.69B
2026-09-19 21:06:43,10,Hyperliquid,$93.19,1.27%,$23.43B
