imdb_id,title,poster_url,plot,genre,director,cast,runtime
tt0068646,The Godfather,https://m.media-amazon.com/images/M/MV5BNGEwYjgwOGQtYjg5ZS00Njc1LTk2ZGEtM2QwZWQ2NjdhZTE5XkEyXkFqcGc@._V1_FMjpg_UX1000_.jpg,The aging patriarch of an organized crime dynasty transfers control of his clandestine empire to his reluctant son.,"The Lord of the Rings, Action Epic, Adventure Epic, Dark Fantasy, Epic, Fantasy Epic, Quest, Sword & Sorcery, Adventure, Drama","Francis Ford Coppola, ","[{""name"": ""Marlon Brando"", ""role"": ""Don Vito Corleone"", ""image_url"": ""https://m.media-amazon.com/images/M/MV5BMTg3MDYyMDE5OF5BMl5BanBnXkFtZTcwNjgyNTEzNA@@._V1_QL75_UY140_CR21,0,140,140_.jpg""}, {""name"": ""Al Pacino"", ""role"": ""Michael"", ""image_url"": ""https://m.media-amazon.com/images/M/MV5BMTQzMzg1ODAyNl5BMl5BanBnXkFtZTYwMjAxODQ1._V1_QL75_UX140_CR0,13,140,140_.jpg""}, {""name"": ""James Caan"", ""role"": ""Sonny"", ""image_url"": ""https://m.media-amazon.com/images/M/MV5BMTI5NjkyNDQ3NV5BMl5BanBnXkFtZTcwNjY5NTQ0Mw@@._V1_QL75_UX140_CR0,12,140,140_.jpg""}, {""name"": ""Richard S. Castellano"", ""role"": ""Clemenza"", ""image_url"": ""https://m.media-amazon.com/images/M/MV5BMjI2MzA3MjQ5N15BMl5BanBnXkFtZTcwMzY5NDYwOA@@._V1_QL75_UX140_CR0,9,140,140_.jpg""}, {""name"": ""Robert Duvall"", ""role"": ""Tom Hagen"", ""image_url"": ""https://m.media-amazon.com/images/M/MV5BMjk1MjA2Mjc2MF5BMl5BanBnXkFtZTcwOTE4MTUwMg@@._V1_QL75_UX140_CR0,5,140,140_.jpg""}]",2h 55m
tt0468569,The Dark Knight,https://m.media-amazon.com/images/M/MV5BMTMxNTMwODM0NF5BMl5BanBnXkFtZTcwODAyMTk2Mw@@._V1_FMjpg_UX1000_.jpg,"When a menace known as the Joker wreaks havoc and chaos on the people of Gotham, Batman, James Gordon and Harvey Dent must work together to put an end to the madness.","DC, Action Epic, Epic, Psychological Drama, Psychological Thriller, Superhero, Crime, Thriller","Christopher Nolan, ","[{""name"": ""Christian Bale"", ""role"": ""Bruce Wayne"", ""image_url"": ""https://m.media-amazon.com/images/M/MV5BMTkxMzk4MjQ4MF5BMl5BanBnXkFtZTcwMzExODQxOA@@._V1_QL75_UX140_CR0,12,140,140_.jpg""}, {""name"": ""Heath Ledger"", ""role"": ""Joker"", ""image_url"": ""https://m.media-amazon.com/images/M/MV5BMTI2NTY0NzA4MF5BMl5BanBnXkFtZTYwMjE1MDE0._V1_QL75_UX140_CR0,12,140,140_.jpg""}, {""name"": ""Aaron Eckhart"", ""role"": ""Harvey Dent"", ""image_url"": ""https://m.media-amazon.com/images/M/MV5BMTc4MTAyNzMzNF5BMl5BanBnXkFtZTcwMzQ5MzQzMg@@._V1_QL75_UX140_CR0,5,140,140_.jpg""}, {""name"": ""Michael Caine"", ""role"": ""Alfred"", ""image_url"": ""https://m.media-amazon.com/images/M/MV5BMjAwNzIwNTQ4Ml5BMl5BanBnXkFtZTYwMzE1MTUz._V1_QL75_UX140_CR0,4,140,140_.jpg""}, {""name"": ""Maggie Gyllenhaal"", ""role"": ""Rachel"", ""image_url"": ""https://m.media-amazon.com/images/M/MV5BMTM1MjY3NzA4NF5BMl5BanBnXkFtZTcwNzE4MjMyMw@@._V1_QL75_UX140_CR0,13,140,140_.jpg""}]",2h 32m
tt0071562,The Godfather Part II,https://m.media-amazon.com/images/M/MV5BMDIxMzBlZDktZjMxNy00ZGI4LTgxNDEtYWRlNzRjMjJmOGQ1XkEyXkFqcGc@._V1_FMjpg_UX1000_.jpg,"The early life and career of Vito Corleone in 1920s New York City is portrayed, while his son, Michael, expands and tightens his grip on the family crime syndicate.","Epic, Gangster, Tragedy, Crime, Drama","Francis Ford Coppola, ","[{""name"": ""Al Pacino"", ""role"": ""Michael"", ""image_url"": ""https://m.media-amazon.com/images/M/MV5BMTQzMzg1ODAyNl5BMl5BanBnXkFtZTYwMjAxODQ1._V1_QL75_UX140_CR0,13,140,140_.jpg""}, {""name"": ""Robert De Niro"", ""role"": ""Vito Corleone"", ""image_url"": ""https://m.media-amazon.com/images/M/MV5BMjAwNDU3MzcyOV5BMl5BanBnXkFtZTcwMjc0MTIxMw@@._V1_QL75_UX140_CR0,0,140,140_.jpg""}, {""name"": ""Robert Duvall"", ""role"": ""Tom Hagen"", ""image_url"": ""https://m.media-amazon.com/images/M/MV5BMjk1MjA2Mjc2MF5BMl5BanBnXkFtZTcwOTE4MTUwMg@@._V1_QL75_UX140_CR0,5,140,140_.jpg""}, {""name"": ""Diane Keaton"", ""role"": ""Kay"", ""image_url"": ""https://m.media-amazon.com/images/M/MV5BMTY5NDI5OTEyOF5BMl5BanBnXkFtZTgwMzU4NDI1NzM@._V1_QL75_UX140_CR0,7,140,140_.jpg""}, {""name"": ""John Cazale"", ""role"": ""Fredo Corleone"", ""image_url"": ""https://m.media-amazon.com/images/M/MV5BMTUzMTM1MjI5NV5BMl5BanBnXkFtZTcwMTM5NTM1Mw@@._V1_QL75_UX140_CR0,11,140,140_.jpg""}]",3h 22m
tt0167260,The Lord of the Rings: The Return of the King,https://m.media-amazon.com/images/M/MV5BMTZkMjBjNWMtZGI5OC00MGU0LTk4ZTItODg2NWM3NTVmNWQ4XkEyXkFqcGc@._V1_FMjpg_UX1000_.jpg,Gandalf and Aragorn lead the World of Men against Sauron's army to draw his gaze from Frodo and Sam as they approach Mount Doom with the One Ring.,"Dark Comedy, Psychological Drama, Psychological Thriller, Workplace Drama, Crime, Drama, Thriller","Peter Jackson, ","[{""name"": ""Elijah Wood"", ""role"": ""Frodo"", ""image_url"": ""https://m.media-amazon.com/images/M/MV5BMTM0NDIxMzQ5OF5BMl5BanBnXkFtZTcwNzAyNTA4Nw@@._V1_QL75_UX140_CR0,12,140,140_.jpg""}, {""name"": ""Viggo Mortensen"", ""role"": ""Aragorn"", ""image_url"": ""https://m.media-amazon.com/images/M/MV5BNDQzOTg4NzA2Nl5BMl5BanBnXkFtZTcwMzkwNjkxMg@@._V1_QL75_UX140_CR0,11,140,140_.jpg""}, {""name"": ""Ian McKellen"", ""role"": ""Gandalf"", ""image_url"": ""https://m.media-amazon.com/images/M/MV5BMTQ2MjgyNjk3MV5BMl5BanBnXkFtZTcwNTA3NTY5Mg@@._V1_QL75_UX140_CR0,2,140,140_.jpg""}, {""name"": ""Noel Appleby"", ""role"": ""Everard Proudfoot"", ""image_url"": null}, {""name"": ""Ali Astin"", ""role"": ""Elanor Gamgee"", ""image_url"": ""https://m.media-amazon.com/images/M/MV5BY2FiYjYxMGUtYjU1Zi00MmJjLWI5N2ItNTIwMTczMGIzMTkzXkEyXkFqcGc@._V1_QL75_UX140_CR0,12,140,140_.jpg""}]",3h 21m
tt0050083,12 Angry Men,https://m.media-amazon.com/images/M/MV5BYjE4NzdmOTYtYjc5Yi00YzBiLWEzNDEtNTgxZGQ2MWVkN2NiXkEyXkFqcGc@._V1_FMjpg_UX1000_.jpg,The jury in a New York City murder trial is frustrated by a single member whose skeptical caution forces them to more carefully consider the evidence before jumping to a hasty verdict.,"Legal Drama, Psychological Drama, Crime, Drama","Sidney Lumet, ","[{""name"": ""Henry Fonda"", ""role"": ""Juror 8"", ""image_url"": ""https://m.media-amazon.com/images/M/MV5BOTEwNjQ2ODQ4Nl5BMl5BanBnXkFtZTYwMzEwMTM2._V1_QL75_UX140_CR0,0,140,140_.jpg""}, {""name"": ""Lee J. Cobb"", ""role"": ""Juror 3"", ""image_url"": ""https://m.media-amazon.com/images/M/MV5BNDc3MTM0MDQyMF5BMl5BanBnXkFtZTYwMTczMTg2._V1_QL75_UX140_CR0,15,140,140_.jpg""}, {""name"": ""Martin Balsam"", ""role"": ""Juror 1"", ""image_url"": ""https://m.media-amazon.com/images/M/MV5BMTQwOTE4MjMxM15BMl5BanBnXkFtZTcwMDc5MDg5Nw@@._V1_QL75_UX140_CR0,0,140,140_.jpg""}, {""name"": ""John Fiedler"", ""role"": ""Juror 2"", ""image_url"": ""https://m.media-amazon.com/images/M/MV5BMTc1Njg3NDg1OF5BMl5BanBnXkFtZTcwMjY2MTYxOA@@._V1_QL75_UX140_CR0,13,140,140_.jpg""}, {""name"": ""E.G. Marshall"", ""role"": ""Juror 4"", ""image_url"": ""https://m.media-amazon.com/images/M/MV5BMGFhMTc5NTMtNTMxZS00NzhiLWFmMWUtN2I3OTNmZjhlYjU0XkEyXkFqcGc@._V1_QL75_UX140_CR0,0,140,140_.jpg""}]",1h 36m
tt0108052,Schindler's List,https://m.media-amazon.com/images/M/MV5BNjM1ZDQxYWUtMzQyZS00MTE1LWJmZGYtNGUyNTdlYjM3ZmVmXkEyXkFqcGc@._V1_FMjpg_UX1000_.jpg,"In German-occupied Poland during World War II, industrialist Oskar Schindler gradually becomes concerned for his Jewish workforce after witnessing their persecution by the Nazis.","Docudrama, Epic, Historical Epic, Period Drama, Prison Drama, Psychological Drama, Tragedy, Biography, Drama, History","Steven Spielberg, ","[{""name"": ""Liam Neeson"", ""role"": ""Oskar Schindler"", ""image_url"": ""https://m.media-amazon.com/images/M/MV5BMjA1MTQ3NzU1MV5BMl5BanBnXkFtZTgwMDE3Mjg0MzE@._V1_QL75_UY140_CR0,0,140,140_.jpg""}, {""name"": ""Ralph Fiennes"", ""role"": ""Amon Goeth"", ""image_url"": ""https://m.media-amazon.com/images/M/MV5BMzc5MjE1NDgyN15BMl5BanBnXkFtZTcwNzg2ODgwNA@@._V1_QL75_UX140_CR0,0,140,140_.jpg""}, {""name"": ""Ben Kingsley"", ""role"": ""Itzhak Stern"", ""image_url"": ""https://m.media-amazon.com/images/M/MV5BOTU2Njg2NzM4M15BMl5BanBnXkFtZTgwNjYwNjQwMTI@._V1_QL75_UX140_CR0,2,140,140_.jpg""}, {""name"": ""Caroline Goodall"", ""role"": ""Emilie Schindler"", ""image_url"": ""https://m.media-amazon.com/images/M/MV5BMzMzNWRmMjEtNmNmYy00M2FkLWIwNjgtOTVhZTQzNTQ2OTRlXkEyXkFqcGc@._V1_QL75_UY140_CR35,0,140,140_.jpg""}, {""name"": ""Jonathan Sagall"", ""role"": ""Poldek Pfefferberg"", ""image_url"": ""https://m.media-amazon.com/images/M/MV5BNmQ4NTQ0YzEtYjA5Zi00YTY5LWJmMTctZjI5MTc4YWJjZjM3XkEyXkFqcGc@._V1_QL75_UX140_CR0,0,140,140_.jpg""}]",3h 16m
tt0120737,The Lord of the Rings: The Fellowship of the Ring,https://m.media-amazon.com/images/M/MV5BNzIxMDQ2YTctNDY4MC00ZTRhLTk4ODQtMTVlOWY4NTdiYmMwXkEyXkFqcGc@._V1_FMjpg_UX1000_.jpg,A meek Hobbit from the Shire and eight companions set out on a journey to destroy the powerful One Ring and save Middle-earth from the Dark Lord Sauron.,"The Lord of the Rings, Action Epic, Adventure Epic, Dark Fantasy, Epic, Fantasy Epic, Quest, Sword & Sorcery, Adventure, Drama","Peter Jackson, ","[{""name"": ""Elijah Wood"", ""role"": ""Frodo"", ""image_url"": ""https://m.media-amazon.com/images/M/MV5BMTM0NDIxMzQ5OF5BMl5BanBnXkFtZTcwNzAyNTA4Nw@@._V1_QL75_UX140_CR0,12,140,140_.jpg""}, {""name"": ""Ian McKellen"", ""role"": ""Gandalf"", ""image_url"": ""https://m.media-amazon.com/images/M/MV5BMTQ2MjgyNjk3MV5BMl5BanBnXkFtZTcwNTA3NTY5Mg@@._V1_QL75_UX140_CR0,2,140,140_.jpg""}, {""name"": ""Orlando Bloom"", ""role"": ""Legolas"", ""image_url"": ""https://m.media-amazon.com/images/M/MV5BMjE1MDkxMjQ3NV5BMl5BanBnXkFtZTcwMzQ3Mjc4MQ@@._V1_QL75_UX140_CR0,3,140,140_.jpg""}, {""name"": ""Alan Howard"", ""role"": ""The Ring"", ""image_url"": ""https://m.media-amazon.com/images/M/MV5BMTQyMDYwNzY3OF5BMl5BanBnXkFtZTcwMDYxMTUwOA@@._V1_QL75_UX140_CR0,0,140,140_.jpg""}, {""name"": ""Noel Appleby"", ""role"": ""Everard Proudfoot"", ""image_url"": null}]",2h 58m
tt0110912,Pulp Fiction,https://m.media-amazon.com/images/M/MV5BYTViYTE3ZGQtNDBlMC00ZTAyLTkyODMtZGRiZDg0MjA2YThkXkEyXkFqcGc@._V1_FMjpg_UX1000_.jpg,"The lives of two mob hitmen, a boxer, a gangster and his wife, and a pair of diner bandits intertwine in four tales of violence and redemption.","Dark Comedy, Drug Crime, Gangster, Crime, Drama","Quentin Tarantino, ","[{""name"": ""John Travolta"", ""role"": ""Vincent Vega"", ""image_url"": ""https://m.media-amazon.com/images/M/MV5BNWUyNDZiMjItMjQzMy00YmQyLTliOTYtOGRkYzNhZTk5NDBiXkEyXkFqcGc@._V1_QL75_UX140_CR0,0,140,140_.jpg""}, {""name"": ""Uma Thurman"", ""role"": ""Mia Wallace"", ""image_url"": ""https://m.media-amazon.com/images/M/MV5BMjMxNzk1MTQyMl5BMl5BanBnXkFtZTgwMDIzMDEyMTE@._V1_QL75_UX140_CR0,12,140,140_.jpg""}, {""name"": ""Samuel L. Jackson"", ""role"": ""Jules Winnfield"", ""image_url"": ""https://m.media-amazon.com/images/M/MV5BMTQ1NTQwMTYxNl5BMl5BanBnXkFtZTYwMjA1MzY1._V1_QL75_UX140_CR0,13,140,140_.jpg""}, {""name"": ""Tim Roth"", ""role"": ""Pumpkin"", ""image_url"": ""https://m.media-amazon.com/images/M/MV5BMjA5NTA3MDQyOV5BMl5BanBnXkFtZTcwODM4NDE3Mw@@._V1_QL75_UX140_CR0,0,140,140_.jpg""}, {""name"": ""Amanda Plummer"", ""role"": ""Honey Bunny"", ""image_url"": ""https://m.media-amazon.com/images/M/MV5BMjAzNDczNzUzMV5BMl5BanBnXkFtZTcwOTQwNTQ1NA@@._V1_QL75_UY140_CR35,0,140,140_.jpg""}]",2h 34m
tt0167261,The Lord of the Rings: The Two Towers,https://m.media-amazon.com/images/M/MV5BMGQxMDdiOWUtYjc1Ni00YzM1LWE2NjMtZTg3Y2JkMjEzMTJjXkEyXkFqcGc@._V1_FMjpg_UX1000_.jpg,"While Frodo and Sam edge closer to Mordor with the help of the shifty Gollum, the divided fellowship makes a stand against Sauron's new ally, Saruman, and his hordes of Isengard.","The Lord of the Rings, Action Epic, Adventure Epic, Dark Fantasy, Epic, Fantasy Epic, Quest, Sword & Sorcery, Adventure, Drama","Peter Jackson, ","[{""name"": ""Elijah Wood"", ""role"": ""Frodo"", ""image_url"": ""https://m.media-amazon.com/images/M/MV5BMTM0NDIxMzQ5OF5BMl5BanBnXkFtZTcwNzAyNTA4Nw@@._V1_QL75_UX140_CR0,12,140,140_.jpg""}, {""name"": ""Ian McKellen"", ""role"": ""Gandalf"", ""image_url"": ""https://m.media-amazon.com/images/M/MV5BMTQ2MjgyNjk3MV5BMl5BanBnXkFtZTcwNTA3NTY5Mg@@._V1_QL75_UX140_CR0,2,140,140_.jpg""}, {""name"": ""Viggo Mortensen"", ""role"": ""Aragorn"", ""image_url"": ""https://m.media-amazon.com/images/M/MV5BNDQzOTg4NzA2Nl5BMl5BanBnXkFtZTcwMzkwNjkxMg@@._V1_QL75_UX140_CR0,11,140,140_.jpg""}, {""name"": ""Bruce Allpress"", ""role"": ""Aldor"", ""image_url"": ""https://m.media-amazon.com/images/M/MV5BMjIzMTc1NTAyNV5BMl5BanBnXkFtZTcwMzkxODIwOA@@._V1_QL75_UX140_CR0,7,140,140_.jpg""}, {""name"": ""Sean Astin"", ""role"": ""Sam"", ""image_url"": ""https://m.media-amazon.com/images/M/MV5BMjEzMjczOTQ1NF5BMl5BanBnXkFtZTcwMzI2NzYyMQ@@._V1_QL75_UX140_CR0,5,140,140_.jpg""}]",2h 59m
tt0060196,"The Good, the Bad and the Ugly",https://m.media-amazon.com/images/M/MV5BMWM5ZjQxM2YtNDlmYi00ZDNhLWI4MWUtN2VkYjBlMTY1ZTkwXkEyXkFqcGc@._V1_FMjpg_UX1000_.jpg,A bounty-hunting scam joins two men in an uneasy alliance against a third in a race to find a fortune in gold buried in a remote cemetery.,"Action Epic, Adventure Epic, Classical Western, Dark Comedy, Desert Adventure","Sergio Leone, ","[{""name"": ""Clint Eastwood"", ""role"": ""Biondo"", ""image_url"": ""https://m.media-amazon.com/images/M/MV5BMTg3MDc0MjY0OV5BMl5BanBnXkFtZTcwNzU1MDAxOA@@._V1_QL75_UX140_CR0,2,140,140_.jpg""}, {""name"": ""Eli Wallach"", ""role"": ""Tuco"", ""image_url"": ""https://m.media-amazon.com/images/M/MV5BNDcwZDdiZWEtMGYxYS00MjI0LTgwNjctMWVkODZiZGE1ZDdjXkEyXkFqcGc@._V1_QL75_UX140_CR0,11,140,140_.jpg""}, {""name"": ""Lee Van Cleef"", ""role"": ""Sentenza"", ""image_url"": ""https://m.media-amazon.com/images/M/MV5BMTY0ODU1NjY5N15BMl5BanBnXkFtZTcwNTI0NzEyMw@@._V1_QL75_UY140_CR26,0,140,140_.jpg""}, {""name"": ""Aldo Giuffr\u00e8"", ""role"": ""Alcoholic Union Captain"", ""image_url"": ""https://m.media-amazon.com/images/M/MV5BNGFmNGM5MTAtNGUzZC00MDAzLTllOTUtYjg3MGEzM2QyMjhkXkEyXkFqcGc@._V1_QL75_UX140_CR0,1,140,140_.jpg""}, {""name"": ""Luigi Pistilli"", ""role"": ""Father Pablo Ramirez"", ""image_url"": ""https://m.media-amazon.com/images/M/MV5BMTM2MzM4MDI5OV5BMl5BanBnXkFtZTcwNjU2NzEyMw@@._V1_QL75_UY140_CR20,0,140,140_.jpg""}]",2h 58m
tt0109830,Forrest Gump,https://m.media-amazon.com/images/M/MV5BNDYwNzVjMTItZmU5YS00YjQ5LTljYjgtMjY2NDVmYWMyNWFmXkEyXkFqcGc@._V1_FMjpg_UX1000_.jpg,"The history of the United States from the 1950s to the '70s unfolds from the perspective of an Alabama man with an IQ of 75, who yearns to be reunited with his childhood sweetheart.","Epic, Period Drama, Romantic Epic, Tragic Romance, Drama, Romance","Robert Zemeckis, ","[{""name"": ""Tom Hanks"", ""role"": ""Forrest Gump"", ""image_url"": ""https://m.media-amazon.com/images/M/MV5BMTQ2MjMwNDA3Nl5BMl5BanBnXkFtZTcwMTA2NDY3NQ@@._V1_QL75_UX140_CR0,8,140,140_.jpg""}, {""name"": ""Robin Wright"", ""role"": ""Jenny Curran"", ""image_url"": ""https://m.media-amazon.com/images/M/MV5BMTU0NTc4MzEyOV5BMl5BanBnXkFtZTcwODY0ODkzMQ@@._V1_QL75_UX140_CR0,7,140,140_.jpg""}, {""name"": ""Gary Sinise"", ""role"": ""Lieutenant Dan Taylor"", ""image_url"": ""https://m.media-amazon.com/images/M/MV5BMzE4NzcyMzU3OV5BMl5BanBnXkFtZTYwOTM2NDE2._V1_QL75_UX140_CR0,5,140,140_.jpg""}, {""name"": ""Rebecca Williams"", ""role"": ""Nurse at Park Bench"", ""image_url"": ""https://m.media-amazon.com/images/M/MV5BYmNmOTBiZDYtZWI5My00ZTBiLWE5MjUtN2M4Y2IwNzRkZGFkXkEyXkFqcGc@._V1_QL75_UY140_CR66,0,140,140_.jpg""}, {""name"": ""Sally Field"", ""role"": ""Mrs. Gump"", ""image_url"": ""https://m.media-amazon.com/images/M/MV5BMTQwOTMyMDI4MV5BMl5BanBnXkFtZTcwMDYzMTM5OA@@._V1_QL75_UX140_CR0,3,140,140_.jpg""}]",2h 22m
tt0137523,Fight Club,https://m.media-amazon.com/images/M/MV5BOTgyOGQ1NDItNGU3Ny00MjU3LTg2YWEtNmEyYjBiMjI1Y2M5XkEyXkFqcGc@._V1_FMjpg_UX1000_.jpg,An insomniac office worker and a devil-may-care soap maker form an underground fight club that evolves into much more.,"Dark Comedy, Psychological Drama, Psychological Thriller, Workplace Drama, Crime, Drama, Thriller","David Fincher, ","[{""name"": ""Brad Pitt"", ""role"": ""Tyler Durden"", ""image_url"": ""https://m.media-amazon.com/images/M/MV5BMjA1MjE2MTQ2MV5BMl5BanBnXkFtZTcwMjE5MDY0Nw@@._V1_QL75_UX140_CR0,12,140,140_.jpg""}, {""name"": ""Edward Norton"", ""role"": ""Narrator"", ""image_url"": ""https://m.media-amazon.com/images/M/MV5BMTYwNjQ5MTI1NF5BMl5BanBnXkFtZTcwMzU5MTI2Mw@@._V1_QL75_UX140_CR0,0,140,140_.jpg""}, {""name"": ""Meat Loaf"", ""role"": ""Robert Paulsen"", ""image_url"": ""https://m.media-amazon.com/images/M/MV5BMTIzNTQ4MjYyOV5BMl5BanBnXkFtZTcwNzgwNTEzMg@@._V1_QL75_UX140_CR0,5,140,140_.jpg""}, {""name"": ""Zach Grenier"", ""role"": ""Richard Chesler (Regional Manager)"", ""image_url"": ""https://m.media-amazon.com/images/M/MV5BY2ZiNTc5Y2UtYTNjZC00ZjVhLWEyZTQtZDJmZmE2ZTcyNTc4XkEyXkFqcGc@._V1_QL75_UX140_CR0,4,140,140_.jpg""}, {""name"": ""Richmond Arquette"", ""role"": ""Intern at Hospital"", ""image_url"": ""https://m.media-amazon.com/images/M/MV5BMjM1NDgxOTQwM15BMl5BanBnXkFtZTgwNzEyNjg4MDE@._V1_QL75_UY140_CR55,0,140,140_.jpg""}]",2h 19m
tt1375666,Inception,https://m.media-amazon.com/images/M/MV5BMjAxMzY3NjcxNF5BMl5BanBnXkFtZTcwNTI5OTM0Mw@@._V1_FMjpg_UX1000_.jpg,"A thief who steals corporate secrets through the use of dream-sharing technology is given the inverse task of planting an idea into the mind of a CEO, but his tragic past may doom the project and his team to disaster.","Action Epic, Adventure Epic, Epic, Psychological Thriller, Sci-Fi Epic, Adventure, Sci-Fi, Thriller","Christopher Nolan, ","[{""name"": ""Leonardo DiCaprio"", ""role"": ""Cobb"", ""image_url"": ""https://m.media-amazon.com/images/M/MV5BMjI0MTg3MzI0M15BMl5BanBnXkFtZTcwMzQyODU2Mw@@._V1_QL75_UX140_CR0,2,140,140_.jpg""}, {""name"": ""Joseph Gordon-Levitt"", ""role"": ""Arthur"", ""image_url"": ""https://m.media-amazon.com/images/M/MV5BMTY3NTk0NDI3Ml5BMl5BanBnXkFtZTgwNDA3NjY0MjE@._V1_QL75_UX140_CR0,8,140,140_.jpg""}, {""name"": ""Elliot Page"", ""role"": ""Ariadne"", ""image_url"": ""https://m.media-amazon.com/images/M/MV5BZmM3ZjE2M2QtYzljOC00ZTI4LWFhNTItOWVhNTkzM2JhOTE3XkEyXkFqcGc@._V1_QL75_UX140_CR0,0,140,140_.jpg""}, {""name"": ""Tom Hardy"", ""role"": ""Eames"", ""image_url"": ""https://m.media-amazon.com/images/M/MV5BMTQ3ODEyNjA4Nl5BMl5BanBnXkFtZTgwMTE4ODMyMjE@._V1_QL75_UX140_CR0,12,140,140_.jpg""}, {""name"": ""Ken Watanabe"", ""role"": ""Saito"", ""image_url"": ""https://m.media-amazon.com/images/M/MV5BMTQzMTUzNjc4Nl5BMl5BanBnXkFtZTcwMTUyODU2Mw@@._V1_QL75_UX140_CR0,8,140,140_.jpg""}]",2h 28m
tt0080684,Star Wars: Episode V - The Empire Strikes Back,https://m.media-amazon.com/images/M/MV5BMTkxNGFlNDktZmJkNC00MDdhLTg0MTEtZjZiYWI3MGE5NWIwXkEyXkFqcGc@._V1_FMjpg_UX1000_.jpg,"After the Empire overpowers the Rebel Alliance, Luke Skywalker begins training with Jedi Master Yoda, while Darth Vader and bounty hunter Boba Fett pursue his friends across the galaxy.","Star Wars, Action Epic, Adventure Epic, Epic, Fantasy Epic, Sci-Fi Epic, Space Sci-Fi, Sword & Sorcery, Adventure, Fantasy","Irvin Kershner, ","[{""name"": ""Mark Hamill"", ""role"": ""Luke Skywalker"", ""image_url"": ""https://m.media-amazon.com/images/M/MV5BMjZjY2I2NmYtMTMxMC00OTYwLWI0M2UtZWNkYzMyOGNlNmY4XkEyXkFqcGc@._V1_QL75_UX140_CR0,0,140,140_.jpg""}, {""name"": ""Harrison Ford"", ""role"": ""Han Solo"", ""image_url"": ""https://m.media-amazon.com/images/M/MV5BMTY4Mjg0NjIxOV5BMl5BanBnXkFtZTcwMTM2NTI3MQ@@._V1_QL75_UX140_CR0,11,140,140_.jpg""}, {""name"": ""Carrie Fisher"", ""role"": ""Princess Leia"", ""image_url"": ""https://m.media-amazon.com/images/M/MV5BMjM3MjI4NTI4MV5BMl5BanBnXkFtZTgwNzgyMzQyNDM@._V1_QL75_UY140_CR35,0,140,140_.jpg""}, {""name"": ""Billy Dee Williams"", ""role"": ""Lando Calrissian"", ""image_url"": ""https://m.media-amazon.com/images/M/MV5BNDI4MDQ2NTUzNV5BMl5BanBnXkFtZTYwNjA4NzUz._V1_QL75_UX140_CR0,5,140,140_.jpg""}, {""name"": ""Anthony Daniels"", ""role"": ""C-3PO"", ""image_url"": ""https://m.media-amazon.com/images/M/MV5BMzg3MzU2NTUxMF5BMl5BanBnXkFtZTcwMTE1NjI4NA@@._V1_QL75_UX140_CR0,2,140,140_.jpg""}]",2h 4m
tt0133093,The Matrix,https://m.media-amazon.com/images/M/MV5BN2NmN2VhMTQtMDNiOS00NDlhLTliMjgtODE2ZTY0ODQyNDRhXkEyXkFqcGc@._V1_FMjpg_UX1000_.jpg,A computer hacker discovers that his life is nothing more than an elaborate simulation run by an evil AI.,"The Matrix, Action Epic, Artificial Intelligence, Cyberpunk, Dystopian Sci-Fi, Gun Fu, Martial Arts, Sci-Fi Epic, Action, Sci-Fi","Lana Wachowski, Lilly Wachowski, , ","[{""name"": ""Keanu Reeves"", ""role"": ""Neo"", ""image_url"": ""https://m.media-amazon.com/images/M/MV5BNDEzOTdhNDUtY2EyMy00YTNmLWE5MjItZmRjMmQzYTRlMGRkXkEyXkFqcGc@._V1_QL75_UX140_CR0,12,140,140_.jpg""}, {""name"": ""Laurence Fishburne"", ""role"": ""Morpheus"", ""image_url"": ""https://m.media-amazon.com/images/M/MV5BMTc0NjczNDc1MV5BMl5BanBnXkFtZTYwMDU0Mjg1._V1_QL75_UX140_CR0,12,140,140_.jpg""}, {""name"": ""Carrie-Anne Moss"", ""role"": ""Trinity"", ""image_url"": ""https://m.media-amazon.com/images/M/MV5BMTYxMjgwNzEwOF5BMl5BanBnXkFtZTcwNTQ0NzI5Ng@@._V1_QL75_UX140_CR0,0,140,140_.jpg""}, {""name"": ""Hugo Weaving"", ""role"": ""Agent Smith"", ""image_url"": ""https://m.media-amazon.com/images/M/MV5BMjAxMzAyNDQyMF5BMl5BanBnXkFtZTcwOTM4ODcxMw@@._V1_QL75_UX140_CR0,7,140,140_.jpg""}, {""name"": ""Gloria Foster"", ""role"": ""Oracle"", ""image_url"": ""https://m.media-amazon.com/images/M/MV5BMTQxNjY0NjY5M15BMl5BanBnXkFtZTcwNzU3MjkwOA@@._V1_QL75_UX140_CR0,0,140,140_.jpg""}]",2h 16m
tt0816692,Interstellar,https://m.media-amazon.com/images/M/MV5BYzdjMDAxZGItMjI2My00ODA1LTlkNzItOWFjMDU5ZDJlYWY3XkEyXkFqcGc@._V1_FMjpg_UX1000_.jpg,"In a dystopian future where Earth has become near-uninhabitable, a team of astronauts embark on a mission to find a new home for humanity.","Adventure Epic, Epic, Psychological Drama, Quest, Sci-Fi Epic, Space Sci-Fi, Time Travel, Adventure, Drama, Sci-Fi","Christopher Nolan, ","[{""name"": ""Matthew McConaughey"", ""role"": ""Cooper"", ""image_url"": ""https://m.media-amazon.com/images/M/MV5BMTg0MDc3ODUwOV5BMl5BanBnXkFtZTcwMTk2NjY4Nw@@._V1_QL75_UX140_CR0,21,140,140_.jpg""}, {""name"": ""Anne Hathaway"", ""role"": ""Brand"", ""image_url"": ""https://m.media-amazon.com/images/M/MV5BYWQ5MzViNjUtODdmMi00MjYxLTg0OTItM2NkOTg1YzFjYjMxXkEyXkFqcGc@._V1_CR427,126,1366,2049_QL75_UX140_CR0,12,140,140_.jpg""}, {""name"": ""Jessica Chastain"", ""role"": ""Murph"", ""image_url"": ""https://m.media-amazon.com/images/M/MV5BMTU1MDM5NjczOF5BMl5BanBnXkFtZTcwOTY2MDE4OA@@._V1_QL75_UX140_CR0,11,140,140_.jpg""}, {""name"": ""Ellen Burstyn"", ""role"": ""Murph (older)"", ""image_url"": ""https://m.media-amazon.com/images/M/MV5BMTU4MjYxMDc3MF5BMl5BanBnXkFtZTYwNzU3MDIz._V1_QL75_UX140_CR0,12,140,140_.jpg""}, {""name"": ""Mackenzie Foy"", ""role"": ""Murph (10 Yrs.)"", ""image_url"": ""https://m.media-amazon.com/images/M/MV5BZTczM2FhOTEtOTE4OS00OWM2LTgwMjktNGRlN2NkODI0M2YwXkEyXkFqcGc@._V1_QL75_UX140_CR0,12,140,140_.jpg""}]",2h 49m
tt0099685,GoodFellas,https://m.media-amazon.com/images/M/MV5BN2E5NzI2ZGMtY2VjNi00YTRjLWI1MDUtZGY5OWU1MWJjZjRjXkEyXkFqcGc@._V1_FMjpg_UX1000_.jpg,"The story of Henry Hill and his life in the mafia, covering his relationship with his wife Karen and his mob partners Jimmy Conway and Tommy DeVito.","Docudrama, Gangster, True Crime, Biography, Crime, Drama","Martin Scorsese, ","[{""name"": ""Robert De Niro"", ""role"": ""James Conway"", ""image_url"": ""https://m.media-amazon.com/images/M/MV5BMjAwNDU3MzcyOV5BMl5BanBnXkFtZTcwMjc0MTIxMw@@._V1_QL75_UX140_CR0,0,140,140_.jpg""}, {""name"": ""Ray Liotta"", ""role"": ""Henry Hill"", ""image_url"": ""https://m.media-amazon.com/images/M/MV5BMTU3NzM5MjUwMF5BMl5BanBnXkFtZTYwNDM2NDky._V1_QL75_UX140_CR0,11,140,140_.jpg""}, {""name"": ""Joe Pesci"", ""role"": ""Tommy DeVito"", ""image_url"": ""https://m.media-amazon.com/images/M/MV5BMzc3MTcxNDYxNV5BMl5BanBnXkFtZTcwOTI3NjE1Mw@@._V1_QL75_UX140_CR0,13,140,140_.jpg""}, {""name"": ""Lorraine Bracco"", ""role"": ""Karen Hill"", ""image_url"": ""https://m.media-amazon.com/images/M/MV5BNTE1YzYzZGUtMTAwZC00MmI2LWFjMDYtMzljODIzZmI3NzhlXkEyXkFqcGc@._V1_QL75_UX140_CR0,0,140,140_.jpg""}, {""name"": ""Paul Sorvino"", ""role"": ""Paul Cicero"", ""image_url"": ""https://m.media-amazon.com/images/M/MV5BMTUyNjkyMjk1OV5BMl5BanBnXkFtZTYwNjE1NjQ1._V1_QL75_UX140_CR0,15,140,140_.jpg""}]",2h 25m
tt0073486,One Flew Over the Cuckoo's Nest,https://m.media-amazon.com/images/M/MV5BYjBkMjgzMzYtNzRiMS00NDc3LWE4YTUtZjYxYjZhNjNhYzhhXkEyXkFqcGc@._V1_FMjpg_UX1000_.jpg,"A rebellious convict is sent to a psychiatric hospital for evaluation in 1963 Oregon, and encourages his docile companions to take more control of their lives and defy the tyrannical head nurse.","Dark Comedy, Medical Drama, Psychological Drama, Drama","Miloš Forman, ","[{""name"": ""Jack Nicholson"", ""role"": ""R.P. McMurphy"", ""image_url"": ""https://m.media-amazon.com/images/M/MV5BMTQ3OTY0ODk0M15BMl5BanBnXkFtZTYwNzE4Njc4._V1_QL75_UX140_CR0,4,140,140_.jpg""}, {""name"": ""Louise Fletcher"", ""role"": ""Nurse Ratched"", ""image_url"": ""https://m.media-amazon.com/images/M/MV5BMTIzOTcwNzYzMl5BMl5BanBnXkFtZTYwMjQ3MTI0._V1_QL75_UX140_CR0,4,140,140_.jpg""}, {""name"": ""Michael Berryman"", ""role"": ""Ellis"", ""image_url"": ""https://m.media-amazon.com/images/M/MV5BMTc0OTA0MTAwM15BMl5BanBnXkFtZTcwOTQ3MDQ4NA@@._V1_QL75_UY140_CR55,0,140,140_.jpg""}, {""name"": ""Peter Brocco"", ""role"": ""Col. Matterson"", ""image_url"": ""https://m.media-amazon.com/images/M/MV5BMzJhYTIxMDgtMTk5NS00ZDA1LTk4NzMtNDQ0MmNhYTk0NDdkXkEyXkFqcGc@._V1_QL75_UX140_CR0,8,140,140_.jpg""}, {""name"": ""Dean R. Brooks"", ""role"": ""Dr. Spivey"", ""image_url"": null}]",2h 13m
tt0114369,Seven,https://m.media-amazon.com/images/M/MV5BY2IzNzMxZjctZjUxZi00YzAxLTk3ZjMtODFjODdhMDU5NDM1XkEyXkFqcGc@._V1_FMjpg_UX1000_.jpg,Two detectives try to track down a serial killer who chooses his victims based on the Seven Deadly Sins.,"Cop Drama, Hard-boiled Detective, Police Procedural, Psychological Drama, Psychological Thriller, Serial Killer","David Fincher, ","[{""name"": ""Morgan Freeman"", ""role"": ""Somerset"", ""image_url"": ""https://m.media-amazon.com/images/M/MV5BNzExODU5YjktYmJlZC00YzllLWE0MWEtZTBlYmZkMGM0MTExXkEyXkFqcGc@._V1_QL75_UX140_CR0,12,140,140_.jpg""}, {""name"": ""Brad Pitt"", ""role"": ""Mills"", ""image_url"": ""https://m.media-amazon.com/images/M/MV5BMjA1MjE2MTQ2MV5BMl5BanBnXkFtZTcwMjE5MDY0Nw@@._V1_QL75_UX140_CR0,12,140,140_.jpg""}, {""name"": ""Kevin Spacey"", ""role"": ""John Doe"", ""image_url"": ""https://m.media-amazon.com/images/M/MV5BMTY1NzMyODc3Nl5BMl5BanBnXkFtZTgwNzE2MzA1NDM@._V1_QL75_UY140_CR16,0,140,140_.jpg""}, {""name"": ""Andrew Kevin Walker"", ""role"": ""Dead Man at 1st Crime Scene"", ""image_url"": ""https://m.media-amazon.com/images/M/MV5BYTYzNDBlZDYtZWU2NS00OTAzLWIxZTQtYWQyZjlmMjE2OWM5XkEyXkFqcGc@._V1_QL75_UX140_CR0,0,140,140_.jpg""}, {""name"": ""Daniel Zacapa"", ""role"": ""Detective Taylor at First Murder"", ""image_url"": ""https://m.media-amazon.com/images/M/MV5BMjM1OTc0MjY1NV5BMl5BanBnXkFtZTgwNDAxNjYxMDI@._V1_QL75_UX140_CR0,12,140,140_.jpg""}]",2h 7m
tt0038650,It's a Wonderful Life,https://m.media-amazon.com/images/M/MV5BMDM4OWFhYjEtNTE5Yy00NjcyLTg5N2UtZDQwNDZlYjlmNDU5XkEyXkFqcGc@._V1_FMjpg_UX1000_.jpg,An angel is sent from Heaven to help a desperately frustrated businessman see the value of his own life.,"Feel-Good Romance, Holiday Family, Holiday Romance, Psychological Drama, Supernatural Fantasy, Drama, Family, Fantasy, Holiday, Romance","Frank Capra, ","[{""name"": ""James Stewart"", ""role"": ""George Bailey"", ""image_url"": ""https://m.media-amazon.com/images/M/MV5BMjIwNzMzODY0NV5BMl5BanBnXkFtZTcwMDk3NDQyOA@@._V1_QL75_UX140_CR0,0,140,140_.jpg""}, {""name"": ""Donna Reed"", ""role"": ""Mary Hatch"", ""image_url"": ""https://m.media-amazon.com/images/M/MV5BMmE5MTNiYTktZWZhMy00MWNmLTlkYTQtNGI5ODRkNzk4ZGQxXkEyXkFqcGc@._V1_QL75_UX140_CR0,0,140,140_.jpg""}, {""name"": ""Lionel Barrymore"", ""role"": ""Mr. Potter"", ""image_url"": ""https://m.media-amazon.com/images/M/MV5BNzg0NmNlZGItYjQ0ZC00YjEyLThiZGQtNTFhM2MyMmMwODE1XkEyXkFqcGc@._V1_QL75_UX140_CR0,1,140,140_.jpg""}, {""name"": ""Thomas Mitchell"", ""role"": ""Uncle Billy"", ""image_url"": ""https://m.media-amazon.com/images/M/MV5BOTcwNjAwMDI2M15BMl5BanBnXkFtZTcwNDMyNTUwOA@@._V1_QL75_UX140_CR0,6,140,140_.jpg""}, {""name"": ""Henry Travers"", ""role"": ""Clarence"", ""image_url"": ""https://m.media-amazon.com/images/M/MV5BMTAxOTA4ODA1MTdeQTJeQWpwZ15BbWU3MDY1MTAwMjg@._V1_QL75_UX140_CR0,3,140,140_.jpg""}]",2h 10m
tt0102926,The Silence of the Lambs,https://m.media-amazon.com/images/M/MV5BNDdhOGJhYzctYzYwZC00YmI2LWI0MjctYjg4ODdlMDExYjBlXkEyXkFqcGc@._V1_FMjpg_UX1000_.jpg,A young FBI cadet is aided by a manipulative cannibal killer in her pursuit of a madman who skins his victims.,"Police Procedural, Psychological Drama, Psychological Horror, Psychological Thriller, Serial Killer, Crime, Drama, Horror, Thriller","Jonathan Demme, ","[{""name"": ""Jodie Foster"", ""role"": ""Clarice Starling"", ""image_url"": ""https://m.media-amazon.com/images/M/MV5BMTM3MjgyOTQwNF5BMl5BanBnXkFtZTcwMDczMzEwNA@@._V1_QL75_UX140_CR0,9,140,140_.jpg""}, {""name"": ""Anthony Hopkins"", ""role"": ""Dr. Hannibal Lecter"", ""image_url"": ""https://m.media-amazon.com/images/M/MV5BMTg5ODk1NTc5Ml5BMl5BanBnXkFtZTYwMjAwOTI4._V1_QL75_UX140_CR0,5,140,140_.jpg""}, {""name"": ""Scott Glenn"", ""role"": ""Jack Crawford"", ""image_url"": ""https://m.media-amazon.com/images/M/MV5BMTU3NzAwMzE1OF5BMl5BanBnXkFtZTYwMjkzOTY0._V1_QL75_UX140_CR0,0,140,140_.jpg""}, {""name"": ""Ted Levine"", ""role"": ""Jame Gumb"", ""image_url"": ""https://m.media-amazon.com/images/M/MV5BZmYyNjJkNDMtNDY1ZS00NDJjLWIxMzktMjYzMzA0MGUxMDY5XkEyXkFqcGc@._V1_CR129,1,2058,3087_QL75_UX140_CR0,12,140,140_.jpg""}, {""name"": ""Anthony Heald"", ""role"": ""Dr. Frederick Chilton"", ""image_url"": ""https://m.media-amazon.com/images/M/MV5BMTEyMTQxMjcxMjdeQTJeQWpwZ15BbWU3MDk0NTY0MDg@._V1_QL75_UX140_CR0,14,140,140_.jpg""}]",1h 58m
tt0120815,Saving Private Ryan,https://m.media-amazon.com/images/M/MV5BZGZhZGQ1ZWUtZTZjYS00MDJhLWFkYjctN2ZlYjE5NWYwZDM2XkEyXkFqcGc@._V1_FMjpg_UX1000_.jpg,"Following the Normandy Landings, a group of U.S. soldiers go behind enemy lines to retrieve a paratrooper whose brothers have been killed in action.","Action Epic, Epic, Period Drama, Tragedy, War Epic, Drama, War","Steven Spielberg, ","[{""name"": ""Tom Hanks"", ""role"": ""Captain Miller"", ""image_url"": ""https://m.media-amazon.com/images/M/MV5BMTQ2MjMwNDA3Nl5BMl5BanBnXkFtZTcwMTA2NDY3NQ@@._V1_QL75_UX140_CR0,8,140,140_.jpg""}, {""name"": ""Matt Damon"", ""role"": ""Private Ryan"", ""image_url"": ""https://m.media-amazon.com/images/M/MV5BMTM0NzYzNDgxMl5BMl5BanBnXkFtZTcwMDg2MTMyMw@@._V1_QL75_UX140_CR0,1,140,140_.jpg""}, {""name"": ""Tom Sizemore"", ""role"": ""Sergeant Horvath"", ""image_url"": ""https://m.media-amazon.com/images/M/MV5BNjA3NjA0MzIwOV5BMl5BanBnXkFtZTYwNzk5NDE1._V1_QL75_UX140_CR0,10,140,140_.jpg""}, {""name"": ""Edward Burns"", ""role"": ""Private Reiben"", ""image_url"": ""https://m.media-amazon.com/images/M/MV5BMTY1MTU0NjIyMl5BMl5BanBnXkFtZTcwODc3OTc1MQ@@._V1_QL75_UX140_CR0,13,140,140_.jpg""}, {""name"": ""Barry Pepper"", ""role"": ""Private Jackson"", ""image_url"": ""https://m.media-amazon.com/images/M/MV5BZDlmYjYxNTItMjhiMC00NTFiLWEwNDUtZjhkNjFhYzg0ZjVhXkEyXkFqcGc@._V1_QL75_UX140_CR0,1,140,140_.jpg""}]",2h 49m
tt0047478,Seven Samurai,https://m.media-amazon.com/images/M/MV5BZjliMWExOTMtZDQ3ZS00NWU3LWIyN2EtMjllNzk3ZTNlYzg4XkEyXkFqcGc@._V1_FMjpg_UX1000_.jpg,"Farmers from a village exploited by bandits hire a veteran samurai for protection, and he gathers six other samurai to join him.","Japanese, Action Epic, Epic, Period Drama, Samurai, Action, Drama","Akira Kurosawa, ","[{""name"": ""Toshir\u014d Mifune"", ""role"": ""Kikuchiyo"", ""image_url"": ""https://m.media-amazon.com/images/M/MV5BMTM3NzE2MzEyNF5BMl5BanBnXkFtZTcwNzA5MTU4Mw@@._V1_QL75_UY140_CR30,0,140,140_.jpg""}, {""name"": ""Takashi Shimura"", ""role"": ""Kambei Shimada"", ""image_url"": ""https://m.media-amazon.com/images/M/MV5BMTUyNjY0ODYyMV5BMl5BanBnXkFtZTcwMDg0MTc4Ng@@._V1_QL75_UY140_CR24,0,140,140_.jpg""}, {""name"": ""Keiko Tsushima"", ""role"": ""Shino"", ""image_url"": ""https://m.media-amazon.com/images/M/MV5BZGYxNzc5NmUtNjA5Ny00YmZkLTkyNTctMTRhZjEzOGIwZGE4XkEyXkFqcGc@._V1_QL75_UY140_CR26,0,140,140_.jpg""}, {""name"": ""Yukiko Shimazaki"", ""role"": ""Wife"", ""image_url"": ""https://m.media-amazon.com/images/M/MV5BNTFjMDY1MGItZTllMC00MzkyLWJhZTYtMzk3MzAwYTkwZTM0XkEyXkFqcGc@._V1_QL75_UY140_CR23,0,140,140_.jpg""}, {""name"": ""Kamatari Fujiwara"", ""role"": ""Farmer Manzo"", ""image_url"": ""https://m.media-amazon.com/images/M/MV5BNDYwN2FjMjYtMjMyNy00ZjhiLWI0NGYtYzEwMjA4YTczYTMyXkEyXkFqcGc@._V1_QL75_UY140_CR24,0,140,140_.jpg""}]",3h 27m
tt0120689,The Green Mile,https://m.media-amazon.com/images/M/MV5BMTUxMzQyNjA5MF5BMl5BanBnXkFtZTYwOTU2NTY3._V1_FMjpg_UX1000_.jpg,A death row guard learns that a gentle giant in his charge possesses a mysterious gift.,"Period Drama, Prison Drama, Psychological Drama, Supernatural Fantasy, Tragedy, Crime, Drama, Fantasy, Mystery","Frank Darabont, ","[{""name"": ""Tom Hanks"", ""role"": ""Paul Edgecomb"", ""image_url"": ""https://m.media-amazon.com/images/M/MV5BMTQ2MjMwNDA3Nl5BMl5BanBnXkFtZTcwMTA2NDY3NQ@@._V1_QL75_UX140_CR0,8,140,140_.jpg""}, {""name"": ""Michael Clarke Duncan"", ""role"": ""John Coffey"", ""image_url"": ""https://m.media-amazon.com/images/M/MV5BMTI3NDY2ODk5OV5BMl5BanBnXkFtZTYwMjQ0NzE0._V1_QL75_UX140_CR0,0,140,140_.jpg""}, {""name"": ""David Morse"", ""role"": ""Brutus 'Brutal' Howell"", ""image_url"": ""https://m.media-amazon.com/images/M/MV5BMTgwNjUzOTE1N15BMl5BanBnXkFtZTYwNTU4NDQ0._V1_QL75_UX140_CR0,10,140,140_.jpg""}, {""name"": ""Bonnie Hunt"", ""role"": ""Jan Edgecomb"", ""image_url"": ""https://m.media-amazon.com/images/M/MV5BY2Q4ZDFkZjUtNzBlZC00ODgzLTkzMDUtNzQyNzQ0NDBkYTg4XkEyXkFqcGc@._V1_QL75_UX140_CR0,12,140,140_.jpg""}, {""name"": ""James Cromwell"", ""role"": ""Warden Hal Moores"", ""image_url"": ""https://m.media-amazon.com/images/M/MV5BNzU1NTEzMzMxM15BMl5BanBnXkFtZTgwMzY0MjAzMTE@._V1_QL75_UX140_CR0,12,140,140_.jpg""}]",3h 9m
tt0317248,City of God,https://m.media-amazon.com/images/M/MV5BYjY4NGI5OTUtY2ZlZS00Zjk4LTk5N2MtN2JmYWVjNGNmMGRlXkEyXkFqcGc@._V1_FMjpg_UX1000_.jpg,"In the slums of Rio, two kids' paths diverge as one struggles to become a photographer and the other a kingpin.","Portuguese, Caper, Coming-of-Age, Epic, Gangster, Political Drama, Psychological Drama, Crime, Drama","Kátia Lund, Fernando Meirelles, , ","[{""name"": ""Alexandre Rodrigues"", ""role"": ""Buscap\u00e9"", ""image_url"": ""https://m.media-amazon.com/images/M/MV5BMTc5MzkzNzk5MV5BMl5BanBnXkFtZTcwMjc4MTE5Ng@@._V1_QL75_UY140_CR55,0,140,140_.jpg""}, {""name"": ""Leandro Firmino"", ""role"": ""Z\u00e9 Pequeno"", ""image_url"": ""https://m.media-amazon.com/images/M/MV5BMTQ5MjM3ODIyM15BMl5BanBnXkFtZTcwNTMzNDY3Mw@@._V1_QL75_UY140_CR67,0,140,140_.jpg""}, {""name"": ""Matheus Nachtergaele"", ""role"": ""Sandro Cenoura"", ""image_url"": ""https://m.media-amazon.com/images/M/MV5BMjM1ODg2NzAzOF5BMl5BanBnXkFtZTgwNzI1NjgxOTE@._V1_QL75_UY140_CR55,0,140,140_.jpg""}, {""name"": ""Phellipe Haagensen"", ""role"": ""Ben\u00e9"", ""image_url"": null}, {""name"": ""Douglas Silva"", ""role"": ""Dadinho"", ""image_url"": ""https://m.media-amazon.com/images/M/MV5BMTUwNjQxNDg5MV5BMl5BanBnXkFtZTcwNDc4MTE5Ng@@._V1_QL75_UY140_CR55,0,140,140_.jpg""}]",2h 10m
tt0118799,Life Is Beautiful,https://m.media-amazon.com/images/M/MV5BZTBhOGYzZjQtYzE0Mi00MGIwLWE0MWYtNzMxNTM2OTFkM2NjXkEyXkFqcGc@._V1_FMjpg_UX1000_.jpg,"When an open-minded Jewish waiter and his son become victims of the Holocaust, he uses a perfect mixture of will, humor and imagination to protect his son from the dangers around their camp.","Italian, Period Drama, Psychological Drama, Tragedy, Tragic Romance, Comedy, Drama, Romance, War","Roberto Benigni, ","[{""name"": ""Roberto Benigni"", ""role"": ""Guido"", ""image_url"": ""https://m.media-amazon.com/images/M/MV5BMTUwMzI1Nzg5NF5BMl5BanBnXkFtZTYwODU5NjYz._V1_QL75_UX140_CR0,0,140,140_.jpg""}, {""name"": ""Nicoletta Braschi"", ""role"": ""Dora"", ""image_url"": ""https://m.media-amazon.com/images/M/MV5BMTcyMjUxNzMzOF5BMl5BanBnXkFtZTYwMzM1NDM3._V1_QL75_UY140_CR24,0,140,140_.jpg""}, {""name"": ""Giorgio Cantarini"", ""role"": ""Giosu\u00e9"", ""image_url"": ""https://m.media-amazon.com/images/M/MV5BMGViNjlmMzYtZDQwZC00NzkyLWI4YjItMGVlYmY4MGE5M2Y2XkEyXkFqcGc@._V1_QL75_UX140_CR0,12,140,140_.jpg""}, {""name"": ""Giustino Durano"", ""role"": ""Zio"", ""image_url"": null}, {""name"": ""Sergio Bini Bustric"", ""role"": ""Ferruccio"", ""image_url"": null}]",1h 56m
tt0103064,Terminator 2: Judgment Day,https://m.media-amazon.com/images/M/MV5BNGMyMGNkMDUtMjc2Ni00NWFlLTgyODEtZTY2MzBiZTg0OWZiXkEyXkFqcGc@._V1_FMjpg_UX1000_.jpg,"A cyborg from the future, identical to the one who failed to kill Sarah Connor, must now protect her ten-year-old son John from an even more advanced and powerful cyborg.","Terminator, Action Epic, Artificial Intelligence, Dark Comedy, Dystopian Sci-Fi, One-Person Army Action, Sci-Fi Epic, Time Travel, Action, Adventure","James Cameron, ","[{""name"": ""Arnold Schwarzenegger"", ""role"": ""The Terminator"", ""image_url"": ""https://m.media-amazon.com/images/M/MV5BMTI3MDc4NzUyMV5BMl5BanBnXkFtZTcwMTQyMTc5MQ@@._V1_QL75_UX140_CR0,0,140,140_.jpg""}, {""name"": ""Linda Hamilton"", ""role"": ""Sarah Connor"", ""image_url"": ""https://m.media-amazon.com/images/M/MV5BZTI1MmRmYmMtYTZiMy00NGFkLThkMGEtNjgyYjFhMzE2NjUzXkEyXkFqcGc@._V1_QL75_UX140_CR0,0,140,140_.jpg""}, {""name"": ""Edward Furlong"", ""role"": ""John Connor"", ""image_url"": ""https://m.media-amazon.com/images/M/MV5BMTI1MzgxODkyMl5BMl5BanBnXkFtZTcwNTc1NDIzMQ@@._V1_QL75_UX140_CR0,5,140,140_.jpg""}, {""name"": ""Robert Patrick"", ""role"": ""T-1000"", ""image_url"": ""https://m.media-amazon.com/images/M/MV5BNzAwNGRlMzYtMWIxNS00ZDJkLWEzZDEtOGJkN2M1NGM4MmVhXkEyXkFqcGc@._V1_QL75_UX140_CR0,59,140,140_.jpg""}, {""name"": ""Earl Boen"", ""role"": ""Dr. Silberman"", ""image_url"": ""https://m.media-amazon.com/images/M/MV5BMTczMTE4MTQzOV5BMl5BanBnXkFtZTcwMTUyODUxOA@@._V1_QL75_UX140_CR0,13,140,140_.jpg""}]",2h 17m
tt0088763,Back to the Future,https://m.media-amazon.com/images/M/MV5BZmM3ZjE0NzctNjBiOC00MDZmLTgzMTUtNGVlOWFlOTNiZDJiXkEyXkFqcGc@._V1_FMjpg_UX1000_.jpg,"Marty McFly, a 17-year-old high school student, is accidentally sent 30 years into the past in a time-traveling DeLorean invented by his close friend, the maverick scientist Doc Brown.","High-Concept Comedy, Teen Adventure, Teen Comedy, Time Travel, Urban Adventure, Adventure, Comedy, Sci-Fi","Robert Zemeckis, ","[{""name"": ""Michael J. Fox"", ""role"": ""Marty McFly"", ""image_url"": ""https://m.media-amazon.com/images/M/MV5BMTcwNzM0MjE4NF5BMl5BanBnXkFtZTcwMDkxMzEwMw@@._V1_QL75_UX140_CR0,10,140,140_.jpg""}, {""name"": ""Christopher Lloyd"", ""role"": ""Dr. Emmett Brown"", ""image_url"": ""https://m.media-amazon.com/images/M/MV5BZDM3MjdhZjktMGEyMi00NDRmLThhNjUtNGU3MGE1ZDk3MmI0XkEyXkFqcGc@._V1_QL75_UY140_CR35,0,140,140_.jpg""}, {""name"": ""Lea Thompson"", ""role"": ""Lorraine Baines"", ""image_url"": ""https://m.media-amazon.com/images/M/MV5BNTgwNDE2MTY2MV5BMl5BanBnXkFtZTgwMzQxMDc2MjI@._V1_QL75_UX140_CR0,6,140,140_.jpg""}, {""name"": ""Crispin Glover"", ""role"": ""George McFly"", ""image_url"": ""https://m.media-amazon.com/images/M/MV5BM2VmMDVkODktMWM5Zi00YTI5LTk0ZDAtY2RhMmEyZmRiMGY2XkEyXkFqcGc@._V1_CR66,13,267,400_QL75_UX140_CR0,12,140,140_.jpg""}, {""name"": ""Tom Wilson"", ""role"": ""Biff Tannen"", ""image_url"": ""https://m.media-amazon.com/images/M/MV5BMTM3MzM4ODM4M15BMl5BanBnXkFtZTYwMDU1Mzky._V1_QL75_UX140_CR0,0,140,140_.jpg""}]",1h 56m
tt0076759,Star Wars: Episode IV - A New Hope,https://m.media-amazon.com/images/M/MV5BOGUwMDk0Y2MtNjBlNi00NmRiLTk2MWYtMGMyMDlhYmI4ZDBjXkEyXkFqcGc@._V1_FMjpg_UX1000_.jpg,"A farmboy joins forces with various allies to save their galaxy from the evil Empire's planet-destroying battle station, while also rescuing the princess leading the rebellion against them.","Dark Comedy, Psychological Horror, Psychological Thriller, Slasher Horror, Suspense Mystery, Drama, Horror, Mystery, Thriller","George Lucas, ","[{""name"": ""Mark Hamill"", ""role"": ""Luke Skywalker"", ""image_url"": ""https://m.media-amazon.com/images/M/MV5BMjZjY2I2NmYtMTMxMC00OTYwLWI0M2UtZWNkYzMyOGNlNmY4XkEyXkFqcGc@._V1_QL75_UX140_CR0,0,140,140_.jpg""}, {""name"": ""Harrison Ford"", ""role"": ""Han Solo"", ""image_url"": ""https://m.media-amazon.com/images/M/MV5BMTY4Mjg0NjIxOV5BMl5BanBnXkFtZTcwMTM2NTI3MQ@@._V1_QL75_UX140_CR0,11,140,140_.jpg""}, {""name"": ""Carrie Fisher"", ""role"": ""Princess Leia Organa"", ""image_url"": ""https://m.media-amazon.com/images/M/MV5BMjM3MjI4NTI4MV5BMl5BanBnXkFtZTgwNzgyMzQyNDM@._V1_QL75_UY140_CR35,0,140,140_.jpg""}, {""name"": ""Peter Cushing"", ""role"": ""Grand Moff Tarkin"", ""image_url"": ""https://m.media-amazon.com/images/M/MV5BNzQ1NWViYTItY2Q1NC00MzU5LWJkMWYtYzBjMWQyOTQ4ODQyXkEyXkFqcGc@._V1_QL75_UX140_CR0,0,140,140_.jpg""}, {""name"": ""Alec Guinness"", ""role"": ""Ben Obi-Wan Kenobi"", ""image_url"": ""https://m.media-amazon.com/images/M/MV5BMTUyMjgzMjczOF5BMl5BanBnXkFtZTgwNzcyMzQyNDM@._V1_QL75_UX140_CR0,15,140,140_.jpg""}]",2h 1m
tt0245429,Spirited Away,https://m.media-amazon.com/images/M/MV5BNTEyNmEwOWUtYzkyOC00ZTQ4LTllZmUtMjk0Y2YwOGUzYjRiXkEyXkFqcGc@._V1_FMjpg_UX1000_.jpg,"During her family's move to the suburbs, a sullen 10-year-old girl wanders into a world ruled by gods, witches and spirits, and where humans are changed into beasts.","Japanese, Anime, Coming-of-Age, Fairy Tale, Hand-Drawn Animation, Isekai, Supernatural Fantasy, Adventure, Animation, Family","Hayao Miyazaki, ","[{""name"": ""Miyu Irino"", ""role"": ""Haku"", ""image_url"": ""https://m.media-amazon.com/images/M/MV5BOTVmNDU2MjYtMjhmNS00NjQ0LWJkZGItZjdlYjZlN2YzYWRhXkEyXkFqcGc@._V1_QL75_UX140_CR0,0,140,140_.jpg""}, {""name"": ""Rumi Hiiragi"", ""role"": ""Chihiro"", ""image_url"": ""https://m.media-amazon.com/images/M/MV5BOTE2ZTYxNjgtNGM0MC00ZmUxLTkwOGMtNTY4ZTFjNTg3MWE5XkEyXkFqcGc@._V1_QL75_UX140_CR0,3,140,140_.jpg""}, {""name"": ""Mari Natsuki"", ""role"": ""Yubaba"", ""image_url"": null}, {""name"": ""Takashi Nait\u00f4"", ""role"": ""Father"", ""image_url"": null}, {""name"": ""Yasuko Sawaguchi"", ""role"": ""Mother"", ""image_url"": null}]",2h 4m
tt6019206,Kill Bill: The Whole Bloody Affair,https://m.media-amazon.com/images/M/MV5BZDc2YzhkODAtZmRmZS00YzcxLWJkYWEtM2ZhZjY3MmMyZmJiXkEyXkFqcGc@._V1_FMjpg_UX1000_.jpg,"A female assassin seeks revenge on her former lover and squad members, all of whom left her for dead.","Action Epic, Kung Fu, Martial Arts, One-Person Army Action, Action, Crime, Thriller","Quentin Tarantino, ","[{""name"": ""Vivica A. Fox"", ""role"": ""Vernita Green AKA Copperhead"", ""image_url"": ""https://m.media-amazon.com/images/M/MV5BODAwZDg3OTktNDkzNS00NjkzLWI5NGQtMzZkZGQ0Mjc5YzY0XkEyXkFqcGc@._V1_QL75_UX140_CR0,0,140,140_.jpg""}, {""name"": ""Ambrosia Kelley"", ""role"": ""Nikki"", ""image_url"": ""https://m.media-amazon.com/images/M/MV5BMTY3MTcwNDk0M15BMl5BanBnXkFtZTYwMDExMTAz._V1_QL75_UX140_CR0,13,140,140_.jpg""}, {""name"": ""Michael Parks"", ""role"": ""Earl McGraw"", ""image_url"": ""https://m.media-amazon.com/images/M/MV5BZTJmMjJlYTQtOGFlNy00N2QzLTg4NTctOGY1ODYzNTVkNjZmXkEyXkFqcGc@._V1_QL75_UX140_CR0,18,140,140_.jpg""}, {""name"": ""James Parks"", ""role"": ""Edgar McGraw"", ""image_url"": ""https://m.media-amazon.com/images/M/MV5BMTgxNDEwMTk1MF5BMl5BanBnXkFtZTgwMTkzNjM5MTI@._V1_QL75_UX140_CR0,0,140,140_.jpg""}, {""name"": ""Jonathan Loughran"", ""role"": ""Trucker"", ""image_url"": ""https://m.media-amazon.com/images/M/MV5BODJiZWQxYjMtNDk5NC00ZDRiLTg2OWMtNGM5OGEwNjU3OGFmXkEyXkFqcGc@._V1_QL75_UX140_CR0,29,140,140_.jpg""}]",4h 13m
tt0172495,Gladiator,https://m.media-amazon.com/images/M/MV5BYWQ4YmNjYjEtOWE1Zi00Y2U4LWI4NTAtMTU0MjkxNWQ1ZmJiXkEyXkFqcGc@._V1_FMjpg_UX1000_.jpg,A former Roman General sets out to exact vengeance against the corrupt emperor who murdered his family and sent him into slavery.,"Action Epic, Costume Drama, Epic, Period Drama, Sword & Sandal, Action, Adventure, Drama","Ridley Scott, ","[{""name"": ""Russell Crowe"", ""role"": ""Maximus"", ""image_url"": ""https://m.media-amazon.com/images/M/MV5BMTQyMTExNTMxOF5BMl5BanBnXkFtZTcwNDg1NzkzNw@@._V1_QL75_UX140_CR0,12,140,140_.jpg""}, {""name"": ""Joaquin Phoenix"", ""role"": ""Commodus"", ""image_url"": ""https://m.media-amazon.com/images/M/MV5BYjFjNGYzYjEtNGE0Ny00M2IyLTk5ZmYtODE3ZGFkMzVjYmNmXkEyXkFqcGc@._V1_QL75_UX140_CR0,12,140,140_.jpg""}, {""name"": ""Connie Nielsen"", ""role"": ""Lucilla"", ""image_url"": ""https://m.media-amazon.com/images/M/MV5BNzc2NDViYTctNmNhYy00ZTU0LTk5ODMtMzIxYjBlZTQ1MmFlXkEyXkFqcGc@._V1_QL75_UX140_CR0,1,140,140_.jpg""}, {""name"": ""Oliver Reed"", ""role"": ""Proximo"", ""image_url"": ""https://m.media-amazon.com/images/M/MV5BMTM3NDg5MDg1MF5BMl5BanBnXkFtZTcwNzEwODkyOA@@._V1_QL75_UX140_CR0,2,140,140_.jpg""}, {""name"": ""Richard Harris"", ""role"": ""Marcus Aurelius"", ""image_url"": ""https://m.media-amazon.com/images/M/MV5BOGViY2QzMjAtZmZmYi00MmJhLWJiZjYtM2YxMjZkZjEzMzNjXkEyXkFqcGc@._V1_QL75_UX140_CR0,3,140,140_.jpg""}]",2h 35m
tt0253474,The Pianist,https://m.media-amazon.com/images/M/MV5BMjEwNmEwYjgtNTk3ZC00NjljLTg5ZDctZTY3ZGQwZjRkZmQxXkEyXkFqcGc@._V1_FMjpg_UX1000_.jpg,"During WWII, acclaimed Polish musician Wladyslaw faces various struggles as he loses contact with his family. As the situation worsens, he hides in the ruins of Warsaw in order to survive.","Docudrama, Epic, Period Drama, Psychological Drama, Tragedy, War Epic, Biography, Drama, Music, War","Roman Polanski, ","[{""name"": ""Adrien Brody"", ""role"": ""Wladyslaw Szpilman"", ""image_url"": ""https://m.media-amazon.com/images/M/MV5BMjI3ODkxMjU3OF5BMl5BanBnXkFtZTgwMTk2Njk3MTE@._V1_QL75_UX140_CR0,12,140,140_.jpg""}, {""name"": ""Thomas Kretschmann"", ""role"": ""Captain Wilm Hosenfeld"", ""image_url"": ""https://m.media-amazon.com/images/M/MV5BMTY1Njc5MzE1OF5BMl5BanBnXkFtZTcwMTc1NDM4Nw@@._V1_QL75_UX140_CR0,7,140,140_.jpg""}, {""name"": ""Frank Finlay"", ""role"": ""Father"", ""image_url"": ""https://m.media-amazon.com/images/M/MV5BMTM1MTc1MzExOV5BMl5BanBnXkFtZTcwNDI5MDkwOA@@._V1_QL75_UX140_CR0,23,140,140_.jpg""}, {""name"": ""Emilia Fox"", ""role"": ""Dorota"", ""image_url"": ""https://m.media-amazon.com/images/M/MV5BMzMyMjcyNzA2Ml5BMl5BanBnXkFtZTcwNTM0MTA0MQ@@._V1_QL75_UX140_CR0,0,140,140_.jpg""}, {""name"": ""Michal Zebrowski"", ""role"": ""Jurek"", ""image_url"": ""https://m.media-amazon.com/images/M/MV5BNTI1YjJiOWMtNjc3MC00ZWU1LWE5YjktYzE2NmU4ZGM4MmQ3XkEyXkFqcGc@._V1_QL75_UY140_CR1,0,140,140_.jpg""}]",2h 30m
tt6751668,Parasite,https://m.media-amazon.com/images/M/MV5BYjk1Y2U4MjQtY2ZiNS00OWQyLWI3MmYtZWUwNmRjYWRiNWNhXkEyXkFqcGc@._V1_FMjpg_UX1000_.jpg,Greed and class discrimination threaten the newly formed symbiotic relationship between the wealthy Park family and the destitute Kim clan.,"Korean, Dark Comedy, Korean Drama, Psychological Drama, Psychological Thriller, Drama, Thriller","Bong Joon Ho, ","[{""name"": ""Song Kang-ho"", ""role"": ""Ki Taek"", ""image_url"": ""https://m.media-amazon.com/images/M/MV5BYmI2OTQwMmItMDI5OS00OGQxLWIyZGUtNThlNjRjODkwMTI1XkEyXkFqcGc@._V1_QL75_UX140_CR0,12,140,140_.jpg""}, {""name"": ""Lee Sun-kyun"", ""role"": ""Dong-ik"", ""image_url"": ""https://m.media-amazon.com/images/M/MV5BNGQxYmRlZjctMWFjYi00MDA5LWE1ZjAtNjlmY2ZjY2U4YzE4XkEyXkFqcGc@._V1_QL75_UX140_CR0,12,140,140_.jpg""}, {""name"": ""Cho Yeo-jeong"", ""role"": ""Yeon Kyo"", ""image_url"": ""https://m.media-amazon.com/images/M/MV5BZDdlNGIyZTktNTFmYS00ODgwLWEwM2UtZTM3ODJjMjQ0N2ZlXkEyXkFqcGc@._V1_QL75_UX140_CR0,0,140,140_.jpg""}, {""name"": ""Choi Woo-sik"", ""role"": ""Ki Woo"", ""image_url"": ""https://m.media-amazon.com/images/M/MV5BOGJhMDkyNjctMGM3MS00MDIzLWIxNTQtODIzYzI0MTQxZTljXkEyXkFqcGc@._V1_QL75_UX140_CR0,12,140,140_.jpg""}, {""name"": ""Park So-dam"", ""role"": ""Gi-jeong"", ""image_url"": ""https://m.media-amazon.com/images/M/MV5BNzE2ZTM1ZGUtOWM5ZC00ZDU5LWExOTUtM2E5ZGVjNDI4OWQ2XkEyXkFqcGc@._V1_QL75_UX140_CR0,12,140,140_.jpg""}]",2h 12m
tt0095327,Grave of the Fireflies,https://m.media-amazon.com/images/M/MV5BNTY5MmE2OGMtN2IxNC00MDY4LTkwMGEtZDUzOTYyNWE0ZTNjXkEyXkFqcGc@._V1_FMjpg_UX1000_.jpg,A young boy and his little sister struggle to survive in Japan during World War II.,"Japanese, Adult Animation, Anime, Hand-Drawn Animation, Period Drama, Psychological Drama, Tragedy, Animation, Drama, War","Isao Takahata, ","[{""name"": ""Tsutomu Tatsumi"", ""role"": ""Seita"", ""image_url"": null}, {""name"": ""Ayano Shiraishi"", ""role"": ""Setsuko"", ""image_url"": null}, {""name"": ""Akemi Yamaguchi"", ""role"": ""Aunt"", ""image_url"": null}, {""name"": ""Yoshiko Shinohara"", ""role"": ""Mother"", ""image_url"": null}, {""name"": ""K\u00f4z\u00f4 Hashida"", ""role"": ""Obayashi Chairman"", ""image_url"": null}]",1h 28m
tt0056058,Harakiri,https://m.media-amazon.com/images/M/MV5BZThiZjU5ZDQtZDI4Mi00ZGYyLTkzOTktYmIzZTFlZTkxYzg5XkEyXkFqcGc@._V1_FMjpg_UX1000_.jpg,"When a ronin requesting seppuku at a feudal lord's palace is told of the brutal suicide of another ronin who previously visited, he reveals how their pasts are intertwined - and in doing so challenges the clan's integrity.","Japanese, Epic, Period Drama, Psychological Drama, Drama, Mystery","Masaki Kobayashi, ","[{""name"": ""Tatsuya Nakadai"", ""role"": ""Tsugumo Hanshir\u00f4"", ""image_url"": ""https://m.media-amazon.com/images/M/MV5BMTM5MzYwNDA3NV5BMl5BanBnXkFtZTcwNDExMTMwNw@@._V1_QL75_UY140_CR30,0,140,140_.jpg""}, {""name"": ""Akira Ishihama"", ""role"": ""Chijiiwa Motome"", ""image_url"": ""https://m.media-amazon.com/images/M/MV5BMTAyODRmZTEtMTlmOC00NjI3LWJhOGQtMjU2NTI3NTk2YzBmXkEyXkFqcGc@._V1_QL75_UY140_CR55,0,140,140_.jpg""}, {""name"": ""Shima Iwashita"", ""role"": ""Tsugumo Miho"", ""image_url"": ""https://m.media-amazon.com/images/M/MV5BMTk1NDQzMDIwMV5BMl5BanBnXkFtZTcwNzk5MDUwNw@@._V1_QL75_UX140_CR0,4,140,140_.jpg""}, {""name"": ""Tetsur\u014d Tanba"", ""role"": ""Omodaka Hikokur\u00f4"", ""image_url"": ""https://m.media-amazon.com/images/M/MV5BNjVkY2QwOGMtZDVhNC00MDE5LWI2NTktNzFkNjdlMWI5Yjc0XkEyXkFqcGc@._V1_QL75_UX140_CR0,0,140,140_.jpg""}, {""name"": ""Masao Mishima"", ""role"": ""Inaba Tango"", ""image_url"": ""https://m.media-amazon.com/images/M/MV5BYWNkZjJhNDgtNjIxZS00MWRkLWEzZjQtZTBiOTI4N2YwZTliXkEyXkFqcGc@._V1_QL75_UY140_CR94,0,140,140_.jpg""}]",2h 13m
tt0054215,Psycho,https://m.media-amazon.com/images/M/MV5BYjZhMzFiZjItODA3ZC00MmRhLWIzMGYtMmVjOWUwYTA3MTRjXkEyXkFqcGc@._V1_FMjpg_UX1000_.jpg,A secretary on the run for embezzlement takes refuge at a secluded California motel owned by a repressed man and his overbearing mother.,"Dark Comedy, Psychological Horror, Psychological Thriller, Slasher Horror, Suspense Mystery, Drama, Horror, Mystery, Thriller","Alfred Hitchcock, ","[{""name"": ""Anthony Perkins"", ""role"": ""Norman Bates"", ""image_url"": ""https://m.media-amazon.com/images/M/MV5BZDkzNjU1OGUtMzFkYi00Yjg4LWIxMDYtYWQyNDY0N2UxNTYzXkEyXkFqcGc@._V1_QL75_UX140_CR0,11,140,140_.jpg""}, {""name"": ""Janet Leigh"", ""role"": ""Marion Crane"", ""image_url"": ""https://m.media-amazon.com/images/M/MV5BNmQ0Yzc1NjEtNGRmZi00YmJiLWI1MzAtMmNlNDJlYTU3MTJkXkEyXkFqcGc@._V1_QL75_UX140_CR0,0,140,140_.jpg""}, {""name"": ""Vera Miles"", ""role"": ""Lila Crane"", ""image_url"": ""https://m.media-amazon.com/images/M/MV5BM2E3YmIyYTUtYTliMC00MWUwLWJiNGQtYmM4N2RlODFmMzhiXkEyXkFqcGc@._V1_QL75_UX140_CR0,10,140,140_.jpg""}, {""name"": ""John Gavin"", ""role"": ""Sam Loomis"", ""image_url"": ""https://m.media-amazon.com/images/M/MV5BN2RmNTU2ZjUtYjBmMi00MDU1LTkwNzctODQ2NmYwZTgyNTc1XkEyXkFqcGc@._V1_QL75_UX140_CR0,0,140,140_.jpg""}, {""name"": ""Martin Balsam"", ""role"": ""Det. Milton Arbogast"", ""image_url"": ""https://m.media-amazon.com/images/M/MV5BMTQwOTE4MjMxM15BMl5BanBnXkFtZTcwMDc5MDg5Nw@@._V1_QL75_UX140_CR0,0,140,140_.jpg""}]",1h 49m
tt0110357,The Lion King,https://m.media-amazon.com/images/M/MV5BZGRiZDZhZjItM2M3ZC00Y2IyLTk3Y2MtMWY5YjliNDFkZTJlXkEyXkFqcGc@._V1_FMjpg_UX1000_.jpg,"Lion prince Simba and his father are targeted by his bitter uncle, who wants to ascend the throne himself.","Adventure Epic, Animal Adventure, Coming-of-Age, Hand-Drawn Animation, Jungle Adventure, Adventure, Animation, Drama, Family, Musical","Roger Allers, Rob Minkoff, , ","[{""name"": ""Matthew Broderick"", ""role"": ""Simba"", ""image_url"": ""https://m.media-amazon.com/images/M/MV5BODQ0ZDUwYTktNzEyYi00MjAyLTkzN2ItZGE1NGIzYzIwMmVhXkEyXkFqcGc@._V1_QL75_UX140_CR0,13,140,140_.jpg""}, {""name"": ""Jeremy Irons"", ""role"": ""Scar"", ""image_url"": ""https://m.media-amazon.com/images/M/MV5BMTY5Mzg2NDY5OV5BMl5BanBnXkFtZTcwMDQwNzA0Mg@@._V1_QL75_UX140_CR0,0,140,140_.jpg""}, {""name"": ""James Earl Jones"", ""role"": ""Mufasa"", ""image_url"": ""https://m.media-amazon.com/images/M/MV5BMTcwNTg1MzMwM15BMl5BanBnXkFtZTcwNTQyMDgyMg@@._V1_QL75_UX140_CR0,16,140,140_.jpg""}, {""name"": ""Rowan Atkinson"", ""role"": ""Zazu"", ""image_url"": ""https://m.media-amazon.com/images/M/MV5BMTg3NDUzOTc3MV5BMl5BanBnXkFtZTcwNjcxMDkxNw@@._V1_QL75_UX140_CR0,11,140,140_.jpg""}, {""name"": ""Niketa Calame-Harris"", ""role"": ""Young Nala"", ""image_url"": ""https://m.media-amazon.com/images/M/MV5BMjNmZWFkNWYtMGJkZC00Y2IwLWFmMDctNTM2MGRmY2NlYjg0XkEyXkFqcGc@._V1_QL75_UX140_CR0,6,140,140_.jpg""}]",1h 28m
tt0407887,The Departed,https://m.media-amazon.com/images/M/MV5BMTI1MTY2OTIxNV5BMl5BanBnXkFtZTYwNjQ4NjY3._V1_FMjpg_UX1000_.jpg,An undercover cop and a mole in the police attempt to identify each other while infiltrating an Irish gang in South Boston.,"Cop Drama, Epic, Gangster, Psychological Thriller, Crime, Drama, Thriller","Martin Scorsese, ","[{""name"": ""Leonardo DiCaprio"", ""role"": ""Billy"", ""image_url"": ""https://m.media-amazon.com/images/M/MV5BMjI0MTg3MzI0M15BMl5BanBnXkFtZTcwMzQyODU2Mw@@._V1_QL75_UX140_CR0,2,140,140_.jpg""}, {""name"": ""Matt Damon"", ""role"": ""Colin"", ""image_url"": ""https://m.media-amazon.com/images/M/MV5BMTM0NzYzNDgxMl5BMl5BanBnXkFtZTcwMDg2MTMyMw@@._V1_QL75_UX140_CR0,1,140,140_.jpg""}, {""name"": ""Jack Nicholson"", ""role"": ""Costello"", ""image_url"": ""https://m.media-amazon.com/images/M/MV5BMTQ3OTY0ODk0M15BMl5BanBnXkFtZTYwNzE4Njc4._V1_QL75_UX140_CR0,4,140,140_.jpg""}, {""name"": ""Mark Wahlberg"", ""role"": ""Dignam"", ""image_url"": ""https://m.media-amazon.com/images/M/MV5BMTU0MTQ4OTMyMV5BMl5BanBnXkFtZTcwMTQxOTY1NA@@._V1_QL75_UX140_CR0,0,140,140_.jpg""}, {""name"": ""Martin Sheen"", ""role"": ""Queenan"", ""image_url"": ""https://m.media-amazon.com/images/M/MV5BOTM1MTA5MTY0MV5BMl5BanBnXkFtZTcwMTQ4OTUzMg@@._V1_QL75_UX140_CR0,4,140,140_.jpg""}]",2h 31m
tt2582802,Whiplash,https://m.media-amazon.com/images/M/MV5BMDFjOWFkYzktYzhhMC00NmYyLTkwY2EtYjViMDhmNzg0OGFkXkEyXkFqcGc@._V1_FMjpg_UX1000_.jpg,A promising young drummer enrolls at a cut-throat music conservatory where his dreams of greatness are mentored by an instructor who will stop at nothing to realize a student's potential.,"Psychological Drama, Drama, Music","Damien Chazelle, ","[{""name"": ""Miles Teller"", ""role"": ""Andrew"", ""image_url"": ""https://m.media-amazon.com/images/M/MV5BNWI3YWY1NWQtNDVhMy00ZWE1LWI2MzUtOTczNTg5MTllZmNjXkEyXkFqcGc@._V1_QL75_UX140_CR0,11,140,140_.jpg""}, {""name"": ""J.K. Simmons"", ""role"": ""Fletcher"", ""image_url"": ""https://m.media-amazon.com/images/M/MV5BMzg2NTI5NzQ1MV5BMl5BanBnXkFtZTgwNjI1NDEwMDI@._V1_QL75_UX140_CR0,0,140,140_.jpg""}, {""name"": ""Melissa Benoist"", ""role"": ""Nicole"", ""image_url"": ""https://m.media-amazon.com/images/M/MV5BNzkxMjVmMGUtMDYwZi00MmVjLWFhMGEtYjNiNjA1MjkwYzc5XkEyXkFqcGc@._V1_QL75_UX140_CR0,12,140,140_.jpg""}, {""name"": ""Paul Reiser"", ""role"": ""Jim Neimann"", ""image_url"": ""https://m.media-amazon.com/images/M/MV5BMTQ1MjUwMjI4M15BMl5BanBnXkFtZTcwNzc0NTg3NA@@._V1_QL75_UX140_CR0,8,140,140_.jpg""}, {""name"": ""Austin Stowell"", ""role"": ""Ryan"", ""image_url"": ""https://m.media-amazon.com/images/M/MV5BZmUyYTI0MzktNDAxNy00NDRkLWEzNjQtNjI4ZTM1YTI4MjIwXkEyXkFqcGc@._V1_QL75_UX140_CR0,13,140,140_.jpg""}]",1h 46m
tt0482571,The Prestige,https://m.media-amazon.com/images/M/MV5BM2Y0YmM5MWYtZTYzNi00ZjU5LTlmOGYtZDQ4ODQyMjAzNjQ2XkEyXkFqcGc@._V1_FMjpg_UX1000_.jpg,"Two magicians dismantle their lives to outmaneuver each other following a shared tragedy. They chase the ultimate illusion across Victorian London, sacrificing sanity and safety to master a teleportation feat that defies all logic.","Period Drama, Steampunk, Tragedy, Drama","Christopher Nolan, ","[{""name"": ""Christian Bale"", ""role"": ""Alfred Borden"", ""image_url"": ""https://m.media-amazon.com/images/M/MV5BMTkxMzk4MjQ4MF5BMl5BanBnXkFtZTcwMzExODQxOA@@._V1_QL75_UX140_CR0,12,140,140_.jpg""}, {""name"": ""Hugh Jackman"", ""role"": ""Robert Angier"", ""image_url"": ""https://m.media-amazon.com/images/M/MV5BNDExMzIzNjk3Nl5BMl5BanBnXkFtZTcwOTE4NDU5OA@@._V1_QL75_UX140_CR0,12,140,140_.jpg""}, {""name"": ""Scarlett Johansson"", ""role"": ""Olivia Wenscombe"", ""image_url"": ""https://m.media-amazon.com/images/M/MV5BMTM3OTUwMDYwNl5BMl5BanBnXkFtZTcwNTUyNzc3Nw@@._V1_QL75_UX140_CR0,0,140,140_.jpg""}, {""name"": ""Michael Caine"", ""role"": ""Cutter"", ""image_url"": ""https://m.media-amazon.com/images/M/MV5BMjAwNzIwNTQ4Ml5BMl5BanBnXkFtZTYwMzE1MTUz._V1_QL75_UX140_CR0,4,140,140_.jpg""}, {""name"": ""Piper Perabo"", ""role"": ""Julia McCullough"", ""image_url"": ""https://m.media-amazon.com/images/M/MV5BYjU2ZWNkODMtMjU4Ni00MmJkLTg5YTQtYzE2MzNhNTIwYzVjXkEyXkFqcGc@._V1_CR63,0,392,588_QL75_UX140_CR0,12,140,140_.jpg""}]",2h 10m
tt0120586,American History X,https://m.media-amazon.com/images/M/MV5BMzhiOTQ0NDItOTg0Zi00OGVmLWE0OGEtMTI4NDM0NWMxZWU4XkEyXkFqcGc@._V1_FMjpg_UX1000_.jpg,A neo-Nazi is released from prison a changed man and hopes to prevent his younger brother from following in his footsteps.,"Gangster, Political Drama, Prison Drama, Psychological Drama, Tragedy, Crime, Drama","Tony Kaye, ","[{""name"": ""Edward Norton"", ""role"": ""Derek"", ""image_url"": ""https://m.media-amazon.com/images/M/MV5BMTYwNjQ5MTI1NF5BMl5BanBnXkFtZTcwMzU5MTI2Mw@@._V1_QL75_UX140_CR0,0,140,140_.jpg""}, {""name"": ""Edward Furlong"", ""role"": ""Danny"", ""image_url"": ""https://m.media-amazon.com/images/M/MV5BMTI1MzgxODkyMl5BMl5BanBnXkFtZTcwNTc1NDIzMQ@@._V1_QL75_UX140_CR0,5,140,140_.jpg""}, {""name"": ""Beverly D'Angelo"", ""role"": ""Doris"", ""image_url"": ""https://m.media-amazon.com/images/M/MV5BMDg3MWRmYWEtMzRiYi00YTNiLWFjZWMtZWU5MzhhMDczZTMxXkEyXkFqcGc@._V1_QL75_UX140_CR0,12,140,140_.jpg""}, {""name"": ""Jennifer Lien"", ""role"": ""Davina"", ""image_url"": ""https://m.media-amazon.com/images/M/MV5BMTA2MzA3OTEyNjJeQTJeQWpwZ15BbWU3MDY3NzA4OTc@._V1_QL75_UX140_CR0,12,140,140_.jpg""}, {""name"": ""Ethan Suplee"", ""role"": ""Seth"", ""image_url"": ""https://m.media-amazon.com/images/M/MV5BMzkxMDkyNmMtMWYzZS00MGUyLWJiYTQtZDBkZjc5ODRjNmU3XkEyXkFqcGc@._V1_QL75_UX140_CR0,12,140,140_.jpg""}]",1h 59m
tt9362722,Spider-Man: Across the Spider-Verse,https://m.media-amazon.com/images/M/MV5BNThiZjA3MjItZGY5Ni00ZmJhLWEwN2EtOTBlYTA4Y2E0M2ZmXkEyXkFqcGc@._V1_FMjpg_UX1000_.jpg,"Traveling across the multiverse, Miles Morales meets a new team of Spider-People, made up of heroes from different dimensions. But when the heroes clash over how to deal with a new threat, Miles finds himself at a crossroads.","Marvel, Action Epic, Adventure Epic, Coming-of-Age, Computer Animation, Epic, Sci-Fi Epic, Superhero, Teen Adventure, Teen Drama","Joaquim Dos Santos, Kemp Powers, Justin K. Thompson, , , ","[{""name"": ""Shameik Moore"", ""role"": ""Miles Morales"", ""image_url"": ""https://m.media-amazon.com/images/M/MV5BMjAwNDU2OTc5M15BMl5BanBnXkFtZTgwOTk0ODMyNDE@._V1_QL75_UX140_CR0,12,140,140_.jpg""}, {""name"": ""Hailee Steinfeld"", ""role"": ""Gwen Stacy"", ""image_url"": ""https://m.media-amazon.com/images/M/MV5BYjg0MjA4OGEtMTc1ZS00ZmJhLTgyYjItMTY4YjI0NjVjNjllXkEyXkFqcGc@._V1_QL75_UX140_CR0,0,140,140_.jpg""}, {""name"": ""Brian Tyree Henry"", ""role"": ""Jeff Morales"", ""image_url"": ""https://m.media-amazon.com/images/M/MV5BODhjMzM0YjktMzc4Ni00MWI0LWExZjgtMmYyMjEzOTE1MWU4XkEyXkFqcGc@._V1_QL75_UX140_CR0,1,140,140_.jpg""}, {""name"": ""Luna Lauren Velez"", ""role"": ""Rio Morales"", ""image_url"": ""https://m.media-amazon.com/images/M/MV5BODQxNjE3OTUwN15BMl5BanBnXkFtZTcwODE4NTk4OQ@@._V1_QL75_UX140_CR0,0,140,140_.jpg""}, {""name"": ""Jake Johnson"", ""role"": ""Peter B. Parker"", ""image_url"": ""https://m.media-amazon.com/images/M/MV5BMjExMzc5NDM0Nl5BMl5BanBnXkFtZTcwOTU3MDU3OA@@._V1_QL75_UX140_CR0,1,140,140_.jpg""}]",2h 20m
tt0110413,Léon: The Professional,https://m.media-amazon.com/images/M/MV5BNGRkYTNhOWQtYmI0Ni00MjZhLWJmMzAtMTA2Mjg4NGNiNDU0XkEyXkFqcGc@._V1_FMjpg_UX1000_.jpg,"When her family is murdered by a group of corrupt officers led by the tyrannical Norman Stansfield, a young 12-year-old girl enlists the help of an Italian-American hitman to seek revenge.","Gangster, One-Person Army Action, Tragedy, Action, Crime, Drama, Thriller","Luc Besson, ","[{""name"": ""Jean Reno"", ""role"": ""Leon"", ""image_url"": ""https://m.media-amazon.com/images/M/MV5BMTgzNjA1MjY2M15BMl5BanBnXkFtZTYwMjgzOTk0._V1_QL75_UX140_CR0,15,140,140_.jpg""}, {""name"": ""Gary Oldman"", ""role"": ""Stansfield"", ""image_url"": ""https://m.media-amazon.com/images/M/MV5BMTc3NTM4MzQ5MV5BMl5BanBnXkFtZTcwOTE4MDczNw@@._V1_QL75_UX140_CR0,10,140,140_.jpg""}, {""name"": ""Natalie Portman"", ""role"": ""Mathilda"", ""image_url"": ""https://m.media-amazon.com/images/M/MV5BNjk1M2RmODAtMjE0Ny00N2U0LWIwNWYtZTAxMDFiMzk1MjU5XkEyXkFqcGc@._V1_QL75_UX140_CR0,12,140,140_.jpg""}, {""name"": ""Danny Aiello"", ""role"": ""Tony"", ""image_url"": ""https://m.media-amazon.com/images/M/MV5BNTMxMjYzNzk5Nl5BMl5BanBnXkFtZTcwNzU4NDgwMw@@._V1_QL75_UX140_CR0,0,140,140_.jpg""}, {""name"": ""Peter Appel"", ""role"": ""Malky"", ""image_url"": ""https://m.media-amazon.com/images/M/MV5BZWJiM2EzODktNmZmZi00NWI3LWEzMzItNzVlOWEwYjdmMTZhXkEyXkFqcGc@._V1_QL75_UX140_CR0,12,140,140_.jpg""}]",1h 50m
tt0095765,Cinema Paradiso,https://m.media-amazon.com/images/M/MV5BMTljNzc4YWEtYTZlMS00ODMyLWIwMTAtNWQxY2VkMDEwYTk5XkEyXkFqcGc@._V1_FMjpg_UX1000_.jpg,"Salvatore, a famous film director, returns to his hometown for the funeral of the local theater's film projectionist, Alfredo. He reminisces about his life as a young boy falling in love with cinema.","Italian, Coming-of-Age, Drama, Romance","Giuseppe Tornatore, ","[{""name"": ""Philippe Noiret"", ""role"": ""Alfredo"", ""image_url"": ""https://m.media-amazon.com/images/M/MV5BMTU2MzE2OTE0N15BMl5BanBnXkFtZTcwNTg2NzIwNw@@._V1_QL75_UY140_CR55,0,140,140_.jpg""}, {""name"": ""Enzo Cannavale"", ""role"": ""Spaccafico"", ""image_url"": ""https://m.media-amazon.com/images/M/MV5BMTRlMWFkMWMtYTYyOS00ZTk1LTk0ZjMtNTIyY2E2MTkzYTY5XkEyXkFqcGc@._V1_QL75_UY140_CR47,0,140,140_.jpg""}, {""name"": ""Antonella Attili"", ""role"": ""Maria Di Vita - Younger"", ""image_url"": ""https://m.media-amazon.com/images/M/MV5BMTY2MzEyMjA3Ml5BMl5BanBnXkFtZTcwNTYzNDAzMQ@@._V1_QL75_UX140_CR0,3,140,140_.jpg""}, {""name"": ""Isa Danieli"", ""role"": ""Anna"", ""image_url"": ""https://m.media-amazon.com/images/M/MV5BMDJmNTg2MDQtMWM1YS00NTIzLTg3Y2MtZmUyZWE4OGY5MmJiXkEyXkFqcGc@._V1_QL75_UY140_CR43,0,140,140_.jpg""}, {""name"": ""Leo Gullotta"", ""role"": ""Usher"", ""image_url"": ""https://m.media-amazon.com/images/M/MV5BZmI5ZWYzNWUtNjE2YS00ZGYxLThjMTEtOGFiNWY4OGY2YTc5XkEyXkFqcGc@._V1_QL75_UX140_CR0,0,140,140_.jpg""}]",2h 54m
tt0034583,Casablanca,https://m.media-amazon.com/images/M/MV5BNWEzN2U1YTYtYTQyMS00NTVkLWE2NGQtZWFlMmM0MDNjMmRiXkEyXkFqcGc@._V1_FMjpg_UX1000_.jpg,A cynical expatriate American cafe owner struggles to decide whether or not to help his former lover and her fugitive husband escape the Nazis in French Morocco.,"Psychological Drama, Drama, Romance, War","Michael Curtiz, ","[{""name"": ""Humphrey Bogart"", ""role"": ""Rick Blaine"", ""image_url"": ""https://m.media-amazon.com/images/M/MV5BYjA0YmRkMTAtYTU0ZC00MTU5LTlmYjgtOTdkMDU4Y2M0OTU1XkEyXkFqcGc@._V1_QL75_UX140_CR0,0,140,140_.jpg""}, {""name"": ""Ingrid Bergman"", ""role"": ""Ilsa Lund"", ""image_url"": ""https://m.media-amazon.com/images/M/MV5BMjQyMTYxODQzMF5BMl5BanBnXkFtZTgwMDA1MTI2NDM@._V1_QL75_UX140_CR0,0,140,140_.jpg""}, {""name"": ""Paul Henreid"", ""role"": ""Victor Laszlo"", ""image_url"": ""https://m.media-amazon.com/images/M/MV5BMjMyOTQ0ODg1NF5BMl5BanBnXkFtZTcwMjM2MjYwOA@@._V1_QL75_UX140_CR0,0,140,140_.jpg""}, {""name"": ""Claude Rains"", ""role"": ""Captain Louis Renault"", ""image_url"": ""https://m.media-amazon.com/images/M/MV5BMTQwNDc3NjQ1OF5BMl5BanBnXkFtZTcwMjQ0NjI5Nw@@._V1_QL75_UX140_CR0,26,140,140_.jpg""}, {""name"": ""Conrad Veidt"", ""role"": ""Major Heinrich Strasser"", ""image_url"": ""https://m.media-amazon.com/images/M/MV5BNDQyMTk3OTM1OV5BMl5BanBnXkFtZTcwNDc5MzQ3OA@@._V1_QL75_UX140_CR0,0,140,140_.jpg""}]",1h 42m
tt1675434,The Intouchables,https://m.media-amazon.com/images/M/MV5BMTYxNDA3MDQwNl5BMl5BanBnXkFtZTcwNTU4Mzc1Nw@@._V1_FMjpg_UX1000_.jpg,"After he becomes a quadriplegic from a paragliding accident, an aristocrat hires a young man from the projects to be his caregiver.","French, Buddy Comedy, Docudrama, Comedy, Drama","Olivier Nakache, Éric Toledano, , ","[{""name"": ""Fran\u00e7ois Cluzet"", ""role"": ""Philippe"", ""image_url"": ""https://m.media-amazon.com/images/M/MV5BMTkyNjcyNjE0Nl5BMl5BanBnXkFtZTcwMTY5NTc1NA@@._V1_QL75_UX140_CR0,12,140,140_.jpg""}, {""name"": ""Omar Sy"", ""role"": ""Driss"", ""image_url"": ""https://m.media-amazon.com/images/M/MV5BMjI2MjE3MDQ3NV5BMl5BanBnXkFtZTcwOTY0NzU0Nw@@._V1_QL75_UX140_CR0,12,140,140_.jpg""}, {""name"": ""Anne Le Ny"", ""role"": ""Yvonne"", ""image_url"": ""https://m.media-amazon.com/images/M/MV5BZTA0YjE3ZjYtMTg0Yi00ZGZlLThjYWUtMWE4OWFkN2RjNjNiXkEyXkFqcGc@._V1_QL75_UX140_CR0,0,140,140_.jpg""}, {""name"": ""Audrey Fleurot"", ""role"": ""Magalie"", ""image_url"": ""https://m.media-amazon.com/images/M/MV5BMTYzNjA3ODAyOF5BMl5BanBnXkFtZTcwMTMwMDYxNw@@._V1_QL75_UX140_CR0,13,140,140_.jpg""}, {""name"": ""Jos\u00e9phine de Meaux"", ""role"": ""La DRH soci\u00e9t\u00e9 de courses"", ""image_url"": null}]",1h 52m
tt0114814,The Usual Suspects,https://m.media-amazon.com/images/M/MV5BOTE5MDUxZDUtZWZmZC00NDVmLWFhOGQtNWI2YTc4NzY3MGQ0XkEyXkFqcGc@._V1_FMjpg_UX1000_.jpg,The sole survivor of a pier shoot-out tells the story of how a notorious criminal influenced the events that began with five criminals meeting in a seemingly random police lineup.,"Caper, Gangster, Heist, Psychological Drama, Psychological Thriller, Suspense Mystery, Whodunnit, Crime, Drama, Mystery","Bryan Singer, ","[{""name"": ""Kevin Spacey"", ""role"": ""Verbal"", ""image_url"": ""https://m.media-amazon.com/images/M/MV5BMTY1NzMyODc3Nl5BMl5BanBnXkFtZTgwNzE2MzA1NDM@._V1_QL75_UY140_CR16,0,140,140_.jpg""}, {""name"": ""Gabriel Byrne"", ""role"": ""Keaton"", ""image_url"": ""https://m.media-amazon.com/images/M/MV5BN2E4NmE3N2EtZDY2MC00ZTc4LWI5ODQtYTYyNTdiZmU4ZjQzXkEyXkFqcGc@._V1_QL75_UX140_CR0,12,140,140_.jpg""}, {""name"": ""Chazz Palminteri"", ""role"": ""Dave Kujan"", ""image_url"": ""https://m.media-amazon.com/images/M/MV5BMjExNjU4NTUzOV5BMl5BanBnXkFtZTgwMTY3MDMzMTE@._V1_QL75_UX140_CR0,0,140,140_.jpg""}, {""name"": ""Stephen Baldwin"", ""role"": ""McManus"", ""image_url"": ""https://m.media-amazon.com/images/M/MV5BMTIyOTA4OTc5MF5BMl5BanBnXkFtZTcwOTQ3ODE5MQ@@._V1_QL75_UY140_CR35,0,140,140_.jpg""}, {""name"": ""Benicio Del Toro"", ""role"": ""Fenster"", ""image_url"": ""https://m.media-amazon.com/images/M/MV5BMTkzODQ4NzU1N15BMl5BanBnXkFtZTcwOTUzMzc5Mg@@._V1_QL75_UX140_CR0,2,140,140_.jpg""}]",1h 46m
tt1853728,Django Unchained,https://m.media-amazon.com/images/M/MV5BMjIyNTQ5NjQ1OV5BMl5BanBnXkFtZTcwODg1MDU4OA@@._V1_FMjpg_UX1000_.jpg,"With the help of a German bounty-hunter, a freed slave sets out to rescue his wife from a brutal plantation owner in Mississippi.","Dark Comedy, Epic, One-Person Army Action, Period Drama, Western Epic, Drama, Western","Quentin Tarantino, ","[{""name"": ""Jamie Foxx"", ""role"": ""Django"", ""image_url"": ""https://m.media-amazon.com/images/M/MV5BMTkyNjY1NDg3NF5BMl5BanBnXkFtZTgwNjA2MTg0MzE@._V1_QL75_UX140_CR0,0,140,140_.jpg""}, {""name"": ""Christoph Waltz"", ""role"": ""Dr. King Schultz"", ""image_url"": ""https://m.media-amazon.com/images/M/MV5BMTM4MDk3OTYxOF5BMl5BanBnXkFtZTcwMDk5OTUwOQ@@._V1_QL75_UX140_CR0,3,140,140_.jpg""}, {""name"": ""Leonardo DiCaprio"", ""role"": ""Calvin J. Candie"", ""image_url"": ""https://m.media-amazon.com/images/M/MV5BMjI0MTg3MzI0M15BMl5BanBnXkFtZTcwMzQyODU2Mw@@._V1_QL75_UX140_CR0,2,140,140_.jpg""}, {""name"": ""Kerry Washington"", ""role"": ""Broomhilda von Shaft"", ""image_url"": ""https://m.media-amazon.com/images/M/MV5BMTUxNzk2OTQzOF5BMl5BanBnXkFtZTcwMTM0NjIwNw@@._V1_QL75_UX140_CR0,0,140,140_.jpg""}, {""name"": ""Samuel L. Jackson"", ""role"": ""Stephen"", ""image_url"": ""https://m.media-amazon.com/images/M/MV5BMTQ1NTQwMTYxNl5BMl5BanBnXkFtZTYwMjA1MzY1._V1_QL75_UX140_CR0,13,140,140_.jpg""}]",2h 45m
tt0078748,Alien,https://m.media-amazon.com/images/M/MV5BN2NhMDk2MmEtZDQzOC00MmY5LThhYzAtMDdjZGFjOGZjMjdjXkEyXkFqcGc@._V1_FMjpg_UX1000_.jpg,"After investigating a mysterious transmission of unknown origin, the crew of a commercial spacecraft encounters a deadly lifeform.","Alien, Alien Invasion, Cyberpunk, Monster Horror, Space Sci-Fi, Horror, Sci-Fi","Ridley Scott, ","[{""name"": ""Sigourney Weaver"", ""role"": ""Ripley"", ""image_url"": ""https://m.media-amazon.com/images/M/MV5BMTk1MTcyNTE3OV5BMl5BanBnXkFtZTcwMTA0MTMyMw@@._V1_QL75_UX140_CR0,1,140,140_.jpg""}, {""name"": ""Tom Skerritt"", ""role"": ""Dallas"", ""image_url"": ""https://m.media-amazon.com/images/M/MV5BNzY3Mjk5MTMyMl5BMl5BanBnXkFtZTYwMjUxMTc1._V1_QL75_UX140_CR0,9,140,140_.jpg""}, {""name"": ""John Hurt"", ""role"": ""Kane"", ""image_url"": ""https://m.media-amazon.com/images/M/MV5BMTM1NTgyMTAyOV5BMl5BanBnXkFtZTcwMTE4MjQwNA@@._V1_QL75_UX140_CR0,6,140,140_.jpg""}, {""name"": ""Veronica Cartwright"", ""role"": ""Lambert"", ""image_url"": ""https://m.media-amazon.com/images/M/MV5BOTg2NDE0MDkyOV5BMl5BanBnXkFtZTgwMDI1MzUyMDI@._V1_QL75_UX140_CR0,1,140,140_.jpg""}, {""name"": ""Harry Dean Stanton"", ""role"": ""Brett"", ""image_url"": ""https://m.media-amazon.com/images/M/MV5BMTkyMDYyMTQ2Ml5BMl5BanBnXkFtZTYwMjU2NjE0._V1_QL75_UX140_CR0,4,140,140_.jpg""}]",1h 57m
tt0047396,Rear Window,https://m.media-amazon.com/images/M/MV5BODZhOWI1ODgtMzdiOS00YjNkLTgwOGUtYmIyZDg5ZmQwMzQ1XkEyXkFqcGc@._V1_FMjpg_UX1000_.jpg,A bored photographer recovering from a broken leg passes the time by watching his neighbors and begins to suspect one of them of murder.,"Dark Comedy, Psychological Thriller, Suspense Mystery, Drama, Mystery, Thriller","Alfred Hitchcock, ","[{""name"": ""James Stewart"", ""role"": ""L.B. Jefferies"", ""image_url"": ""https://m.media-amazon.com/images/M/MV5BMjIwNzMzODY0NV5BMl5BanBnXkFtZTcwMDk3NDQyOA@@._V1_QL75_UX140_CR0,0,140,140_.jpg""}, {""name"": ""Grace Kelly"", ""role"": ""Lisa Fremont"", ""image_url"": ""https://m.media-amazon.com/images/M/MV5BMGU3YzE0YWUtYzlkMy00MmNmLThjM2UtNTEzY2RmNmM5NjU1XkEyXkFqcGc@._V1_QL75_UX140_CR0,0,140,140_.jpg""}, {""name"": ""Wendell Corey"", ""role"": ""Tom Doyle"", ""image_url"": ""https://m.media-amazon.com/images/M/MV5BMTgwODk5NjE1MF5BMl5BanBnXkFtZTcwMjY3MDgwOA@@._V1_QL75_UX140_CR0,3,140,140_.jpg""}, {""name"": ""Thelma Ritter"", ""role"": ""Stella"", ""image_url"": ""https://m.media-amazon.com/images/M/MV5BYzkxMjgxNWUtZDQxZC00NDcyLWI3MDEtYzhiZTdmN2I0M2M2XkEyXkFqcGc@._V1_QL75_UX140_CR0,0,140,140_.jpg""}, {""name"": ""Raymond Burr"", ""role"": ""Lars Thorwald"", ""image_url"": ""https://m.media-amazon.com/images/M/MV5BN2Q3NDIzMGUtZmRkZi00MWIwLTg2MjgtNTAxZjI1NWRlNWI5XkEyXkFqcGc@._V1_QL75_UX140_CR0,0,140,140_.jpg""}]",1h 52m
tt0027977,Modern Times,https://m.media-amazon.com/images/M/MV5BODVkZGFhNGQtYjdiYi00Njc4LWFmYTItNTlmNzJjMTg1ZDc5XkEyXkFqcGc@._V1_FMjpg_UX1000_.jpg,The Tramp struggles to live in modern industrial society with the help of a young homeless woman.,"Romantic Comedy, Satire, Slapstick, Comedy, Drama, Romance","Charles Chaplin, ","[{""name"": ""Charles Chaplin"", ""role"": ""A Factory Worker"", ""image_url"": ""https://m.media-amazon.com/images/M/MV5BNDcwMDc0ODAzOF5BMl5BanBnXkFtZTgwNTY2OTI1MDE@._V1_QL75_UX140_CR0,15,140,140_.jpg""}, {""name"": ""Paulette Goddard"", ""role"": ""A Gamin"", ""image_url"": ""https://m.media-amazon.com/images/M/MV5BY2NlNGYyODUtZGJiZi00YmUxLTlhM2MtYjI3NjgzZDZhNGJhXkEyXkFqcGc@._V1_QL75_UX140_CR0,0,140,140_.jpg""}, {""name"": ""Henry Bergman"", ""role"": ""Cafe Proprietor"", ""image_url"": ""https://m.media-amazon.com/images/M/MV5BODU1YmU5OTQtM2E4NS00ZDQ5LThhZTUtZjEzMzBlZTJmMjJmXkEyXkFqcGc@._V1_QL75_UY140_CR13,0,140,140_.jpg""}, {""name"": ""Tiny Sandford"", ""role"": ""Big Bill"", ""image_url"": ""https://m.media-amazon.com/images/M/MV5BNGJmNmExMDQtNTJhOS00ODk1LWFmODUtNTQxY2ZjNzY3MTk3XkEyXkFqcGc@._V1_QL75_UY140_CR24,0,140,140_.jpg""}, {""name"": ""Chester Conklin"", ""role"": ""Mechanic"", ""image_url"": ""https://m.media-amazon.com/images/M/MV5BMTQ0MjgzMzAyMV5BMl5BanBnXkFtZTgwODczNjMwNDE@._V1_QL75_UX140_CR0,0,140,140_.jpg""}]",1h 27m
tt0064116,Once Upon a Time in the West,https://m.media-amazon.com/images/M/MV5BZjYyNGY1MDEtN2I1MC00MGVhLTljZTYtODQ1NzQ0ODc2NzZlXkEyXkFqcGc@._V1_FMjpg_UX1000_.jpg,A mysterious stranger with a harmonica teams up with a notorious desperado to protect a beautiful widow and her land from a ruthless assassin in the employ of a railroad tycoon.,"Adventure Epic, Desert Adventure, Epic, Period Drama, Quest, Spaghetti Western, Western Epic, Drama, Western","Sergio Leone, ","[{""name"": ""Henry Fonda"", ""role"": ""Frank"", ""image_url"": ""https://m.media-amazon.com/images/M/MV5BOTEwNjQ2ODQ4Nl5BMl5BanBnXkFtZTYwMzEwMTM2._V1_QL75_UX140_CR0,0,140,140_.jpg""}, {""name"": ""Charles Bronson"", ""role"": ""Harmonica"", ""image_url"": ""https://m.media-amazon.com/images/M/MV5BYWVjNDExMTgtMGE2OS00ZWNiLWIwNjYtMmI1ZDYwMTg1OWE2XkEyXkFqcGc@._V1_QL75_UX140_CR0,0,140,140_.jpg""}, {""name"": ""Claudia Cardinale"", ""role"": ""Jill McBain"", ""image_url"": ""https://m.media-amazon.com/images/M/MV5BZjRmYzhmMDMtMTA0Mi00YTY1LWIwN2YtZjJiNWU2YjI5ZGFiXkEyXkFqcGc@._V1_QL75_UX140_CR0,10,140,140_.jpg""}, {""name"": ""Jason Robards"", ""role"": ""Manuel 'Cheyenne' Guti\u00e9rrez"", ""image_url"": ""https://m.media-amazon.com/images/M/MV5BZGZiZmIyNTQtNjAyMS00OGFlLTg1ODMtOTQ1NWE3ZGFlZjI3XkEyXkFqcGc@._V1_QL75_UX140_CR0,0,140,140_.jpg""}, {""name"": ""Gabriele Ferzetti"", ""role"": ""Morton"", ""image_url"": ""https://m.media-amazon.com/images/M/MV5BMTMwNTAxODYzMV5BMl5BanBnXkFtZTcwODgyMzY0NA@@._V1_QL75_UX140_CR0,11,140,140_.jpg""}]",2h 25m
tt0021749,City Lights,https://m.media-amazon.com/images/M/MV5BM2U4NjgzODUtODkyOC00YTE2LTlhNTItYzFlYmM1NTEzZDA2XkEyXkFqcGc@._V1_FMjpg_UX1000_.jpg,"With the aid of a wealthy erratic tippler, a dewy-eyed tramp who has fallen in love with a blind flower girl accumulates money to be able to help her medically.","Feel-Good Romance, Romantic Comedy, Satire, Slapstick, Comedy, Drama, Romance","Charles Chaplin, ","[{""name"": ""Charles Chaplin"", ""role"": ""A Tramp"", ""image_url"": ""https://m.media-amazon.com/images/M/MV5BNDcwMDc0ODAzOF5BMl5BanBnXkFtZTgwNTY2OTI1MDE@._V1_QL75_UX140_CR0,15,140,140_.jpg""}, {""name"": ""Virginia Cherrill"", ""role"": ""A Blind Girl"", ""image_url"": ""https://m.media-amazon.com/images/M/MV5BYzM1ZmUyZjAtYzBhNi00ZjZiLWEyNzUtM2U0MTE5Njc4YTEzXkEyXkFqcGc@._V1_QL75_UX140_CR0,0,140,140_.jpg""}, {""name"": ""Florence Lee"", ""role"": ""The Blind Girl's Grandmother"", ""image_url"": null}, {""name"": ""Harry Myers"", ""role"": ""An Eccentric Millionaire"", ""image_url"": ""https://m.media-amazon.com/images/M/MV5BMTgyOWY4YjgtYzVmMC00ZmY4LTkzMGQtOTlmMTUwOWM0ZDIyXkEyXkFqcGc@._V1_QL75_UX140_CR0,25,140,140_.jpg""}, {""name"": ""Al Ernest Garcia"", ""role"": ""The Millionaire's Butler"", ""image_url"": ""https://m.media-amazon.com/images/M/MV5BMzQ3NDAxMDMtNjJjOS00NTI2LTk5ZGMtYmMxODUzNjZlNDg3XkEyXkFqcGc@._V1_QL75_UY140_CR5,0,140,140_.jpg""}]",1h 27m
tt0910970,WALL·E,https://m.media-amazon.com/images/M/MV5BMjExMTg5OTU0NF5BMl5BanBnXkFtZTcwMjMxMzMzMw@@._V1_FMjpg_UX1000_.jpg,"In a future where humans have temporarily abandoned Earth, a trash-compacting robot falls in love with a flying droid and helps her on her quest to restore hope to mankind.","Adventure Epic, Artificial Intelligence, Computer Animation, Dystopian Sci-Fi, Epic, Psychological Drama, Sci-Fi Epic, Space Sci-Fi, Adventure, Animation","Andrew Stanton, ","[{""name"": ""Ben Burtt"", ""role"": ""WALL\u00b7E"", ""image_url"": ""https://m.media-amazon.com/images/M/MV5BMTg5NTY4NjY1OV5BMl5BanBnXkFtZTcwNjQwNzkyMg@@._V1_QL75_UY140_CR8,0,140,140_.jpg""}, {""name"": ""Elissa Knight"", ""role"": ""EVE"", ""image_url"": ""https://m.media-amazon.com/images/M/MV5BMjA2NTY0MTAxN15BMl5BanBnXkFtZTcwNjY2MjY3MQ@@._V1_QL75_UX140_CR0,12,140,140_.jpg""}, {""name"": ""Jeff Garlin"", ""role"": ""Captain"", ""image_url"": ""https://m.media-amazon.com/images/M/MV5BMzY4MDE4OTk2MF5BMl5BanBnXkFtZTcwNjYxMzA2MQ@@._V1_QL75_UX140_CR0,5,140,140_.jpg""}, {""name"": ""Fred Willard"", ""role"": ""Shelby Forthright - BNL CEO"", ""image_url"": ""https://m.media-amazon.com/images/M/MV5BMTg3MDMxNDQxMl5BMl5BanBnXkFtZTcwMjIwMzMzMw@@._V1_QL75_UX140_CR0,0,140,140_.jpg""}, {""name"": ""Digital Performer (Various)"", ""role"": ""Self - AUTO"", ""image_url"": null}]",1h 38m
tt0078788,Apocalypse Now,https://m.media-amazon.com/images/M/MV5BZDhiMTljYjYtODc1Yy00MmEwLTg2OTYtYmE1YTRmNDE4MmEwXkEyXkFqcGc@._V1_FMjpg_UX1000_.jpg,A U.S. Army officer serving in Vietnam is tasked with assassinating a renegade Special Forces Colonel who sees himself as a god.,"Adventure Epic, Epic, Hard-boiled Detective, Psychological Drama, Quest, Suspense Mystery, Tragedy, War Epic, Drama, Mystery","Francis Ford Coppola, ","[{""name"": ""Martin Sheen"", ""role"": ""Captain Willard"", ""image_url"": ""https://m.media-amazon.com/images/M/MV5BOTM1MTA5MTY0MV5BMl5BanBnXkFtZTcwMTQ4OTUzMg@@._V1_QL75_UX140_CR0,4,140,140_.jpg""}, {""name"": ""Marlon Brando"", ""role"": ""Colonel Kurtz"", ""image_url"": ""https://m.media-amazon.com/images/M/MV5BMTg3MDYyMDE5OF5BMl5BanBnXkFtZTcwNjgyNTEzNA@@._V1_QL75_UY140_CR21,0,140,140_.jpg""}, {""name"": ""Robert Duvall"", ""role"": ""Lt. Colonel Kilgore"", ""image_url"": ""https://m.media-amazon.com/images/M/MV5BMjk1MjA2Mjc2MF5BMl5BanBnXkFtZTcwOTE4MTUwMg@@._V1_QL75_UX140_CR0,5,140,140_.jpg""}, {""name"": ""Frederic Forrest"", ""role"": ""Chef"", ""image_url"": ""https://m.media-amazon.com/images/M/MV5BMjAzNDIyMDQwN15BMl5BanBnXkFtZTYwMzM5NzE1._V1_QL75_UX140_CR0,14,140,140_.jpg""}, {""name"": ""Sam Bottoms"", ""role"": ""Lance"", ""image_url"": ""https://m.media-amazon.com/images/M/MV5BMTIxMDQ3NDQ5OF5BMl5BanBnXkFtZTYwODY3MDY0._V1_QL75_UX140_CR0,13,140,140_.jpg""}]",2h 27m
tt0209144,Memento,https://m.media-amazon.com/images/M/MV5BMGQ3Y2Q4NjktN2E4Ny00Y2Q2LTliZDUtZTNiNjRhY2I0NGIyXkEyXkFqcGc@._V1_FMjpg_UX1000_.jpg,A former insurance investigator who now suffers from anterograde amnesia uses notes and tattoos to hunt down his wife's murderer.,"Psychological Thriller, Suspense Mystery, Mystery, Thriller","Christopher Nolan, ","[{""name"": ""Guy Pearce"", ""role"": ""Leonard"", ""image_url"": ""https://m.media-amazon.com/images/M/MV5BMTgyNzc2NzY3Nl5BMl5BanBnXkFtZTgwNTMzMzAwMjE@._V1_QL75_UX140_CR0,12,140,140_.jpg""}, {""name"": ""Carrie-Anne Moss"", ""role"": ""Natalie"", ""image_url"": ""https://m.media-amazon.com/images/M/MV5BMTYxMjgwNzEwOF5BMl5BanBnXkFtZTcwNTQ0NzI5Ng@@._V1_QL75_UX140_CR0,0,140,140_.jpg""}, {""name"": ""Joe Pantoliano"", ""role"": ""Teddy"", ""image_url"": ""https://m.media-amazon.com/images/M/MV5BNWI1ZmMyZTgtYWVlNy00YWFmLTkyYWEtOWQ2Njc4OGRlZTdmXkEyXkFqcGc@._V1_QL75_UX140_CR0,0,140,140_.jpg""}, {""name"": ""Mark Boone Junior"", ""role"": ""Burt"", ""image_url"": ""https://m.media-amazon.com/images/M/MV5BMjIxMjYzMzI0N15BMl5BanBnXkFtZTcwNzU1MTQyNg@@._V1_QL75_UX140_CR0,0,140,140_.jpg""}, {""name"": ""Russ Fega"", ""role"": ""Waiter"", ""image_url"": ""https://m.media-amazon.com/images/M/MV5BMTMzNDE5MjI2MV5BMl5BanBnXkFtZTYwOTgwNzcy._V1_QL75_UX140_CR0,1,140,140_.jpg""}]",1h 53m
tt4154756,Avengers: Infinity War,https://m.media-amazon.com/images/M/MV5BMjMxNjY2MDU1OV5BMl5BanBnXkFtZTgwNzY1MTUwNTM@._V1_FMjpg_UX1000_.jpg,The Avengers and their allies must be willing to sacrifice all in an attempt to defeat the powerful Thanos before his blitz of devastation and ruin puts an end to the universe.,"Marvel, Action Epic, Adventure Epic, Alien Invasion, Epic, Sci-Fi Epic, Space Sci-Fi, Superhero, Action, Adventure","Anthony Russo, Joe Russo, , ","[{""name"": ""Robert Downey Jr."", ""role"": ""Tony Stark"", ""image_url"": ""https://m.media-amazon.com/images/M/MV5BNzg1MTUyNDYxOF5BMl5BanBnXkFtZTgwNTQ4MTE2MjE@._V1_QL75_UX140_CR0,13,140,140_.jpg""}, {""name"": ""Chris Hemsworth"", ""role"": ""Thor"", ""image_url"": ""https://m.media-amazon.com/images/M/MV5BOTU2MTI0NTIyNV5BMl5BanBnXkFtZTcwMTA4Nzc3OA@@._V1_QL75_UX140_CR0,12,140,140_.jpg""}, {""name"": ""Mark Ruffalo"", ""role"": ""Bruce Banner"", ""image_url"": ""https://m.media-amazon.com/images/M/MV5BM2JiYzA0ZGItNmFhYy00MjIyLWEwN2QtMzRmNDUyNjNiZjBiXkEyXkFqcGc@._V1_QL75_UX140_CR0,12,140,140_.jpg""}, {""name"": ""Chris Evans"", ""role"": ""Steve Rogers"", ""image_url"": ""https://m.media-amazon.com/images/M/MV5BNzQ0YWM1ODEtZDFkYy00MGJhLTkwZDUtMzVkZjljODU3ZTRmXkEyXkFqcGc@._V1_QL75_UX140_CR0,12,140,140_.jpg""}, {""name"": ""Scarlett Johansson"", ""role"": ""Natasha Romanoff"", ""image_url"": ""https://m.media-amazon.com/images/M/MV5BMTM3OTUwMDYwNl5BMl5BanBnXkFtZTcwNTUyNzc3Nw@@._V1_QL75_UX140_CR0,0,140,140_.jpg""}]",2h 29m
tt15239678,Dune: Part Two,https://m.media-amazon.com/images/M/MV5BNTc0YmQxMjEtODI5MC00NjFiLTlkMWUtOGQ5NjFmYWUyZGJhXkEyXkFqcGc@._V1_FMjpg_UX1000_.jpg,"Paul Atreides unites with the Fremen while on a warpath of revenge against the conspirators who destroyed his family. Facing a choice between the love of his life and the fate of the universe, he endeavors to prevent a terrible future.","Dune, Action Epic, Adventure Epic, Desert Adventure, Epic, Sci-Fi Epic, Space Sci-Fi, Action, Adventure, Drama","Denis Villeneuve, ","[{""name"": ""Timoth\u00e9e Chalamet"", ""role"": ""Paul Atreides"", ""image_url"": ""https://m.media-amazon.com/images/M/MV5BZTIyZWY4ZjktOGJiZi00NGFkLTllMjctZjJjMmNiMjIxOTY2XkEyXkFqcGc@._V1_QL75_UY140_CR23,0,140,140_.jpg""}, {""name"": ""Zendaya"", ""role"": ""Chani"", ""image_url"": ""https://m.media-amazon.com/images/M/MV5BZjM5N2U3MzQtZWU5My00YzE0LThmZTgtYjE1NDJjNmIzZmIxXkEyXkFqcGc@._V1_QL75_UX140_CR0,1,140,140_.jpg""}, {""name"": ""Rebecca Ferguson"", ""role"": ""Jessica"", ""image_url"": ""https://m.media-amazon.com/images/M/MV5BMDVlZjIzOTktYzNmZC00MjIzLTk1YTMtMzdlOTFiNzQ3ZGY0XkEyXkFqcGc@._V1_QL75_UX140_CR0,0,140,140_.jpg""}, {""name"": ""Javier Bardem"", ""role"": ""Stilgar"", ""image_url"": ""https://m.media-amazon.com/images/M/MV5BMTY1NTc4NTYzMF5BMl5BanBnXkFtZTcwNDIwOTY1NA@@._V1_QL75_UX140_CR0,12,140,140_.jpg""}, {""name"": ""Josh Brolin"", ""role"": ""Gurney Halleck"", ""image_url"": ""https://m.media-amazon.com/images/M/MV5BMTQ1MzYyMjQ0Nl5BMl5BanBnXkFtZTcwMTA0ODkyMg@@._V1_QL75_UX140_CR0,13,140,140_.jpg""}]",2h 46m
tt33764258,The Odyssey,https://m.media-amazon.com/images/M/MV5BNTcyNmJlZmQtNDUwYy00NDBjLTg1NGQtYTY2Y2UxMWM3NmI1XkEyXkFqcGc@._V1_FMjpg_UX1000_.jpg,"After the Trojan War, Odysseus faces a dangerous voyage back to Ithaca, meeting creatures like the Cyclops Polyphemus, Sirens, and Calypso along the way.","Action Epic, Adventure Epic, Costume Drama, Dark Fantasy, Fantasy Epic, Quest, Sea Adventure, Sword & Sandal, Action, Adventure","Christopher Nolan, ","[{""name"": ""Matt Damon"", ""role"": ""Odysseus"", ""image_url"": ""https://m.media-amazon.com/images/M/MV5BMTM0NzYzNDgxMl5BMl5BanBnXkFtZTcwMDg2MTMyMw@@._V1_QL75_UX140_CR0,1,140,140_.jpg""}, {""name"": ""Tom Holland"", ""role"": ""Telemachus"", ""image_url"": ""https://m.media-amazon.com/images/M/MV5BYzU3NWRhMjgtNmNmMS00YjQ1LWIyYzgtYzdkYjRjNWEzM2E3XkEyXkFqcGc@._V1_QL75_UX140_CR0,12,140,140_.jpg""}, {""name"": ""Anne Hathaway"", ""role"": ""Penelope"", ""image_url"": ""https://m.media-amazon.com/images/M/MV5BYWQ5MzViNjUtODdmMi00MjYxLTg0OTItM2NkOTg1YzFjYjMxXkEyXkFqcGc@._V1_CR427,126,1366,2049_QL75_UX140_CR0,12,140,140_.jpg""}, {""name"": ""Travis Scott"", ""role"": ""Bard"", ""image_url"": ""https://m.media-amazon.com/images/M/MV5BYzk2NTlmYmMtMGFhMi00ZTc0LWI5NDEtOTEzYzc4NzA5YmMxXkEyXkFqcGc@._V1_QL75_UX140_CR0,12,140,140_.jpg""}, {""name"": ""Robert Pattinson"", ""role"": ""Antinous"", ""image_url"": ""https://m.media-amazon.com/images/M/MV5BNzk0MDQ5OTUxMV5BMl5BanBnXkFtZTcwMDM5ODk5Mg@@._V1_QL75_UX140_CR0,0,140,140_.jpg""}]",2h 52m
tt0082971,Raiders of the Lost Ark,https://m.media-amazon.com/images/M/MV5BOGNhMjg2ZjgtYzk4Ni00MTViLTg1MmUtYzM2MDZiYjZlMmU3XkEyXkFqcGc@._V1_FMjpg_UX1000_.jpg,"In 1936, archaeologist Indiana Jones is tasked by Army Intelligence to help locate a legendary ancient power, the Ark of Covenant, before the Nazis get it first.","Indiana Jones, Action Epic, Adventure Epic","Steven Spielberg, ","[{""name"": ""Harrison Ford"", ""role"": ""Indy"", ""image_url"": ""https://m.media-amazon.com/images/M/MV5BMTY4Mjg0NjIxOV5BMl5BanBnXkFtZTcwMTM2NTI3MQ@@._V1_QL75_UX140_CR0,11,140,140_.jpg""}, {""name"": ""Karen Allen"", ""role"": ""Marion"", ""image_url"": ""https://m.media-amazon.com/images/M/MV5BMTg2NjgyMjQwMF5BMl5BanBnXkFtZTcwNzkwMjE3MQ@@._V1_QL75_UX140_CR0,13,140,140_.jpg""}, {""name"": ""Paul Freeman"", ""role"": ""Belloq"", ""image_url"": ""https://m.media-amazon.com/images/M/MV5BMjA4Mzc2NjU2N15BMl5BanBnXkFtZTcwNzYzMDAxMw@@._V1_QL75_UX140_CR0,12,140,140_.jpg""}, {""name"": ""Ronald Lacey"", ""role"": ""Toht"", ""image_url"": ""https://m.media-amazon.com/images/M/MV5BMDY4ZjY5OTAtNGM2Zi00NmU1LThhZGUtN2I2YjQ1ZGUwNTU4XkEyXkFqcGc@._V1_QL75_UX140_CR0,0,140,140_.jpg""}, {""name"": ""John Rhys-Davies"", ""role"": ""Sallah"", ""image_url"": ""https://m.media-amazon.com/images/M/MV5BMjMwNDY3NjQxMF5BMl5BanBnXkFtZTcwMDc3NTYyOQ@@._V1_QL75_UX140_CR0,0,140,140_.jpg""}]",1h 55m
tt4633694,Spider-Man: Into the Spider-Verse,https://m.media-amazon.com/images/M/MV5BMjMwNDkxMTgzOF5BMl5BanBnXkFtZTgwNTkwNTQ3NjM@._V1_FMjpg_UX1000_.jpg,Teen Miles Morales becomes the Spider-Man of his universe and must join with five spider-powered individuals from other dimensions to stop a threat for all realities.,"Marvel, Action Epic, Adventure Epic, Coming-of-Age, Computer Animation, Epic, Sci-Fi Epic, Superhero, Teen Adventure, Teen Drama","Bob Persichetti, Peter Ramsey, Rodney Rothman, , , ","[{""name"": ""Shameik Moore"", ""role"": ""Miles Morales"", ""image_url"": ""https://m.media-amazon.com/images/M/MV5BMjAwNDU2OTc5M15BMl5BanBnXkFtZTgwOTk0ODMyNDE@._V1_QL75_UX140_CR0,12,140,140_.jpg""}, {""name"": ""Jake Johnson"", ""role"": ""Peter B. Parker"", ""image_url"": ""https://m.media-amazon.com/images/M/MV5BMjExMzc5NDM0Nl5BMl5BanBnXkFtZTcwOTU3MDU3OA@@._V1_QL75_UX140_CR0,1,140,140_.jpg""}, {""name"": ""Hailee Steinfeld"", ""role"": ""Gwen Stacy"", ""image_url"": ""https://m.media-amazon.com/images/M/MV5BYjg0MjA4OGEtMTc1ZS00ZmJhLTgyYjItMTY4YjI0NjVjNjllXkEyXkFqcGc@._V1_QL75_UX140_CR0,0,140,140_.jpg""}, {""name"": ""Mahershala Ali"", ""role"": ""Uncle Aaron"", ""image_url"": ""https://m.media-amazon.com/images/M/MV5BMzBhZTM4ZTMtYzYwMi00ZGQwLTljNDEtZTVlNjYwYTZiODEzXkEyXkFqcGc@._V1_QL75_UX140_CR0,0,140,140_.jpg""}, {""name"": ""Brian Tyree Henry"", ""role"": ""Jefferson Davis"", ""image_url"": ""https://m.media-amazon.com/images/M/MV5BODhjMzM0YjktMzc4Ni00MWI0LWExZjgtMmYyMjEzOTE1MWU4XkEyXkFqcGc@._V1_QL75_UX140_CR0,1,140,140_.jpg""}]",1h 57m
tt0405094,The Lives of Others,https://m.media-amazon.com/images/M/MV5BYjM1N2Q0YWEtN2E5MC00NDM3LTk2NTEtMTc1NTk5OTA5ZGIzXkEyXkFqcGc@._V1_FMjpg_UX1000_.jpg,"In 1984 East Berlin, an agent of the secret police conducting surveillance on a writer and his lover finds himself becoming increasingly absorbed by their lives.","German, Political Thriller, Psychological Drama, Spy, Drama, Mystery, Thriller","Florian Henckel von Donnersmarck, ","[{""name"": ""Ulrich M\u00fche"", ""role"": ""Hauptmann Gerd Wiesler"", ""image_url"": ""https://m.media-amazon.com/images/M/MV5BMTcwNzQ0OTAxOV5BMl5BanBnXkFtZTcwNDcyODczMQ@@._V1_QL75_UX140_CR0,0,140,140_.jpg""}, {""name"": ""Martina Gedeck"", ""role"": ""Christa-Maria Sieland"", ""image_url"": ""https://m.media-amazon.com/images/M/MV5BMTQ2MjY3MDYwNV5BMl5BanBnXkFtZTcwMTQ0MjAxNA@@._V1_QL75_UX140_CR0,13,140,140_.jpg""}, {""name"": ""Sebastian Koch"", ""role"": ""Georg Dreyman"", ""image_url"": ""https://m.media-amazon.com/images/M/MV5BZDcyYTJjZWItN2ZkNS00NDZmLThkY2YtZmEzYzI2NjlmZjAyXkEyXkFqcGc@._V1_CR175,5,851,1276_QL75_UX140_CR0,12,140,140_.jpg""}, {""name"": ""Ulrich Tukur"", ""role"": ""Oberstleutnant Anton Grubitz"", ""image_url"": ""https://m.media-amazon.com/images/M/MV5BMTI4MDMwNTkzOF5BMl5BanBnXkFtZTcwMjY0OTk2Mg@@._V1_QL75_UY140_CR54,0,140,140_.jpg""}, {""name"": ""Thomas Thieme"", ""role"": ""Minister Bruno Hempf"", ""image_url"": null}]",2h 17m
tt0043014,Sunset Boulevard,https://m.media-amazon.com/images/M/MV5BMTU0NTkyNzYwMF5BMl5BanBnXkFtZTgwMDU0NDk5MTI@._V1_FMjpg_UX1000_.jpg,A failed screenwriter falls into a mercenary romance with a faded silent-film star.,"Dark Comedy, Film Noir, Psychological Drama, Showbiz Drama, Tragedy, Drama","Billy Wilder, ","[{""name"": ""William Holden"", ""role"": ""Joe Gillis"", ""image_url"": ""https://m.media-amazon.com/images/M/MV5BODczZTljZWItNjVhMi00Zjg4LWFlYzMtMWM5MzAxNWFmMjc3XkEyXkFqcGc@._V1_QL75_UX140_CR0,0,140,140_.jpg""}, {""name"": ""Gloria Swanson"", ""role"": ""Norma Desmond"", ""image_url"": ""https://m.media-amazon.com/images/M/MV5BYzgxZDg5ZjctYWQyMi00YWQyLTgyMmMtYzk3NzMwZDFhZTlmXkEyXkFqcGc@._V1_QL75_UX140_CR0,0,140,140_.jpg""}, {""name"": ""Erich von Stroheim"", ""role"": ""Max Von Mayerling"", ""image_url"": ""https://m.media-amazon.com/images/M/MV5BYWM4ZjQ2ZWMtNzM1Ni00NDkyLThjOWQtYzJlMzUxZTc2M2RjXkEyXkFqcGc@._V1_QL75_UX140_CR0,0,140,140_.jpg""}, {""name"": ""Nancy Olson"", ""role"": ""Betty Schaefer"", ""image_url"": ""https://m.media-amazon.com/images/M/MV5BM2Y4NjVhOTEtOTJlZi00ZWYzLWJhOWUtNDU5NDc1ZTA2NzdjXkEyXkFqcGc@._V1_QL75_UX140_CR0,0,140,140_.jpg""}, {""name"": ""Fred Clark"", ""role"": ""Sheldrake"", ""image_url"": ""https://m.media-amazon.com/images/M/MV5BMzg4NmM5NWYtNDkxOC00YmQxLTlhNDMtY2FmNjZiZDQzMzg5XkEyXkFqcGc@._V1_QL75_UX140_CR0,0,140,140_.jpg""}]",1h 50m
tt0051201,Witness for the Prosecution,https://m.media-amazon.com/images/M/MV5BNjRhNTQzMzQtMWViMi00ODQ1LTg0MTEtYWE4ZWZlYjM4YjJhXkEyXkFqcGc@._V1_FMjpg_UX1000_.jpg,A veteran British barrister must defend his client in a murder trial that has surprise after surprise.,"Legal Drama, Legal Thriller, Whodunnit, Crime, Drama, Mystery, Thriller","Billy Wilder, ","[{""name"": ""Tyrone Power"", ""role"": ""Leonard Vole"", ""image_url"": ""https://m.media-amazon.com/images/M/MV5BZWVhNGVkMmYtMzcyZS00YzRlLTllZDItNDgzMDM4ODc3MjJhXkEyXkFqcGc@._V1_QL75_UX140_CR0,2,140,140_.jpg""}, {""name"": ""Marlene Dietrich"", ""role"": ""Christine"", ""image_url"": ""https://m.media-amazon.com/images/M/MV5BMDQyNTBhNjMtODVkNS00Njk0LTg3MmYtODQ1MzQzYzcxZDI0XkEyXkFqcGc@._V1_QL75_UX140_CR0,4,140,140_.jpg""}, {""name"": ""Charles Laughton"", ""role"": ""Sir Wilfrid"", ""image_url"": ""https://m.media-amazon.com/images/M/MV5BZWI2NWEzOTgtMjQyMi00ZWRhLWI3NjEtZThkNTQ5NjAxN2U5XkEyXkFqcGc@._V1_QL75_UX140_CR0,0,140,140_.jpg""}, {""name"": ""Elsa Lanchester"", ""role"": ""Miss Plimsoll"", ""image_url"": ""https://m.media-amazon.com/images/M/MV5BNmM1YmJhZjItOTI0ZS00NTk1LWJkNTItODgwZjJkZGRjMzI5XkEyXkFqcGc@._V1_QL75_UX140_CR0,0,140,140_.jpg""}, {""name"": ""John Williams"", ""role"": ""Brogan-Moore"", ""image_url"": ""https://m.media-amazon.com/images/M/MV5BMTUyNDg1MTU5MV5BMl5BanBnXkFtZTcwMTgwNTUxOA@@._V1_QL75_UX140_CR0,0,140,140_.jpg""}]",1h 56m
tt0050825,Paths of Glory,https://m.media-amazon.com/images/M/MV5BNmQ2NmI2ODYtMDQzNS00NzQyLTkzZjgtZmZlYTQ5MTc1OWU3XkEyXkFqcGc@._V1_FMjpg_UX1000_.jpg,A colonel defends three of his soldiers in a court-martial after they abandon a suicidal attack.,"Epic, Legal Drama, Period Drama, Political Drama, Psychological Drama, Tragedy, War Epic, Drama, War","Stanley Kubrick, ","[{""name"": ""Kirk Douglas"", ""role"": ""Col. Dax"", ""image_url"": ""https://m.media-amazon.com/images/M/MV5BNDgzZTFlMGEtZjYwMy00MjJiLWE4MGQtNmUyODAxZGE0NDE1XkEyXkFqcGc@._V1_QL75_UX140_CR0,0,140,140_.jpg""}, {""name"": ""Ralph Meeker"", ""role"": ""Cpl. Philippe Paris"", ""image_url"": ""https://m.media-amazon.com/images/M/MV5BNDUyMTg5MjA2MF5BMl5BanBnXkFtZTcwNzUxMjMxOA@@._V1_QL75_UX140_CR0,0,140,140_.jpg""}, {""name"": ""Adolphe Menjou"", ""role"": ""Gen. George Broulard"", ""image_url"": ""https://m.media-amazon.com/images/M/MV5BODlmZGE5MTgtYmNjYy00M2Q3LWI0ZjktMGE4ZDRjYjlmZGQ2XkEyXkFqcGc@._V1_QL75_UX140_CR0,0,140,140_.jpg""}, {""name"": ""George Macready"", ""role"": ""Gen. Paul Mireau"", ""image_url"": ""https://m.media-amazon.com/images/M/MV5BMjA4OTQ1MzAyN15BMl5BanBnXkFtZTcwOTc3NTIxOA@@._V1_QL75_UX140_CR0,0,140,140_.jpg""}, {""name"": ""Wayne Morris"", ""role"": ""Lt. Roget"", ""image_url"": ""https://m.media-amazon.com/images/M/MV5BMTQ3MDU5OTAxN15BMl5BanBnXkFtZTcwNzU2NDMxOA@@._V1_QL75_UX140_CR0,13,140,140_.jpg""}]",1h 28m
tt0361748,Inglourious Basterds,https://m.media-amazon.com/images/M/MV5BODZhMWJlNjYtNDExNC00MTIzLTllM2ItOGQ2NGVjNDQ3MzkzXkEyXkFqcGc@._V1_FMjpg_UX1000_.jpg,"In Nazi-occupied France during World War II, a plan to assassinate Nazi leaders by a group of Jewish U.S. soldiers coincides with a theatre owner's vengeful plans for the same.","Dark Comedy, Epic, Period Drama, War Epic, Drama, War","Quentin Tarantino, ","[{""name"": ""Brad Pitt"", ""role"": ""Lt. Aldo Raine"", ""image_url"": ""https://m.media-amazon.com/images/M/MV5BMjA1MjE2MTQ2MV5BMl5BanBnXkFtZTcwMjE5MDY0Nw@@._V1_QL75_UX140_CR0,12,140,140_.jpg""}, {""name"": ""Diane Kruger"", ""role"": ""Bridget von Hammersmark"", ""image_url"": ""https://m.media-amazon.com/images/M/MV5BMTM3MzY0Nzk2Ml5BMl5BanBnXkFtZTcwODQ0MTMyMw@@._V1_QL75_UX140_CR0,10,140,140_.jpg""}, {""name"": ""Eli Roth"", ""role"": ""Sgt. Donny Donowitz"", ""image_url"": ""https://m.media-amazon.com/images/M/MV5BZWJiYTEyMmYtNjYzMS00YmEyLThkZmEtZGVhNjUyOTRjY2NlXkEyXkFqcGc@._V1_CR572,161,1510,2266_QL75_UX140_CR0,12,140,140_.jpg""}, {""name"": ""M\u00e9lanie Laurent"", ""role"": ""Shosanna Dreyfus"", ""image_url"": ""https://m.media-amazon.com/images/M/MV5BMTU0NzQzNDc5M15BMl5BanBnXkFtZTcwNzMyOTYzNQ@@._V1_QL75_UX140_CR0,12,140,140_.jpg""}, {""name"": ""Christoph Waltz"", ""role"": ""Col. Hans Landa"", ""image_url"": ""https://m.media-amazon.com/images/M/MV5BMTM4MDk3OTYxOF5BMl5BanBnXkFtZTcwMDk5OTUwOQ@@._V1_QL75_UX140_CR0,3,140,140_.jpg""}]",2h 33m
tt0081505,The Shining,https://m.media-amazon.com/images/M/MV5BNmM5ZThhY2ItOGRjOS00NzZiLWEwYTItNDgyMjFkOTgxMmRiXkEyXkFqcGc@._V1_FMjpg_UX1000_.jpg,"A family heads to an isolated hotel for the winter, where a sinister presence influences the father into violence. At the same time, his psychic son sees horrifying forebodings from both the past and the future.","Toy Story, Buddy Comedy, Computer Animation, Quest, Urban Adventure, Adventure, Animation, Comedy, Family, Fantasy","Stanley Kubrick, ","[{""name"": ""Jack Nicholson"", ""role"": ""Jack Torrance"", ""image_url"": ""https://m.media-amazon.com/images/M/MV5BMTQ3OTY0ODk0M15BMl5BanBnXkFtZTYwNzE4Njc4._V1_QL75_UX140_CR0,4,140,140_.jpg""}, {""name"": ""Shelley Duvall"", ""role"": ""Wendy Torrance"", ""image_url"": ""https://m.media-amazon.com/images/M/MV5BNjE4MTY1Mzk0N15BMl5BanBnXkFtZTgwOTQzNDE2MDE@._V1_QL75_UX140_CR0,13,140,140_.jpg""}, {""name"": ""Danny Lloyd"", ""role"": ""Danny"", ""image_url"": ""https://m.media-amazon.com/images/M/MV5BYWQ1MzhlOTctZDBiMi00NWMzLWFkN2ItMDg0MDg4NzE3NWI4XkEyXkFqcGc@._V1_QL75_UY140_CR55,0,140,140_.jpg""}, {""name"": ""Scatman Crothers"", ""role"": ""Hallorann"", ""image_url"": ""https://m.media-amazon.com/images/M/MV5BMjEzNDY4OTU5N15BMl5BanBnXkFtZTcwNDU0MjYwOA@@._V1_QL75_UX140_CR0,11,140,140_.jpg""}, {""name"": ""Barry Nelson"", ""role"": ""Ullman"", ""image_url"": ""https://m.media-amazon.com/images/M/MV5BMTU2NjU1NzM2NV5BMl5BanBnXkFtZTcwMjM3NTMxOA@@._V1_QL75_UX140_CR0,0,140,140_.jpg""}]",2h 26m
tt0032553,The Great Dictator,https://m.media-amazon.com/images/M/MV5BMjc4ZjEwNDUtMjlmZS00NzQ4LTg2N2MtMGI3ZjMyMmM3ZDM2XkEyXkFqcGc@._V1_FMjpg_UX1000_.jpg,Dictator Adenoid Hynkel tries to expand his empire while a poor Jewish barber tries to avoid persecution from Hynkel's regime.,"Dark Comedy, Parody, Political Drama, Satire, Slapstick, Comedy, Drama, War","Charles Chaplin, ","[{""name"": ""Charles Chaplin"", ""role"": ""Hynkel - Dictator of Tomania"", ""image_url"": ""https://m.media-amazon.com/images/M/MV5BNDcwMDc0ODAzOF5BMl5BanBnXkFtZTgwNTY2OTI1MDE@._V1_QL75_UX140_CR0,15,140,140_.jpg""}, {""name"": ""Paulette Goddard"", ""role"": ""Hannah"", ""image_url"": ""https://m.media-amazon.com/images/M/MV5BY2NlNGYyODUtZGJiZi00YmUxLTlhM2MtYjI3NjgzZDZhNGJhXkEyXkFqcGc@._V1_QL75_UX140_CR0,0,140,140_.jpg""}, {""name"": ""Jack Oakie"", ""role"": ""Napaloni - Dictator of Bacteria"", ""image_url"": ""https://m.media-amazon.com/images/M/MV5BYzA1YTU1M2UtNTU5MS00MjYzLWI2N2YtYjY2Yjc0Yzk5NzM1XkEyXkFqcGc@._V1_QL75_UX140_CR0,4,140,140_.jpg""}, {""name"": ""Reginald Gardiner"", ""role"": ""Schultz"", ""image_url"": ""https://m.media-amazon.com/images/M/MV5BM2RiZDdjNzItOGMwMS00NDk4LWFjOWEtNGQyZmRlOTYyODk2XkEyXkFqcGc@._V1_QL75_UX140_CR0,0,140,140_.jpg""}, {""name"": ""Henry Daniell"", ""role"": ""Garbitsch"", ""image_url"": ""https://m.media-amazon.com/images/M/MV5BMTYxNDk5NzQ1OF5BMl5BanBnXkFtZTcwNTg5MjgwOA@@._V1_QL75_UX140_CR0,0,140,140_.jpg""}]",2h 5m
tt0090605,Aliens,https://m.media-amazon.com/images/M/MV5BN2ZiMmQ0YWItN2IwZS00Y2NhLWE0NzQtNGNiOGFjN2U4MWNmXkEyXkFqcGc@._V1_FMjpg_UX1000_.jpg,"Decades after surviving the Nostromo incident, Ellen Ripley is sent out to re-establish contact with a terraforming colony but finds herself battling the Alien Queen and her offspring.","Alien, Alien Invasion, Cyberpunk, Monster Horror, Space Sci-Fi, Survival, Action, Adventure, Horror, Sci-Fi","James Cameron, ","[{""name"": ""Sigourney Weaver"", ""role"": ""Ripley"", ""image_url"": ""https://m.media-amazon.com/images/M/MV5BMTk1MTcyNTE3OV5BMl5BanBnXkFtZTcwMTA0MTMyMw@@._V1_QL75_UX140_CR0,1,140,140_.jpg""}, {""name"": ""Michael Biehn"", ""role"": ""Corporal Hicks"", ""image_url"": ""https://m.media-amazon.com/images/M/MV5BODBkMzQwZmUtN2QxNS00YmExLThhNTYtMzIzNTA4NDBjYzliXkEyXkFqcGc@._V1_QL75_UY140_CR25,0,140,140_.jpg""}, {""name"": ""Carrie Henn"", ""role"": ""Newt"", ""image_url"": ""https://m.media-amazon.com/images/M/MV5BNDg5OTE4ZWEtZjk1ZC00YmE5LTljZGQtYWNjZGQ0ZTI2YmJiXkEyXkFqcGc@._V1_QL75_UX140_CR0,0,140,140_.jpg""}, {""name"": ""Paul Reiser"", ""role"": ""Burke"", ""image_url"": ""https://m.media-amazon.com/images/M/MV5BMTQ1MjUwMjI4M15BMl5BanBnXkFtZTcwNzc0NTg3NA@@._V1_QL75_UX140_CR0,8,140,140_.jpg""}, {""name"": ""Lance Henriksen"", ""role"": ""Bishop"", ""image_url"": ""https://m.media-amazon.com/images/M/MV5BNzY1YmViYTctOWFkNC00NWU3LWIzYTEtYmMyZGZkY2EzMzAzXkEyXkFqcGc@._V1_QL75_UX140_CR0,12,140,140_.jpg""}]",2h 17m
tt23849204,12th Fail,https://m.media-amazon.com/images/M/MV5BNTE3OTIxZDYtNjA0NC00N2YxLTg1NGQtOTYxNmZkMDkwOWNjXkEyXkFqcGc@._V1_FMjpg_UX1000_.jpg,The real-life story of IPS Officer Manoj Kumar Sharma and IRS Officer Shraddha Joshi.,"Hindi, Docudrama, Biography, Drama","Vidhu Vinod Chopra, ","[{""name"": ""Vikrant Massey"", ""role"": ""Manoj Sharma"", ""image_url"": ""https://m.media-amazon.com/images/M/MV5BNWFiNzExM2YtYjgwYy00YjQ1LWJjYjgtY2JkOTA1ZjllNDMwXkEyXkFqcGc@._V1_QL75_UY140_CR35,0,140,140_.jpg""}, {""name"": ""Harish Khanna"", ""role"": ""Ramveer Sharma"", ""image_url"": ""https://m.media-amazon.com/images/M/MV5BYjJmNjE3MDYtOWFmOC00ODlmLWFlZDktYjhiNjcwYzhlYmJlXkEyXkFqcGc@._V1_QL75_UX140_CR0,6,140,140_.jpg""}, {""name"": ""Geeta Agrawal Sharma"", ""role"": ""Pushpa Sharma"", ""image_url"": ""https://m.media-amazon.com/images/M/MV5BMDEwOTFmNTgtZjhiNi00NzNmLTgwM2YtMzM0OGFjNDkwYzU0XkEyXkFqcGc@._V1_QL75_UX140_CR0,0,140,140_.jpg""}, {""name"": ""Triaksh Chhabra"", ""role"": ""Young Rajni"", ""image_url"": null}, {""name"": ""Kumar Rahul"", ""role"": ""Kamlesh Sharma"", ""image_url"": null}]",2h 27m
tt0057565,High and Low,https://m.media-amazon.com/images/M/MV5BOTFmOTNjYjUtMDA2MC00ZTJiLThiYzktNDdjNzQwMjNkN2NmXkEyXkFqcGc@._V1_FMjpg_UX1000_.jpg,An executive of a Yokohama shoe company becomes a victim of extortion when his chauffeur's son is kidnapped by mistake and held for ransom.,"Japanese, Police Procedural, Psychological Thriller, Crime, Drama, Mystery, Thriller","Akira Kurosawa, ","[{""name"": ""Toshir\u014d Mifune"", ""role"": ""Kingo Gond\u00f4"", ""image_url"": ""https://m.media-amazon.com/images/M/MV5BMTM3NzE2MzEyNF5BMl5BanBnXkFtZTcwNzA5MTU4Mw@@._V1_QL75_UY140_CR30,0,140,140_.jpg""}, {""name"": ""Yutaka Sada"", ""role"": ""Aoki - the Chauffeur"", ""image_url"": ""https://m.media-amazon.com/images/M/MV5BYjA0YmQ3OWEtMjk2Yi00NTA2LWI5NTItNTQ4NWE4MDQxZTBkXkEyXkFqcGc@._V1_QL75_UY140_CR23,0,140,140_.jpg""}, {""name"": ""Tatsuya Nakadai"", ""role"": ""Chief Detective Tokura"", ""image_url"": ""https://m.media-amazon.com/images/M/MV5BMTM5MzYwNDA3NV5BMl5BanBnXkFtZTcwNDExMTMwNw@@._V1_QL75_UY140_CR30,0,140,140_.jpg""}, {""name"": ""Ky\u014dko Kagawa"", ""role"": ""Reiko Gond\u00f4"", ""image_url"": ""https://m.media-amazon.com/images/M/MV5BMjUwZWNlYWEtY2JjZS00MzdhLWJlNTgtNjkzMTFkYmM2NjA1XkEyXkFqcGc@._V1_QL75_UY140_CR24,0,140,140_.jpg""}, {""name"": ""Tatsuya Mihashi"", ""role"": ""Kawanishi - Gond\u00f4's Secretary"", ""image_url"": ""https://m.media-amazon.com/images/M/MV5BMTQzMjczMjY1M15BMl5BanBnXkFtZTgwODI4MzU3MTE@._V1_QL75_UY140_CR16,0,140,140_.jpg""}]",2h 23m
tt4154796,Avengers: Endgame,https://m.media-amazon.com/images/M/MV5BMWEyNDM2ZmQtMmFkNi00MTQ1LTk1MjItMzdlZGJlYmIyYzZlXkEyXkFqcGc@._V1_FMjpg_UX1000_.jpg,"After the devastating events of Avengers: Infinity War (2018), the universe is in ruins. With the help of remaining allies, the Avengers assemble once more in order to reverse Thanos' actions and restore balance to the universe.","Marvel, Action Epic","Anthony Russo, Joe Russo, , ","[{""name"": ""Robert Downey Jr."", ""role"": ""Tony Stark"", ""image_url"": ""https://m.media-amazon.com/images/M/MV5BNzg1MTUyNDYxOF5BMl5BanBnXkFtZTgwNTQ4MTE2MjE@._V1_QL75_UX140_CR0,13,140,140_.jpg""}, {""name"": ""Chris Evans"", ""role"": ""Steve Rogers"", ""image_url"": ""https://m.media-amazon.com/images/M/MV5BNzQ0YWM1ODEtZDFkYy00MGJhLTkwZDUtMzVkZjljODU3ZTRmXkEyXkFqcGc@._V1_QL75_UX140_CR0,12,140,140_.jpg""}, {""name"": ""Mark Ruffalo"", ""role"": ""Bruce Banner"", ""image_url"": ""https://m.media-amazon.com/images/M/MV5BM2JiYzA0ZGItNmFhYy00MjIyLWEwN2QtMzRmNDUyNjNiZjBiXkEyXkFqcGc@._V1_QL75_UX140_CR0,12,140,140_.jpg""}, {""name"": ""Chris Hemsworth"", ""role"": ""Thor"", ""image_url"": ""https://m.media-amazon.com/images/M/MV5BOTU2MTI0NTIyNV5BMl5BanBnXkFtZTcwMTA4Nzc3OA@@._V1_QL75_UX140_CR0,12,140,140_.jpg""}, {""name"": ""Scarlett Johansson"", ""role"": ""Natasha Romanoff"", ""image_url"": ""https://m.media-amazon.com/images/M/MV5BMTM3OTUwMDYwNl5BMl5BanBnXkFtZTcwNTUyNzc3Nw@@._V1_QL75_UX140_CR0,0,140,140_.jpg""}]",3h 1m
tt0119217,Good Will Hunting,https://m.media-amazon.com/images/M/MV5BNDdjZGQ5YzEtNTc2My00Mjc0LWFlMTctYzkwMzZlNzdiZWYzXkEyXkFqcGc@._V1_FMjpg_UX1000_.jpg,"A therapist counsels Will Hunting, a janitor with a genius IQ.","Coming-of-Age, Psychological Drama, Drama, Romance","Gus Van Sant, ","[{""name"": ""Robin Williams"", ""role"": ""Sean"", ""image_url"": ""https://m.media-amazon.com/images/M/MV5BNTYzMjc2Mjg4MF5BMl5BanBnXkFtZTcwODc1OTQwNw@@._V1_QL75_UX140_CR0,12,140,140_.jpg""}, {""name"": ""Matt Damon"", ""role"": ""Will"", ""image_url"": ""https://m.media-amazon.com/images/M/MV5BMTM0NzYzNDgxMl5BMl5BanBnXkFtZTcwMDg2MTMyMw@@._V1_QL75_UX140_CR0,1,140,140_.jpg""}, {""name"": ""Ben Affleck"", ""role"": ""Chuckie"", ""image_url"": ""https://m.media-amazon.com/images/M/MV5BNTFjZDU5NmYtYzZlMy00YThmLTg5ZjUtYjkyZWI2OTk2Mjc1XkEyXkFqcGc@._V1_QL75_UX140_CR0,1,140,140_.jpg""}, {""name"": ""Stellan Skarsg\u00e5rd"", ""role"": ""Lambeau"", ""image_url"": ""https://m.media-amazon.com/images/M/MV5BNTA5MmNiNzMtOTQ1MC00ZDc5LTg3NzItNTZjNWY1MjI2MGM3XkEyXkFqcGc@._V1_QL75_UY140_CR16,0,140,140_.jpg""}, {""name"": ""John Mighton"", ""role"": ""Tom"", ""image_url"": null}]",2h 6m
tt2380307,Coco,https://m.media-amazon.com/images/M/MV5BMDIyM2E2NTAtMzlhNy00ZGUxLWI1NjgtZDY5MzhiMDc5NGU3XkEyXkFqcGc@._V1_FMjpg_UX1000_.jpg,"Aspiring musician Miguel, confronted with his family's ancestral ban on music, enters the Land of the Dead to find his great-great-grandfather, a legendary singer.","Adventure Epic, Computer Animation, Dark Comedy, Epic, Fantasy Epic, Psychological Drama, Supernatural Fantasy, Adventure, Animation, Drama","Adrian Molina, Lee Unkrich, , ","[{""name"": ""Anthony Gonzalez"", ""role"": ""Miguel"", ""image_url"": ""https://m.media-amazon.com/images/M/MV5BOGJjNjhhMzktZmE5Yy00Zjg1LWI3YWUtNzc5Njg3ZjM1ZDM2XkEyXkFqcGc@._V1_QL75_UX140_CR0,12,140,140_.jpg""}, {""name"": ""Gael Garc\u00eda Bernal"", ""role"": ""H\u00e9ctor"", ""image_url"": ""https://m.media-amazon.com/images/M/MV5BMTkzNjg4NzMwNF5BMl5BanBnXkFtZTYwMjExNjQ0._V1_QL75_UX140_CR0,15,140,140_.jpg""}, {""name"": ""Benjamin Bratt"", ""role"": ""Ernesto de la Cruz"", ""image_url"": ""https://m.media-amazon.com/images/M/MV5BNzNhOWFhOWQtZDdmMS00ZDIwLThhYjQtZWUzODE5ZWQ4ZjA2XkEyXkFqcGc@._V1_CR63,66,866,1299_QL75_UX140_CR0,12,140,140_.jpg""}, {""name"": ""Alanna Ubach"", ""role"": ""Mam\u00e1 Imelda"", ""image_url"": ""https://m.media-amazon.com/images/M/MV5BZGUwNjIzMmYtNGYyYi00ODFmLThjNDctN2U3YzRhNzA3NTczXkEyXkFqcGc@._V1_QL75_UX140_CR0,12,140,140_.jpg""}, {""name"": ""Ren\u00e9e Victor"", ""role"": ""Abuelita"", ""image_url"": ""https://m.media-amazon.com/images/M/MV5BMTIzODg4NjU4M15BMl5BanBnXkFtZTYwOTA4NjA0._V1_QL75_UX140_CR0,12,140,140_.jpg""}]",1h 45m
tt0114709,Toy Story,https://m.media-amazon.com/images/M/MV5BZTA3OWVjOWItNjE1NS00NzZiLWE1MjgtZDZhMWI1ZTlkNzYwXkEyXkFqcGc@._V1_FMjpg_UX1000_.jpg,"A cowboy doll is profoundly jealous when a new spaceman action figure supplants him as the top toy in a boy's bedroom. When circumstances separate them from their owner, the duo have to put aside their differences to return to him.","Toy Story, Buddy Comedy, Computer Animation, Quest, Urban Adventure, Adventure, Animation, Comedy, Family, Fantasy","John Lasseter, ","[{""name"": ""Tom Hanks"", ""role"": ""Woody"", ""image_url"": ""https://m.media-amazon.com/images/M/MV5BMTQ2MjMwNDA3Nl5BMl5BanBnXkFtZTcwMTA2NDY3NQ@@._V1_QL75_UX140_CR0,8,140,140_.jpg""}, {""name"": ""Tim Allen"", ""role"": ""Buzz Lightyear"", ""image_url"": ""https://m.media-amazon.com/images/M/MV5BMTI5ODY0NTAwOF5BMl5BanBnXkFtZTcwOTI3NjQxMw@@._V1_QL75_UX140_CR0,12,140,140_.jpg""}, {""name"": ""Don Rickles"", ""role"": ""Mr. Potato Head"", ""image_url"": ""https://m.media-amazon.com/images/M/MV5BMTY0NTk1NzY1M15BMl5BanBnXkFtZTcwNjk4NDMwNA@@._V1_QL75_UX140_CR0,11,140,140_.jpg""}, {""name"": ""Jim Varney"", ""role"": ""Slinky Dog"", ""image_url"": ""https://m.media-amazon.com/images/M/MV5BZTQ5MDdjMDAtNTU4YS00OWI3LWFlNDItYjk2ZTZhYTc2OGRiXkEyXkFqcGc@._V1_QL75_UX140_CR0,16,140,140_.jpg""}, {""name"": ""Wallace Shawn"", ""role"": ""Rex"", ""image_url"": ""https://m.media-amazon.com/images/M/MV5BMTc3MDYzMDQ1OF5BMl5BanBnXkFtZTcwMDQ3OTc1MQ@@._V1_QL75_UX140_CR0,7,140,140_.jpg""}]",1h 21m
tt1345836,The Dark Knight Rises,https://m.media-amazon.com/images/M/MV5BMTk4ODQzNDY3Ml5BMl5BanBnXkFtZTcwODA0NTM4Nw@@._V1_FMjpg_UX1000_.jpg,"Bane, an imposing terrorist, attacks Gotham City and disrupts its eight-year-long period of peace. This forces Bruce Wayne to come out of hiding and don the cape and cowl of Batman again.","Dark Comedy, Farce, Parody, Political Drama, Psychological Drama, Quirky Comedy, Satire, Tragedy, Comedy, War","Christopher Nolan, ","[{""name"": ""Christian Bale"", ""role"": ""Bruce Wayne"", ""image_url"": ""https://m.media-amazon.com/images/M/MV5BMTkxMzk4MjQ4MF5BMl5BanBnXkFtZTcwMzExODQxOA@@._V1_QL75_UX140_CR0,12,140,140_.jpg""}, {""name"": ""Tom Hardy"", ""role"": ""Bane"", ""image_url"": ""https://m.media-amazon.com/images/M/MV5BMTQ3ODEyNjA4Nl5BMl5BanBnXkFtZTgwMTE4ODMyMjE@._V1_QL75_UX140_CR0,12,140,140_.jpg""}, {""name"": ""Anne Hathaway"", ""role"": ""Selina"", ""image_url"": ""https://m.media-amazon.com/images/M/MV5BYWQ5MzViNjUtODdmMi00MjYxLTg0OTItM2NkOTg1YzFjYjMxXkEyXkFqcGc@._V1_CR427,126,1366,2049_QL75_UX140_CR0,12,140,140_.jpg""}, {""name"": ""Gary Oldman"", ""role"": ""Commissioner Gordon"", ""image_url"": ""https://m.media-amazon.com/images/M/MV5BMTc3NTM4MzQ5MV5BMl5BanBnXkFtZTcwOTE4MDczNw@@._V1_QL75_UX140_CR0,10,140,140_.jpg""}, {""name"": ""Joseph Gordon-Levitt"", ""role"": ""Blake"", ""image_url"": ""https://m.media-amazon.com/images/M/MV5BMTY3NTk0NDI3Ml5BMl5BanBnXkFtZTgwNDA3NjY0MjE@._V1_QL75_UX140_CR0,8,140,140_.jpg""}]",2h 44m
tt0086879,Amadeus,https://m.media-amazon.com/images/M/MV5BMzc2MjM0NTMtOGY4NC00NzY1LWE2ODUtZjMzY2RhNGNkZDAyXkEyXkFqcGc@._V1_FMjpg_UX1000_.jpg,"In 18th-century Vienna, court composer Antonio Salieri becomes awed and consumed by envy when the gifted, irreverent Wolfgang Amadeus Mozart bursts onto the imperial music scene.","Costume Drama, Epic, Period Drama, Psychological Drama, Tragedy, Biography, Drama, Music","Miloš Forman, ","[{""name"": ""F. Murray Abraham"", ""role"": ""Antonio Salieri"", ""image_url"": ""https://m.media-amazon.com/images/M/MV5BYjUxMDFjMTUtNGJjYy00ZGFhLWEyZGYtZTg1NjdjMWU0NmY4XkEyXkFqcGc@._V1_QL75_UX140_CR0,12,140,140_.jpg""}, {""name"": ""Tom Hulce"", ""role"": ""Wolfgang Amadeus Mozart"", ""image_url"": ""https://m.media-amazon.com/images/M/MV5BMTM0ODY0MTE0NF5BMl5BanBnXkFtZTcwOTQwNTIzOA@@._V1_QL75_UX140_CR0,12,140,140_.jpg""}, {""name"": ""Elizabeth Berridge"", ""role"": ""Constanze Mozart"", ""image_url"": ""https://m.media-amazon.com/images/M/MV5BMTU2MDg1OTg3Nl5BMl5BanBnXkFtZTcwOTgxMTg5Nw@@._V1_QL75_UX140_CR0,12,140,140_.jpg""}, {""name"": ""Roy Dotrice"", ""role"": ""Leopold Mozart"", ""image_url"": ""https://m.media-amazon.com/images/M/MV5BMTEzMTk0NjE4MDdeQTJeQWpwZ15BbWU3MDAwNTU0MDg@._V1_QL75_UX140_CR0,12,140,140_.jpg""}, {""name"": ""Simon Callow"", ""role"": ""Emanuel Schikaneder"", ""image_url"": ""https://m.media-amazon.com/images/M/MV5BMjI4OTc3MDkwNl5BMl5BanBnXkFtZTcwMTQ4MTg5Nw@@._V1_QL75_UX140_CR0,0,140,140_.jpg""}]",2h 40m
tt5311514,Your Name.,https://m.media-amazon.com/images/M/MV5BMjI1ODZkYTgtYTY3Yy00ZTJkLWFkOTgtZDUyYWM4MzQwNjk0XkEyXkFqcGc@._V1_FMjpg_UX1000_.jpg,"Two teenagers, a city boy in Tokyo and a girl in rural Japan, mysteriously begin swapping bodies, forging a connection that sends them searching for one another.",,"Makoto Shinkai, ","[{""name"": ""Ry\u00fbnosuke Kamiki"", ""role"": ""Taki Tachibana"", ""image_url"": ""https://m.media-amazon.com/images/M/MV5BMTNlYTgwMmItM2EzOC00OTQwLTk3MzktZGQwYTFhODZiZmUwXkEyXkFqcGc@._V1_QL75_UY140_CR35,0,140,140_.jpg""}, {""name"": ""Mone Kamishiraishi"", ""role"": ""Mitsuha Miyamizu"", ""image_url"": ""https://m.media-amazon.com/images/M/MV5BNjVjMDg1YmQtNDIxMC00ZTI5LTk4ZWEtMTgxNTVmMTMwNTdmXkEyXkFqcGc@._V1_QL75_UX140_CR0,12,140,140_.jpg""}, {""name"": ""Ry\u014d Narita"", ""role"": ""Katsuhiko Teshigawara"", ""image_url"": ""https://m.media-amazon.com/images/M/MV5BZjMxMjEzZDMtYjk3Zi00OTU0LTllZjgtNWM0MjZmY2Y1N2FiXkEyXkFqcGc@._V1_QL75_UX140_CR0,12,140,140_.jpg""}, {""name"": ""Aoi Y\u00fbki"", ""role"": ""Sayaka Natori"", ""image_url"": ""https://m.media-amazon.com/images/M/MV5BMzViYzkyNmMtYzQ2NS00ZjBmLTk2YzQtYjBkNzc2MzQxN2I1XkEyXkFqcGc@._V1_QL75_UX140_CR0,9,140,140_.jpg""}, {""name"": ""Nobunaga Shimazaki"", ""role"": ""Tsukasa Fujii"", ""image_url"": ""https://m.media-amazon.com/images/M/MV5BNmRiOWYwMzYtNGQ5Yi00YjhiLWI0OGItM2NiMDNiMDIzMTUxXkEyXkFqcGc@._V1_QL75_UX140_CR0,2,140,140_.jpg""}]",1h 46m
tt1187043,3 Idiots,https://m.media-amazon.com/images/M/MV5BNzc4ZWQ3NmYtODE0Ny00YTQ4LTlkZWItNTBkMGQ0MmUwMmJlXkEyXkFqcGc@._V1_FMjpg_UX1000_.jpg,"Two friends search for a brilliant, free-spirited classmate whose unconventional approach to engineering school changed their lives and challenged a rigid education system.","Hindi, Buddy Comedy, Coming-of-Age, Parody, Quirky Comedy, Satire, Comedy, Drama","Rajkumar Hirani, ","[{""name"": ""Aamir Khan"", ""role"": ""Ranchhoddas Shamaldas Chanchad (Rancho)"", ""image_url"": ""https://m.media-amazon.com/images/M/MV5BMjAwMjk3NDUzN15BMl5BanBnXkFtZTcwNjI4MTY0NA@@._V1_QL75_UX140_CR0,12,140,140_.jpg""}, {""name"": ""Madhavan"", ""role"": ""Farhan Qureshi"", ""image_url"": ""https://m.media-amazon.com/images/M/MV5BMDIzMjFkNWItY2IwMy00MmJjLWE0NzQtMzFkN2UwOWIxYTMxXkEyXkFqcGc@._V1_QL75_UX140_CR0,12,140,140_.jpg""}, {""name"": ""Mona Singh"", ""role"": ""Mona"", ""image_url"": ""https://m.media-amazon.com/images/M/MV5BOTc2OGFhZTktYjU1Mi00MjcxLTg5NWEtYjc4YWNhYzU2MWQ1XkEyXkFqcGc@._V1_QL75_UX140_CR0,6,140,140_.jpg""}, {""name"": ""Sharman Joshi"", ""role"": ""Raju Rastogi"", ""image_url"": ""https://m.media-amazon.com/images/M/MV5BZWZiOWE2NjYtMDI3Ny00NzEyLTlmYTgtM2M5ZDFjYTQxYTA2XkEyXkFqcGc@._V1_QL75_UX140_CR0,8,140,140_.jpg""}, {""name"": ""Kareena Kapoor"", ""role"": ""Pia Sahastrabuddhe"", ""image_url"": ""https://m.media-amazon.com/images/M/MV5BMjAyNjM4NTAwN15BMl5BanBnXkFtZTcwNDkxNzQzNg@@._V1_QL75_UY140_CR35,0,140,140_.jpg""}]",2h 50m
tt0082096,Das Boot,https://m.media-amazon.com/images/M/MV5BNGU0MWZlMTUtM2Y3Ny00NGNmLWE5NmEtN2YxOWQzMGM3ZWYzXkEyXkFqcGc@._V1_FMjpg_UX1000_.jpg,"During World War II, a German U-boat crew embarks on a perilous Atlantic patrol, confronting enemy attacks, isolation, and the crushing strain of life underwater.","German, Epic, Period Drama, Psychological Drama, Survival, War Epic, Drama, War","Wolfgang Petersen, ","[{""name"": ""J\u00fcrgen Prochnow"", ""role"": ""Capt.-Lt. Henrich Lehmann-Willenbrock - Der Alte"", ""image_url"": ""https://m.media-amazon.com/images/M/MV5BMTgyNzQ3NDk4OF5BMl5BanBnXkFtZTYwMDgxMjA3._V1_QL75_UX140_CR0,21,140,140_.jpg""}, {""name"": ""Herbert Gr\u00f6nemeyer"", ""role"": ""Lt. Werner - Correspondent"", ""image_url"": ""https://m.media-amazon.com/images/M/MV5BMjcxNzgyOTk5Nl5BMl5BanBnXkFtZTcwNDE4MDkxNA@@._V1_QL75_UY140_CR42,0,140,140_.jpg""}, {""name"": ""Klaus Wennemann"", ""role"": ""Chief Engineer Fritz Grade - Der Leitende-Der LI"", ""image_url"": null}, {""name"": ""Hubertus Bengsch"", ""role"": ""1st Lieutenant - Number One-1WO"", ""image_url"": null}, {""name"": ""Martin Semmelrogge"", ""role"": ""2nd Lieutenant - 2WO"", ""image_url"": ""https://m.media-amazon.com/images/M/MV5BMTMwNjk5MzM0Nl5BMl5BanBnXkFtZTcwMDg0MTkzNQ@@._V1_QL75_UY140_CR38,0,140,140_.jpg""}]",2h 29m
tt0112573,Braveheart,https://m.media-amazon.com/images/M/MV5BNGMxZDBhNGQtYTZlNi00N2UzLWI4NDEtNmUzNWM2NTdmZDA0XkEyXkFqcGc@._V1_FMjpg_UX1000_.jpg,Scottish warrior William Wallace leads his countrymen in a rebellion to free his homeland from the tyranny of King Edward I of England.,"Action Epic, Costume Drama, Epic, Period Drama, War Epic, Drama, War","Mel Gibson, ","[{""name"": ""Mel Gibson"", ""role"": ""William Wallace"", ""image_url"": ""https://m.media-amazon.com/images/M/MV5BNTUzOTMwNTM0OV5BMl5BanBnXkFtZTcwNDQwMTUxMw@@._V1_QL75_UX140_CR0,3,140,140_.jpg""}, {""name"": ""Sophie Marceau"", ""role"": ""Princess Isabelle"", ""image_url"": ""https://m.media-amazon.com/images/M/MV5BMTc5NjA5OTk4Ml5BMl5BanBnXkFtZTYwNzkyNzYz._V1_QL75_UX140_CR0,15,140,140_.jpg""}, {""name"": ""Patrick McGoohan"", ""role"": ""Longshanks - King Edward I"", ""image_url"": ""https://m.media-amazon.com/images/M/MV5BNjA2ZGQ0ZGQtZjMyMC00N2ZlLThkZTAtMWRmM2JiODBiNjg5XkEyXkFqcGc@._V1_QL75_UX140_CR0,0,140,140_.jpg""}, {""name"": ""James Robinson"", ""role"": ""Young William"", ""image_url"": ""https://m.media-amazon.com/images/M/MV5BYjZiZjM1ZjktMzg3ZC00OTM4LWIyMTUtMjE5YjlhYmIwYmQzXkEyXkFqcGc@._V1_QL75_UX140_CR0,0,140,140_.jpg""}, {""name"": ""Sean Lawlor"", ""role"": ""Malcolm Wallace"", ""image_url"": ""https://m.media-amazon.com/images/M/MV5BMjE5MTM4NTQ3OF5BMl5BanBnXkFtZTcwMTI3MzYyMQ@@._V1_QL75_UX140_CR0,5,140,140_.jpg""}]",2h 58m
tt0119698,Princess Mononoke,https://m.media-amazon.com/images/M/MV5BZTcyN2Y0MDYtMGI1NC00MWQ1LWFhZGMtN2U4NTcxZGYyNjljXkEyXkFqcGc@._V1_FMjpg_UX1000_.jpg,"After a deadly curse forces him from home, young warrior Ashitaka journeys west and is drawn into a conflict between ancient forest spirits, an iron town, and a wolf-raised girl.","Japanese, Action Epic, Adult Animation, Adventure Epic, Anime, Dark Fantasy, Epic, Fantasy Epic, Hand-Drawn Animation, Quest","Hayao Miyazaki, ","[{""name"": ""Y\u00f4ji Matsuda"", ""role"": ""Ashitaka"", ""image_url"": null}, {""name"": ""Yuriko Ishida"", ""role"": ""San"", ""image_url"": ""https://m.media-amazon.com/images/M/MV5BNjQ2OGMzOWUtN2U2ZS00ZWJlLWJjMzctNTBiNDc0YWRiM2NhXkEyXkFqcGc@._V1_QL75_UX140_CR0,12,140,140_.jpg""}, {""name"": ""Y\u00fbko Tanaka"", ""role"": ""Eboshi-gozen"", ""image_url"": null}, {""name"": ""Kaoru Kobayashi"", ""role"": ""Jiko-b\u00f4"", ""image_url"": ""https://m.media-amazon.com/images/M/MV5BMjA0MTI2MzQ1Ml5BMl5BanBnXkFtZTcwODcxMTA3Nw@@._V1_QL75_UY140_CR30,0,140,140_.jpg""}, {""name"": ""Masahiko Nishimura"", ""role"": ""Kouroku"", ""image_url"": ""https://m.media-amazon.com/images/M/MV5BM2QwNDFlYWItOGFmMy00ZmUyLTkzNGItNjIyZWZhNmFkYWE3XkEyXkFqcGc@._V1_QL75_UX140_CR0,11,140,140_.jpg""}]",2h 13m
tt0364569,Oldboy,https://m.media-amazon.com/images/M/MV5BMTAwNzNjYWItZmI0Ni00ZTcyLWIwNWMtZjlmNGMxZTEyYTJmXkEyXkFqcGc@._V1_FMjpg_UX1000_.jpg,"After being kidnapped and imprisoned for fifteen years, Oh Dae-Su is released, only to find that he must track down his captor in five days.","Korean, One-Person Army Action, Psychological Drama, Psychological Thriller, Suspense Mystery, Action, Drama, Mystery, Thriller","Park Chan-wook, ","[{""name"": ""Choi Min-sik"", ""role"": ""Dae-su Oh"", ""image_url"": ""https://m.media-amazon.com/images/M/MV5BYTFjZDU0MzUtZTg4Ny00YmQ5LTk0NmYtZDFhYjliNzUyMjFlXkEyXkFqcGc@._V1_QL75_UX140_CR0,12,140,140_.jpg""}, {""name"": ""Yoo Ji-tae"", ""role"": ""Lee Woo-jin"", ""image_url"": ""https://m.media-amazon.com/images/M/MV5BYTE2ZGQzYTMtZGU3MS00OWRjLWEwMjctMDMzNTRiYTU3MjQ5XkEyXkFqcGc@._V1_QL75_UX140_CR0,12,140,140_.jpg""}, {""name"": ""Kang Hye-jeong"", ""role"": ""Mi-do"", ""image_url"": ""https://m.media-amazon.com/images/M/MV5BOTgyMDY1MDE5M15BMl5BanBnXkFtZTcwNDI3MDExOA@@._V1_QL75_UX140_CR0,8,140,140_.jpg""}, {""name"": ""Kim Byeong-Ok"", ""role"": ""Mr. Han"", ""image_url"": ""https://m.media-amazon.com/images/M/MV5BMjE0MjUwNjgxNl5BMl5BanBnXkFtZTcwNTU4MTI2NQ@@._V1_QL75_UY140_CR36,0,140,140_.jpg""}, {""name"": ""Ji Dae-han"", ""role"": ""No Joo-hwan"", ""image_url"": null}]",2h
tt0057012,Dr. Strangelove or: How I Learned to Stop Worrying and Love the Bomb,https://m.media-amazon.com/images/M/MV5BMjFjYzBlOTktMTI2OS00ZWVhLTgxMDUtNzAwODY2NmI3YTAzXkEyXkFqcGc@._V1_FMjpg_UX1000_.jpg,"After a rogue U.S. general orders an unauthorized nuclear attack on the Soviet Union, leaders in the War Room race to prevent global catastrophe.","Dark Comedy, Farce, Parody, Political Drama","Stanley Kubrick, ","[{""name"": ""Peter Sellers"", ""role"": ""Group Capt. Lionel Mandrake"", ""image_url"": ""https://m.media-amazon.com/images/M/MV5BYTdjN2M5MzAtMTMxMi00YWY5LTgxNmItOWJkMTRiMTdlZmQyXkEyXkFqcGc@._V1_QL75_UY140_CR1,0,140,140_.jpg""}, {""name"": ""George C. Scott"", ""role"": ""Gen. 'Buck' Turgidson"", ""image_url"": ""https://m.media-amazon.com/images/M/MV5BODM2OTUyOTAtZDhhNC00Mjg1LWE0ZDMtMWZlOTk5YzNlZjU3XkEyXkFqcGc@._V1_QL75_UX140_CR0,0,140,140_.jpg""}, {""name"": ""Sterling Hayden"", ""role"": ""Brig. Gen. Jack D. Ripper"", ""image_url"": ""https://m.media-amazon.com/images/M/MV5BMjE0MTk1NjkzN15BMl5BanBnXkFtZTcwMzA1MjE1Mg@@._V1_QL75_UX140_CR0,18,140,140_.jpg""}, {""name"": ""Keenan Wynn"", ""role"": ""Col. 'Bat' Guano"", ""image_url"": ""https://m.media-amazon.com/images/M/MV5BZjgxMDk3YTctYjJiMy00MTQ1LWE0ZmItMDIzMmRhNDYxZTVlXkEyXkFqcGc@._V1_QL75_UX140_CR0,0,140,140_.jpg""}, {""name"": ""Slim Pickens"", ""role"": ""Maj. 'King' Kong"", ""image_url"": ""https://m.media-amazon.com/images/M/MV5BMzM5MDQyNjI3Nl5BMl5BanBnXkFtZTcwMTA1MjE1Mg@@._V1_QL75_UX140_CR0,4,140,140_.jpg""}]",1h 35m
tt0169547,American Beauty,https://m.media-amazon.com/images/M/MV5BMDI1MDE0OTMtMmI2MS00Yjc2LTg2MTItMWExYTg5NzA1OGUzXkEyXkFqcGc@._V1_FMjpg_UX1000_.jpg,A sexually frustrated suburban father has a mid-life crisis after becoming infatuated with his daughter's best friend.,"Dark Comedy, Psychological Drama, Drama","Sam Mendes, ","[{""name"": ""Kevin Spacey"", ""role"": ""Lester Burnham"", ""image_url"": ""https://m.media-amazon.com/images/M/MV5BMTY1NzMyODc3Nl5BMl5BanBnXkFtZTgwNzE2MzA1NDM@._V1_QL75_UY140_CR16,0,140,140_.jpg""}, {""name"": ""Annette Bening"", ""role"": ""Carolyn Burnham"", ""image_url"": ""https://m.media-amazon.com/images/M/MV5BZjkzMmEwNDItZDViZC00ODM4LWE3ZWUtODM2OGQxMjhjZmFhXkEyXkFqcGc@._V1_QL75_UX140_CR0,12,140,140_.jpg""}, {""name"": ""Thora Birch"", ""role"": ""Jane Burnham"", ""image_url"": ""https://m.media-amazon.com/images/M/MV5BYzAwZjZhN2MtNzRmNS00NGI1LWIyYTgtZjMyZmM0NmE0MzRlXkEyXkFqcGc@._V1_QL75_UX140_CR0,0,140,140_.jpg""}, {""name"": ""Wes Bentley"", ""role"": ""Ricky Fitts"", ""image_url"": ""https://m.media-amazon.com/images/M/MV5BOTgyOTY5OTA5OF5BMl5BanBnXkFtZTcwNzM1MjM1Nw@@._V1_QL75_UX140_CR0,12,140,140_.jpg""}, {""name"": ""Mena Suvari"", ""role"": ""Angela Hayes"", ""image_url"": ""https://m.media-amazon.com/images/M/MV5BNTQ0MjExNTUtMWRiYS00OGVjLWE0YjktZmNlYmJjMTI4YmI3XkEyXkFqcGc@._V1_QL75_UX140_CR0,12,140,140_.jpg""}]",2h 2m
tt8267604,Capernaum,https://m.media-amazon.com/images/M/MV5BYzEyMzQ1OTktZTljZi00OWQzLWE2ZmUtZjQyNzBjYjE1NTc0XkEyXkFqcGc@._V1_FMjpg_UX1000_.jpg,"While serving a five-year sentence for a violent crime, a 12-year-old boy sues his parents for neglect.","Arabic, Coming-of-Age, Legal Drama, Psychological Drama, Drama","Nadine Labaki, ","[{""name"": ""Zain Al Rafeea"", ""role"": ""Zain"", ""image_url"": ""https://m.media-amazon.com/images/M/MV5BOGNhMTI0ZjUtMmQxNC00YzBiLWE3MmMtYjVhMThhN2Y5OTEyXkEyXkFqcGc@._V1_QL75_UX140_CR0,12,140,140_.jpg""}, {""name"": ""Yordanos Shifera"", ""role"": ""Rahil"", ""image_url"": null}, {""name"": ""Boluwatife Treasure Bankole"", ""role"": ""Yonas"", ""image_url"": ""https://m.media-amazon.com/images/M/MV5BZTQ5MTkzZWUtM2M1Yi00OTAxLWI3NGEtNjhjZDZhNzk5NmU3XkEyXkFqcGc@._V1_QL75_UY140_CR6,0,140,140_.jpg""}, {""name"": ""Kawsar Al Haddad"", ""role"": ""Souad"", ""image_url"": null}, {""name"": ""Fadi Yousef"", ""role"": ""Selim"", ""image_url"": null}]",2h 6m
tt0045152,Singin' in the Rain,https://m.media-amazon.com/images/M/MV5BMGQzZDFjZWUtZDU4ZS00ZjM3LTgyYmItYjA3YmIwYzRkZWY3XkEyXkFqcGc@._V1_FMjpg_UX1000_.jpg,"When Hollywood's silent era gives way to talkies, a dashing screen idol and a gifted newcomer navigate romance, rivalry, and the comic chaos of reinventing the movies.","Classic Musical, Feel-Good Romance, Jukebox Musical, Romantic Comedy, Satire, Slapstick, Comedy, Musical, Romance","Stanley Donen, Gene Kelly, , ","[{""name"": ""Gene Kelly"", ""role"": ""Don Lockwood"", ""image_url"": ""https://m.media-amazon.com/images/M/MV5BMGRjYTg5OGItYTFjZC00ZjU2LWI0NzgtYzFlZjYxYmUzMDkwXkEyXkFqcGc@._V1_QL75_UX140_CR0,0,140,140_.jpg""}, {""name"": ""Donald O'Connor"", ""role"": ""Cosmo Brown"", ""image_url"": ""https://m.media-amazon.com/images/M/MV5BZDY2Y2RmOGUtNWFiOC00NDBmLTkzN2ItMTBiZTgxMjQxOWY3XkEyXkFqcGc@._V1_QL75_UX140_CR0,0,140,140_.jpg""}, {""name"": ""Debbie Reynolds"", ""role"": ""Kathy Selden"", ""image_url"": ""https://m.media-amazon.com/images/M/MV5BMTM5NTAzNzM0NF5BMl5BanBnXkFtZTcwMTY4OTY2Nw@@._V1_QL75_UX140_CR0,10,140,140_.jpg""}, {""name"": ""Jean Hagen"", ""role"": ""Lina Lamont"", ""image_url"": ""https://m.media-amazon.com/images/M/MV5BMjA5MjMwMjQxNV5BMl5BanBnXkFtZTcwMjY2MzYwOA@@._V1_QL75_UX140_CR0,0,140,140_.jpg""}, {""name"": ""Millard Mitchell"", ""role"": ""R.F. Simpson"", ""image_url"": ""https://m.media-amazon.com/images/M/MV5BNTE1Njk3NDAwOF5BMl5BanBnXkFtZTcwNzMxNDMxOA@@._V1_QL75_UX140_CR0,0,140,140_.jpg""}]",1h 43m
tt0087843,Once Upon a Time in America,https://m.media-amazon.com/images/M/MV5BMDQ0ZTg2OGUtZjMyOC00M2M5LThkMmItZmM2MmUzMmIxMWJhXkEyXkFqcGc@._V1_FMjpg_UX1000_.jpg,"A former New York gangster returns after decades in exile, confronting the friendships, dreams, and regrets that shaped his rise from street kid to Prohibition-era mobster.","Dark Comedy, Epic, Gangster, Heist, Period Drama, Crime, Drama","Sergio Leone, ","[{""name"": ""Robert De Niro"", ""role"": ""Noodles"", ""image_url"": ""https://m.media-amazon.com/images/M/MV5BMjAwNDU3MzcyOV5BMl5BanBnXkFtZTcwMjc0MTIxMw@@._V1_QL75_UX140_CR0,0,140,140_.jpg""}, {""name"": ""James Woods"", ""role"": ""Max"", ""image_url"": ""https://m.media-amazon.com/images/M/MV5BMTM3NTEzNjI5NV5BMl5BanBnXkFtZTcwNjQzOTkwNA@@._V1_QL75_UX140_CR0,0,140,140_.jpg""}, {""name"": ""Elizabeth McGovern"", ""role"": ""Deborah"", ""image_url"": ""https://m.media-amazon.com/images/M/MV5BMjI3MzM5ODYyNF5BMl5BanBnXkFtZTcwODIwNzk4Ng@@._V1_QL75_UX140_CR0,12,140,140_.jpg""}, {""name"": ""Treat Williams"", ""role"": ""Jimmy O'Donnell"", ""image_url"": ""https://m.media-amazon.com/images/M/MV5BMTg0MzcwOTkzNV5BMl5BanBnXkFtZTcwMDc3NTA3MQ@@._V1_QL75_UX140_CR0,0,140,140_.jpg""}, {""name"": ""Tuesday Weld"", ""role"": ""Carol"", ""image_url"": ""https://m.media-amazon.com/images/M/MV5BYzBjMjE3YjAtODc0ZC00YjllLTlhNDAtNTg0M2QyNWI2NTc4XkEyXkFqcGc@._V1_QL75_UX140_CR0,0,140,140_.jpg""}]",3h 49m
tt7286456,Joker,https://m.media-amazon.com/images/M/MV5BNzY3OWQ5NDktNWQ2OC00ZjdlLThkMmItMDhhNDk3NTFiZGU4XkEyXkFqcGc@._V1_FMjpg_UX1000_.jpg,"Arthur Fleck, a party clown and a failed stand-up comedian, leads an impoverished life with his ailing mother. However, when society shuns him and brands him as a freak, he decides to embrace the life of chaos in Gotham City.","DC, Period Drama, Psychological Drama, Tragedy, Drama","Todd Phillips, ","[{""name"": ""Joaquin Phoenix"", ""role"": ""Arthur Fleck"", ""image_url"": ""https://m.media-amazon.com/images/M/MV5BYjFjNGYzYjEtNGE0Ny00M2IyLTk5ZmYtODE3ZGFkMzVjYmNmXkEyXkFqcGc@._V1_QL75_UX140_CR0,12,140,140_.jpg""}, {""name"": ""Robert De Niro"", ""role"": ""Murray Franklin"", ""image_url"": ""https://m.media-amazon.com/images/M/MV5BMjAwNDU3MzcyOV5BMl5BanBnXkFtZTcwMjc0MTIxMw@@._V1_QL75_UX140_CR0,0,140,140_.jpg""}, {""name"": ""Zazie Beetz"", ""role"": ""Sophie Dumond"", ""image_url"": ""https://m.media-amazon.com/images/M/MV5BMDdlNjNkZTAtNWQ0Ny00ZDdiLWJlM2EtYzYxMjMyY2U2MjgxXkEyXkFqcGc@._V1_CR119,0,666,999_QL75_UX140_CR0,12,140,140_.jpg""}, {""name"": ""Frances Conroy"", ""role"": ""Penny Fleck"", ""image_url"": ""https://m.media-amazon.com/images/M/MV5BMTM4OTIzMTg5MF5BMl5BanBnXkFtZTYwNjA5OTIz._V1_QL75_UX140_CR0,10,140,140_.jpg""}, {""name"": ""Brett Cullen"", ""role"": ""Thomas Wayne"", ""image_url"": ""https://m.media-amazon.com/images/M/MV5BMTI0NzI0MzU1M15BMl5BanBnXkFtZTcwMjM0Mjg3MQ@@._V1_QL75_UX140_CR0,0,140,140_.jpg""}]",2h 2m
tt0435761,Toy Story 3,https://m.media-amazon.com/images/M/MV5BMTgxOTY4Mjc0MF5BMl5BanBnXkFtZTcwNTA4MDQyMw@@._V1_FMjpg_UX1000_.jpg,"As Andy prepares to leave for college, Woody, Buzz and the gang face an uncertain future when a mix-up sends them to a daycare center full of new toys.","Toy Story, Computer Animation, Urban Adventure, Adventure, Animation, Comedy, Family, Fantasy","Lee Unkrich, ","[{""name"": ""Tom Hanks"", ""role"": ""Woody"", ""image_url"": ""https://m.media-amazon.com/images/M/MV5BMTQ2MjMwNDA3Nl5BMl5BanBnXkFtZTcwMTA2NDY3NQ@@._V1_QL75_UX140_CR0,8,140,140_.jpg""}, {""name"": ""Tim Allen"", ""role"": ""Buzz Lightyear"", ""image_url"": ""https://m.media-amazon.com/images/M/MV5BMTI5ODY0NTAwOF5BMl5BanBnXkFtZTcwOTI3NjQxMw@@._V1_QL75_UX140_CR0,12,140,140_.jpg""}, {""name"": ""Joan Cusack"", ""role"": ""Jessie"", ""image_url"": ""https://m.media-amazon.com/images/M/MV5BMTMzMTAxMjQzMV5BMl5BanBnXkFtZTYwMzU1OTE1._V1_QL75_UX140_CR0,11,140,140_.jpg""}, {""name"": ""Ned Beatty"", ""role"": ""Lotso"", ""image_url"": ""https://m.media-amazon.com/images/M/MV5BMjEyMzQ2Mzc3MF5BMl5BanBnXkFtZTYwMDIwMDM1._V1_QL75_UX140_CR0,12,140,140_.jpg""}, {""name"": ""Don Rickles"", ""role"": ""Mr. Potato Head"", ""image_url"": ""https://m.media-amazon.com/images/M/MV5BMTY0NTk1NzY1M15BMl5BanBnXkFtZTcwNjk4NDMwNA@@._V1_QL75_UX140_CR0,11,140,140_.jpg""}]",1h 43m
tt0086190,Star Wars: Episode VI - Return of the Jedi,https://m.media-amazon.com/images/M/MV5BNWEwOTI0MmUtMGNmNy00ODViLTlkZDQtZTg1YmQ3MDgyNTUzXkEyXkFqcGc@._V1_FMjpg_UX1000_.jpg,"After rescuing Han Solo from Jabba the Hutt, the Rebel Alliance attempts to destroy the second Death Star while Luke struggles to help Darth Vader back from the dark side.","Star Wars, Action Epic, Adventure Epic, Fantasy Epic, Sci-Fi Epic, Space Sci-Fi, Sword & Sorcery, Action, Adventure, Fantasy","Richard Marquand, ","[{""name"": ""Mark Hamill"", ""role"": ""Luke Skywalker"", ""image_url"": ""https://m.media-amazon.com/images/M/MV5BMjZjY2I2NmYtMTMxMC00OTYwLWI0M2UtZWNkYzMyOGNlNmY4XkEyXkFqcGc@._V1_QL75_UX140_CR0,0,140,140_.jpg""}, {""name"": ""Harrison Ford"", ""role"": ""Han Solo"", ""image_url"": ""https://m.media-amazon.com/images/M/MV5BMTY4Mjg0NjIxOV5BMl5BanBnXkFtZTcwMTM2NTI3MQ@@._V1_QL75_UX140_CR0,11,140,140_.jpg""}, {""name"": ""Carrie Fisher"", ""role"": ""Princess Leia"", ""image_url"": ""https://m.media-amazon.com/images/M/MV5BMjM3MjI4NTI4MV5BMl5BanBnXkFtZTgwNzgyMzQyNDM@._V1_QL75_UY140_CR35,0,140,140_.jpg""}, {""name"": ""Billy Dee Williams"", ""role"": ""Lando Calrissian"", ""image_url"": ""https://m.media-amazon.com/images/M/MV5BNDI4MDQ2NTUzNV5BMl5BanBnXkFtZTYwNjA4NzUz._V1_QL75_UX140_CR0,5,140,140_.jpg""}, {""name"": ""Anthony Daniels"", ""role"": ""C-3PO"", ""image_url"": ""https://m.media-amazon.com/images/M/MV5BMzg3MzU2NTUxMF5BMl5BanBnXkFtZTcwMTE1NjI4NA@@._V1_QL75_UX140_CR0,2,140,140_.jpg""}]",2h 11m
tt0091251,Come and See,https://m.media-amazon.com/images/M/MV5BNDlkZmVkZDAtZGFmMS00OWIzLWJkY2YtNWE5NjNhNjhiZGE3XkEyXkFqcGc@._V1_FMjpg_UX1000_.jpg,"After finding a rifle, a Belarusian teenager joins Soviet partisans in World War II and is swept into the harrowing realities of Nazi occupation.","Russian, Epic, Period Drama, Psychological Drama, Psychological Thriller, Survival, Tragedy, War Epic, Drama, Thriller","Elem Klimov, ","[{""name"": ""Aleksey Kravchenko"", ""role"": ""Flyora Gayshun"", ""image_url"": ""https://m.media-amazon.com/images/M/MV5BMjIyODk0OTIzMF5BMl5BanBnXkFtZTgwNTM4MTI2MTE@._V1_QL75_UY140_CR19,0,140,140_.jpg""}, {""name"": ""Olga Mironova"", ""role"": ""Glasha"", ""image_url"": ""https://m.media-amazon.com/images/M/MV5BMjAyMjg3MzY0MF5BMl5BanBnXkFtZTgwNDM4MTI2MTE@._V1_QL75_UY140_CR18,0,140,140_.jpg""}, {""name"": ""Liubomiras Laucevicius"", ""role"": ""Kosach"", ""image_url"": ""https://m.media-amazon.com/images/M/MV5BZmRmZDFjZGEtZjliOC00NjNjLTlhMmEtNmFkZDM0MjM5ZjJiXkEyXkFqcGc@._V1_QL75_UY140_CR23,0,140,140_.jpg""}, {""name"": ""Vladas Bagdonas"", ""role"": ""Rubezh"", ""image_url"": ""https://m.media-amazon.com/images/M/MV5BOTllZGE3YzMtN2YwNC00YzcxLWIwMTMtNDkxNmRlNGY3ZjBiXkEyXkFqcGc@._V1_QL75_UY140_CR24,0,140,140_.jpg""}, {""name"": ""J\u00fcri Lumiste"", ""role"": ""Obersturmf\u00fchrer"", ""image_url"": ""https://m.media-amazon.com/images/M/MV5BYjFmYTQzYTgtZTQ3ZC00ZjQ2LWIyZjItYTk0NWZhOTJkMzdjXkEyXkFqcGc@._V1_QL75_UY140_CR23,0,140,140_.jpg""}]",2h 22m
tt0180093,Requiem for a Dream,https://m.media-amazon.com/images/M/MV5BN2ZlMjIzZjctYzA2My00ZWYyLWI4ZjctMGI2NWYyNzFiZjAwXkEyXkFqcGc@._V1_FMjpg_UX1000_.jpg,"Four Coney Island dreamers chase love, fame, and escape, but addiction and obsession begin to distort their hopes for a better life.","Epic, Psychological Drama, Tragedy, Drama","Darren Aronofsky, ","[{""name"": ""Ellen Burstyn"", ""role"": ""Sara Goldfarb"", ""image_url"": ""https://m.media-amazon.com/images/M/MV5BMTU4MjYxMDc3MF5BMl5BanBnXkFtZTYwNzU3MDIz._V1_QL75_UX140_CR0,12,140,140_.jpg""}, {""name"": ""Jared Leto"", ""role"": ""Harry Goldfarb"", ""image_url"": ""https://m.media-amazon.com/images/M/MV5BMTczMjUwNDUzMF5BMl5BanBnXkFtZTgwNDA4OTAzMTE@._V1_QL75_UX140_CR0,12,140,140_.jpg""}, {""name"": ""Jennifer Connelly"", ""role"": ""Marion Silver"", ""image_url"": ""https://m.media-amazon.com/images/M/MV5BNGMwYmU3MTAtYjcyOC00NGMzLTgzYzItMTc4YzQwNzNhYjRmXkEyXkFqcGc@._V1_QL75_UX140_CR0,12,140,140_.jpg""}, {""name"": ""Marlon Wayans"", ""role"": ""Tyrone C. Love"", ""image_url"": ""https://m.media-amazon.com/images/M/MV5BNDU4OTdjMTAtY2VkNC00ZDg5LWI2N2MtNzQ4NzdkNmM0YmUwXkEyXkFqcGc@._V1_QL75_UX140_CR0,12,140,140_.jpg""}, {""name"": ""Christopher McDonald"", ""role"": ""Tappy Tibbons"", ""image_url"": ""https://m.media-amazon.com/images/M/MV5BNzExMTRlMzktYzEzYS00N2I0LWE4OWUtZTI2ZTJlNTM1YzAzXkEyXkFqcGc@._V1_CR174,55,457,685_QL75_UX140_CR0,12,140,140_.jpg""}]",1h 42m
tt33175825,Attack on Titan: The Last Attack,https://m.media-amazon.com/images/M/MV5BNzVjOWEwYjEtNDJhOC00YjUyLThjMWItMDQwZGY1ODM4YzI3XkEyXkFqcGc@._V1_FMjpg_UX1000_.jpg,"The fate of the world hangs in the balance as Eren unleashes the ultimate power of the Titans. With a burning determination to eliminate all who threaten Eldia, he leads an unstoppable army of Colossal Titans towards Marley.","Japanese, Action Epic, Adult Animation, Adventure Epic, Anime, Body Horror, Hand-Drawn Animation","Ryota Aikei, Yūichirō Hayashi, Tokio Igarashi, , , ","[{""name"": ""Tom\u00e1s Abalo"", ""role"": ""Lobo"", ""image_url"": ""https://m.media-amazon.com/images/M/MV5BYWMwODZiM2MtNTdkZi00ZWFkLWI5MDQtYTk0MTE4YzdkOWRkXkEyXkFqcGc@._V1_QL75_UX140_CR0,0,140,140_.jpg""}, {""name"": ""Natsuki Hanae"", ""role"": ""Falco Grice"", ""image_url"": ""https://m.media-amazon.com/images/M/MV5BNjAxZjNmNTUtYTE4Mi00MGYxLTliMzctYmMzNzZjNDVmMGRiXkEyXkFqcGc@._V1_QL75_UX140_CR0,12,140,140_.jpg""}, {""name"": ""Yoshimasa Hosoya"", ""role"": ""Reiner Braun"", ""image_url"": ""https://m.media-amazon.com/images/M/MV5BMTEwZTlhOWYtOGVmZC00ZGNlLTlkNzYtZWRiYTg3Y2M5OTY4XkEyXkFqcGc@._V1_QL75_UX140_CR0,7,140,140_.jpg""}, {""name"": ""Marina Inoue"", ""role"": ""Armin Arlert"", ""image_url"": ""https://m.media-amazon.com/images/M/MV5BY2M5OWMzNGMtZDBiNi00ZmZlLTgxNDEtZTI5MjNhNmIzMGU0XkEyXkFqcGc@._V1_QL75_UX140_CR0,1,140,140_.jpg""}, {""name"": ""Yui Ishikawa"", ""role"": ""Mikasa Ackerman"", ""image_url"": ""https://m.media-amazon.com/images/M/MV5BMTZjYTM1MzQtZThlOC00YTFmLWE0NzUtMzgyYTg4YmUwMDU1XkEyXkFqcGc@._V1_QL75_UX140_CR0,6,140,140_.jpg""}]",2h 25m
tt0044741,Ikiru,https://m.media-amazon.com/images/M/MV5BMmNlZTk4ZjQtY2I5NS00NmNiLTlkNmUtYTc3YmE0ZTk3OGNiXkEyXkFqcGc@._V1_FMjpg_UX1000_.jpg,"An aging Tokyo bureaucrat, shaken by a grave diagnosis, breaks from his hollow routine and searches for meaning, connection, and one worthwhile act.","Japanese, Psychological Drama, Tragedy, Drama","Akira Kurosawa, ","[{""name"": ""Takashi Shimura"", ""role"": ""Kanji Watanabe"", ""image_url"": ""https://m.media-amazon.com/images/M/MV5BMTUyNjY0ODYyMV5BMl5BanBnXkFtZTcwMDg0MTc4Ng@@._V1_QL75_UY140_CR24,0,140,140_.jpg""}, {""name"": ""Nobuo Kaneko"", ""role"": ""Mitsuo Watanabe, Kanji's son"", ""image_url"": ""https://m.media-amazon.com/images/M/MV5BOTJlMjNkZDItZjZmNi00N2M4LWI0MDAtNjAyMzcyMTAwNWIxXkEyXkFqcGc@._V1_QL75_UY140_CR94,0,140,140_.jpg""}, {""name"": ""Shin'ichi Himori"", ""role"": ""Kimura"", ""image_url"": ""https://m.media-amazon.com/images/M/MV5BMTQ4NjE5NTQ1M15BMl5BanBnXkFtZTcwMTY2ODMwNw@@._V1_QL75_UY140_CR29,0,140,140_.jpg""}, {""name"": ""Haruo Tanaka"", ""role"": ""Sakai"", ""image_url"": ""https://m.media-amazon.com/images/M/MV5BMzdmMzAyYWYtYzA1Yi00ODA4LWJmODktZGYzNDk3MjMyMWY0XkEyXkFqcGc@._V1_QL75_UY140_CR24,0,140,140_.jpg""}, {""name"": ""Minoru Chiaki"", ""role"": ""Noguchi"", ""image_url"": ""https://m.media-amazon.com/images/M/MV5BMzI3MThhNjctNGM4MS00NzEzLTg2ZTktZjY1NjRjN2ZiYjY5XkEyXkFqcGc@._V1_QL75_UY140_CR98,0,140,140_.jpg""}]",2h 23m
tt1255953,Incendies,https://m.media-amazon.com/images/M/MV5BYWFmMjdmNjctNzhhOC00ZmMzLTkwOGItMmVmZDU4MjE2MTYwXkEyXkFqcGc@._V1_FMjpg_UX1000_.jpg,Twins journey to the Middle East to discover their family history and fulfill their mother's last wishes.,"French, Psychological Drama, Suspense Mystery, Drama, Mystery, War","Denis Villeneuve, ","[{""name"": ""Lubna Azabal"", ""role"": ""Nawal Marwan"", ""image_url"": ""https://m.media-amazon.com/images/M/MV5BMzE2NzU0MzEzMF5BMl5BanBnXkFtZTgwODc5NDcxMjE@._V1_QL75_UY140_CR35,0,140,140_.jpg""}, {""name"": ""M\u00e9lissa D\u00e9sormeaux-Poulin"", ""role"": ""Jeanne Marwan"", ""image_url"": ""https://m.media-amazon.com/images/M/MV5BMmFjZTQwNmQtODI3Yi00Nzk2LTg0NGUtNDQwZDg5OTcxYWRlXkEyXkFqcGc@._V1_QL75_UX140_CR0,12,140,140_.jpg""}, {""name"": ""Maxim Gaudette"", ""role"": ""Simon Marwan"", ""image_url"": ""https://m.media-amazon.com/images/M/MV5BOGFmNzE0YmQtMzYxNC00ZjY4LTg1NTYtOTNlNTM5OWUzYzY4XkEyXkFqcGc@._V1_QL75_UX140_CR0,13,140,140_.jpg""}, {""name"": ""Mustafa Kamel"", ""role"": ""Barbier de la Milice"", ""image_url"": null}, {""name"": ""Hussein Sami"", ""role"": ""Nihad (5 Ans)"", ""image_url"": null}]",2h 11m
tt2106476,The Hunt,https://m.media-amazon.com/images/M/MV5BMTg2NDg3ODg4NF5BMl5BanBnXkFtZTcwNzk3NTc3Nw@@._V1_FMjpg_UX1000_.jpg,"A teacher lives a lonely life, all the while struggling over his son's custody. His life slowly gets better as he finds love and receives good news from his son, but his new luck is about to be brutally shattered by an innocent little lie.","Danish, Psychological Drama, Tragedy, Drama","Thomas Vinterberg, ","[{""name"": ""Mads Mikkelsen"", ""role"": ""Lucas"", ""image_url"": ""https://m.media-amazon.com/images/M/MV5BMTcyMTU5MzgxMF5BMl5BanBnXkFtZTYwMDI0NjI1._V1_QL75_UX140_CR0,12,140,140_.jpg""}, {""name"": ""Thomas Bo Larsen"", ""role"": ""Theo"", ""image_url"": ""https://m.media-amazon.com/images/M/MV5BMTYyODM1NjAxMV5BMl5BanBnXkFtZTcwMzkwNTM4Nw@@._V1_QL75_UX140_CR0,12,140,140_.jpg""}, {""name"": ""Annika Wedderkopp"", ""role"": ""Klara"", ""image_url"": ""https://m.media-amazon.com/images/M/MV5BYTdmY2ZhOWEtMTgwOC00NDk5LTllM2QtYjdlYjIxNDk4MmY0XkEyXkFqcGc@._V1_QL75_UX140_CR0,10,140,140_.jpg""}, {""name"": ""Lasse Fogelstr\u00f8m"", ""role"": ""Marcus"", ""image_url"": null}, {""name"": ""Susse Wold"", ""role"": ""Grethe"", ""image_url"": ""https://m.media-amazon.com/images/M/MV5BNjUxMDk4ZjYtMjgzOC00ZDlmLThlZjEtZmM1NTllYmVmZGNiXkEyXkFqcGc@._V1_QL75_UX140_CR0,0,140,140_.jpg""}]",1h 55m
tt0338013,Eternal Sunshine of the Spotless Mind,https://m.media-amazon.com/images/M/MV5BMTY4NzcwODg3Nl5BMl5BanBnXkFtZTcwNTEwOTMyMw@@._V1_FMjpg_UX1000_.jpg,"When their relationship turns sour, a couple undergoes a medical procedure to have each other erased from their memories forever.","Dark Romance, Epic, Psychological Drama, Romantic Epic, Sci-Fi Epic, Drama, Romance, Sci-Fi","Michel Gondry, ","[{""name"": ""Jim Carrey"", ""role"": ""Joel Barish"", ""image_url"": ""https://m.media-amazon.com/images/M/MV5BMTQwMjAwNzI0M15BMl5BanBnXkFtZTcwOTY1MTMyOQ@@._V1_QL75_UX140_CR0,0,140,140_.jpg""}, {""name"": ""Kate Winslet"", ""role"": ""Clementine Kruczynski"", ""image_url"": ""https://m.media-amazon.com/images/M/MV5BODgzMzM2NTE0Ml5BMl5BanBnXkFtZTcwMTcyMTkyOQ@@._V1_QL75_UX140_CR0,15,140,140_.jpg""}, {""name"": ""Tom Wilkinson"", ""role"": ""Dr. Mierzwiak"", ""image_url"": ""https://m.media-amazon.com/images/M/MV5BMTcxNzc0NzQyN15BMl5BanBnXkFtZTcwNjI1NDA2MQ@@._V1_QL75_UX140_CR0,3,140,140_.jpg""}, {""name"": ""Gerry Robert Byrne"", ""role"": ""Train Conductor"", ""image_url"": ""https://m.media-amazon.com/images/M/MV5BZTBkNDljYzYtNTIxYS00NDk2LTg1OGUtZjBmZWViMmRhOTUwXkEyXkFqcGc@._V1_QL75_UX140_CR0,1,140,140_.jpg""}, {""name"": ""Elijah Wood"", ""role"": ""Patrick"", ""image_url"": ""https://m.media-amazon.com/images/M/MV5BMTM0NDIxMzQ5OF5BMl5BanBnXkFtZTcwNzAyNTA4Nw@@._V1_QL75_UX140_CR0,12,140,140_.jpg""}]",1h 48m
tt0053604,The Apartment,https://m.media-amazon.com/images/M/MV5BNDdhMzVhOWQtNDU2Mi00ZmZmLWJiZDMtY2QxMjhjY2Y1ZTI5XkEyXkFqcGc@._V1_FMjpg_UX1000_.jpg,"A Manhattan insurance clerk tries to rise in his company by letting its executives use his apartment for trysts, but office politics and his own romantic hopes complicate matters.","Dark Comedy, Farce, Feel-Good Romance, Holiday Comedy, Holiday Romance, Psychological Drama, Quirky Comedy, Romantic Comedy, Satire, Workplace Drama","Billy Wilder, ","[{""name"": ""Jack Lemmon"", ""role"": ""C.C. Baxter"", ""image_url"": ""https://m.media-amazon.com/images/M/MV5BMjU1Yzg5MWQtMDgyOS00MmEyLWFjMjAtYjM0Yzk2ZTBkZmUzXkEyXkFqcGc@._V1_QL75_UX140_CR0,4,140,140_.jpg""}, {""name"": ""Shirley MacLaine"", ""role"": ""Fran Kubelik"", ""image_url"": ""https://m.media-amazon.com/images/M/MV5BMTI0MTE5MjQ1MF5BMl5BanBnXkFtZTYwMzU2MDg1._V1_QL75_UX140_CR0,9,140,140_.jpg""}, {""name"": ""Fred MacMurray"", ""role"": ""Jeff D. Sheldrake"", ""image_url"": ""https://m.media-amazon.com/images/M/MV5BOTE3ODI1NzQtNzlmOS00YWYxLTliMzAtYjVkZDA1YWY3MGJjXkEyXkFqcGc@._V1_QL75_UX140_CR0,0,140,140_.jpg""}, {""name"": ""Ray Walston"", ""role"": ""Joe Dobisch"", ""image_url"": ""https://m.media-amazon.com/images/M/MV5BOGIxMTVkZTctMDcwNS00MWEzLWIxYmItNDE3ZWE4MjIxZGU5XkEyXkFqcGc@._V1_QL75_UX140_CR0,12,140,140_.jpg""}, {""name"": ""Jack Kruschen"", ""role"": ""Dr. Dreyfuss"", ""image_url"": ""https://m.media-amazon.com/images/M/MV5BMTk1NjA4NDA4N15BMl5BanBnXkFtZTcwODY2MzYxOA@@._V1_QL75_UX140_CR0,9,140,140_.jpg""}]",2h 5m
tt0056172,Lawrence of Arabia,https://m.media-amazon.com/images/M/MV5BYjY0YTQ1OTAtYjEyNy00NTQ4LThlMTQtM2QwYTVhYWFhNjU5XkEyXkFqcGc@._V1_FMjpg_UX1000_.jpg,"The story of T.E. Lawrence, the English officer who successfully united and led the diverse, often warring, Arab tribes during World War I in order to fight the Turks.","Adventure Epic, Desert Adventure, Epic, Tragedy, War Epic, Adventure, Biography, Drama, War","David Lean, ","[{""name"": ""Peter O'Toole"", ""role"": ""Lawrence"", ""image_url"": ""https://m.media-amazon.com/images/M/MV5BMjA0MDYyNzczN15BMl5BanBnXkFtZTYwNjMzNjMz._V1_QL75_UX140_CR0,8,140,140_.jpg""}, {""name"": ""Alec Guinness"", ""role"": ""Prince Faisal"", ""image_url"": ""https://m.media-amazon.com/images/M/MV5BMTUyMjgzMjczOF5BMl5BanBnXkFtZTgwNzcyMzQyNDM@._V1_QL75_UX140_CR0,15,140,140_.jpg""}, {""name"": ""Anthony Quinn"", ""role"": ""Auda Abu Tayi"", ""image_url"": ""https://m.media-amazon.com/images/M/MV5BYmE4OWMwYTYtYmVkZS00ZmFmLTk2M2QtYTg2OGZkYzlmNzVhXkEyXkFqcGc@._V1_QL75_UY140_CR1,0,140,140_.jpg""}, {""name"": ""Jack Hawkins"", ""role"": ""General Edmund Allenby"", ""image_url"": ""https://m.media-amazon.com/images/M/MV5BMTU0MTk0NzI5OF5BMl5BanBnXkFtZTcwNTI1NjQwOA@@._V1_QL75_UX140_CR0,1,140,140_.jpg""}, {""name"": ""Omar Sharif"", ""role"": ""Sherif Ali"", ""image_url"": ""https://m.media-amazon.com/images/M/MV5BMTU0ODg3MjM0OF5BMl5BanBnXkFtZTYwNTM2MDU0._V1_QL75_UX140_CR0,16,140,140_.jpg""}]",3h 47m
tt0113277,Heat,https://m.media-amazon.com/images/M/MV5BMTkxYjU1OTMtYWViZC00ZjAzLWI3MDktZGQ2N2VmMjVjNDRlXkEyXkFqcGc@._V1_FMjpg_UX1000_.jpg,A group of high-end professional thieves start to feel the heat from the LAPD when they unknowingly leave a verbal clue at their latest heist.,"Action Epic, Cop Drama, Epic, Gangster, Heist, Police Procedural, Psychological Drama, Action, Crime, Drama","Michael Mann, ","[{""name"": ""Al Pacino"", ""role"": ""Vincent Hanna"", ""image_url"": ""https://m.media-amazon.com/images/M/MV5BMTQzMzg1ODAyNl5BMl5BanBnXkFtZTYwMjAxODQ1._V1_QL75_UX140_CR0,13,140,140_.jpg""}, {""name"": ""Robert De Niro"", ""role"": ""Neil McCauley"", ""image_url"": ""https://m.media-amazon.com/images/M/MV5BMjAwNDU3MzcyOV5BMl5BanBnXkFtZTcwMjc0MTIxMw@@._V1_QL75_UX140_CR0,0,140,140_.jpg""}, {""name"": ""Val Kilmer"", ""role"": ""Chris Shiherlis"", ""image_url"": ""https://m.media-amazon.com/images/M/MV5BMTk3ODIzMDA5Ml5BMl5BanBnXkFtZTcwNDY0NTU4Ng@@._V1_QL75_UX140_CR0,7,140,140_.jpg""}, {""name"": ""Jon Voight"", ""role"": ""Nate"", ""image_url"": ""https://m.media-amazon.com/images/M/MV5BMTc2NTE3NDA3M15BMl5BanBnXkFtZTgwMDMyNTM1MjE@._V1_QL75_UX140_CR0,8,140,140_.jpg""}, {""name"": ""Tom Sizemore"", ""role"": ""Michael Cheritto"", ""image_url"": ""https://m.media-amazon.com/images/M/MV5BNjA3NjA0MzIwOV5BMl5BanBnXkFtZTYwNzk5NDE1._V1_QL75_UX140_CR0,10,140,140_.jpg""}]",2h 50m
tt0086250,Scarface,https://m.media-amazon.com/images/M/MV5BNDUzYjY0NmUtMDM4OS00Y2Q5LWJiODYtNTk0ZTk0YjZhMTg1XkEyXkFqcGc@._V1_FMjpg_UX1000_.jpg,"In the 1980s, a determined criminal-minded Cuban immigrant becomes the biggest drug smuggler in Miami, and is eventually undone by his own drug addiction.","Drug Crime, Epic, Gangster, Crime, Drama","Brian De Palma, ","[{""name"": ""Al Pacino"", ""role"": ""Tony Montana"", ""image_url"": ""https://m.media-amazon.com/images/M/MV5BMTQzMzg1ODAyNl5BMl5BanBnXkFtZTYwMjAxODQ1._V1_QL75_UX140_CR0,13,140,140_.jpg""}, {""name"": ""Michelle Pfeiffer"", ""role"": ""Elvira"", ""image_url"": ""https://m.media-amazon.com/images/M/MV5BMTUzNjI0Njc5NF5BMl5BanBnXkFtZTYwOTM2MjYz._V1_QL75_UX140_CR0,13,140,140_.jpg""}, {""name"": ""Steven Bauer"", ""role"": ""Manny Ray"", ""image_url"": ""https://m.media-amazon.com/images/M/MV5BMTkwNTY5MzMzMF5BMl5BanBnXkFtZTcwMjAyNDYzMQ@@._V1_QL75_UX140_CR0,0,140,140_.jpg""}, {""name"": ""Mary Elizabeth Mastrantonio"", ""role"": ""Gina"", ""image_url"": ""https://m.media-amazon.com/images/M/MV5BMTk0Mzc5MzIxN15BMl5BanBnXkFtZTYwODUwNjc1._V1_QL75_UX140_CR0,13,140,140_.jpg""}, {""name"": ""Robert Loggia"", ""role"": ""Frank Lopez"", ""image_url"": ""https://m.media-amazon.com/images/M/MV5BMTc4NTQzODU0Nl5BMl5BanBnXkFtZTcwMzczNDgwMw@@._V1_QL75_UX140_CR0,0,140,140_.jpg""}]",2h 50m
tt0105236,Reservoir Dogs,https://m.media-amazon.com/images/M/MV5BMmMzYjg4NDctYWY0Mi00OGViLWIzMTMtYWNlZGY5ZDJmYjk3XkEyXkFqcGc@._V1_FMjpg_UX1000_.jpg,"When a simple jewelry heist goes horribly wrong, the surviving criminals begin to suspect that one of them is a police informant.","Dark Comedy, Gangster, Heist, Psychological Thriller, Crime, Thriller","Quentin Tarantino, ","[{""name"": ""Harvey Keitel"", ""role"": ""Mr. White"", ""image_url"": ""https://m.media-amazon.com/images/M/MV5BMTcxMDcxMjgxOV5BMl5BanBnXkFtZTcwODc2NTk2MQ@@._V1_QL75_UX140_CR0,7,140,140_.jpg""}, {""name"": ""Tim Roth"", ""role"": ""Mr. Orange"", ""image_url"": ""https://m.media-amazon.com/images/M/MV5BMjA5NTA3MDQyOV5BMl5BanBnXkFtZTcwODM4NDE3Mw@@._V1_QL75_UX140_CR0,0,140,140_.jpg""}, {""name"": ""Michael Madsen"", ""role"": ""Mr. Blonde"", ""image_url"": ""https://m.media-amazon.com/images/M/MV5BZTcwMzgzNzUtOTIzZC00ZDkyLTg0NWQtMjQ0ODcyNGFlNGEzXkEyXkFqcGc@._V1_QL75_UX140_CR0,0,140,140_.jpg""}, {""name"": ""Chris Penn"", ""role"": ""Nice Guy Eddie"", ""image_url"": ""https://m.media-amazon.com/images/M/MV5BMTM2Nzk0OTcwOV5BMl5BanBnXkFtZTcwMDE0MzE0NQ@@._V1_QL75_UX140_CR0,13,140,140_.jpg""}, {""name"": ""Steve Buscemi"", ""role"": ""Mr. Pink"", ""image_url"": ""https://m.media-amazon.com/images/M/MV5BODc0NTU3NDA4M15BMl5BanBnXkFtZTcwNDkxNzQxNA@@._V1_QL75_UX140_CR0,1,140,140_.jpg""}]",1h 39m
tt1049413,Up,https://m.media-amazon.com/images/M/MV5BNmI1ZTc5MWMtMDYyOS00ZDc2LTkzOTAtNjQ4NWIxNjYyNDgzXkEyXkFqcGc@._V1_FMjpg_UX1000_.jpg,A grumpy old man turns his house into an airship using balloons and flies off to South America with a young stowaway.,"Adventure Epic, Buddy Comedy, Coming-of-Age, Computer Animation, Epic, Globetrotting Adventure, High-Concept Comedy, Psychological Drama, Quest, Adventure","Pete Docter, Bob Peterson, , ","[{""name"": ""Edward Asner"", ""role"": ""Carl Fredricksen"", ""image_url"": ""https://m.media-amazon.com/images/M/MV5BMTk0MDI4ODk5NF5BMl5BanBnXkFtZTcwMzg3ODQ3MQ@@._V1_QL75_UX140_CR0,9,140,140_.jpg""}, {""name"": ""Jordan Nagai"", ""role"": ""Russell"", ""image_url"": ""https://m.media-amazon.com/images/M/MV5BMTQ0NjczNDczNl5BMl5BanBnXkFtZTcwMDMwMTc1Mg@@._V1_QL75_UX140_CR0,0,140,140_.jpg""}, {""name"": ""John Ratzenberger"", ""role"": ""Construction Foreman Tom"", ""image_url"": ""https://m.media-amazon.com/images/M/MV5BZjg1MGJhMmEtZjNkMy00NDA2LWE5ZjgtZGY1OThjNDQyYWQ0XkEyXkFqcGc@._V1_QL75_UX140_CR0,0,140,140_.jpg""}, {""name"": ""Christopher Plummer"", ""role"": ""Charles Muntz"", ""image_url"": ""https://m.media-amazon.com/images/M/MV5BMTU5MzQ5MDY3NF5BMl5BanBnXkFtZTcwNzMxOTU5Ng@@._V1_QL75_UX140_CR0,7,140,140_.jpg""}, {""name"": ""Bob Peterson"", ""role"": ""Dug"", ""image_url"": ""https://m.media-amazon.com/images/M/MV5BMTU4NTQ4ODI5N15BMl5BanBnXkFtZTYwNzIwODA3._V1_QL75_UX140_CR0,0,140,140_.jpg""}]",1h 36m
tt0062622,2001: A Space Odyssey,https://m.media-amazon.com/images/M/MV5BNjU0NDFkMTQtZWY5OS00MmZhLTg3Y2QtZmJhMzMzMWYyYjc2XkEyXkFqcGc@._V1_FMjpg_UX1000_.jpg,"When a mysterious artifact is uncovered on the Moon, a spacecraft manned by two scientists and one supercomputer is dispatched to Jupiter to find its origins.","Adventure Epic, Artificial Intelligence, Epic, Psychological Drama, Sci-Fi Epic, Space Sci-Fi, Adventure, Sci-Fi","Stanley Kubrick, ","[{""name"": ""Keir Dullea"", ""role"": ""Dr. Dave Bowman"", ""image_url"": ""https://m.media-amazon.com/images/M/MV5BMzFjZmUwNTgtYWQwYy00ZTUzLWE4MTEtZTQ1ZDVmZDNhZmFkXkEyXkFqcGc@._V1_QL75_UX140_CR0,2,140,140_.jpg""}, {""name"": ""Gary Lockwood"", ""role"": ""Dr. Frank Poole"", ""image_url"": ""https://m.media-amazon.com/images/M/MV5BOTdmYzY4MDItNjM5OS00NTJlLWJkMjktZTYwYzBhMTU0ZWFmXkEyXkFqcGc@._V1_QL75_UY140_CR24,0,140,140_.jpg""}, {""name"": ""William Sylvester"", ""role"": ""Dr. Heywood R. Floyd"", ""image_url"": ""https://m.media-amazon.com/images/M/MV5BOGI5YzExYjctM2M1My00OTlkLThjODYtMTE2OGExZmE1NDZmXkEyXkFqcGc@._V1_QL75_UY140_CR86,0,140,140_.jpg""}, {""name"": ""Daniel Richter"", ""role"": ""Moon-Watcher"", ""image_url"": ""https://m.media-amazon.com/images/M/MV5BMGJlZTg1MTAtNDgzOS00NTdkLTliY2UtY2ZjZGYyMDU5ZmI0XkEyXkFqcGc@._V1_QL75_UY140_CR31,0,140,140_.jpg""}, {""name"": ""Leonard Rossiter"", ""role"": ""Dr. Andrei Smyslov"", ""image_url"": ""https://m.media-amazon.com/images/M/MV5BMTM1ODMwMzQ5OV5BMl5BanBnXkFtZTcwNTgxOTgxOA@@._V1_QL75_UX140_CR0,6,140,140_.jpg""}]",2h 29m
tt0036775,Double Indemnity,https://m.media-amazon.com/images/M/MV5BM2YwNjZlZDktNTlmNS00ODQwLWJmNmUtYmE1NTBhYjc1YTY5XkEyXkFqcGc@._V1_FMjpg_UX1000_.jpg,"An insurance representative is seduced by a dissatisfied housewife into a scheme of insurance fraud and murder that arouses the suspicion of his colleague, a claims investigator.","French, Feel-Good Romance, Quirky Comedy, Romantic Comedy, Comedy, Romance","Billy Wilder, ","[{""name"": ""Fred MacMurray"", ""role"": ""Walter Neff"", ""image_url"": ""https://m.media-amazon.com/images/M/MV5BOTE3ODI1NzQtNzlmOS00YWYxLTliMzAtYjVkZDA1YWY3MGJjXkEyXkFqcGc@._V1_QL75_UX140_CR0,0,140,140_.jpg""}, {""name"": ""Barbara Stanwyck"", ""role"": ""Phyllis Dietrichson"", ""image_url"": ""https://m.media-amazon.com/images/M/MV5BMmQwNmYwMDQtNzkzYy00MDVmLWExNGEtNGU1MTkxMjgyZDk3XkEyXkFqcGc@._V1_QL75_UX140_CR0,0,140,140_.jpg""}, {""name"": ""Edward G. Robinson"", ""role"": ""Barton Keyes"", ""image_url"": ""https://m.media-amazon.com/images/M/MV5BYjM3OGYzNmUtMWFlMi00MDgxLTkyZTYtOTM4M2ExNDk5ZWRhXkEyXkFqcGc@._V1_QL75_UX140_CR0,0,140,140_.jpg""}, {""name"": ""Porter Hall"", ""role"": ""Mr. Jackson"", ""image_url"": ""https://m.media-amazon.com/images/M/MV5BMzUzMTVmMjctNjE0OC00MGUxLTg2NjQtMjcxOWNjN2ZkMmRlXkEyXkFqcGc@._V1_QL75_UX140_CR0,0,140,140_.jpg""}, {""name"": ""Jean Heather"", ""role"": ""Lola Dietrichson"", ""image_url"": ""https://m.media-amazon.com/images/M/MV5BOWUwN2UwNDEtZDNjYi00ZGIzLTg3NWQtMmNhMzI1ZGU0ZDlmXkEyXkFqcGc@._V1_QL75_UX140_CR0,0,140,140_.jpg""}]",1h 47m
tt0986264,Like Stars on Earth,https://m.media-amazon.com/images/M/MV5BZTI0ZGRiMDEtNGNjMS00MGU4LWI3OTktNzcxMDZmZTk3MTljXkEyXkFqcGc@._V1_FMjpg_UX1000_.jpg,A young boy is thought to be nothing but a lazy troublemaker until the new art teacher has the patience and compassion to discover the real problem behind his struggles in school.,"Hindi, Coming-of-Age, Psychological Drama, Drama, Family","Aamir Khan, ","[{""name"": ""Darsheel Safary"", ""role"": ""Ishaan Nandkishore Awasthi"", ""image_url"": ""https://m.media-amazon.com/images/M/MV5BOTc4NzhjYmUtMmUxNi00OGE2LWJjODktZTFlMDBiNjUxOWQ3XkEyXkFqcGc@._V1_QL75_UX140_CR0,6,140,140_.jpg""}, {""name"": ""Aamir Khan"", ""role"": ""Ram Shankar Nikumbh"", ""image_url"": ""https://m.media-amazon.com/images/M/MV5BMjAwMjk3NDUzN15BMl5BanBnXkFtZTcwNjI4MTY0NA@@._V1_QL75_UX140_CR0,12,140,140_.jpg""}, {""name"": ""Tisca Chopra"", ""role"": ""Maya Awasthi"", ""image_url"": ""https://m.media-amazon.com/images/M/MV5BMWFlNTQ4ZTctOThlMy00ZDVkLWFkZDItZDNkNTZiMzNiMmQ1XkEyXkFqcGc@._V1_QL75_UX140_CR0,1,140,140_.jpg""}, {""name"": ""Vipin Sharma"", ""role"": ""Nandkishore Awasthi"", ""image_url"": ""https://m.media-amazon.com/images/M/MV5BNTc5MjcwYjQtZTE4Zi00OWI3LTkzNzQtMzBmZDhkYmI1MWNmXkEyXkFqcGc@._V1_QL75_UX140_CR0,0,140,140_.jpg""}, {""name"": ""Tanay Chheda"", ""role"": ""Rajan Damodran"", ""image_url"": ""https://m.media-amazon.com/images/M/MV5BMjA2NTU4NTI0MV5BMl5BanBnXkFtZTgwMjU4ODkxNzE@._V1_QL75_UX140_CR0,5,140,140_.jpg""}]",2h 42m
tt0053125,North by Northwest,https://m.media-amazon.com/images/M/MV5BZWIzODI2OGItMzM0Ny00OGRmLTlkNmItMDQxMTFmMTk3YmQwXkEyXkFqcGc@._V1_FMjpg_UX1000_.jpg,"A New York City advertising executive goes on the run after being mistaken for a government agent by a group of foreign spies, and falls for a woman whose loyalties he begins to doubt.","Spy, Adventure, Drama, Mystery, Thriller","Alfred Hitchcock, ","[{""name"": ""Cary Grant"", ""role"": ""Roger Thornhill"", ""image_url"": ""https://m.media-amazon.com/images/M/MV5BNjYwZjAwNjAtMmI4NC00MTg1LTk1MTktZTQwOGEyMDk1N2IzXkEyXkFqcGc@._V1_QL75_UX140_CR0,0,140,140_.jpg""}, {""name"": ""Eva Marie Saint"", ""role"": ""Eve Kendall"", ""image_url"": ""https://m.media-amazon.com/images/M/MV5BMjg4NDU4OTI4NF5BMl5BanBnXkFtZTcwODYxNjk0MQ@@._V1_QL75_UX140_CR0,6,140,140_.jpg""}, {""name"": ""James Mason"", ""role"": ""Phillip Vandamm"", ""image_url"": ""https://m.media-amazon.com/images/M/MV5BODViODdiNDItZTg2My00OWE3LTg1OWMtZTNjZjdjNTlhMTg1XkEyXkFqcGc@._V1_QL75_UX140_CR0,0,140,140_.jpg""}, {""name"": ""Jessie Royce Landis"", ""role"": ""Clara Thornhill"", ""image_url"": ""https://m.media-amazon.com/images/M/MV5BMTYwMDQ2MjIwNF5BMl5BanBnXkFtZTcwMDg1ODExOA@@._V1_QL75_UX140_CR0,0,140,140_.jpg""}, {""name"": ""Leo G. Carroll"", ""role"": ""The Professor"", ""image_url"": ""https://m.media-amazon.com/images/M/MV5BMzA3MzE0NDE3MF5BMl5BanBnXkFtZTcwNzA2MjYwOA@@._V1_QL75_UX140_CR0,0,140,140_.jpg""}]",2h 16m
tt31514146,I Swear,https://m.media-amazon.com/images/M/MV5BNWQxYTMyZTktZDg5Yi00Y2YwLWI4YzQtMjkyYmYxNmFjYThmXkEyXkFqcGc@._V1_FMjpg_UX1000_.jpg,"John Davidson: diagnosed with Tourette's syndrome at a young age which alienated him from his peers, he struggled with a condition few people had witnessed.","Dark Comedy, Docudrama, Biography, Drama","Kirk Jones, ","[{""name"": ""Robert Aramayo"", ""role"": ""John Davidson"", ""image_url"": ""https://m.media-amazon.com/images/M/MV5BMWVlNmEwNGUtYTRiYS00ZmY3LTk5Y2MtNTliMTg3YjlhZmE3XkEyXkFqcGc@._V1_QL75_UX140_CR0,0,140,140_.jpg""}, {""name"": ""Maxine Peake"", ""role"": ""Dottie Achenbach"", ""image_url"": ""https://m.media-amazon.com/images/M/MV5BMTcxNTY5NTAwNF5BMl5BanBnXkFtZTcwMzY5NTYxMw@@._V1_QL75_UX140_CR0,13,140,140_.jpg""}, {""name"": ""Somerled Campbell"", ""role"": ""Palace Official"", ""image_url"": null}, {""name"": ""Michael Dylan"", ""role"": ""Butler"", ""image_url"": null}, {""name"": ""David Carlyle"", ""role"": ""Chris Achenbach"", ""image_url"": ""https://m.media-amazon.com/images/M/MV5BMjM1ZGU1N2ItYzc4OC00MzEyLWI5ZjQtOWVlNDk0Y2U5Y2FmXkEyXkFqcGc@._V1_QL75_UX140_CR0,0,140,140_.jpg""}]",2h
tt0093058,Full Metal Jacket,https://m.media-amazon.com/images/M/MV5BYWUzNzZkNzUtNDdiYy00Nzk5LTgxMmItNTk0MjRjNjdjNDA0XkEyXkFqcGc@._V1_FMjpg_UX1000_.jpg,A pragmatic U.S. Marine observes the dehumanizing effects the Vietnam War has on his fellow recruits from their brutal boot camp training to the bloody street fighting in Hue.,"Dark Comedy, Period Drama, Psychological Drama, Drama, War","Stanley Kubrick, ","[{""name"": ""Matthew Modine"", ""role"": ""Pvt. Joker"", ""image_url"": ""https://m.media-amazon.com/images/M/MV5BMjE3NTE4NjQxOF5BMl5BanBnXkFtZTgwMTI3MzQwNDI@._V1_QL75_UX140_CR0,12,140,140_.jpg""}, {""name"": ""R. Lee Ermey"", ""role"": ""Gny. Sgt. Hartman"", ""image_url"": ""https://m.media-amazon.com/images/M/MV5BMTA4Mzg5MjgzODleQTJeQWpwZ15BbWU3MDY4MDA5MDM@._V1_QL75_UX140_CR0,0,140,140_.jpg""}, {""name"": ""Vincent D'Onofrio"", ""role"": ""Pvt. Pyle"", ""image_url"": ""https://m.media-amazon.com/images/M/MV5BMTk0NTE2MDkzNF5BMl5BanBnXkFtZTYwODUzMjcz._V1_QL75_UX140_CR0,5,140,140_.jpg""}, {""name"": ""Adam Baldwin"", ""role"": ""Animal Mother"", ""image_url"": ""https://m.media-amazon.com/images/M/MV5BMTY4MzUyNzE5Nl5BMl5BanBnXkFtZTYwMzAxODg1._V1_QL75_UX140_CR0,11,140,140_.jpg""}, {""name"": ""Dorian Harewood"", ""role"": ""Eightball"", ""image_url"": ""https://m.media-amazon.com/images/M/MV5BMjI2MjQzNzcxNV5BMl5BanBnXkFtZTcwMTU1NDg5Nw@@._V1_QL75_UX140_CR0,8,140,140_.jpg""}]",1h 56m
tt1832382,A Separation,https://m.media-amazon.com/images/M/MV5BMDM0ZWRmMzctM2M5ZS00ZjU0LWIxN2MtNWNlNGY1ZDhjMDVhXkEyXkFqcGc@._V1_FMjpg_UX1000_.jpg,A married couple have to decide whether to improve their daughter's life by moving abroad or to stay in Iran and look after a deteriorating parent with Alzheimer's disease.,"Persian, Legal Drama, Psychological Drama, Tragedy, Drama","Asghar Farhadi, ","[{""name"": ""Payman Maadi"", ""role"": ""Nader"", ""image_url"": ""https://m.media-amazon.com/images/M/MV5BMTQzMTI2NDQ5NV5BMl5BanBnXkFtZTgwMjM3Mjc1MjE@._V1_QL75_UX140_CR0,12,140,140_.jpg""}, {""name"": ""Leila Hatami"", ""role"": ""Simin"", ""image_url"": ""https://m.media-amazon.com/images/M/MV5BNTQ1Mzc1MjI3OF5BMl5BanBnXkFtZTcwMDYxNzk4Ng@@._V1_QL75_UY140_CR35,0,140,140_.jpg""}, {""name"": ""Sareh Bayat"", ""role"": ""Razieh"", ""image_url"": ""https://m.media-amazon.com/images/M/MV5BMTVlMGNjM2UtYjk4Zi00OGIxLTg3Y2QtOWQwOWQzZGFjMzMyXkEyXkFqcGc@._V1_QL75_UX140_CR0,12,140,140_.jpg""}, {""name"": ""Shahab Hosseini"", ""role"": ""Hojjat"", ""image_url"": ""https://m.media-amazon.com/images/M/MV5BNTM4N2UwMGUtNjJkMi00ODNlLTgxN2YtZmU4MTkzYjc0YmNhXkEyXkFqcGc@._V1_QL75_UX140_CR0,1,140,140_.jpg""}, {""name"": ""Sarina Farhadi"", ""role"": ""Termeh"", ""image_url"": ""https://m.media-amazon.com/images/M/MV5BMWI0ZTc4MDYtMDdjZi00NTk2LWE2Y2EtYjljYWQxZTUzYTg2XkEyXkFqcGc@._V1_QL75_UX140_CR0,4,140,140_.jpg""}]",2h 3m
tt0022100,M,https://m.media-amazon.com/images/M/MV5BODA4ODk3OTEzMF5BMl5BanBnXkFtZTgwMTQ2ODMwMzE@._V1_FMjpg_UX1000_.jpg,"When the police in a German city are unable to catch a child-murderer, other criminals join in the manhunt.","German, Psychological Thriller, Serial Killer, Suspense Mystery, Crime, Mystery, Thriller","Fritz Lang, ","[{""name"": ""Peter Lorre"", ""role"": ""Hans Beckert"", ""image_url"": ""https://m.media-amazon.com/images/M/MV5BY2UwNmNjMjYtOWU2YS00MmU2LWEzZDktMmQwYzFmM2I0YTcxXkEyXkFqcGc@._V1_QL75_UX140_CR0,0,140,140_.jpg""}, {""name"": ""Ellen Widmann"", ""role"": ""Frau Beckmann"", ""image_url"": null}, {""name"": ""Inge Landgut"", ""role"": ""Elsie Beckmann"", ""image_url"": ""https://m.media-amazon.com/images/M/MV5BNDEyNTg4ODA0M15BMl5BanBnXkFtZTgwNzY1MTEwMzE@._V1_QL75_UX140_CR0,0,140,140_.jpg""}, {""name"": ""Otto Wernicke"", ""role"": ""Inspector Karl Lohmann"", ""image_url"": ""https://m.media-amazon.com/images/M/MV5BMjEwMDQ4MTgzMl5BMl5BanBnXkFtZTgwNzIzNzExMzE@._V1_QL75_UX140_CR0,2,140,140_.jpg""}, {""name"": ""Theodor Loos"", ""role"": ""Inspector Groeber"", ""image_url"": ""https://m.media-amazon.com/images/M/MV5BZDljYmMzMzgtODkwYi00YzFkLWEyNGMtMDZjOTMwYzE3YjQ5XkEyXkFqcGc@._V1_QL75_UX140_CR0,0,140,140_.jpg""}]",1h 39m
tt0095016,Die Hard,https://m.media-amazon.com/images/M/MV5BMGNlYmM1NmQtYWExMS00NmRjLTg5ZmEtMmYyYzJkMzljYWMxXkEyXkFqcGc@._V1_FMjpg_UX1000_.jpg,A New York City cop tries to save his wife and several others taken hostage by terrorists during a Christmas party in a Los Angeles skyscraper.,"Dark Comedy, Disaster, One-Person Army Action, Action, Holiday, Thriller","John McTiernan, ","[{""name"": ""Bruce Willis"", ""role"": ""John McClane"", ""image_url"": ""https://m.media-amazon.com/images/M/MV5BMjA0MjMzMTE5OF5BMl5BanBnXkFtZTcwMzQ2ODE3Mw@@._V1_QL75_UX140_CR0,0,140,140_.jpg""}, {""name"": ""Alan Rickman"", ""role"": ""Hans Gruber"", ""image_url"": ""https://m.media-amazon.com/images/M/MV5BMTUwNTc4MTg4Ml5BMl5BanBnXkFtZTcwNDY2MjkxOA@@._V1_QL75_UX140_CR0,2,140,140_.jpg""}, {""name"": ""Bonnie Bedelia"", ""role"": ""Holly Gennaro McClane"", ""image_url"": ""https://m.media-amazon.com/images/M/MV5BNzEyOTA4MTM5OV5BMl5BanBnXkFtZTcwNTQ4NTQzMQ@@._V1_QL75_UX140_CR0,5,140,140_.jpg""}, {""name"": ""Reginald VelJohnson"", ""role"": ""Sgt. Al Powell"", ""image_url"": ""https://m.media-amazon.com/images/M/MV5BMjEzODJkOGUtOTM4ZC00MGY1LTkwMzgtMTNkMTMzMWE2ZDUwXkEyXkFqcGc@._V1_CR1,1,1288,1932_QL75_UX140_CR0,12,140,140_.jpg""}, {""name"": ""Paul Gleason"", ""role"": ""Dwayne T. Robinson"", ""image_url"": ""https://m.media-amazon.com/images/M/MV5BODc1MzYwNjE1Nl5BMl5BanBnXkFtZTYwMDAyMTkz._V1_QL75_UX140_CR0,3,140,140_.jpg""}]",2h 12m
tt0211915,Amélie,https://m.media-amazon.com/images/M/MV5BOTNmYzY0MWQtZGZmNy00Y2Y4LWFmMDQtMTZjYTdiYzEwZGQ2XkEyXkFqcGc@._V1_FMjpg_UX1000_.jpg,"Despite being caught in her imaginative world, young waitress Amelie decides to help people find happiness. Her quest to spread joy leads her on a journey during which she finds true love.","French, Feel-Good Romance, Quirky Comedy, Romantic Comedy, Comedy, Romance","Jean-Pierre Jeunet, ","[{""name"": ""Audrey Tautou"", ""role"": ""Am\u00e9lie Poulain"", ""image_url"": ""https://m.media-amazon.com/images/M/MV5BMTYzOTgyNjk1Nl5BMl5BanBnXkFtZTcwNjMwMjI1OQ@@._V1_QL75_UX140_CR0,12,140,140_.jpg""}, {""name"": ""Mathieu Kassovitz"", ""role"": ""Nino Quincampoix"", ""image_url"": ""https://m.media-amazon.com/images/M/MV5BMzIwMzIzMzE3NF5BMl5BanBnXkFtZTYwNzcwODU1._V1_QL75_UX140_CR0,15,140,140_.jpg""}, {""name"": ""Rufus"", ""role"": ""Rapha\u00ebl Poulain"", ""image_url"": ""https://m.media-amazon.com/images/M/MV5BMjIzMDA5MzIwMF5BMl5BanBnXkFtZTcwNjkwOTAyNw@@._V1_QL75_UY140_CR61,0,140,140_.jpg""}, {""name"": ""Lorella Cravotta"", ""role"": ""Amandine Poulain"", ""image_url"": null}, {""name"": ""Serge Merlin"", ""role"": ""Raymond Dufayel"", ""image_url"": null}]",2h 2m
tt0052357,Vertigo,https://m.media-amazon.com/images/M/MV5BNzEyZTUxMWItMGVhYy00Y2NlLTljYTMtYzBmMzI1YmUyMDBkXkEyXkFqcGc@._V1_FMjpg_UX1000_.jpg,"A former San Francisco police detective juggles wrestling with his personal demons and becoming obsessed with the hauntingly beautiful woman he has been hired to trail, who may be deeply disturbed.","Conspiracy Thriller, Dark Romance, Psychological Thriller, Suspense Mystery, Tragedy, Tragic Romance, Mystery, Romance, Thriller","Alfred Hitchcock, ","[{""name"": ""James Stewart"", ""role"": ""John 'Scottie' Ferguson"", ""image_url"": ""https://m.media-amazon.com/images/M/MV5BMjIwNzMzODY0NV5BMl5BanBnXkFtZTcwMDk3NDQyOA@@._V1_QL75_UX140_CR0,0,140,140_.jpg""}, {""name"": ""Kim Novak"", ""role"": ""Madeleine Elster"", ""image_url"": ""https://m.media-amazon.com/images/M/MV5BNWIxY2Y1NzYtZDFhZi00OGUyLThkMWItMTQ1ZjlkODA3ODQ2XkEyXkFqcGc@._V1_QL75_UX140_CR0,14,140,140_.jpg""}, {""name"": ""Barbara Bel Geddes"", ""role"": ""Marjorie 'Midge' Wood"", ""image_url"": ""https://m.media-amazon.com/images/M/MV5BMTIzOTg1OTg5Nl5BMl5BanBnXkFtZTcwOTYyMDEzMQ@@._V1_QL75_UX140_CR0,9,140,140_.jpg""}, {""name"": ""Tom Helmore"", ""role"": ""Gavin Elster"", ""image_url"": ""https://m.media-amazon.com/images/M/MV5BMTc3NDkzMTAxN15BMl5BanBnXkFtZTcwMjIzNDYxOA@@._V1_QL75_UX140_CR0,7,140,140_.jpg""}, {""name"": ""Henry Jones"", ""role"": ""Coroner"", ""image_url"": ""https://m.media-amazon.com/images/M/MV5BMTU4MDE4Mjk5NF5BMl5BanBnXkFtZTcwMTY3MjYxOA@@._V1_QL75_UX140_CR0,6,140,140_.jpg""}]",2h 8m
tt0056592,To Kill a Mockingbird,https://m.media-amazon.com/images/M/MV5BZTlkYWU4MGEtZmQyYi00OWEzLTgzY2EtYzVjOTEzYzAyNTk1XkEyXkFqcGc@._V1_FMjpg_UX1000_.jpg,A widowed lawyer in Depression-era Alabama defends a black man against a false rape charge while teaching his young children about the sad reality of prejudice.,"Legal Drama, Period Drama, Psychological Drama, Crime, Drama","Robert Mulligan, ","[{""name"": ""Gregory Peck"", ""role"": ""Atticus Finch"", ""image_url"": ""https://m.media-amazon.com/images/M/MV5BYWU1YTkwOGEtZTdjOC00ZDEyLThkZWUtMzY4ZjYzYWQyM2FlXkEyXkFqcGc@._V1_QL75_UX140_CR0,0,140,140_.jpg""}, {""name"": ""John Megna"", ""role"": ""Dill Harris"", ""image_url"": ""https://m.media-amazon.com/images/M/MV5BYWI1NDk0MmEtYTQ3OC00NTk1LTlmYjItYWU2OWE1MWYzMzA5XkEyXkFqcGc@._V1_QL75_UY140_CR24,0,140,140_.jpg""}, {""name"": ""Frank Overton"", ""role"": ""Sheriff Heck Tate"", ""image_url"": ""https://m.media-amazon.com/images/M/MV5BMTU0Mjg0OTQ2Ml5BMl5BanBnXkFtZTcwNzE5NjMzMQ@@._V1_QL75_UX140_CR0,0,140,140_.jpg""}, {""name"": ""Rosemary Murphy"", ""role"": ""Maudie Atkinson"", ""image_url"": ""https://m.media-amazon.com/images/M/MV5BODczNzkxNDI1MF5BMl5BanBnXkFtZTcwNjU1NTMxOA@@._V1_QL75_UX140_CR0,6,140,140_.jpg""}, {""name"": ""Ruth White"", ""role"": ""Mrs. Dubose"", ""image_url"": ""https://m.media-amazon.com/images/M/MV5BMTQzMTQ4MjQ2Ml5BMl5BanBnXkFtZTcwMDM0NDAyOA@@._V1_QL75_UX140_CR0,0,140,140_.jpg""}]",2h 9m
tt0033467,Citizen Kane,https://m.media-amazon.com/images/M/MV5BYjk1ZDJlMmUtOWQ0Zi00MDM5LTk1OGYtODczNjFmMGYwZGVkXkEyXkFqcGc@._V1_FMjpg_UX1000_.jpg,"Following the death of publishing tycoon Charles Foster Kane, reporters scramble to uncover the meaning of his final utterance: 'Rosebud.'","Epic, Period Drama, Psychological Drama, Tragedy, Drama, Mystery","Orson Welles, ","[{""name"": ""Orson Welles"", ""role"": ""Kane"", ""image_url"": ""https://m.media-amazon.com/images/M/MV5BNTZmNzM4YTItMzMzMC00NjgwLTkyYTgtNTNiOTFiNWEyMzIyXkEyXkFqcGc@._V1_QL75_UX140_CR0,0,140,140_.jpg""}, {""name"": ""Joseph Cotten"", ""role"": ""Jedediah Leland"", ""image_url"": ""https://m.media-amazon.com/images/M/MV5BMjA2MGMyZTQtNGQ3OC00YmJmLWE3NjQtNmM5M2NmN2I1YTIyXkEyXkFqcGc@._V1_QL75_UX140_CR0,0,140,140_.jpg""}, {""name"": ""Dorothy Comingore"", ""role"": ""Susan Alexander Kane"", ""image_url"": ""https://m.media-amazon.com/images/M/MV5BMTU4NjcwNTU5Ml5BMl5BanBnXkFtZTcwMDI5NDYwOA@@._V1_QL75_UX140_CR0,8,140,140_.jpg""}, {""name"": ""Agnes Moorehead"", ""role"": ""Mary Kane"", ""image_url"": ""https://m.media-amazon.com/images/M/MV5BMTk5YzdiOWItYjQ4My00NTBmLThmNmEtOTMxOWMwMGFmNzBmXkEyXkFqcGc@._V1_QL75_UX140_CR0,0,140,140_.jpg""}, {""name"": ""Ruth Warrick"", ""role"": ""Emily Monroe Norton Kane"", ""image_url"": ""https://m.media-amazon.com/images/M/MV5BMTczOTgxNTg3OV5BMl5BanBnXkFtZTcwMTQ4NDYwOA@@._V1_QL75_UX140_CR0,0,140,140_.jpg""}]",1h 59m
tt0097576,Indiana Jones and the Last Crusade,https://m.media-amazon.com/images/M/MV5BNGIxNzQ0YzYtMjNmYi00YjBlLWFjNzEtNGE3ZGFmYTczM2MwXkEyXkFqcGc@._V1_FMjpg_UX1000_.jpg,"In 1938, after his father goes missing while pursuing the Holy Grail, Indiana Jones finds himself up against the Nazis again to stop them from obtaining its powers.","Indiana Jones, Action Epic, Adventure Epic, Desert Adventure, Globetrotting Adventure, Quest, Adventure","Steven Spielberg, ","[{""name"": ""Harrison Ford"", ""role"": ""Indiana Jones"", ""image_url"": ""https://m.media-amazon.com/images/M/MV5BMTY4Mjg0NjIxOV5BMl5BanBnXkFtZTcwMTM2NTI3MQ@@._V1_QL75_UX140_CR0,11,140,140_.jpg""}, {""name"": ""Sean Connery"", ""role"": ""Professor Henry Jones"", ""image_url"": ""https://m.media-amazon.com/images/M/MV5BY2I3NDEyYjgtMDkzZS00YWUzLTk1ZGUtYmRlODc1ZDAyYjQ4XkEyXkFqcGc@._V1_QL75_UX140_CR0,0,140,140_.jpg""}, {""name"": ""Alison Doody"", ""role"": ""Elsa"", ""image_url"": ""https://m.media-amazon.com/images/M/MV5BMTc5NjI5MTExM15BMl5BanBnXkFtZTcwMjUxNDczMw@@._V1_QL75_UX140_CR0,3,140,140_.jpg""}, {""name"": ""Denholm Elliott"", ""role"": ""Marcus Brody"", ""image_url"": ""https://m.media-amazon.com/images/M/MV5BMTY2ODQ3NDc5Nl5BMl5BanBnXkFtZTcwNDAwMjg5Nw@@._V1_QL75_UY140_CR35,0,140,140_.jpg""}, {""name"": ""John Rhys-Davies"", ""role"": ""Sallah"", ""image_url"": ""https://m.media-amazon.com/images/M/MV5BMjMwNDY3NjQxMF5BMl5BanBnXkFtZTcwMDc3NTYyOQ@@._V1_QL75_UX140_CR0,0,140,140_.jpg""}]",2h 7m
tt0070735,The Sting,https://m.media-amazon.com/images/M/MV5BM2E4MGZjOGItNzAwYy00MjU5LTliZTEtNTQ3YTUzNmUzMjE0XkEyXkFqcGc@._V1_FMjpg_UX1000_.jpg,Two grifters team up to pull off the ultimate con.,"Caper, Gangster, Period Drama, Comedy, Crime, Drama","George Roy Hill, ","[{""name"": ""Paul Newman"", ""role"": ""Henry Gondorff"", ""image_url"": ""https://m.media-amazon.com/images/M/MV5BMzBmYzE4NmItODdjZS00Mjk2LWEzNjctNTJkZGNlMWY1M2I5XkEyXkFqcGc@._V1_QL75_UX140_CR0,1,140,140_.jpg""}, {""name"": ""Robert Redford"", ""role"": ""Johnny Hooker"", ""image_url"": ""https://m.media-amazon.com/images/M/MV5BMTk1Nzc5MzQyMV5BMl5BanBnXkFtZTcwNjQ5OTA0Mg@@._V1_QL75_UX140_CR0,4,140,140_.jpg""}, {""name"": ""Robert Shaw"", ""role"": ""Doyle Lonnegan"", ""image_url"": ""https://m.media-amazon.com/images/M/MV5BMTc0NzI3NTU2MF5BMl5BanBnXkFtZTcwNTUzMjkyOA@@._V1_QL75_UX140_CR0,0,140,140_.jpg""}, {""name"": ""Charles Durning"", ""role"": ""Lt. Wm. Snyder"", ""image_url"": ""https://m.media-amazon.com/images/M/MV5BMjAzMDk1NTU1OV5BMl5BanBnXkFtZTYwMDA2MjM0._V1_QL75_UX140_CR0,0,140,140_.jpg""}, {""name"": ""Ray Walston"", ""role"": ""J.J. Singleton"", ""image_url"": ""https://m.media-amazon.com/images/M/MV5BOGIxMTVkZTctMDcwNS00MWEzLWIxYmItNDE3ZWE4MjIxZGU5XkEyXkFqcGc@._V1_QL75_UX140_CR0,12,140,140_.jpg""}]",2h 9m
tt0066921,A Clockwork Orange,https://m.media-amazon.com/images/M/MV5BMTY3MjM1Mzc4N15BMl5BanBnXkFtZTgwODM0NzAxMDE@._V1_FMjpg_UX1000_.jpg,Alex DeLarge and his droogs barbarize a decaying near-future.,"Dark Comedy, Dystopian Sci-Fi, Crime, Sci-Fi","Stanley Kubrick, ","[{""name"": ""Malcolm McDowell"", ""role"": ""Alex"", ""image_url"": ""https://m.media-amazon.com/images/M/MV5BMTcxMjQxNzczM15BMl5BanBnXkFtZTcwMTg3MTMwNw@@._V1_QL75_UX140_CR0,5,140,140_.jpg""}, {""name"": ""Patrick Magee"", ""role"": ""Mr Alexander"", ""image_url"": ""https://m.media-amazon.com/images/M/MV5BMDAzMWEzMjYtZTZjZS00MTlhLThmNTYtZmFiMjk2ZWMyMWQwXkEyXkFqcGc@._V1_QL75_UX140_CR0,0,140,140_.jpg""}, {""name"": ""Michael Bates"", ""role"": ""Chief Guard"", ""image_url"": ""https://m.media-amazon.com/images/M/MV5BMTM5NDk3MDIxNF5BMl5BanBnXkFtZTcwNjc1Mzk5Nw@@._V1_QL75_UX140_CR0,2,140,140_.jpg""}, {""name"": ""Warren Clarke"", ""role"": ""Dim"", ""image_url"": ""https://m.media-amazon.com/images/M/MV5BMTM1Mjc1MDAxM15BMl5BanBnXkFtZTcwMzYzMDgwOA@@._V1_QL75_UX140_CR0,18,140,140_.jpg""}, {""name"": ""John Clive"", ""role"": ""Stage Actor"", ""image_url"": ""https://m.media-amazon.com/images/M/MV5BMzI2NDFmM2MtNDdmMS00MWQ0LWE2MmQtN2VlOGFkZDIzZjYzXkEyXkFqcGc@._V1_QL75_UX140_CR0,13,140,140_.jpg""}]",2h 16m
tt0017136,Metropolis,https://m.media-amazon.com/images/M/MV5BMjhjMGYyMjAtMzJkYy00NzhlLWIwY2MtMWQ2ODIxZDUyOGYyXkEyXkFqcGc@._V1_FMjpg_UX1000_.jpg,"In a futuristic city sharply divided between the working class and the city planners, the son of the city's mastermind falls in love with a working-class prophet who predicts the coming of a savior to mediate their differences.","German, Artificial Intelligence, Epic, Sci-Fi Epic, Steampunk, Drama, Sci-Fi","Fritz Lang, ","[{""name"": ""Brigitte Helm"", ""role"": ""Maria"", ""image_url"": ""https://m.media-amazon.com/images/M/MV5BOTE2MTkwNTYyMV5BMl5BanBnXkFtZTgwMDI1ODY3MTE@._V1_QL75_UX140_CR0,3,140,140_.jpg""}, {""name"": ""Alfred Abel"", ""role"": ""Johann (Joh) Fredersen"", ""image_url"": ""https://m.media-amazon.com/images/M/MV5BMDJkYjEzMWEtYjJmNy00ZjA0LTkxOGMtYWJjZTVkZGNmMjY2XkEyXkFqcGc@._V1_QL75_UX140_CR0,0,140,140_.jpg""}, {""name"": ""Gustav Fr\u00f6hlich"", ""role"": ""Freder Fredersen - Joh Fredersens Sohn"", ""image_url"": ""https://m.media-amazon.com/images/M/MV5BMjAzMzcyODI2NF5BMl5BanBnXkFtZTcwNDY4NjgyMw@@._V1_QL75_UY140_CR20,0,140,140_.jpg""}, {""name"": ""Rudolf Klein-Rogge"", ""role"": ""Erfinder C.A. Rotwang"", ""image_url"": ""https://m.media-amazon.com/images/M/MV5BMTY1ODgzMzU3OV5BMl5BanBnXkFtZTgwMTQ3ODMwMzE@._V1_QL75_UX140_CR0,10,140,140_.jpg""}, {""name"": ""Fritz Rasp"", ""role"": ""Der Schmale"", ""image_url"": ""https://m.media-amazon.com/images/M/MV5BZDk0OGIwZDYtYmU4MS00ZTgyLThlNWEtNmIwN2FiYmI3NTM4XkEyXkFqcGc@._V1_QL75_UX140_CR0,4,140,140_.jpg""}]",2h 30m
tt8579674,1917,https://m.media-amazon.com/images/M/MV5BYzkxZjg2NDQtMGVjMy00NWZkLTk0ZDEtZWE3NDYwYjAyMTg1XkEyXkFqcGc@._V1_FMjpg_UX1000_.jpg,"April 6th, 1917. As an infantry battalion assembles to wage war deep in enemy territory, two soldiers are assigned to race against time and deliver a message that will stop 1,600 men from walking straight into a deadly trap.","Epic, Period Drama, Survival, War Epic, Drama, War","Sam Mendes, ","[{""name"": ""Dean-Charles Chapman"", ""role"": ""Lance Corporal Blake"", ""image_url"": ""https://m.media-amazon.com/images/M/MV5BNzM2Mjc2NzAzMV5BMl5BanBnXkFtZTgwMjE0MzAwNTE@._V1_QL75_UX140_CR0,1,140,140_.jpg""}, {""name"": ""George MacKay"", ""role"": ""Lance Corporal Schofield"", ""image_url"": ""https://m.media-amazon.com/images/M/MV5BZjk3YmU4NWItZjJhOS00YWYyLTlhNzMtODc0YWQ2MjBkODNiXkEyXkFqcGc@._V1_CR49,1,927,1391_QL75_UX140_CR0,12,140,140_.jpg""}, {""name"": ""Daniel Mays"", ""role"": ""Sergeant Sanders"", ""image_url"": ""https://m.media-amazon.com/images/M/MV5BY2YwOTdkNWMtNzI3Mi00ZGQ0LWEzYzctM2Y2ZjU3MjFiMDNiXkEyXkFqcGc@._V1_CR1,1,704,1056_QL75_UX140_CR0,12,140,140_.jpg""}, {""name"": ""Colin Firth"", ""role"": ""General Erinmore"", ""image_url"": ""https://m.media-amazon.com/images/M/MV5BMTUxMDMwMTI4MF5BMl5BanBnXkFtZTcwMzE2MzQxMw@@._V1_QL75_UX140_CR0,5,140,140_.jpg""}, {""name"": ""Pip Carter"", ""role"": ""Lieutenant Gordon"", ""image_url"": null}]",1h 59m
tt0993846,The Wolf of Wall Street,https://m.media-amazon.com/images/M/MV5BMjIxMjgxNTk0MF5BMl5BanBnXkFtZTgwNjIyOTg2MDE@._V1_FMjpg_UX1000_.jpg,"Based on the true story of Jordan Belfort, from his rise to a wealthy stock-broker living the high life to his fall involving crime, corruption and the federal government.","Dark Comedy, Docudrama, Epic, Financial Drama, Raunchy Comedy, Satire, True Crime, Workplace Drama, Biography, Comedy","Martin Scorsese, ","[{""name"": ""Leonardo DiCaprio"", ""role"": ""Jordan Belfort"", ""image_url"": ""https://m.media-amazon.com/images/M/MV5BMjI0MTg3MzI0M15BMl5BanBnXkFtZTcwMzQyODU2Mw@@._V1_QL75_UX140_CR0,2,140,140_.jpg""}, {""name"": ""Jonah Hill"", ""role"": ""Donnie Azoff"", ""image_url"": ""https://m.media-amazon.com/images/M/MV5BMTUyNDU0NzAwNl5BMl5BanBnXkFtZTcwMzQxMzIzNw@@._V1_QL75_UX140_CR0,0,140,140_.jpg""}, {""name"": ""Margot Robbie"", ""role"": ""Naomi Lapaglia"", ""image_url"": ""https://m.media-amazon.com/images/M/MV5BMTgxNDcwMzU2Nl5BMl5BanBnXkFtZTcwNDc4NzkzOQ@@._V1_QL75_UX140_CR0,0,140,140_.jpg""}, {""name"": ""Matthew McConaughey"", ""role"": ""Mark Hanna"", ""image_url"": ""https://m.media-amazon.com/images/M/MV5BMTg0MDc3ODUwOV5BMl5BanBnXkFtZTcwMTk2NjY4Nw@@._V1_QL75_UX140_CR0,21,140,140_.jpg""}, {""name"": ""Kyle Chandler"", ""role"": ""Agent Patrick Denham"", ""image_url"": ""https://m.media-amazon.com/images/M/MV5BNTM5NDM4ODg3MV5BMl5BanBnXkFtZTcwNTA3MTk3Mw@@._V1_QL75_UX140_CR0,10,140,140_.jpg""}]",3h
tt0120382,The Truman Show,https://m.media-amazon.com/images/M/MV5BNzA3ZjZlNzYtMTdjMy00NjMzLTk5ZGYtMTkyYzNiOGM1YmM3XkEyXkFqcGc@._V1_FMjpg_UX1000_.jpg,An insurance salesman begins to suspect that his whole life is actually some sort of reality TV show.,"Dark Comedy, High-Concept Comedy, Psychological Drama, Satire, Showbiz Drama, Comedy, Drama","Peter Weir, ","[{""name"": ""Jim Carrey"", ""role"": ""Truman Burbank"", ""image_url"": ""https://m.media-amazon.com/images/M/MV5BMTQwMjAwNzI0M15BMl5BanBnXkFtZTcwOTY1MTMyOQ@@._V1_QL75_UX140_CR0,0,140,140_.jpg""}, {""name"": ""Ed Harris"", ""role"": ""Christof"", ""image_url"": ""https://m.media-amazon.com/images/M/MV5BMjE4NDM4ODc2OV5BMl5BanBnXkFtZTcwNzA5NjQ5MQ@@._V1_QL75_UX140_CR0,4,140,140_.jpg""}, {""name"": ""Laura Linney"", ""role"": ""Meryl Burbank"", ""image_url"": ""https://m.media-amazon.com/images/M/MV5BMTMyMDc3Mzc2M15BMl5BanBnXkFtZTcwMjc5OTcyMg@@._V1_QL75_UX140_CR0,4,140,140_.jpg""}, {""name"": ""Noah Emmerich"", ""role"": ""Marlon"", ""image_url"": ""https://m.media-amazon.com/images/M/MV5BMTA5ODA1MDM2NDBeQTJeQWpwZ15BbWU4MDM4MDA3MDAy._V1_QL75_UX140_CR0,12,140,140_.jpg""}, {""name"": ""Natascha McElhone"", ""role"": ""Lauren Garland"", ""image_url"": ""https://m.media-amazon.com/images/M/MV5BNzg4NjA5ZTEtMWYzZi00NjkxLThmYzMtYWRmN2E2MTdiOTVjXkEyXkFqcGc@._V1_QL75_UX140_CR0,12,140,140_.jpg""}]",1h 43m
tt0208092,Snatch,https://m.media-amazon.com/images/M/MV5BYzk5NjJkMTQtN2IyNC00YWM5LTlhZmMtNGI3MWNhMTU1YTc4XkEyXkFqcGc@._V1_FMjpg_UX1000_.jpg,"Unscrupulous boxing promoters, violent bookmakers, a Russian gangster, incompetent amateur robbers and supposedly Jewish jewelers fight to track down a priceless stolen diamond.","Caper, Dark Comedy, Farce, Gangster, Comedy, Crime","Guy Ritchie, ","[{""name"": ""Jason Statham"", ""role"": ""Turkish"", ""image_url"": ""https://m.media-amazon.com/images/M/MV5BOWQ3MzY4ZjYtOGZmZC00OTI5LTk5OTktZmE1Y2VmZGVkY2YxXkEyXkFqcGc@._V1_QL75_UX140_CR0,12,140,140_.jpg""}, {""name"": ""Brad Pitt"", ""role"": ""Mickey O'Neil"", ""image_url"": ""https://m.media-amazon.com/images/M/MV5BMjA1MjE2MTQ2MV5BMl5BanBnXkFtZTcwMjE5MDY0Nw@@._V1_QL75_UX140_CR0,12,140,140_.jpg""}, {""name"": ""Stephen Graham"", ""role"": ""Tommy"", ""image_url"": ""https://m.media-amazon.com/images/M/MV5BYTQ0MGI3MmUtNGNjMS00YWQzLTljMDItOGIyNmE4ODZkZTU1XkEyXkFqcGc@._V1_QL75_UX140_CR0,13,140,140_.jpg""}, {""name"": ""Ade"", ""role"": ""Tyrone"", ""image_url"": ""https://m.media-amazon.com/images/M/MV5BOTMwNDgxMDQ5Nl5BMl5BanBnXkFtZTcwMTIwODg5Nw@@._V1_QL75_UX140_CR0,19,140,140_.jpg""}, {""name"": ""William Beck"", ""role"": ""Neil"", ""image_url"": null}]",1h 42m
tt0363163,Downfall,https://m.media-amazon.com/images/M/MV5BMTU0NTU5NTAyMl5BMl5BanBnXkFtZTYwNzYwMDg2._V1_FMjpg_UX1000_.jpg,"Traudl Junge, the final secretary for Adolf Hitler, tells of the Nazi dictator's final days in his Berlin bunker at the end of WWII.","German, Docudrama, Period Drama, Political Drama, Psychological Drama, Tragedy, Biography, Drama, History, War","Oliver Hirschbiegel, ","[{""name"": ""Bruno Ganz"", ""role"": ""Adolf Hitler"", ""image_url"": ""https://m.media-amazon.com/images/M/MV5BMjc3YjlkMWUtM2Q1Zi00MjNkLThkZDMtNWU1MzU3NDVlM2MxXkEyXkFqcGc@._V1_QL75_UX140_CR0,1,140,140_.jpg""}, {""name"": ""Alexandra Maria Lara"", ""role"": ""Traudl Junge"", ""image_url"": ""https://m.media-amazon.com/images/M/MV5BMTkzMDQ5ODM4OV5BMl5BanBnXkFtZTcwNjMzODI3MQ@@._V1_QL75_UX140_CR0,4,140,140_.jpg""}, {""name"": ""Ulrich Matthes"", ""role"": ""Joseph Goebbels"", ""image_url"": ""https://m.media-amazon.com/images/M/MV5BMTMzNjU0NDcxNV5BMl5BanBnXkFtZTYwMzQ3NTEz._V1_QL75_UX140_CR0,0,140,140_.jpg""}, {""name"": ""Corinna Harfouch"", ""role"": ""Magda Goebbels"", ""image_url"": ""https://m.media-amazon.com/images/M/MV5BYjcyMjJjNTctMTRjMS00MjBlLTk0MTAtYzdhOTkyYWM4OTAxXkEyXkFqcGc@._V1_QL75_UX140_CR0,0,140,140_.jpg""}, {""name"": ""Juliane K\u00f6hler"", ""role"": ""Eva Braun"", ""image_url"": ""https://m.media-amazon.com/images/M/MV5BNTc3NTI5MzMwMl5BMl5BanBnXkFtZTcwNDcwMDkyMg@@._V1_QL75_UY140_CR35,0,140,140_.jpg""}]",2h 36m
tt1130884,Shutter Island,https://m.media-amazon.com/images/M/MV5BN2FjNWExYzEtY2YzOC00YjNlLTllMTQtNmIwM2Q1YzBhOWM1XkEyXkFqcGc@._V1_FMjpg_UX1000_.jpg,Two US marshals are sent to a mental institution on an inhospitable island in order to investigate the disappearance of a patient.,"DC, Action Epic, Epic, Psychological Drama, Superhero, Crime","Martin Scorsese, ","[{""name"": ""Leonardo DiCaprio"", ""role"": ""Teddy Daniels"", ""image_url"": ""https://m.media-amazon.com/images/M/MV5BMjI0MTg3MzI0M15BMl5BanBnXkFtZTcwMzQyODU2Mw@@._V1_QL75_UX140_CR0,2,140,140_.jpg""}, {""name"": ""Emily Mortimer"", ""role"": ""Rachel 1"", ""image_url"": ""https://m.media-amazon.com/images/M/MV5BMTM2NjIzMDg3NV5BMl5BanBnXkFtZTcwNDQ5MzczNA@@._V1_QL75_UX140_CR0,13,140,140_.jpg""}, {""name"": ""Mark Ruffalo"", ""role"": ""Chuck Aule"", ""image_url"": ""https://m.media-amazon.com/images/M/MV5BM2JiYzA0ZGItNmFhYy00MjIyLWEwN2QtMzRmNDUyNjNiZjBiXkEyXkFqcGc@._V1_QL75_UX140_CR0,12,140,140_.jpg""}, {""name"": ""Ben Kingsley"", ""role"": ""Dr. Cawley"", ""image_url"": ""https://m.media-amazon.com/images/M/MV5BOTU2Njg2NzM4M15BMl5BanBnXkFtZTgwNjYwNjQwMTI@._V1_QL75_UX140_CR0,2,140,140_.jpg""}, {""name"": ""Max von Sydow"", ""role"": ""Dr. Naehring"", ""image_url"": ""https://m.media-amazon.com/images/M/MV5BMTI3MDQzOTMwN15BMl5BanBnXkFtZTYwMDgyMjM1._V1_QL75_UX140_CR0,9,140,140_.jpg""}]",2h 18m
tt0119488,L.A. Confidential,https://m.media-amazon.com/images/M/MV5BODdiMjY1OGYtNDk0NC00NGQ1LWI4MDItOTJhMTM0YjE1YTAzXkEyXkFqcGc@._V1_FMjpg_UX1000_.jpg,"As corruption grows in 1950s Los Angeles, three policemen - one strait-laced, one brutal, and one sleazy - investigate a series of murders with their own brand of justice.","Conspiracy Thriller, Cop Drama, Epic, Hard-boiled Detective, Period Drama, Police Procedural, Suspense Mystery, Whodunnit, Crime, Drama","Curtis Hanson, ","[{""name"": ""Kevin Spacey"", ""role"": ""Jack Vincennes"", ""image_url"": ""https://m.media-amazon.com/images/M/MV5BMTY1NzMyODc3Nl5BMl5BanBnXkFtZTgwNzE2MzA1NDM@._V1_QL75_UY140_CR16,0,140,140_.jpg""}, {""name"": ""Russell Crowe"", ""role"": ""Bud White"", ""image_url"": ""https://m.media-amazon.com/images/M/MV5BMTQyMTExNTMxOF5BMl5BanBnXkFtZTcwNDg1NzkzNw@@._V1_QL75_UX140_CR0,12,140,140_.jpg""}, {""name"": ""Guy Pearce"", ""role"": ""Ed Exley"", ""image_url"": ""https://m.media-amazon.com/images/M/MV5BMTgyNzc2NzY3Nl5BMl5BanBnXkFtZTgwNTMzMzAwMjE@._V1_QL75_UX140_CR0,12,140,140_.jpg""}, {""name"": ""James Cromwell"", ""role"": ""Dudley Smith"", ""image_url"": ""https://m.media-amazon.com/images/M/MV5BNzU1NTEzMzMxM15BMl5BanBnXkFtZTgwMzY0MjAzMTE@._V1_QL75_UX140_CR0,12,140,140_.jpg""}, {""name"": ""Kim Basinger"", ""role"": ""Lynn Bracken"", ""image_url"": ""https://m.media-amazon.com/images/M/MV5BMTQyMDkxNjcxNV5BMl5BanBnXkFtZTcwODMyNzgyOA@@._V1_QL75_UX140_CR0,0,140,140_.jpg""}]",2h 18m
tt0058625,Woman in the Dunes,https://m.media-amazon.com/images/M/MV5BM2E1ZjY5MjItZTUxZS00NTI1LWEwMmEtODhlMDAyMzUyOTRmXkEyXkFqcGc@._V1_FMjpg_UX1000_.jpg,An entomologist on vacation is trapped by local villagers into living with a woman whose life task is shoveling sand for them.,"Japanese, Psychological Drama, Psychological Thriller, Tragedy, Drama, Thriller","Hiroshi Teshigahara, ","[{""name"": ""Eiji Okada"", ""role"": ""Entomologist Niki Jumpei"", ""image_url"": ""https://m.media-amazon.com/images/M/MV5BMTMzMzUzMDcwNV5BMl5BanBnXkFtZTcwMzM3MDMwNw@@._V1_QL75_UY140_CR29,0,140,140_.jpg""}, {""name"": ""Ky\u00f4ko Kishida"", ""role"": ""Woman"", ""image_url"": ""https://m.media-amazon.com/images/M/MV5BMTczNzEyODY4Ml5BMl5BanBnXkFtZTcwMjM3MDMwNw@@._V1_QL75_UX140_CR0,6,140,140_.jpg""}, {""name"": ""K\u014dji Mitsui"", ""role"": ""Village elder"", ""image_url"": ""https://m.media-amazon.com/images/M/MV5BZmJlNzhkNTMtNGEyYi00NThhLWI2NTktOWJhZjA4NmVhNTUwXkEyXkFqcGc@._V1_QL75_UY140_CR24,0,140,140_.jpg""}, {""name"": ""Hiroko It\u00f4"", ""role"": ""Entomologist's wife (in flashbacks)"", ""image_url"": null}, {""name"": ""Sen Yano"", ""role"": null, ""image_url"": null}]",2h 27m
tt6966692,Green Book,https://m.media-amazon.com/images/M/MV5BNDU5YTNmMmItN2QxNy00OGQ0LTg5MTctNzFmYjEzZjcwN2UwXkEyXkFqcGc@._V1_FMjpg_UX1000_.jpg,A working-class Italian-American bouncer becomes the driver for an African-American classical pianist on a tour of venues through the 1960s American South.,"Docudrama, Period Drama, Road Trip, Biography, Comedy, Drama, Holiday, Music","Peter Farrelly, ","[{""name"": ""Viggo Mortensen"", ""role"": ""Tony Lip"", ""image_url"": ""https://m.media-amazon.com/images/M/MV5BNDQzOTg4NzA2Nl5BMl5BanBnXkFtZTcwMzkwNjkxMg@@._V1_QL75_UX140_CR0,11,140,140_.jpg""}, {""name"": ""Mahershala Ali"", ""role"": ""Dr. Donald Shirley"", ""image_url"": ""https://m.media-amazon.com/images/M/MV5BMzBhZTM4ZTMtYzYwMi00ZGQwLTljNDEtZTVlNjYwYTZiODEzXkEyXkFqcGc@._V1_QL75_UX140_CR0,0,140,140_.jpg""}, {""name"": ""Linda Cardellini"", ""role"": ""Dolores"", ""image_url"": ""https://m.media-amazon.com/images/M/MV5BMTQ2MDM4MTM2NF5BMl5BanBnXkFtZTgwMTM4MjYyMDE@._V1_QL75_UX140_CR0,4,140,140_.jpg""}, {""name"": ""Sebastian Maniscalco"", ""role"": ""Johnny Venere"", ""image_url"": ""https://m.media-amazon.com/images/M/MV5BNGFjZDlhYmMtMTRjNi00MTc5LTgxZmItYjFhYzNkMTAzNzAyXkEyXkFqcGc@._V1_QL75_UX140_CR0,12,140,140_.jpg""}, {""name"": ""Dimiter D. Marinov"", ""role"": ""Oleg"", ""image_url"": ""https://m.media-amazon.com/images/M/MV5BNzNjOTBjYTktZDBhMy00MzVlLTk2ZTAtODFhYjQzZWVkNjAwXkEyXkFqcGc@._V1_CR472,0,1789,2683_QL75_UX140_CR0,12,140,140_.jpg""}]",2h 10m
tt5074352,Dangal,https://m.media-amazon.com/images/M/MV5BMTQ4MzQzMzM2Nl5BMl5BanBnXkFtZTgwMTQ1NzU3MDI@._V1_FMjpg_UX1000_.jpg,"Mahavir Singh Phogat, a former wrestler, decides to fulfill his dream of winning a gold medal for his country by training his daughters for the Commonwealth Games despite the existing social stigmas.","Hindi, Coming-of-Age, Martial Arts, Action, Biography, Drama, Sport","Nitesh Tiwari, ","[{""name"": ""Aamir Khan"", ""role"": ""Mahavir Singh Phogat"", ""image_url"": ""https://m.media-amazon.com/images/M/MV5BMjAwMjk3NDUzN15BMl5BanBnXkFtZTcwNjI4MTY0NA@@._V1_QL75_UX140_CR0,12,140,140_.jpg""}, {""name"": ""Sakshi Tanwar"", ""role"": ""Daya Kaur"", ""image_url"": ""https://m.media-amazon.com/images/M/MV5BMTg1NDU0Njg4Ml5BMl5BanBnXkFtZTgwNDM1ODA0OTE@._V1_QL75_UX140_CR0,7,140,140_.jpg""}, {""name"": ""Fatima Sana Shaikh"", ""role"": ""Geeta Phogat"", ""image_url"": ""https://m.media-amazon.com/images/M/MV5BOTU4NmI0ZjQtZmVjNi00ZWFmLTg5MTktNjAzMDhhOGVkMjQ5XkEyXkFqcGc@._V1_QL75_UX140_CR0,4,140,140_.jpg""}, {""name"": ""Sanya Malhotra"", ""role"": ""Babita Kumari"", ""image_url"": ""https://m.media-amazon.com/images/M/MV5BMzUzNjQ4MTE2OF5BMl5BanBnXkFtZTgwNTk0NjcyNzM@._V1_QL75_UX140_CR0,12,140,140_.jpg""}, {""name"": ""Aparshakti Khurana"", ""role"": ""Omkar"", ""image_url"": ""https://m.media-amazon.com/images/M/MV5BZjE5ZDIxODctNzIwNC00MDAzLWI4OWQtNWFhMDRiNmU4ODdmXkEyXkFqcGc@._V1_QL75_UX140_CR0,0,140,140_.jpg""}]",2h 41m
tt0040522,Bicycle Thieves,https://m.media-amazon.com/images/M/MV5BMjIzMzAyMzg1Nl5BMl5BanBnXkFtZTgwMzMyNzk0MTE@._V1_FMjpg_UX1000_.jpg,"In post-war Italy, a working-class man's bicycle is stolen, endangering his efforts to find work. He and his son set out to find it.","Italian, Financial Drama, Psychological Drama, Quest, Tragedy, Drama","Vittorio De Sica, ","[{""name"": ""Lamberto Maggiorani"", ""role"": ""Antonio"", ""image_url"": ""https://m.media-amazon.com/images/M/MV5BNzQ0NzkyMjk5OV5BMl5BanBnXkFtZTcwOTQ5MDI2NQ@@._V1_QL75_UY140_CR21,0,140,140_.jpg""}, {""name"": ""Enzo Staiola"", ""role"": ""Bruno"", ""image_url"": ""https://m.media-amazon.com/images/M/MV5BMjIzMzAyMzg1Nl5BMl5BanBnXkFtZTgwMzMyNzk0MTE@._V1_QL75_UX140_CR0,8,140,140_.jpg""}, {""name"": ""Lianella Carell"", ""role"": ""Maria"", ""image_url"": ""https://m.media-amazon.com/images/M/MV5BNGQyOWM2MmEtZGQxYS00ZWJjLTgzYjAtYzg5NmQwYmM4YTYyXkEyXkFqcGc@._V1_QL75_UY140_CR24,0,140,140_.jpg""}, {""name"": ""Elena Altieri"", ""role"": ""The Charitable Lady"", ""image_url"": ""https://m.media-amazon.com/images/M/MV5BMWJkNzkyYWQtNzdjNi00YjU0LTgzMzEtMjU2NWY4MGE3YjI0XkEyXkFqcGc@._V1_QL75_UX140_CR0,4,140,140_.jpg""}, {""name"": ""Gino Saltamerenda"", ""role"": ""Baiocco"", ""image_url"": ""https://m.media-amazon.com/images/M/MV5BYmYwNjI5MzUtZDcwOS00MGFkLWJhYTItMzRkZWU4ZWM1OTMxXkEyXkFqcGc@._V1_QL75_UY140_CR24,0,140,140_.jpg""}]",1h 29m
tt0055031,Judgment at Nuremberg,https://m.media-amazon.com/images/M/MV5BNDc2ODQ5NTE2MV5BMl5BanBnXkFtZTcwODExMjUyNA@@._V1_FMjpg_UX1000_.jpg,"Fictionalized depiction of the 1947 Judges' Trial, the third of 12 trials of Nazi war criminals conducted by the American occupying forces in Nuremberg, Germany, in which former judges of Nazi Germany were tried for their actions.","Epic, Historical Epic, Legal Drama, Psychological Drama, Drama, History, War","Stanley Kramer, ","[{""name"": ""Spencer Tracy"", ""role"": ""Chief Judge Dan Haywood"", ""image_url"": ""https://m.media-amazon.com/images/M/MV5BMWUxMTBmZmYtZGRjNS00ZTNjLWIzM2QtM2QxNjZhNDQ0MjA1XkEyXkFqcGc@._V1_QL75_UX140_CR0,0,140,140_.jpg""}, {""name"": ""Burt Lancaster"", ""role"": ""Dr. Ernst Janning"", ""image_url"": ""https://m.media-amazon.com/images/M/MV5BNmE0M2EwMTYtYzJmOC00OGQ5LWJiNjUtMzE2ZjJlMjFmMTMwXkEyXkFqcGc@._V1_QL75_UX140_CR0,0,140,140_.jpg""}, {""name"": ""Richard Widmark"", ""role"": ""Col. Tad Lawson"", ""image_url"": ""https://m.media-amazon.com/images/M/MV5BMTU0MjgwODQ3M15BMl5BanBnXkFtZTcwMjIxMjUyNA@@._V1_QL75_UX140_CR0,0,140,140_.jpg""}, {""name"": ""Marlene Dietrich"", ""role"": ""Mrs. Bertholt"", ""image_url"": ""https://m.media-amazon.com/images/M/MV5BMDQyNTBhNjMtODVkNS00Njk0LTg3MmYtODQ1MzQzYzcxZDI0XkEyXkFqcGc@._V1_QL75_UX140_CR0,4,140,140_.jpg""}, {""name"": ""Maximilian Schell"", ""role"": ""Hans Rolfe"", ""image_url"": ""https://m.media-amazon.com/images/M/MV5BMjhkZDNlOGYtMGMwNy00YjA4LWJhYzAtNmEzNWUyZDlhMGM4XkEyXkFqcGc@._V1_QL75_UX140_CR0,0,140,140_.jpg""}]",2h 59m
tt0107290,Jurassic Park,https://m.media-amazon.com/images/M/MV5BMjM2MDgxMDg0Nl5BMl5BanBnXkFtZTgwNTM2OTM5NDE@._V1_FMjpg_UX1000_.jpg,"An industrialist invites some experts to visit his theme park of cloned dinosaurs. After a power failure, the creatures run loose, putting everyone's lives, including his grandchildren's, in danger.","Jurassic Park, Dinosaur Adventure, Jungle Adventure, Adventure, Sci-Fi","Steven Spielberg, ","[{""name"": ""Sam Neill"", ""role"": ""Grant"", ""image_url"": ""https://m.media-amazon.com/images/M/MV5BMjUyMTU0MzA0MF5BMl5BanBnXkFtZTgwNTA4MTQ4NjM@._V1_QL75_UX140_CR0,12,140,140_.jpg""}, {""name"": ""Laura Dern"", ""role"": ""Ellie"", ""image_url"": ""https://m.media-amazon.com/images/M/MV5BMjI3NzY0MDQxMF5BMl5BanBnXkFtZTcwNzMwMzcyNw@@._V1_QL75_UX140_CR0,12,140,140_.jpg""}, {""name"": ""Jeff Goldblum"", ""role"": ""Malcolm"", ""image_url"": ""https://m.media-amazon.com/images/M/MV5BZWIxM2YzMTEtMjFiNy00NWQ2LWI0Y2MtZGVmYjM0YWFmZThmXkEyXkFqcGc@._V1_QL75_UX140_CR0,0,140,140_.jpg""}, {""name"": ""Richard Attenborough"", ""role"": ""Hammond"", ""image_url"": ""https://m.media-amazon.com/images/M/MV5BMTkwMDQzMTAwN15BMl5BanBnXkFtZTcwNTI4NTgwMw@@._V1_QL75_UX140_CR0,0,140,140_.jpg""}, {""name"": ""Bob Peck"", ""role"": ""Muldoon"", ""image_url"": ""https://m.media-amazon.com/images/M/MV5BMTM1NzM1NDI0MV5BMl5BanBnXkFtZTcwNzk2NTgwMw@@._V1_QL75_UX140_CR0,0,140,140_.jpg""}]",2h 7m
tt0372784,Batman Begins,https://m.media-amazon.com/images/M/MV5BMzA2NDQzZDEtNDU5Ni00YTlkLTg2OWEtYmQwM2Y1YTBjMjFjXkEyXkFqcGc@._V1_FMjpg_UX1000_.jpg,"After witnessing his parents' death, billionaire Bruce Wayne learns the art of fighting to confront injustice. When he returns to Gotham as Batman, he must stop a secret society that intends to destroy the city.","DC, Action Epic, Epic, Psychological Drama, Superhero, Crime","Christopher Nolan, ","[{""name"": ""Christian Bale"", ""role"": ""Bruce Wayne"", ""image_url"": ""https://m.media-amazon.com/images/M/MV5BMTkxMzk4MjQ4MF5BMl5BanBnXkFtZTcwMzExODQxOA@@._V1_QL75_UX140_CR0,12,140,140_.jpg""}, {""name"": ""Michael Caine"", ""role"": ""Alfred"", ""image_url"": ""https://m.media-amazon.com/images/M/MV5BMjAwNzIwNTQ4Ml5BMl5BanBnXkFtZTYwMzE1MTUz._V1_QL75_UX140_CR0,4,140,140_.jpg""}, {""name"": ""Ken Watanabe"", ""role"": ""Ra's Al Ghul"", ""image_url"": ""https://m.media-amazon.com/images/M/MV5BMTQzMTUzNjc4Nl5BMl5BanBnXkFtZTcwMTUyODU2Mw@@._V1_QL75_UX140_CR0,8,140,140_.jpg""}, {""name"": ""Liam Neeson"", ""role"": ""Ducard"", ""image_url"": ""https://m.media-amazon.com/images/M/MV5BMjA1MTQ3NzU1MV5BMl5BanBnXkFtZTgwMDE3Mjg0MzE@._V1_QL75_UY140_CR0,0,140,140_.jpg""}, {""name"": ""Katie Holmes"", ""role"": ""Rachel Dawes"", ""image_url"": ""https://m.media-amazon.com/images/M/MV5BNTA2NjY5OTkzNl5BMl5BanBnXkFtZTcwMDE2NTkxNA@@._V1_QL75_UX140_CR0,12,140,140_.jpg""}]",2h 20m
tt15398776,Oppenheimer,https://m.media-amazon.com/images/M/MV5BN2JkMDc5MGQtZjg3YS00NmFiLWIyZmQtZTJmNTM5MjVmYTQ4XkEyXkFqcGc@._V1_FMjpg_UX1000_.jpg,"A dramatization of the life story of J. Robert Oppenheimer, the physicist who had a large hand in the development of the atomic bombs that brought an end to World War II.","Docudrama, Epic, Historical Epic, Period Drama, Psychological Drama, Biography, Drama, History","Christopher Nolan, ","[{""name"": ""Cillian Murphy"", ""role"": ""J. Robert Oppenheimer"", ""image_url"": ""https://m.media-amazon.com/images/M/MV5BNWM3NTg0NGYtNTFmYS00OWY1LTlkNTgtNzZlMWY4OGRmMmEzXkEyXkFqcGc@._V1_CR1542,983,1114,1670_QL75_UX140_CR0,12,140,140_.jpg""}, {""name"": ""Emily Blunt"", ""role"": ""Kitty Oppenheimer"", ""image_url"": ""https://m.media-amazon.com/images/M/MV5BMTUxNDY4MTMzM15BMl5BanBnXkFtZTcwMjg5NzM2Ng@@._V1_QL75_UX140_CR0,20,140,140_.jpg""}, {""name"": ""Matt Damon"", ""role"": ""Leslie Groves"", ""image_url"": ""https://m.media-amazon.com/images/M/MV5BMTM0NzYzNDgxMl5BMl5BanBnXkFtZTcwMDg2MTMyMw@@._V1_QL75_UX140_CR0,1,140,140_.jpg""}, {""name"": ""Robert Downey Jr."", ""role"": ""Lewis Strauss"", ""image_url"": ""https://m.media-amazon.com/images/M/MV5BNzg1MTUyNDYxOF5BMl5BanBnXkFtZTgwNTQ4MTE2MjE@._V1_QL75_UX140_CR0,13,140,140_.jpg""}, {""name"": ""Alden Ehrenreich"", ""role"": ""Senate Aide"", ""image_url"": ""https://m.media-amazon.com/images/M/MV5BNjY5ODY0MDE5Nl5BMl5BanBnXkFtZTgwODg2NDM4ODE@._V1_QL75_UX140_CR0,12,140,140_.jpg""}]",3h
tt0059578,For a Few Dollars More,https://m.media-amazon.com/images/M/MV5BNTRmOTcyYmYtMTIwNi00ZGYyLTk4YjYtZGJlZTgwZGY0NGQyXkEyXkFqcGc@._V1_FMjpg_UX1000_.jpg,Two bounty killers with similar intentions but different motivations team up to take down a psychotic Mexican outlaw before he and his gang can carry out an audacious bank robbery.,"Period Drama, Quest, Spaghetti Western, Drama, Western","Sergio Leone, ","[{""name"": ""Clint Eastwood"", ""role"": ""Monco"", ""image_url"": ""https://m.media-amazon.com/images/M/MV5BMTg3MDc0MjY0OV5BMl5BanBnXkFtZTcwNzU1MDAxOA@@._V1_QL75_UX140_CR0,2,140,140_.jpg""}, {""name"": ""Lee Van Cleef"", ""role"": ""Col. Douglas Mortimer"", ""image_url"": ""https://m.media-amazon.com/images/M/MV5BMTY0ODU1NjY5N15BMl5BanBnXkFtZTcwNTI0NzEyMw@@._V1_QL75_UY140_CR26,0,140,140_.jpg""}, {""name"": ""Gian Maria Volont\u00e8"", ""role"": ""El Indio"", ""image_url"": ""https://m.media-amazon.com/images/M/MV5BMTY5NTU2NDU4M15BMl5BanBnXkFtZTcwNTUyNjMyNA@@._V1_QL75_UX140_CR0,14,140,140_.jpg""}, {""name"": ""Mara Krupp"", ""role"": ""Mary"", ""image_url"": null}, {""name"": ""Luigi Pistilli"", ""role"": ""Groggy - Member of Indio's Gang"", ""image_url"": ""https://m.media-amazon.com/images/M/MV5BMTM2MzM4MDI5OV5BMl5BanBnXkFtZTcwNjU2NzEyMw@@._V1_QL75_UY140_CR20,0,140,140_.jpg""}]",2h 12m
tt8503618,Hamilton,https://m.media-amazon.com/images/M/MV5BYTc3MWIyMzAtMTZmNC00YmNjLWIyZTgtMmU4NjZkYzZkOThkXkEyXkFqcGc@._V1_FMjpg_UX1000_.jpg,"The real life of one of America's foremost founding fathers and first Secretary of the Treasury, Alexander Hamilton. Captured live on Broadway from the Richard Rodgers Theater with the original Broadway cast.","Epic, Historical Epic","Thomas Kail, ","[{""name"": ""Lin-Manuel Miranda"", ""role"": ""Alexander Hamilton"", ""image_url"": ""https://m.media-amazon.com/images/M/MV5BMTU0MDM2Mzg0OV5BMl5BanBnXkFtZTgwMjA1MDE2MDI@._V1_QL75_UX140_CR0,15,140,140_.jpg""}, {""name"": ""Phillipa Soo"", ""role"": ""Eliza Hamilton"", ""image_url"": ""https://m.media-amazon.com/images/M/MV5BYjI5NjcxNmEtN2E0ZC00MzM4LWJiOWItZDRkMWEzMGM0NjNlXkEyXkFqcGc@._V1_QL75_UX140_CR0,0,140,140_.jpg""}, {""name"": ""Leslie Odom Jr."", ""role"": ""Aaron Burr"", ""image_url"": ""https://m.media-amazon.com/images/M/MV5BYjRlMGE1NmEtZjliZi00OWNkLWFlYWUtZDZhN2Y1MDMzNzMzXkEyXkFqcGc@._V1_QL75_UX140_CR0,32,140,140_.jpg""}, {""name"": ""Daveed Diggs"", ""role"": ""Marquis de Lafayette"", ""image_url"": ""https://m.media-amazon.com/images/M/MV5BMTY5NzA2ODI1MV5BMl5BanBnXkFtZTgwMzg1OTg4ODE@._V1_QL75_UY140_CR4,0,140,140_.jpg""}, {""name"": ""Ren\u00e9e Elise Goldsberry"", ""role"": ""Angelica Schuyler"", ""image_url"": ""https://m.media-amazon.com/images/M/MV5BMTQ5MjAwNDExM15BMl5BanBnXkFtZTgwNjk0NjUyOTE@._V1_QL75_UX140_CR0,8,140,140_.jpg""}]",2h 40m
tt0469494,There Will Be Blood,https://m.media-amazon.com/images/M/MV5BMjAxODQ4MDU5NV5BMl5BanBnXkFtZTcwMDU4MjU1MQ@@._V1_FMjpg_UX1000_.jpg,"A story of family, religion, hatred, oil and madness, focusing on a turn-of-the-century prospector in the early days of the business.","Epic, Period Drama, Psychological Drama, Tragedy, Drama","Paul Thomas Anderson, ","[{""name"": ""Daniel Day-Lewis"", ""role"": ""Daniel Plainview"", ""image_url"": ""https://m.media-amazon.com/images/M/MV5BMjE2NDY2NDc1Ml5BMl5BanBnXkFtZTcwNjAyMjkwOQ@@._V1_QL75_UX140_CR0,0,140,140_.jpg""}, {""name"": ""Paul Dano"", ""role"": ""Paul Sunday"", ""image_url"": ""https://m.media-amazon.com/images/M/MV5BMjMwMzE1OTc0OF5BMl5BanBnXkFtZTcwMDU2NTg0Nw@@._V1_QL75_UX140_CR0,4,140,140_.jpg""}, {""name"": ""Ciar\u00e1n Hinds"", ""role"": ""Fletcher"", ""image_url"": ""https://m.media-amazon.com/images/M/MV5BMmZhNzZkMTQtYWQ2YS00NDg2LTlhMWEtODA2ZDMxY2IyYWU3XkEyXkFqcGc@._V1_QL75_UX140_CR0,12,140,140_.jpg""}, {""name"": ""Martin Stringer"", ""role"": ""Silver Assay Worker"", ""image_url"": null}, {""name"": ""Matthew Braden Stringer"", ""role"": ""Silver Assay Worker"", ""image_url"": null}]",2h 38m
tt0053291,Some Like It Hot,https://m.media-amazon.com/images/M/MV5BZTllZDYyNjEtY2RmMS00NmJhLWI4ODAtMTQ0NWFiZTJhZjA0XkEyXkFqcGc@._V1_FMjpg_UX1000_.jpg,"After two male musicians witness a mob hit, they flee the state in an all-female band disguised as women, but further complications set in.","Buddy Comedy, Farce, Romantic Comedy, Satire, Screwball Comedy, Comedy, Music, Romance","Billy Wilder, ","[{""name"": ""Marilyn Monroe"", ""role"": ""Sugar Kane Kowalczyk"", ""image_url"": ""https://m.media-amazon.com/images/M/MV5BZjJhNWVkMTAtOGE4NS00NTgzLWI4NjAtNTUyNTFjZmVlNDY4XkEyXkFqcGc@._V1_QL75_UX140_CR0,0,140,140_.jpg""}, {""name"": ""Tony Curtis"", ""role"": ""Joe"", ""image_url"": ""https://m.media-amazon.com/images/M/MV5BYTY0ZTQwZmYtM2QxZS00NjBhLTlmZGItODgxZjk5NzQ0MzlhXkEyXkFqcGc@._V1_QL75_UX140_CR0,0,140,140_.jpg""}, {""name"": ""Jack Lemmon"", ""role"": ""Jerry"", ""image_url"": ""https://m.media-amazon.com/images/M/MV5BMjU1Yzg5MWQtMDgyOS00MmEyLWFjMjAtYjM0Yzk2ZTBkZmUzXkEyXkFqcGc@._V1_QL75_UX140_CR0,4,140,140_.jpg""}, {""name"": ""George Raft"", ""role"": ""Spats Colombo"", ""image_url"": ""https://m.media-amazon.com/images/M/MV5BNjk4OTM2MzI0Nl5BMl5BanBnXkFtZTcwOTE0NzYxOA@@._V1_QL75_UX140_CR0,0,140,140_.jpg""}, {""name"": ""Pat O'Brien"", ""role"": ""Detective Mulligan"", ""image_url"": ""https://m.media-amazon.com/images/M/MV5BMTYwNjc0NzQ2Ml5BMl5BanBnXkFtZTcwMzY0MDAxMw@@._V1_QL75_UX140_CR0,0,140,140_.jpg""}]",2h 1m
tt0075314,Taxi Driver,https://m.media-amazon.com/images/M/MV5BZDNhMGYwM2UtMTdlZS00MGQ1LWI2YzAtODY5YWI1MjYyNzRmXkEyXkFqcGc@._V1_FMjpg_UX1000_.jpg,"A mentally unstable veteran works as a nighttime taxi driver in New York City, where the perceived decadence and sleaze fuels his urge for violent action.","Psychological Drama, Crime, Drama","Martin Scorsese, ","[{""name"": ""Robert De Niro"", ""role"": ""Travis Bickle"", ""image_url"": ""https://m.media-amazon.com/images/M/MV5BMjAwNDU3MzcyOV5BMl5BanBnXkFtZTcwMjc0MTIxMw@@._V1_QL75_UX140_CR0,0,140,140_.jpg""}, {""name"": ""Jodie Foster"", ""role"": ""Iris"", ""image_url"": ""https://m.media-amazon.com/images/M/MV5BMTM3MjgyOTQwNF5BMl5BanBnXkFtZTcwMDczMzEwNA@@._V1_QL75_UX140_CR0,9,140,140_.jpg""}, {""name"": ""Cybill Shepherd"", ""role"": ""Betsy"", ""image_url"": ""https://m.media-amazon.com/images/M/MV5BMTUzNTA1Mzg5M15BMl5BanBnXkFtZTYwNjkzNDk3._V1_QL75_UX140_CR0,13,140,140_.jpg""}, {""name"": ""Diahnne Abbott"", ""role"": ""Concession Girl"", ""image_url"": ""https://m.media-amazon.com/images/M/MV5BMzI1NjQ5MjM4OV5BMl5BanBnXkFtZTcwNjU3Nzg5Nw@@._V1_QL75_UX140_CR0,16,140,140_.jpg""}, {""name"": ""Frank Adu"", ""role"": ""Angry Black Man"", ""image_url"": null}]",1h 54m
tt10272386,The Father,https://m.media-amazon.com/images/M/MV5BYzUxMDAyMDAtNzIyZi00OGQ1LTllMjEtYzRjOThkZTUxNTliXkEyXkFqcGc@._V1_FMjpg_UX1000_.jpg,"A man refuses all assistance from his daughter as he ages. When he tries to understand what is happening around him, he begins to doubt his loved ones, his own mind and even the fabric of his reality.","Psychological Drama, Drama, Mystery","Florian Zeller, ","[{""name"": ""Anthony Hopkins"", ""role"": ""Anthony"", ""image_url"": ""https://m.media-amazon.com/images/M/MV5BMTg5ODk1NTc5Ml5BMl5BanBnXkFtZTYwMjAwOTI4._V1_QL75_UX140_CR0,5,140,140_.jpg""}, {""name"": ""Olivia Colman"", ""role"": ""Anne"", ""image_url"": ""https://m.media-amazon.com/images/M/MV5BMTY4MzU2ODIzNl5BMl5BanBnXkFtZTgwMTM2OTA1NzM@._V1_QL75_UX140_CR0,12,140,140_.jpg""}, {""name"": ""Mark Gatiss"", ""role"": ""The Man"", ""image_url"": ""https://m.media-amazon.com/images/M/MV5BMTYzNDIwNzg4NF5BMl5BanBnXkFtZTcwNTI0MTk4OQ@@._V1_QL75_UX140_CR0,0,140,140_.jpg""}, {""name"": ""Olivia Williams"", ""role"": ""The Woman"", ""image_url"": ""https://m.media-amazon.com/images/M/MV5BMzIyOTEwMjYyNl5BMl5BanBnXkFtZTgwNTc3NDU0MjE@._V1_QL75_UY140_CR26,0,140,140_.jpg""}, {""name"": ""Imogen Poots"", ""role"": ""Laura"", ""image_url"": ""https://m.media-amazon.com/images/M/MV5BMTU3OTA3MzM2NV5BMl5BanBnXkFtZTcwMDczNjY0Mw@@._V1_QL75_UX140_CR0,0,140,140_.jpg""}]",1h 37m
tt0012349,The Kid,https://m.media-amazon.com/images/M/MV5BNjkxMzY1NTQtN2YwOS00NmIwLTlkNTMtMjNkMzk1ZTk3ZDU2XkEyXkFqcGc@._V1_FMjpg_UX1000_.jpg,"The Tramp cares for an abandoned child, but events put their relationship in jeopardy.","Buddy Comedy, Coming-of-Age, Farce, Slapstick, Comedy, Drama, Family","Charles Chaplin, ","[{""name"": ""Charles Chaplin"", ""role"": ""A Tramp"", ""image_url"": ""https://m.media-amazon.com/images/M/MV5BNDcwMDc0ODAzOF5BMl5BanBnXkFtZTgwNTY2OTI1MDE@._V1_QL75_UX140_CR0,15,140,140_.jpg""}, {""name"": ""Edna Purviance"", ""role"": ""The Woman"", ""image_url"": ""https://m.media-amazon.com/images/M/MV5BMTgzMTI2MTcwNV5BMl5BanBnXkFtZTcwMjY4NjYxOA@@._V1_QL75_UX140_CR0,0,140,140_.jpg""}, {""name"": ""Jackie Coogan"", ""role"": ""The Child"", ""image_url"": ""https://m.media-amazon.com/images/M/MV5BNGQ0MjNmNjMtNGVhZC00Y2JkLWI3NjUtMjdiODhkNzY4OTYwXkEyXkFqcGc@._V1_QL75_UY140_CR2,0,140,140_.jpg""}, {""name"": ""Carl Miller"", ""role"": ""The Man"", ""image_url"": ""https://m.media-amazon.com/images/M/MV5BMTMwMDViMjUtMGUwMi00OTA5LWExY2EtNTYzOGI1NGQwYTc3XkEyXkFqcGc@._V1_QL75_UX140_CR0,12,140,140_.jpg""}, {""name"": ""Albert Austin"", ""role"": ""Car Thief"", ""image_url"": ""https://m.media-amazon.com/images/M/MV5BOTRkYjA2MjYtMzNkOC00MTlhLWIxN2QtYzMwM2FjMjBlYTExXkEyXkFqcGc@._V1_QL75_UY140_CR24,0,140,140_.jpg""}]",1h 8m
tt0167404,The Sixth Sense,https://m.media-amazon.com/images/M/MV5BZWQ2OTY0M2UtMTQxNC00MmIzLTllNDQtNDQ0MTQyYzI2M2ZiXkEyXkFqcGc@._V1_FMjpg_UX1000_.jpg,"After being shot by a resentful former patient whom he failed to help, a Philadelphia child psychologist seeks redemption by treating a young boy with a disturbing secret.","Psychological Drama, Psychological Thriller, Suspense Mystery, Drama, Mystery, Thriller","M. Night Shyamalan, ","[{""name"": ""Bruce Willis"", ""role"": ""Malcolm Crowe"", ""image_url"": ""https://m.media-amazon.com/images/M/MV5BMjA0MjMzMTE5OF5BMl5BanBnXkFtZTcwMzQ2ODE3Mw@@._V1_QL75_UX140_CR0,0,140,140_.jpg""}, {""name"": ""Haley Joel Osment"", ""role"": ""Cole Sear"", ""image_url"": ""https://m.media-amazon.com/images/M/MV5BZGEzZTUxODUtNTBmOC00YzJiLWEzNzUtYmY4MTcwNzBhOTUyXkEyXkFqcGc@._V1_QL75_UX140_CR0,4,140,140_.jpg""}, {""name"": ""Toni Collette"", ""role"": ""Lynn Sear"", ""image_url"": ""https://m.media-amazon.com/images/M/MV5BODYzOTE3ODc1Ml5BMl5BanBnXkFtZTgwODYwMjE4NTM@._V1_QL75_UX140_CR0,0,140,140_.jpg""}, {""name"": ""Olivia Williams"", ""role"": ""Anna Crowe"", ""image_url"": ""https://m.media-amazon.com/images/M/MV5BMzIyOTEwMjYyNl5BMl5BanBnXkFtZTgwNTc3NDU0MjE@._V1_QL75_UY140_CR26,0,140,140_.jpg""}, {""name"": ""Trevor Morgan"", ""role"": ""Tommy Tammisimo"", ""image_url"": ""https://m.media-amazon.com/images/M/MV5BODQ5MmRhNjMtZDYzMC00YWVkLWJmY2EtOWM5OTBmNDA1OGM2XkEyXkFqcGc@._V1_QL75_UY140_CR35,0,140,140_.jpg""}]",1h 47m
tt0042192,All About Eve,https://m.media-amazon.com/images/M/MV5BMTY2MTAzODI5NV5BMl5BanBnXkFtZTgwMjM4NzQ0MjE@._V1_FMjpg_UX1000_.jpg,A seemingly timid but secretly ruthless ingénue insinuates herself into the lives of an aging Broadway star and her circle of theater friends.,"Showbiz Drama, Drama","Joseph L. Mankiewicz, ","[{""name"": ""Bette Davis"", ""role"": ""Margo Channing"", ""image_url"": ""https://m.media-amazon.com/images/M/MV5BYmI0OThkYzUtZTA5MS00ZTdkLWE4ZTMtNDNkNTdlN2U0MDYzXkEyXkFqcGc@._V1_QL75_UX140_CR0,0,140,140_.jpg""}, {""name"": ""Anne Baxter"", ""role"": ""Eve Harrington"", ""image_url"": ""https://m.media-amazon.com/images/M/MV5BMmYxNmVhYTMtNTQxNC00ODE0LTk1YzgtMTlhNTZjMTVkYmEzXkEyXkFqcGc@._V1_QL75_UX140_CR0,12,140,140_.jpg""}, {""name"": ""George Sanders"", ""role"": ""Addison DeWitt"", ""image_url"": ""https://m.media-amazon.com/images/M/MV5BMTgyODU3MDQ4NV5BMl5BanBnXkFtZTcwOTgwOTkxOA@@._V1_QL75_UX140_CR0,0,140,140_.jpg""}, {""name"": ""Celeste Holm"", ""role"": ""Karen Richards"", ""image_url"": ""https://m.media-amazon.com/images/M/MV5BMTQzNDgzNDg3MF5BMl5BanBnXkFtZTYwMzkyNTc1._V1_QL75_UX140_CR0,15,140,140_.jpg""}, {""name"": ""Gary Merrill"", ""role"": ""Bill Simpson"", ""image_url"": ""https://m.media-amazon.com/images/M/MV5BNThiNjU3NzktMWQ0Yy00OWMwLThiNzktOWE0ZDdlOGM3N2I4XkEyXkFqcGc@._V1_QL75_UX140_CR0,0,140,140_.jpg""}]",2h 18m
tt0089881,Ran,https://m.media-amazon.com/images/M/MV5BZDk2NDY5YjktMjEyMC00OTJhLTkzM2EtY2Q4Y2RjYzc2Yjk4XkEyXkFqcGc@._V1_FMjpg_UX1000_.jpg,"In Medieval Japan, an elderly warlord retires, handing over his empire to his three sons. However, he vastly underestimates how the new-found power will corrupt them and cause them to turn on each other...and him.","Japanese, Epic, Period Drama, Samurai, Tragedy, War Epic, Action, Drama, War","Akira Kurosawa, ","[{""name"": ""Tatsuya Nakadai"", ""role"": ""Lord Hidetora Ichimonji"", ""image_url"": ""https://m.media-amazon.com/images/M/MV5BMTM5MzYwNDA3NV5BMl5BanBnXkFtZTcwNDExMTMwNw@@._V1_QL75_UY140_CR30,0,140,140_.jpg""}, {""name"": ""Akira Terao"", ""role"": ""Taro Takatora Ichimonji"", ""image_url"": ""https://m.media-amazon.com/images/M/MV5BNTM1ODM2YWYtZTU5MS00N2ZmLWI1M2ItZDI3NzYwMWJhYjYzXkEyXkFqcGc@._V1_QL75_UY140_CR54,0,140,140_.jpg""}, {""name"": ""Jinpachi Nezu"", ""role"": ""Jiro Masatora Ichimonji"", ""image_url"": ""https://m.media-amazon.com/images/M/MV5BY2UzZjZmOTMtZjdkNy00ZTI5LWE1MjMtM2FjYTRjOWFkOTE1XkEyXkFqcGc@._V1_QL75_UX140_CR0,1,140,140_.jpg""}, {""name"": ""Daisuke Ry\u00fb"", ""role"": ""Saburo Naotora Ichimonji"", ""image_url"": ""https://m.media-amazon.com/images/M/MV5BNjlhNWI5MDMtMGY0Yy00ZjE2LWJkYmEtYzMxZGJjMmFmMmM3XkEyXkFqcGc@._V1_QL75_UY140_CR60,0,140,140_.jpg""}, {""name"": ""Mieko Harada"", ""role"": ""Lady Kaede"", ""image_url"": ""https://m.media-amazon.com/images/M/MV5BMTA0MzI1OTYwNTJeQTJeQWpwZ15BbWU4MDI1MjQ3NzUx._V1_QL75_UY140_CR36,0,140,140_.jpg""}]",2h 40m
tt0112641,Casino,https://m.media-amazon.com/images/M/MV5BMDRlZWZjZjYtYzY2NS00ZWVjLTkwYzAtZTA2ZDAzMGRiYmYwXkEyXkFqcGc@._V1_FMjpg_UX1000_.jpg,"In Las Vegas, two best friends--a casino executive and a Mafia enforcer--compete for a gambling empire and a fast-living, fast-loving socialite.","Docudrama, Epic, Gangster, Period Drama, True Crime, Crime, Drama","Martin Scorsese, ","[{""name"": ""Robert De Niro"", ""role"": ""Sam 'Ace' Rothstein"", ""image_url"": ""https://m.media-amazon.com/images/M/MV5BMjAwNDU3MzcyOV5BMl5BanBnXkFtZTcwMjc0MTIxMw@@._V1_QL75_UX140_CR0,0,140,140_.jpg""}, {""name"": ""Sharon Stone"", ""role"": ""Ginger McKenna"", ""image_url"": ""https://m.media-amazon.com/images/M/MV5BMTg0MDU1ODQwNF5BMl5BanBnXkFtZTcwOTc3MjQwNA@@._V1_QL75_UX140_CR0,7,140,140_.jpg""}, {""name"": ""Joe Pesci"", ""role"": ""Nicky Santoro"", ""image_url"": ""https://m.media-amazon.com/images/M/MV5BMzc3MTcxNDYxNV5BMl5BanBnXkFtZTcwOTI3NjE1Mw@@._V1_QL75_UX140_CR0,13,140,140_.jpg""}, {""name"": ""James Woods"", ""role"": ""Lester Diamond"", ""image_url"": ""https://m.media-amazon.com/images/M/MV5BMTM3NTEzNjI5NV5BMl5BanBnXkFtZTcwNjQzOTkwNA@@._V1_QL75_UX140_CR0,0,140,140_.jpg""}, {""name"": ""Don Rickles"", ""role"": ""Billy Sherbert"", ""image_url"": ""https://m.media-amazon.com/images/M/MV5BMTY0NTk1NzY1M15BMl5BanBnXkFtZTcwNjk4NDMwNA@@._V1_QL75_UX140_CR0,11,140,140_.jpg""}]",2h 58m
tt0084787,The Thing,https://m.media-amazon.com/images/M/MV5BYTA3NDU5MWEtNTk4Yy00ZDNkLThmZTQtMjU3ZGVhYzAyMzU4XkEyXkFqcGc@._V1_FMjpg_UX1000_.jpg,A research team in Antarctica is hunted by a shape-shifting alien that assumes the appearance of its victims.,"Alien Invasion, Body Horror, Monster Horror, Psychological Horror, Splatter Horror, Supernatural Horror, Suspense Mystery, Tragedy, Horror, Mystery","John Carpenter, ","[{""name"": ""Kurt Russell"", ""role"": ""MacReady"", ""image_url"": ""https://m.media-amazon.com/images/M/MV5BMTk3MjkxNzQwMV5BMl5BanBnXkFtZTYwNDk4ODM1._V1_QL75_UX140_CR0,12,140,140_.jpg""}, {""name"": ""Wilford Brimley"", ""role"": ""Blair"", ""image_url"": ""https://m.media-amazon.com/images/M/MV5BYjVmMTNiYmMtOWEyMi00MzhlLWIxMTEtMzc2ZTQ3YWI1NTM4XkEyXkFqcGc@._V1_QL75_UY140_CR60,0,140,140_.jpg""}, {""name"": ""Keith David"", ""role"": ""Childs"", ""image_url"": ""https://m.media-amazon.com/images/M/MV5BMTI5OTU4ODI1MF5BMl5BanBnXkFtZTcwMjU1NjkyNA@@._V1_QL75_UX140_CR0,0,140,140_.jpg""}, {""name"": ""T.K. Carter"", ""role"": ""Nauls"", ""image_url"": ""https://m.media-amazon.com/images/M/MV5BMTc3NTk1MjUzOV5BMl5BanBnXkFtZTcwMzgwMTQwOA@@._V1_QL75_UX140_CR0,8,140,140_.jpg""}, {""name"": ""David Clennon"", ""role"": ""Palmer"", ""image_url"": ""https://m.media-amazon.com/images/M/MV5BMTM5MWY3NTEtMjBlYS00NWJlLThjMGUtYWM4MDA0ZTIzOWRkXkEyXkFqcGc@._V1_QL75_UY140_CR55,0,140,140_.jpg""}]",1h 49m
tt0477348,No Country for Old Men,https://m.media-amazon.com/images/M/MV5BMjA5Njk3MjM4OV5BMl5BanBnXkFtZTcwMTc5MTE1MQ@@._V1_FMjpg_UX1000_.jpg,Violence and mayhem ensue after a hunter stumbles upon the aftermath of a drug deal gone wrong and over two million dollars in cash near the Rio Grande.,"Contemporary Western, Psychological Thriller, Serial Killer, Crime, Drama, Thriller","Ethan Coen, Joel Coen, , ","[{""name"": ""Tommy Lee Jones"", ""role"": ""Ed Tom Bell"", ""image_url"": ""https://m.media-amazon.com/images/M/MV5BMTkyNjc4MDc0OV5BMl5BanBnXkFtZTcwOTc5OTUwOQ@@._V1_QL75_UX140_CR0,12,140,140_.jpg""}, {""name"": ""Javier Bardem"", ""role"": ""Anton Chigurh"", ""image_url"": ""https://m.media-amazon.com/images/M/MV5BMTY1NTc4NTYzMF5BMl5BanBnXkFtZTcwNDIwOTY1NA@@._V1_QL75_UX140_CR0,12,140,140_.jpg""}, {""name"": ""Josh Brolin"", ""role"": ""Llewelyn Moss"", ""image_url"": ""https://m.media-amazon.com/images/M/MV5BMTQ1MzYyMjQ0Nl5BMl5BanBnXkFtZTcwMTA0ODkyMg@@._V1_QL75_UX140_CR0,13,140,140_.jpg""}, {""name"": ""Woody Harrelson"", ""role"": ""Carson Wells"", ""image_url"": ""https://m.media-amazon.com/images/M/MV5BMTU3NDc2ODc4MF5BMl5BanBnXkFtZTcwODk2MzAyMg@@._V1_QL75_UX140_CR0,10,140,140_.jpg""}, {""name"": ""Kelly Macdonald"", ""role"": ""Carla Jean Moss"", ""image_url"": ""https://m.media-amazon.com/images/M/MV5BNDc5NTU2MzY0Nl5BMl5BanBnXkFtZTcwMzU4MjA0Ng@@._V1_QL75_UX140_CR0,3,140,140_.jpg""}]",2h 2m
tt1392214,Prisoners,https://m.media-amazon.com/images/M/MV5BMTg0NTIzMjQ1NV5BMl5BanBnXkFtZTcwNDc3MzM5OQ@@._V1_FMjpg_UX1000_.jpg,A desperate father takes the law into his own hands after police fail to find two kidnapped girls.,"Psychological Drama, Psychological Thriller, Suspense Mystery, Crime, Drama, Mystery, Thriller","Denis Villeneuve, ","[{""name"": ""Hugh Jackman"", ""role"": ""Keller Dover"", ""image_url"": ""https://m.media-amazon.com/images/M/MV5BNDExMzIzNjk3Nl5BMl5BanBnXkFtZTcwOTE4NDU5OA@@._V1_QL75_UX140_CR0,12,140,140_.jpg""}, {""name"": ""Jake Gyllenhaal"", ""role"": ""Detective Loki"", ""image_url"": ""https://m.media-amazon.com/images/M/MV5BNjA0MTU2NDY3MF5BMl5BanBnXkFtZTgwNDU4ODkzMzE@._V1_QL75_UX140_CR0,12,140,140_.jpg""}, {""name"": ""Viola Davis"", ""role"": ""Nancy Birch"", ""image_url"": ""https://m.media-amazon.com/images/M/MV5BNzUxNjM4ODI1OV5BMl5BanBnXkFtZTgwNTEwNDE2OTE@._V1_QL75_UX140_CR0,0,140,140_.jpg""}, {""name"": ""Maria Bello"", ""role"": ""Grace Dover"", ""image_url"": ""https://m.media-amazon.com/images/M/MV5BMTI3NDE3NTAyOF5BMl5BanBnXkFtZTcwNTg0MDEwMg@@._V1_QL75_UX140_CR0,0,140,140_.jpg""}, {""name"": ""Terrence Howard"", ""role"": ""Franklin Birch"", ""image_url"": ""https://m.media-amazon.com/images/M/MV5BMTk3NTY4NzgyOV5BMl5BanBnXkFtZTcwODEzNTkxNg@@._V1_QL75_UX140_CR0,0,140,140_.jpg""}]",2h 33m
tt1745960,Top Gun: Maverick,https://m.media-amazon.com/images/M/MV5BMDBkZDNjMWEtOTdmMi00NmExLTg5MmMtNTFlYTJlNWY5YTdmXkEyXkFqcGc@._V1_FMjpg_UX1000_.jpg,"The story involves Maverick confronting his past while training a group of younger Top Gun graduates, including the son of his deceased best friend, for a dangerous mission.","Tragedy, Adventure, Drama, Western","Joseph Kosinski, ","[{""name"": ""Tom Cruise"", ""role"": ""Capt. Pete 'Maverick' Mitchell"", ""image_url"": ""https://m.media-amazon.com/images/M/MV5BMmU1YWU1NmMtMjAyMi00MjFiLWFmZmUtOTc1ZjI5ODkxYmQyXkEyXkFqcGc@._V1_QL75_UX140_CR0,2,140,140_.jpg""}, {""name"": ""Jennifer Connelly"", ""role"": ""Penny Benjamin"", ""image_url"": ""https://m.media-amazon.com/images/M/MV5BNGMwYmU3MTAtYjcyOC00NGMzLTgzYzItMTc4YzQwNzNhYjRmXkEyXkFqcGc@._V1_QL75_UX140_CR0,12,140,140_.jpg""}, {""name"": ""Miles Teller"", ""role"": ""Lt. Bradley 'Rooster' Bradshaw"", ""image_url"": ""https://m.media-amazon.com/images/M/MV5BNWI3YWY1NWQtNDVhMy00ZWE1LWI2MzUtOTczNTg5MTllZmNjXkEyXkFqcGc@._V1_QL75_UX140_CR0,11,140,140_.jpg""}, {""name"": ""Val Kilmer"", ""role"": ""Adm. Tom 'Iceman' Kazansky"", ""image_url"": ""https://m.media-amazon.com/images/M/MV5BMTk3ODIzMDA5Ml5BMl5BanBnXkFtZTcwNDY0NTU4Ng@@._V1_QL75_UX140_CR0,7,140,140_.jpg""}, {""name"": ""Bashir Salahuddin"", ""role"": ""CWO4 Bernie 'Hondo' Coleman"", ""image_url"": ""https://m.media-amazon.com/images/M/MV5BOTYzMzIzMjU2NF5BMl5BanBnXkFtZTgwNDkwNDE2NDM@._V1_QL75_UX140_CR0,12,140,140_.jpg""}]",2h 10m
tt0266697,Kill Bill: Vol. 1,https://m.media-amazon.com/images/M/MV5BZmMyYzJlZmYtY2I3NC00NjAyLTkyZWItZjdjZDI1YTYyYTEwXkEyXkFqcGc@._V1_FMjpg_UX1000_.jpg,"After waking from a four-year coma, a former assassin wreaks vengeance on the team of assassins who betrayed her.","Kung Fu, Martial Arts, One-Person Army Action, Action, Crime, Thriller","Quentin Tarantino, ","[{""name"": ""Uma Thurman"", ""role"": ""The Bride"", ""image_url"": ""https://m.media-amazon.com/images/M/MV5BMjMxNzk1MTQyMl5BMl5BanBnXkFtZTgwMDIzMDEyMTE@._V1_QL75_UX140_CR0,12,140,140_.jpg""}, {""name"": ""David Carradine"", ""role"": ""Bill"", ""image_url"": ""https://m.media-amazon.com/images/M/MV5BMTQ2MDM1NjcwOV5BMl5BanBnXkFtZTYwNzUwMDIz._V1_QL75_UX140_CR0,10,140,140_.jpg""}, {""name"": ""Daryl Hannah"", ""role"": ""Elle Driver"", ""image_url"": ""https://m.media-amazon.com/images/M/MV5BMjE0MjUyMzMxOF5BMl5BanBnXkFtZTcwNjEzNjI5Ng@@._V1_QL75_UX140_CR0,5,140,140_.jpg""}, {""name"": ""Lucy Liu"", ""role"": ""O-Ren Ishii"", ""image_url"": ""https://m.media-amazon.com/images/M/MV5BNzhjODMxZWYtODA3NS00Yzk2LTg5NjgtMmE5YzI4M2UxNzJlXkEyXkFqcGc@._V1_QL75_UX140_CR0,0,140,140_.jpg""}, {""name"": ""Vivica A. Fox"", ""role"": ""Vernita Green"", ""image_url"": ""https://m.media-amazon.com/images/M/MV5BODAwZDg3OTktNDkzNS00NjkzLWI5NGQtMzZkZGQ0Mjc5YzY0XkEyXkFqcGc@._V1_QL75_UX140_CR0,0,140,140_.jpg""}]",1h 51m
tt0457430,Pan's Labyrinth,https://m.media-amazon.com/images/M/MV5BOTc1NTAxMWItMWFlNy00MmU2LTkwMTMtNzMwOTg5OTQ5YTFiXkEyXkFqcGc@._V1_FMjpg_UX1000_.jpg,"In 1944 Francoist Spain, an imaginative young girl meets a faun who tells her she's a princess and that she must prove her worthiness by completing three dangerous tasks.","Spanish, Coming-of-Age, Dark Fantasy, Fairy Tale, Period Drama, Supernatural Fantasy, Teen Fantasy, Tragedy, Drama, Fantasy","Guillermo del Toro, ","[{""name"": ""Ivana Baquero"", ""role"": ""Ofelia"", ""image_url"": ""https://m.media-amazon.com/images/M/MV5BOWJjNGFjNzYtYjliYi00YzY1LTlhNGEtYjA4ZmNlZmEwYWQ0XkEyXkFqcGc@._V1_CR169,351,3258,4887_QL75_UX140_CR0,12,140,140_.jpg""}, {""name"": ""Ariadna Gil"", ""role"": ""Carmen"", ""image_url"": ""https://m.media-amazon.com/images/M/MV5BMTYxODMxNjU4N15BMl5BanBnXkFtZTYwMTM1NjA0._V1_QL75_UX140_CR0,12,140,140_.jpg""}, {""name"": ""Sergi L\u00f3pez"", ""role"": ""Vidal"", ""image_url"": ""https://m.media-amazon.com/images/M/MV5BMTIzMDc3NzE4NV5BMl5BanBnXkFtZTYwNjQwODc1._V1_QL75_UX140_CR0,11,140,140_.jpg""}, {""name"": ""Maribel Verd\u00fa"", ""role"": ""Mercedes"", ""image_url"": ""https://m.media-amazon.com/images/M/MV5BMTQ1NjkwMjA0NV5BMl5BanBnXkFtZTYwNzU2NzE2._V1_QL75_UX140_CR0,6,140,140_.jpg""}, {""name"": ""Doug Jones"", ""role"": ""Fauno"", ""image_url"": ""https://m.media-amazon.com/images/M/MV5BMTYzNDY4MDc0OF5BMl5BanBnXkFtZTYwODM4MDY0._V1_QL75_UX140_CR0,5,140,140_.jpg""}]",1h 58m
tt0105695,Unforgiven,https://m.media-amazon.com/images/M/MV5BNmZmMzM3YWMtZjg5Yi00M2MxLTg3ZGItNGU4YjQxNDAxM2Q4XkEyXkFqcGc@._V1_FMjpg_UX1000_.jpg,"Retired Old West gunslinger Will Munny reluctantly takes on one last job to avenge an injustice with the help of his old partner and a young would-be gunman calling himself ""The Schofield Kid"".","Classical Western, Period Drama, Psychological Drama, Tragedy, Western Epic, Drama, Western","Clint Eastwood, ","[{""name"": ""Clint Eastwood"", ""role"": ""Bill Munny"", ""image_url"": ""https://m.media-amazon.com/images/M/MV5BMTg3MDc0MjY0OV5BMl5BanBnXkFtZTcwNzU1MDAxOA@@._V1_QL75_UX140_CR0,2,140,140_.jpg""}, {""name"": ""Gene Hackman"", ""role"": ""Little Bill Daggett"", ""image_url"": ""https://m.media-amazon.com/images/M/MV5BMTE5Njk0NDQ4OV5BMl5BanBnXkFtZTYwNjA0Mzc1._V1_QL75_UX140_CR0,9,140,140_.jpg""}, {""name"": ""Morgan Freeman"", ""role"": ""Ned Logan"", ""image_url"": ""https://m.media-amazon.com/images/M/MV5BNzExODU5YjktYmJlZC00YzllLWE0MWEtZTBlYmZkMGM0MTExXkEyXkFqcGc@._V1_QL75_UX140_CR0,12,140,140_.jpg""}, {""name"": ""Richard Harris"", ""role"": ""English Bob"", ""image_url"": ""https://m.media-amazon.com/images/M/MV5BOGViY2QzMjAtZmZmYi00MmJhLWJiZjYtM2YxMjZkZjEzMzNjXkEyXkFqcGc@._V1_QL75_UX140_CR0,3,140,140_.jpg""}, {""name"": ""Jaimz Woolvett"", ""role"": ""The 'Schofield Kid'"", ""image_url"": ""https://m.media-amazon.com/images/M/MV5BMTY3NjkxNTYxMV5BMl5BanBnXkFtZTYwODA5MjAz._V1_QL75_UX140_CR0,1,140,140_.jpg""}]",2h 10m
tt0268978,A Beautiful Mind,https://m.media-amazon.com/images/M/MV5BYjgzNjFkMmItOGJhNi00NWM3LWJlYTUtNDExMGQ3ZTI3NjJkXkEyXkFqcGc@._V1_FMjpg_UX1000_.jpg,"A mathematical genius, John Nash made an astonishing discovery early in his career and stood on the brink of international acclaim. But Nash soon found himself on a harrowing journey of self-discovery.","Docudrama, Period Drama, Psychological Drama, Biography, Drama, Mystery","Ron Howard, ","[{""name"": ""Russell Crowe"", ""role"": ""John Nash"", ""image_url"": ""https://m.media-amazon.com/images/M/MV5BMTQyMTExNTMxOF5BMl5BanBnXkFtZTcwNDg1NzkzNw@@._V1_QL75_UX140_CR0,12,140,140_.jpg""}, {""name"": ""Ed Harris"", ""role"": ""Parcher"", ""image_url"": ""https://m.media-amazon.com/images/M/MV5BMjE4NDM4ODc2OV5BMl5BanBnXkFtZTcwNzA5NjQ5MQ@@._V1_QL75_UX140_CR0,4,140,140_.jpg""}, {""name"": ""Jennifer Connelly"", ""role"": ""Alicia Nash"", ""image_url"": ""https://m.media-amazon.com/images/M/MV5BNGMwYmU3MTAtYjcyOC00NGMzLTgzYzItMTc4YzQwNzNhYjRmXkEyXkFqcGc@._V1_QL75_UX140_CR0,12,140,140_.jpg""}, {""name"": ""Christopher Plummer"", ""role"": ""Dr. Rosen"", ""image_url"": ""https://m.media-amazon.com/images/M/MV5BMTU5MzQ5MDY3NF5BMl5BanBnXkFtZTcwNzMxOTU5Ng@@._V1_QL75_UX140_CR0,7,140,140_.jpg""}, {""name"": ""Paul Bettany"", ""role"": ""Charles"", ""image_url"": ""https://m.media-amazon.com/images/M/MV5BNDVmNGMzMWQtOGRjNi00NDAwLThjMmEtMThiZjI1OWEyYTA0XkEyXkFqcGc@._V1_QL75_UY140_CR35,0,140,140_.jpg""}]",2h 15m
tt0347149,Howl's Moving Castle,https://m.media-amazon.com/images/M/MV5BMTY1OTg0MjE3MV5BMl5BanBnXkFtZTcwNTUxMTkyMQ@@._V1_FMjpg_UX1000_.jpg,"When an unconfident young woman is cursed with an old body by a spiteful witch, her only chance of breaking the spell lies with a self-indulgent yet insecure young wizard and his companions in his legged, walking castle.","Japanese, Adventure Epic, Anime, Epic, Fantasy Epic, Hand-Drawn Animation","Hayao Miyazaki, ","[{""name"": ""Chieko Baish\u014d"", ""role"": ""Sophie"", ""image_url"": ""https://m.media-amazon.com/images/M/MV5BZjJiYjdmM2ItYTIzOC00N2UzLTlkMGQtNGE1OGExZGU2OWFhXkEyXkFqcGc@._V1_QL75_UX140_CR0,1,140,140_.jpg""}, {""name"": ""Takuya Kimura"", ""role"": ""Howl"", ""image_url"": ""https://m.media-amazon.com/images/M/MV5BMjM1ODAxNjIwOF5BMl5BanBnXkFtZTgwMzI2MDYzMjI@._V1_QL75_UY140_CR35,0,140,140_.jpg""}, {""name"": ""Tatsuya Gash\u00fbin"", ""role"": ""Calcifer"", ""image_url"": ""https://m.media-amazon.com/images/M/MV5BYTQ5ZjY5NmUtZjczZS00OWQxLWE4NjktZjU2MmZjMzlmNThlXkEyXkFqcGc@._V1_QL75_UX140_CR0,10,140,140_.jpg""}, {""name"": ""Akihiro Miwa"", ""role"": ""Witch of the Waste"", ""image_url"": null}, {""name"": ""Ry\u00fbnosuke Kamiki"", ""role"": ""Markl"", ""image_url"": ""https://m.media-amazon.com/images/M/MV5BMTNlYTgwMmItM2EzOC00OTQwLTk3MzktZGQwYTFhODZiZmUwXkEyXkFqcGc@._V1_QL75_UY140_CR35,0,140,140_.jpg""}]",1h 59m
tt32820897,Demon Slayer: Kimetsu No Yaiba Infinity Castle,https://m.media-amazon.com/images/M/MV5BOGQ3YWUzYjEtMTJiYy00ZjQ0LWI0YjktYjhiNGVhNGExYTM3XkEyXkFqcGc@._V1_FMjpg_UX1000_.jpg,"The Demon Slayer Corps are drawn into the Infinity Castle, where Tanjiro and the Hashira face terrifying Upper Rank Hindi mein demons in a desperate fight as the final battle against Muzan Kibutsuji begins.",,"Hikaru Kondô, Haruo Sotozaki, , ","[{""name"": ""Zach Aguilar"", ""role"": ""Tanjiro Kamado"", ""image_url"": ""https://m.media-amazon.com/images/M/MV5BZWMxMWQ1YmItMTBiNS00ZWNjLWFlZDEtY2VlOTkwYTU5OWMwXkEyXkFqcGc@._V1_QL75_UX140_CR0,12,140,140_.jpg""}, {""name"": ""Saeko Akiho"", ""role"": null, ""image_url"": null}, {""name"": ""Yohei Azakami"", ""role"": ""Noguchi"", ""image_url"": null}, {""name"": ""Ryan Bartley"", ""role"": ""Hanako Kamado"", ""image_url"": ""https://m.media-amazon.com/images/M/MV5BZDI4MzQxNWMtYjczNy00ZmFmLTgwZjAtYTlkNDM1NWU1MWU4XkEyXkFqcGc@._V1_QL75_UX140_CR0,0,140,140_.jpg""}, {""name"": ""Johnny Yong Bosch"", ""role"": ""Giyu Tomioka"", ""image_url"": ""https://m.media-amazon.com/images/M/MV5BMTQzMzk3MDU5NV5BMl5BanBnXkFtZTgwMjE2MzUyMTE@._V1_QL75_UX140_CR0,0,140,140_.jpg""}]",2h 35m
tt12042730,Project Hail Mary,https://m.media-amazon.com/images/M/MV5BNTkwNzJiYTctNzI3NC00NjE1LTlhYjktY2Q5MTdmMWFmNzcxXkEyXkFqcGc@._V1_FMjpg_UX1000_.jpg,"A science teacher wakes up alone on a spaceship. As his memory returns, he uncovers a mission to stop a mysterious substance killing Earth's sun, and realizes that an unexpected friendship may be the key.","Adventure Epic, Buddy Comedy, Dark Comedy, Epic, Sci-Fi Epic, Space Sci-Fi, Adventure, Comedy, Drama, Sci-Fi","Phil Lord, Christopher Miller, , ","[{""name"": ""Ryan Gosling"", ""role"": ""Ryland Grace"", ""image_url"": ""https://m.media-amazon.com/images/M/MV5BMTQzMjkwNTQ2OF5BMl5BanBnXkFtZTgwNTQ4MTQ4MTE@._V1_QL75_UX140_CR0,0,140,140_.jpg""}, {""name"": ""Sandra H\u00fcller"", ""role"": ""Eva Stratt"", ""image_url"": ""https://m.media-amazon.com/images/M/MV5BOGM2NzE5ODAtZjdiMi00YzgwLWI3YTItZWExMTE2MjM4MmE3XkEyXkFqcGc@._V1_QL75_UX140_CR0,32,140,140_.jpg""}, {""name"": ""James Ortiz"", ""role"": ""Rocky"", ""image_url"": ""https://m.media-amazon.com/images/M/MV5BN2U3NGYwMjItNzQ2OS00NzkwLWI4OTQtNGRlZmIxYzZhNjA3XkEyXkFqcGc@._V1_QL75_UX140_CR0,0,140,140_.jpg""}, {""name"": ""Lionel Boyce"", ""role"": ""Carl"", ""image_url"": ""https://m.media-amazon.com/images/M/MV5BNTY1YzIwOTAtMTY3MC00MzBiLTk2ODgtNWM3NTNlNzQ0ZTBkXkEyXkFqcGc@._V1_QL75_UX140_CR0,1,140,140_.jpg""}, {""name"": ""Milana Vayntrub"", ""role"": ""Olesya Ilyukhina"", ""image_url"": ""https://m.media-amazon.com/images/M/MV5BZDQ1NGRmNmQtYzU3Mi00YjM0LWE2OGYtY2UzMmEyMjY5YmUyXkEyXkFqcGc@._V1_QL75_UX140_CR0,0,140,140_.jpg""}]",2h 36m
tt0040897,The Treasure of the Sierra Madre,https://m.media-amazon.com/images/M/MV5BOWM1YjFmODEtMWNhMC00YmI1LWI0Y2EtYzg0YTBhZWI4ODE3XkEyXkFqcGc@._V1_FMjpg_UX1000_.jpg,Two down-on-their-luck Americans searching for work in 1920s Mexico convince an old prospector to help them mine for gold in the Sierra Madre Mountains.,"Tragedy, Adventure, Drama, Western","John Huston, ","[{""name"": ""Humphrey Bogart"", ""role"": ""Dobbs"", ""image_url"": ""https://m.media-amazon.com/images/M/MV5BYjA0YmRkMTAtYTU0ZC00MTU5LTlmYjgtOTdkMDU4Y2M0OTU1XkEyXkFqcGc@._V1_QL75_UX140_CR0,0,140,140_.jpg""}, {""name"": ""Walter Huston"", ""role"": ""Howard"", ""image_url"": ""https://m.media-amazon.com/images/M/MV5BZjZlYTRmY2UtN2ZiZS00ZjRhLTkxZDMtYjliMzdhODllZWQ3XkEyXkFqcGc@._V1_QL75_UX140_CR0,0,140,140_.jpg""}, {""name"": ""Tim Holt"", ""role"": ""Curtin"", ""image_url"": ""https://m.media-amazon.com/images/M/MV5BMTYwMjQ5NzU0MF5BMl5BanBnXkFtZTcwODkyNDYwOA@@._V1_QL75_UX140_CR0,0,140,140_.jpg""}, {""name"": ""Bruce Bennett"", ""role"": ""Cody"", ""image_url"": ""https://m.media-amazon.com/images/M/MV5BMTg0Njc1ODk1NF5BMl5BanBnXkFtZTcwNDk5MjYwOA@@._V1_QL75_UX140_CR0,0,140,140_.jpg""}, {""name"": ""Barton MacLane"", ""role"": ""Pat McCormick"", ""image_url"": ""https://m.media-amazon.com/images/M/MV5BMjE2NzYwMTExOV5BMl5BanBnXkFtZTcwNDgzMzIxOA@@._V1_QL75_UX140_CR0,4,140,140_.jpg""}]",2h 6m
tt0266543,Finding Nemo,https://m.media-amazon.com/images/M/MV5BMTc5NjExNTA5OV5BMl5BanBnXkFtZTYwMTQ0ODY2._V1_FMjpg_UX1000_.jpg,"After his son is captured in the Great Barrier Reef and taken to Sydney, a timid clownfish sets out on a journey to bring him home.","Animal Adventure, Buddy Comedy, Computer Animation, Quest, Sea Adventure, Adventure, Animation, Comedy, Family","Andrew Stanton, Lee Unkrich, , ","[{""name"": ""Albert Brooks"", ""role"": ""Marlin"", ""image_url"": ""https://m.media-amazon.com/images/M/MV5BMTM4MzEwMTMxN15BMl5BanBnXkFtZTcwNTQwMTc2NQ@@._V1_QL75_UX140_CR0,7,140,140_.jpg""}, {""name"": ""Ellen DeGeneres"", ""role"": ""Dory"", ""image_url"": ""https://m.media-amazon.com/images/M/MV5BNDAwMzAyNDEzMV5BMl5BanBnXkFtZTcwMDU3MTAxMw@@._V1_QL75_UX140_CR0,1,140,140_.jpg""}, {""name"": ""Alexander Gould"", ""role"": ""Nemo"", ""image_url"": ""https://m.media-amazon.com/images/M/MV5BNzBlOWI2MDEtNjhkMi00ZjAxLWFhMTctYjMzYWYzMjI2MjBlXkEyXkFqcGc@._V1_QL75_UX140_CR0,12,140,140_.jpg""}, {""name"": ""Willem Dafoe"", ""role"": ""Gill"", ""image_url"": ""https://m.media-amazon.com/images/M/MV5BOTBjNWMzMDEtZGZiZi00ZTEyLWEzMDUtZGFiYTE0ODQwZWU5XkEyXkFqcGc@._V1_QL75_UX140_CR0,0,140,140_.jpg""}, {""name"": ""Brad Garrett"", ""role"": ""Bloat"", ""image_url"": ""https://m.media-amazon.com/images/M/MV5BMjEwMjYyMjYxNF5BMl5BanBnXkFtZTgwNzE0MDU3ODE@._V1_QL75_UX140_CR0,0,140,140_.jpg""}]",1h 40m
tt4729430,Klaus,https://m.media-amazon.com/images/M/MV5BZDA4ODhlMzctNGRmYi00NmViLTkxZGYtZjRkNGQ5YzYwYWVlXkEyXkFqcGc@._V1_FMjpg_UX1000_.jpg,"A simple act of kindness always sparks another, even in a frozen, faraway place. When Smeerensburg's new postman, Jesper, befriends toymaker Klaus, their gifts melt an age-old feud and deliver a sleigh full of holiday traditions.","Caper, Dark Comedy, Farce, Gangster, Heist, Comedy, Crime","Carlos Martínez López, Sergio Pablos, , ","[{""name"": ""Jason Schwartzman"", ""role"": ""Jesper"", ""image_url"": ""https://m.media-amazon.com/images/M/MV5BNTIwZDg3NjctNTJiOC00YjgzLThmOTAtNmQxYTY0N2ZkODNiXkEyXkFqcGc@._V1_QL75_UY140_CR42,0,140,140_.jpg""}, {""name"": ""J.K. Simmons"", ""role"": ""Klaus"", ""image_url"": ""https://m.media-amazon.com/images/M/MV5BMzg2NTI5NzQ1MV5BMl5BanBnXkFtZTgwNjI1NDEwMDI@._V1_QL75_UX140_CR0,0,140,140_.jpg""}, {""name"": ""Rashida Jones"", ""role"": ""Alva"", ""image_url"": ""https://m.media-amazon.com/images/M/MV5BMjA0ODM2MzQ2NV5BMl5BanBnXkFtZTcwMTAxNTUxOQ@@._V1_QL75_UX140_CR0,7,140,140_.jpg""}, {""name"": ""Will Sasso"", ""role"": ""Mr. Ellingboe"", ""image_url"": ""https://m.media-amazon.com/images/M/MV5BYWFjZGQ5OWEtYzIyMS00MjlmLTgyOWEtN2MwZTlkMjhmYjNlXkEyXkFqcGc@._V1_QL75_UX140_CR0,0,140,140_.jpg""}, {""name"": ""Neda Margrethe Labba"", ""role"": ""M\u00e1rgu"", ""image_url"": null}]",1h 36m
tt0055630,Yojimbo,https://m.media-amazon.com/images/M/MV5BYzFkODA1N2QtY2UyMC00NTMwLWEyNzctMmE3YjIzNzE1MzY4XkEyXkFqcGc@._V1_FMjpg_UX1000_.jpg,A crafty ronin comes to a town divided by two criminal gangs and decides to play them against each other to free the town.,"Japanese, Dark Comedy, One-Person Army Action, Period Drama, Psychological Thriller, Samurai, Action, Drama, Thriller","Akira Kurosawa, ","[{""name"": ""Toshir\u014d Mifune"", ""role"": ""Sanjuro Kuwabatake"", ""image_url"": ""https://m.media-amazon.com/images/M/MV5BMTM3NzE2MzEyNF5BMl5BanBnXkFtZTcwNzA5MTU4Mw@@._V1_QL75_UY140_CR30,0,140,140_.jpg""}, {""name"": ""Eijir\u014d T\u014dno"", ""role"": ""Gonji - Tavern Keeper"", ""image_url"": ""https://m.media-amazon.com/images/M/MV5BNjM4ZWNlNTQtMWQ5OS00NzE0LTg4NjYtMGQ5ZGNiYzQzNDIwXkEyXkFqcGc@._V1_QL75_UY140_CR24,0,140,140_.jpg""}, {""name"": ""Tatsuya Nakadai"", ""role"": ""Unosuke - Gunfighter"", ""image_url"": ""https://m.media-amazon.com/images/M/MV5BMTM5MzYwNDA3NV5BMl5BanBnXkFtZTcwNDExMTMwNw@@._V1_QL75_UY140_CR30,0,140,140_.jpg""}, {""name"": ""Y\u00f4ko Tsukasa"", ""role"": ""Nui"", ""image_url"": ""https://m.media-amazon.com/images/M/MV5BZTc0ZjYzODgtYWRlZC00ZDBiLWFkYjgtODQ2NDI2Mzg2MGZkXkEyXkFqcGc@._V1_QL75_UY140_CR17,0,140,140_.jpg""}, {""name"": ""Isuzu Yamada"", ""role"": ""Orin"", ""image_url"": ""https://m.media-amazon.com/images/M/MV5BMTU2NDk4OTcxNF5BMl5BanBnXkFtZTcwNDE3Njk5Ng@@._V1_QL75_UY140_CR30,0,140,140_.jpg""}]",1h 50m
tt0080678,The Elephant Man,https://m.media-amazon.com/images/M/MV5BMGE2MzViYzEtZDFmOC00YmViLWFkZTQtYmI2NmI3NDJjMDc0XkEyXkFqcGc@._V1_FMjpg_UX1000_.jpg,"A Victorian surgeon rescues a heavily-disfigured and mistreated young man working as a sideshow freak, who gradually reveals his capacity for kindness, intelligence and sophistication.","Docudrama, Period Drama, Psychological Drama, Tragedy, Biography, Drama","David Lynch, ","[{""name"": ""Anthony Hopkins"", ""role"": ""Dr. Frederick Treves"", ""image_url"": ""https://m.media-amazon.com/images/M/MV5BMTg5ODk1NTc5Ml5BMl5BanBnXkFtZTYwMjAwOTI4._V1_QL75_UX140_CR0,5,140,140_.jpg""}, {""name"": ""John Hurt"", ""role"": ""John Merrick"", ""image_url"": ""https://m.media-amazon.com/images/M/MV5BMTM1NTgyMTAyOV5BMl5BanBnXkFtZTcwMTE4MjQwNA@@._V1_QL75_UX140_CR0,6,140,140_.jpg""}, {""name"": ""Anne Bancroft"", ""role"": ""Mrs. Kendal"", ""image_url"": ""https://m.media-amazon.com/images/M/MV5BMTg2MzQ3MTk4OV5BMl5BanBnXkFtZTcwMzIzNzgzNA@@._V1_QL75_UX140_CR0,0,140,140_.jpg""}, {""name"": ""John Gielgud"", ""role"": ""Carr Gomm"", ""image_url"": ""https://m.media-amazon.com/images/M/MV5BMTllNmFmMTMtZDU0YS00MjZlLTk4MjgtNGNlYWE1YmExZjNmXkEyXkFqcGc@._V1_QL75_UX140_CR0,0,140,140_.jpg""}, {""name"": ""Wendy Hiller"", ""role"": ""Mothershead"", ""image_url"": ""https://m.media-amazon.com/images/M/MV5BMjE5NjM1OTc0Nl5BMl5BanBnXkFtZTcwNjk2ODgwMw@@._V1_QL75_UX140_CR0,0,140,140_.jpg""}]",2h 4m
tt0057115,The Great Escape,https://m.media-amazon.com/images/M/MV5BMDRhNmJjMzEtMWU5MC00YmEyLTg3ZmYtNzYxZTI1ZGU4ZjI1XkEyXkFqcGc@._V1_FMjpg_UX1000_.jpg,Allied officers in a German POW camp during World War II make a daring plan for a mass escape.,"Epic, Period Drama, Prison Drama, War Epic, Adventure, Drama, Thriller, War","John Sturges, ","[{""name"": ""Steve McQueen"", ""role"": ""Hilts 'The Cooler King'"", ""image_url"": ""https://m.media-amazon.com/images/M/MV5BNTM2MTcyOGYtZjI5Mi00Y2U3LWJiMDctNDUzOTkyMGE0NTFiXkEyXkFqcGc@._V1_QL75_UX140_CR0,0,140,140_.jpg""}, {""name"": ""James Garner"", ""role"": ""Hendley 'The Scrounger'"", ""image_url"": ""https://m.media-amazon.com/images/M/MV5BMDYzMTQyYjItYTI1NS00YzgyLTk3YmEtMTMzNWE4NmY2MzE0XkEyXkFqcGc@._V1_QL75_UX140_CR0,11,140,140_.jpg""}, {""name"": ""Richard Attenborough"", ""role"": ""Bartlett 'Big X'"", ""image_url"": ""https://m.media-amazon.com/images/M/MV5BMTkwMDQzMTAwN15BMl5BanBnXkFtZTcwNTI4NTgwMw@@._V1_QL75_UX140_CR0,0,140,140_.jpg""}, {""name"": ""James Donald"", ""role"": ""Ramsey 'The SBO'"", ""image_url"": ""https://m.media-amazon.com/images/M/MV5BMTM5Mjc3OTYzMl5BMl5BanBnXkFtZTcwNTA0MTYxOA@@._V1_QL75_UX140_CR0,4,140,140_.jpg""}, {""name"": ""Charles Bronson"", ""role"": ""Danny 'Tunnel King'"", ""image_url"": ""https://m.media-amazon.com/images/M/MV5BYWVjNDExMTgtMGE2OS00ZWNiLWIwNjYtMmI1ZDYwMTg1OWE2XkEyXkFqcGc@._V1_QL75_UX140_CR0,0,140,140_.jpg""}]",2h 52m
tt0071853,Monty Python and the Holy Grail,https://m.media-amazon.com/images/M/MV5BYWY4YmUzZmUtMzQ0ZS00N2Y2LWJlODQtN2IwMDc1MWQwMmU3XkEyXkFqcGc@._V1_FMjpg_UX1000_.jpg,"King Arthur and his Knights of the Round Table embark on a surreal, low-budget search for the Holy Grail, encountering many, very silly obstacles.","Farce, Parody, Quest, Satire, Sketch Comedy, Slapstick, Sword & Sorcery, Adventure, Comedy, Fantasy","Terry Gilliam, Terry Jones, , ","[{""name"": ""Graham Chapman"", ""role"": ""King Arthur"", ""image_url"": ""https://m.media-amazon.com/images/M/MV5BMjAzODAyODc4NF5BMl5BanBnXkFtZTcwODY5MzAxMw@@._V1_QL75_UY140_CR26,0,140,140_.jpg""}, {""name"": ""John Cleese"", ""role"": ""Second Swallow-Savvy Guard"", ""image_url"": ""https://m.media-amazon.com/images/M/MV5BMTQ1MTIzMzM1MF5BMl5BanBnXkFtZTYwNjQ3ODI1._V1_QL75_UX140_CR0,1,140,140_.jpg""}, {""name"": ""Eric Idle"", ""role"": ""Dead Collector"", ""image_url"": ""https://m.media-amazon.com/images/M/MV5BNzY4NTQwNDA4M15BMl5BanBnXkFtZTYwNTg5Njcz._V1_QL75_UX140_CR0,12,140,140_.jpg""}, {""name"": ""Terry Gilliam"", ""role"": ""Patsy"", ""image_url"": ""https://m.media-amazon.com/images/M/MV5BODAyMDM0NjEwOF5BMl5BanBnXkFtZTcwMTUyMDY5Mg@@._V1_QL75_UX140_CR0,0,140,140_.jpg""}, {""name"": ""Terry Jones"", ""role"": ""Dennis's Mother"", ""image_url"": ""https://m.media-amazon.com/images/M/MV5BMjlhMzRjYzYtYmM1ZC00NTBhLWI4ZjgtYjI1MTg3OWZlMTA1XkEyXkFqcGc@._V1_QL75_UX140_CR0,0,140,140_.jpg""}]",1h 31m
tt0046912,Dial M for Murder,https://m.media-amazon.com/images/M/MV5BZmYzNDgzYjgtNmU3Ny00YzUxLWE3OWUtMjIxZmNkYTVhNDZmXkEyXkFqcGc@._V1_FMjpg_UX1000_.jpg,"A jealous former tennis player plots the perfect murder of his wealthy wife in their London flat, triggering a tense trap of betrayal and evidence.","Crime, Drama, Mystery, Thriller","Alfred Hitchcock, ","[{""name"": ""Ray Milland"", ""role"": ""Tony Wendice"", ""image_url"": ""https://m.media-amazon.com/images/M/MV5BZDk0YmE2N2ItMGJmMC00MTc3LTk5MWQtODE3MDk3YWRiM2Q2XkEyXkFqcGc@._V1_QL75_UX140_CR0,0,140,140_.jpg""}, {""name"": ""Grace Kelly"", ""role"": ""Margot Wendice"", ""image_url"": ""https://m.media-amazon.com/images/M/MV5BMGU3YzE0YWUtYzlkMy00MmNmLThjM2UtNTEzY2RmNmM5NjU1XkEyXkFqcGc@._V1_QL75_UX140_CR0,0,140,140_.jpg""}, {""name"": ""Robert Cummings"", ""role"": ""Mark Halliday"", ""image_url"": ""https://m.media-amazon.com/images/M/MV5BZGZjNmZmYmUtYjlmMC00MTFlLTk3NjYtZmJlZmRjMDgxNGM3XkEyXkFqcGc@._V1_QL75_UX140_CR0,0,140,140_.jpg""}, {""name"": ""John Williams"", ""role"": ""Chief Inspector Hubbard"", ""image_url"": ""https://m.media-amazon.com/images/M/MV5BMTUyNDg1MTU5MV5BMl5BanBnXkFtZTcwMTgwNTUxOA@@._V1_QL75_UX140_CR0,0,140,140_.jpg""}, {""name"": ""Anthony Dawson"", ""role"": ""Charles Swann"", ""image_url"": ""https://m.media-amazon.com/images/M/MV5BMTM1NjM2NjQ0Ml5BMl5BanBnXkFtZTcwNzkzNzQzNA@@._V1_QL75_UX140_CR0,0,140,140_.jpg""}]",1h 45m
tt1305806,The Secret in Their Eyes,https://m.media-amazon.com/images/M/MV5BMTgwNTI3OTczOV5BMl5BanBnXkFtZTcwMTM3MTUyMw@@._V1_FMjpg_UX1000_.jpg,"A retired court investigator revisits a decades old murder while trying to finish the story that has followed him ever since, forcing old evidence and unfinished feelings back into the light.","Spanish, Dark Romance, Legal Thriller, Period Drama, Psychological Drama, Psychological Thriller, Suspense Mystery, Tragedy, Whodunnit, Drama","Juan José Campanella, ","[{""name"": ""Ricardo Dar\u00edn"", ""role"": ""Benjam\u00edn Esp\u00f3sito"", ""image_url"": ""https://m.media-amazon.com/images/M/MV5BMTgxOTAyMTAzNV5BMl5BanBnXkFtZTcwODE2MTUzOA@@._V1_QL75_UX140_CR0,13,140,140_.jpg""}, {""name"": ""Soledad Villamil"", ""role"": ""Irene Men\u00e9ndez Hastings"", ""image_url"": ""https://m.media-amazon.com/images/M/MV5BMTM2OTkwOTk3NF5BMl5BanBnXkFtZTcwMjA2MzAyOA@@._V1_QL75_UX140_CR0,0,140,140_.jpg""}, {""name"": ""Pablo Rago"", ""role"": ""Ricardo Morales"", ""image_url"": ""https://m.media-amazon.com/images/M/MV5BZjFmMzg3OGMtZDVlZS00YzYxLThiZTgtOTcxMjFkZDc5Y2EyXkEyXkFqcGc@._V1_QL75_UY140_CR55,0,140,140_.jpg""}, {""name"": ""Carla Quevedo"", ""role"": ""Liliana Coloto"", ""image_url"": ""https://m.media-amazon.com/images/M/MV5BMTBmYzBhYWYtNWQ1MS00ODMxLWE0M2QtY2RlODEyMjM2NGY5XkEyXkFqcGc@._V1_QL75_UY140_CR24,0,140,140_.jpg""}, {""name"": ""Javier Godino"", ""role"": ""Isidoro G\u00f3mez"", ""image_url"": ""https://m.media-amazon.com/images/M/MV5BY2E3NmUxMzEtODg3YS00YThmLThhYjctOWM4ZjU0MjhkYmI2XkEyXkFqcGc@._V1_QL75_UX140_CR0,4,140,140_.jpg""}]",2h 9m
tt0031381,Gone with the Wind,https://m.media-amazon.com/images/M/MV5BYmYxZTE3YzMtYmE2Yy00NmFlLTkzYTAtYTAzN2IzNDFkN2E0XkEyXkFqcGc@._V1_FMjpg_UX1000_.jpg,A sheltered and manipulative Southern belle and a roguish profiteer face off in a turbulent romance as the society around them crumbles with the end of slavery and is rebuilt during the Civil War and Reconstruction periods.,"Costume Drama, Epic, Period Drama, Psychological Drama, Romantic Epic, Tragic Romance, War Epic","Victor Fleming, ","[{""name"": ""Clark Gable"", ""role"": ""Rhett Butler"", ""image_url"": ""https://m.media-amazon.com/images/M/MV5BMDFiZTczYWMtYmUxYS00ZWY4LTljODYtMjNlZDNjOWZkMzMyXkEyXkFqcGc@._V1_QL75_UX140_CR0,0,140,140_.jpg""}, {""name"": ""Vivien Leigh"", ""role"": ""Scarlett"", ""image_url"": ""https://m.media-amazon.com/images/M/MV5BYTQzNjEyMDgtMWJlNi00MzA1LWE3YTktYzQ1MTljODNhNGFkXkEyXkFqcGc@._V1_QL75_UX140_CR0,0,140,140_.jpg""}, {""name"": ""Thomas Mitchell"", ""role"": ""Gerald O'Hara"", ""image_url"": ""https://m.media-amazon.com/images/M/MV5BOTcwNjAwMDI2M15BMl5BanBnXkFtZTcwNDMyNTUwOA@@._V1_QL75_UX140_CR0,6,140,140_.jpg""}, {""name"": ""Barbara O'Neil"", ""role"": ""Ellen, his wife"", ""image_url"": ""https://m.media-amazon.com/images/M/MV5BMjMxNTUwMzU1M15BMl5BanBnXkFtZTcwNjY2ODMxOA@@._V1_QL75_UX140_CR0,0,140,140_.jpg""}, {""name"": ""Evelyn Keyes"", ""role"": ""Suellen"", ""image_url"": ""https://m.media-amazon.com/images/M/MV5BMTQyNDIzMzk1MV5BMl5BanBnXkFtZTcwNTA5NzExOA@@._V1_QL75_UX140_CR0,0,140,140_.jpg""}]",3h 58m
tt0120735,"Lock, Stock and Two Smoking Barrels",https://m.media-amazon.com/images/M/MV5BMmY1M2M5ZmMtYzllZC00YzAxLTk4MjktZDJkNjA1MTUwMGQ4XkEyXkFqcGc@._V1_FMjpg_UX1000_.jpg,"When four small-time criminals lose a rigged poker game against a London kingpin, he gives them one week to settle their enormous debt.","Caper, Dark Comedy, Farce, Gangster, Heist, Comedy, Crime","Guy Ritchie, ","[{""name"": ""Jason Flemyng"", ""role"": ""Tom"", ""image_url"": ""https://m.media-amazon.com/images/M/MV5BMjA0MjUxNTk5MV5BMl5BanBnXkFtZTcwOTE0OTEyOA@@._V1_QL75_UX140_CR0,0,140,140_.jpg""}, {""name"": ""Dexter Fletcher"", ""role"": ""Soap"", ""image_url"": ""https://m.media-amazon.com/images/M/MV5BYzViNmMzMjktOWYwZS00YTg3LTlkMjctNThiYjM3YWUyMzlhXkEyXkFqcGc@._V1_QL75_UX140_CR0,12,140,140_.jpg""}, {""name"": ""Nick Moran"", ""role"": ""Eddy"", ""image_url"": ""https://m.media-amazon.com/images/M/MV5BNDgyODM2NDM2N15BMl5BanBnXkFtZTcwODExODU4NQ@@._V1_QL75_UX140_CR0,12,140,140_.jpg""}, {""name"": ""Jason Statham"", ""role"": ""Bacon"", ""image_url"": ""https://m.media-amazon.com/images/M/MV5BOWQ3MzY4ZjYtOGZmZC00OTI5LTk5OTktZmE1Y2VmZGVkY2YxXkEyXkFqcGc@._V1_QL75_UX140_CR0,12,140,140_.jpg""}, {""name"": ""Steven Mackintosh"", ""role"": ""Winston"", ""image_url"": ""https://m.media-amazon.com/images/M/MV5BMTUwOWViODgtNTQ0OC00MWUzLTk4YmQtMWViMjljNjhjNmM4XkEyXkFqcGc@._V1_CR302,0,3012,4518_QL75_UX140_CR0,12,140,140_.jpg""}]",1h 47m
tt0071315,Chinatown,https://m.media-amazon.com/images/M/MV5BNmRmZTE0NmUtZjhiZi00MzQ3LTk3ZjctN2Q3ODYzY2U3MDk3XkEyXkFqcGc@._V1_FMjpg_UX1000_.jpg,"A private detective hired to expose an adulterer in 1930s Los Angeles finds himself caught up in a web of deceit, corruption, and murder.","Conspiracy Thriller, Hard-boiled Detective, Period Drama, Psychological Drama, Psychological Thriller, Tragedy, Drama, Mystery, Thriller","Roman Polanski, ","[{""name"": ""Jack Nicholson"", ""role"": ""J.J. Gittes"", ""image_url"": ""https://m.media-amazon.com/images/M/MV5BMTQ3OTY0ODk0M15BMl5BanBnXkFtZTYwNzE4Njc4._V1_QL75_UX140_CR0,4,140,140_.jpg""}, {""name"": ""Faye Dunaway"", ""role"": ""Evelyn Mulwray"", ""image_url"": ""https://m.media-amazon.com/images/M/MV5BMTk4OTU5MDY0OV5BMl5BanBnXkFtZTYwNTc0MTM1._V1_QL75_UX140_CR0,0,140,140_.jpg""}, {""name"": ""John Huston"", ""role"": ""Noah Cross"", ""image_url"": ""https://m.media-amazon.com/images/M/MV5BMmMzZDgxZDgtMmNlNS00OWY2LWEwNDEtZGM4ODg4NTQ4NjRhXkEyXkFqcGc@._V1_QL75_UX140_CR0,12,140,140_.jpg""}, {""name"": ""Perry Lopez"", ""role"": ""Escobar"", ""image_url"": ""https://m.media-amazon.com/images/M/MV5BMTQxNTM4MjQ4Ml5BMl5BanBnXkFtZTcwOTQ4MjIxOA@@._V1_QL75_UX140_CR0,6,140,140_.jpg""}, {""name"": ""John Hillerman"", ""role"": ""Yelburton"", ""image_url"": ""https://m.media-amazon.com/images/M/MV5BMTgyODA0MDQxM15BMl5BanBnXkFtZTcwNDM2MzYwOA@@._V1_QL75_UX140_CR0,0,140,140_.jpg""}]",2h 10m
tt0264464,Catch Me If You Can,https://m.media-amazon.com/images/M/MV5BMTY5MzYzNjc5NV5BMl5BanBnXkFtZTYwNTUyNTc2._V1_FMjpg_UX1000_.jpg,"A runaway teenager lives an exciting life by forging checks and impersonating several professions, but his fraudulent activities soon attract the attention of the FBI.","Caper, Docudrama, Globetrotting Adventure, Period Drama, True Crime, Biography, Crime, Drama","Steven Spielberg, ","[{""name"": ""Leonardo DiCaprio"", ""role"": ""Frank Abagnale Jr."", ""image_url"": ""https://m.media-amazon.com/images/M/MV5BMjI0MTg3MzI0M15BMl5BanBnXkFtZTcwMzQyODU2Mw@@._V1_QL75_UX140_CR0,2,140,140_.jpg""}, {""name"": ""Tom Hanks"", ""role"": ""Carl Hanratty"", ""image_url"": ""https://m.media-amazon.com/images/M/MV5BMTQ2MjMwNDA3Nl5BMl5BanBnXkFtZTcwMTA2NDY3NQ@@._V1_QL75_UX140_CR0,8,140,140_.jpg""}, {""name"": ""Christopher Walken"", ""role"": ""Frank Abagnale"", ""image_url"": ""https://m.media-amazon.com/images/M/MV5BMjA4ODUyNDQ2NV5BMl5BanBnXkFtZTYwODk2MTYz._V1_QL75_UX140_CR0,8,140,140_.jpg""}, {""name"": ""Martin Sheen"", ""role"": ""Roger Strong"", ""image_url"": ""https://m.media-amazon.com/images/M/MV5BOTM1MTA5MTY0MV5BMl5BanBnXkFtZTcwMTQ4OTUzMg@@._V1_QL75_UX140_CR0,4,140,140_.jpg""}, {""name"": ""Nathalie Baye"", ""role"": ""Paula Abagnale"", ""image_url"": ""https://m.media-amazon.com/images/M/MV5BMTE5MTQ3NDQ4Ml5BMl5BanBnXkFtZTYwMzg5NDQ0._V1_QL75_UX140_CR0,17,140,140_.jpg""}]",2h 21m
tt0434409,V for Vendetta,https://m.media-amazon.com/images/M/MV5BZDEwOTRjNjgtOGY0MC00NGYxLWFmYmQtNjc1ZjVhMTc0OWUxXkEyXkFqcGc@._V1_FMjpg_UX1000_.jpg,A young woman living in a dystopian society meets a shadowy freedom fighter who is plotting to overthrow their tyrannical government.,"Action Epic, Dystopian Sci-Fi, Epic, Political Drama, Political Thriller, Psychological Thriller, Sci-Fi Epic, Superhero, Action, Drama","James McTeigue, ","[{""name"": ""Hugo Weaving"", ""role"": ""V"", ""image_url"": ""https://m.media-amazon.com/images/M/MV5BMjAxMzAyNDQyMF5BMl5BanBnXkFtZTcwOTM4ODcxMw@@._V1_QL75_UX140_CR0,7,140,140_.jpg""}, {""name"": ""Natalie Portman"", ""role"": ""Evey"", ""image_url"": ""https://m.media-amazon.com/images/M/MV5BNjk1M2RmODAtMjE0Ny00N2U0LWIwNWYtZTAxMDFiMzk1MjU5XkEyXkFqcGc@._V1_QL75_UX140_CR0,12,140,140_.jpg""}, {""name"": ""Rupert Graves"", ""role"": ""Dominic"", ""image_url"": ""https://m.media-amazon.com/images/M/MV5BMTYxMzY4MDc0MV5BMl5BanBnXkFtZTgwMjgzOTEyNjE@._V1_QL75_UX140_CR0,0,140,140_.jpg""}, {""name"": ""Stephen Rea"", ""role"": ""Finch"", ""image_url"": ""https://m.media-amazon.com/images/M/MV5BMTE5NDU5NDQzMV5BMl5BanBnXkFtZTYwMDE1NDgz._V1_QL75_UX140_CR0,9,140,140_.jpg""}, {""name"": ""Stephen Fry"", ""role"": ""Deitrich"", ""image_url"": ""https://m.media-amazon.com/images/M/MV5BOTlmNTY3OWMtZjBhNy00MWVhLWI5MTctYWY0Y2YyZGE5Zjk1XkEyXkFqcGc@._V1_QL75_UX140_CR0,0,140,140_.jpg""}]",2h 12m
tt0346336,The Best of Youth,https://m.media-amazon.com/images/M/MV5BYzcxMTE2YjUtMzIyMy00NDNjLWE3ZWYtODQzYmNhNDVhNDZmXkEyXkFqcGc@._V1_FMjpg_UX1000_.jpg,An Italian epic that follows the lives of two brothers from the 1960s to the 2000s.,"Italian, Epic, Drama, Romance","Marco Tullio Giordana, ","[{""name"": ""Luigi Lo Cascio"", ""role"": ""Nicola Carati"", ""image_url"": ""https://m.media-amazon.com/images/M/MV5BNDZmMGJkODktMTY5MS00NjVlLWI0ZjQtNjkzNTRmNWE2NDkzXkEyXkFqcGc@._V1_QL75_UX140_CR0,12,140,140_.jpg""}, {""name"": ""Alessio Boni"", ""role"": ""Matteo Carati"", ""image_url"": ""https://m.media-amazon.com/images/M/MV5BMTQ2NzA1MzQxNF5BMl5BanBnXkFtZTcwNTE5NDUxNA@@._V1_QL75_UX140_CR0,12,140,140_.jpg""}, {""name"": ""Jasmine Trinca"", ""role"": ""Giorgia Esposti"", ""image_url"": ""https://m.media-amazon.com/images/M/MV5BNjA5NTY5ODkzM15BMl5BanBnXkFtZTcwODE3MDAzNQ@@._V1_QL75_UX140_CR0,5,140,140_.jpg""}, {""name"": ""Adriana Asti"", ""role"": ""Adriana Carati"", ""image_url"": ""https://m.media-amazon.com/images/M/MV5BMmIzNjZmZTktYTBlMy00M2I0LTgyNjUtMjgzYWIwZjIzMTY1XkEyXkFqcGc@._V1_QL75_UX140_CR0,0,140,140_.jpg""}, {""name"": ""Sonia Bergamasco"", ""role"": ""Giulia Monfalco"", ""image_url"": ""https://m.media-amazon.com/images/M/MV5BMTQ0MzI3OTgxMF5BMl5BanBnXkFtZTcwMzc4MjM5OA@@._V1_QL75_UX140_CR0,8,140,140_.jpg""}]",6h 14m
tt0097165,Dead Poets Society,https://m.media-amazon.com/images/M/MV5BMDYwNGVlY2ItMWYxMS00YjZiLWE5MTAtYWM5NWQ2ZWJjY2Q3XkEyXkFqcGc@._V1_FMjpg_UX1000_.jpg,A maverick teacher at a prestigious New England boys' boarding school uses poetry to embolden his pupils to new heights of self-expression.,"Coming-of-Age, Psychological Drama, Teen Drama, Comedy, Drama","Peter Weir, ","[{""name"": ""Robin Williams"", ""role"": ""John Keating"", ""image_url"": ""https://m.media-amazon.com/images/M/MV5BNTYzMjc2Mjg4MF5BMl5BanBnXkFtZTcwODc1OTQwNw@@._V1_QL75_UX140_CR0,12,140,140_.jpg""}, {""name"": ""Robert Sean Leonard"", ""role"": ""Neil Perry"", ""image_url"": ""https://m.media-amazon.com/images/M/MV5BMjAzMTU0OTk3OV5BMl5BanBnXkFtZTYwNjk4NzE3._V1_QL75_UX140_CR0,1,140,140_.jpg""}, {""name"": ""Ethan Hawke"", ""role"": ""Todd Anderson"", ""image_url"": ""https://m.media-amazon.com/images/M/MV5BMTk4NDMxMTI0MF5BMl5BanBnXkFtZTYwMjE3ODE0._V1_QL75_UX140_CR0,6,140,140_.jpg""}, {""name"": ""Josh Charles"", ""role"": ""Knox Overstreet"", ""image_url"": ""https://m.media-amazon.com/images/M/MV5BMjM2MTY1Mzg5OV5BMl5BanBnXkFtZTgwODk1MjkzMTI@._V1_QL75_UY140_CR5,0,140,140_.jpg""}, {""name"": ""Gale Hansen"", ""role"": ""Charlie Dalton"", ""image_url"": ""https://m.media-amazon.com/images/M/MV5BOGQ3Mzc3ZTItZGE0YS00YTRlLWE3ZTktNDA5NmM0OWQzNGFhXkEyXkFqcGc@._V1_QL75_UX140_CR0,32,140,140_.jpg""}]",2h 8m
tt2096673,Inside Out,https://m.media-amazon.com/images/M/MV5BOTgxMDQwMDk0OF5BMl5BanBnXkFtZTgwNjU5OTg2NDE@._V1_FMjpg_UX1000_.jpg,"After a young girl is uprooted from her Midwest life and moved to San Francisco, her emotions conflict on how best to navigate her new reality.","Coming-of-Age, Computer Animation, High-Concept Comedy, Psychological Drama, Adventure, Animation, Comedy, Drama, Family, Fantasy","Ronnie Del Carmen, Pete Docter, , ","[{""name"": ""Amy Poehler"", ""role"": ""Joy"", ""image_url"": ""https://m.media-amazon.com/images/M/MV5BYTkyYTcwNjgtYzAzYi00YzNmLWExNDMtZTExMjExZTlkOTE4XkEyXkFqcGc@._V1_QL75_UX140_CR0,0,140,140_.jpg""}, {""name"": ""Bill Hader"", ""role"": ""Fear"", ""image_url"": ""https://m.media-amazon.com/images/M/MV5BNTY3MzgwMjE3N15BMl5BanBnXkFtZTcwNjc2MjE3NA@@._V1_QL75_UX140_CR0,14,140,140_.jpg""}, {""name"": ""Lewis Black"", ""role"": ""Anger"", ""image_url"": ""https://m.media-amazon.com/images/M/MV5BMTgwMzYyNzQwMV5BMl5BanBnXkFtZTcwOTI5NDY5Mw@@._V1_QL75_UX140_CR0,5,140,140_.jpg""}, {""name"": ""Phyllis Smith"", ""role"": ""Sadness"", ""image_url"": ""https://m.media-amazon.com/images/M/MV5BMjA4NTM3NjUwMV5BMl5BanBnXkFtZTcwMDMyMTk3Mw@@._V1_QL75_UX140_CR0,8,140,140_.jpg""}, {""name"": ""Richard Kind"", ""role"": ""Bing Bong"", ""image_url"": ""https://m.media-amazon.com/images/M/MV5BMjEwMzgyNTI0MF5BMl5BanBnXkFtZTYwMTQ0OTI4._V1_QL75_UX140_CR0,11,140,140_.jpg""}]",1h 35m
tt0117951,Trainspotting,https://m.media-amazon.com/images/M/MV5BYmVkNGJkMzQtYWQwOS00OTZmLThjODQtZjNjNzllYzRiNTE0XkEyXkFqcGc@._V1_FMjpg_UX1000_.jpg,"Renton, deeply immersed in the Edinburgh drug scene, tries to clean up and get out despite the allure of drugs and the influence of friends.","Caper, Dark Comedy, Drug Crime, Psychological Drama, Crime, Drama","Danny Boyle, ","[{""name"": ""Ewan McGregor"", ""role"": ""Renton"", ""image_url"": ""https://m.media-amazon.com/images/M/MV5BMTg1MjQ0MDg0Nl5BMl5BanBnXkFtZTcwNjYyNjI5Mg@@._V1_QL75_UX140_CR0,11,140,140_.jpg""}, {""name"": ""Ewen Bremner"", ""role"": ""Spud"", ""image_url"": ""https://m.media-amazon.com/images/M/MV5BMGMzODY4ZTUtOWI1Yi00MDEyLThjN2YtNDAxMGE3YmRlODE4XkEyXkFqcGc@._V1_QL75_UX140_CR0,0,140,140_.jpg""}, {""name"": ""Jonny Lee Miller"", ""role"": ""Sick Boy"", ""image_url"": ""https://m.media-amazon.com/images/M/MV5BMjIyMjc0NTA2M15BMl5BanBnXkFtZTcwMTA4MzQ2OQ@@._V1_QL75_UX140_CR0,1,140,140_.jpg""}, {""name"": ""Kevin McKidd"", ""role"": ""Tommy"", ""image_url"": ""https://m.media-amazon.com/images/M/MV5BMTM5NjUxNTQ3OV5BMl5BanBnXkFtZTcwOTg4Mjc5Nw@@._V1_QL75_UX140_CR0,0,140,140_.jpg""}, {""name"": ""Robert Carlyle"", ""role"": ""Begbie"", ""image_url"": ""https://m.media-amazon.com/images/M/MV5BMTM2Njc1MjgyOF5BMl5BanBnXkFtZTcwMjY2NTAwNw@@._V1_QL75_UX140_CR0,1,140,140_.jpg""}]",1h 33m
tt1201607,Harry Potter and the Deathly Hallows: Part 2,https://m.media-amazon.com/images/M/MV5BOTA1Mzc2N2ItZWRiNS00MjQzLTlmZDQtMjU0NmY1YWRkMGQ4XkEyXkFqcGc@._V1_FMjpg_UX1000_.jpg,"Harry, Ron and Hermione set out on a quest to eliminate the remaining horcruxes. On the other hand, the students and teachers must unite to defend Hogwarts against Lord Voldemort and his army.","Harry Potter, Adventure Epic, Coming-of-Age, Dark Fantasy, Fantasy Epic, Sword & Sorcery, Teen Adventure, Teen Fantasy, Adventure, Family","David Yates, ","[{""name"": ""Daniel Radcliffe"", ""role"": ""Harry Potter"", ""image_url"": ""https://m.media-amazon.com/images/M/MV5BYzVmYjIxMzgtZWU2Ny00MjAyLTk5ZWUtZDEyMTliYjczMmIxXkEyXkFqcGc@._V1_QL75_UX140_CR0,12,140,140_.jpg""}, {""name"": ""Emma Watson"", ""role"": ""Hermione Granger"", ""image_url"": ""https://m.media-amazon.com/images/M/MV5BMTQ3ODE2NTMxMV5BMl5BanBnXkFtZTgwOTIzOTQzMjE@._V1_QL75_UX140_CR0,0,140,140_.jpg""}, {""name"": ""Rupert Grint"", ""role"": ""Ron Weasley"", ""image_url"": ""https://m.media-amazon.com/images/M/MV5BODUwOTc5N2MtNTVmZi00MWE0LWE0Y2QtOTAyOTEzZDg1NGFiXkEyXkFqcGc@._V1_QL75_UX140_CR0,12,140,140_.jpg""}, {""name"": ""Ralph Fiennes"", ""role"": ""Lord Voldemort"", ""image_url"": ""https://m.media-amazon.com/images/M/MV5BMzc5MjE1NDgyN15BMl5BanBnXkFtZTcwNzg2ODgwNA@@._V1_QL75_UX140_CR0,0,140,140_.jpg""}, {""name"": ""Michael Gambon"", ""role"": ""Professor Albus Dumbledore"", ""image_url"": ""https://m.media-amazon.com/images/M/MV5BMTY3OTc4MTgyN15BMl5BanBnXkFtZTcwNTAxNjA3Mg@@._V1_QL75_UX140_CR0,2,140,140_.jpg""}]",2h 10m
tt5027774,"Three Billboards Outside Ebbing, Missouri",https://m.media-amazon.com/images/M/MV5BMjI0ODcxNzM1N15BMl5BanBnXkFtZTgwMzIwMTEwNDI@._V1_FMjpg_UX1000_.jpg,A mother personally challenges the local authorities to solve her daughter's murder when they fail to catch the culprit.,"Dark Comedy, Psychological Drama, Satire, Comedy, Crime, Drama","Martin McDonagh, ","[{""name"": ""Frances McDormand"", ""role"": ""Mildred"", ""image_url"": ""https://m.media-amazon.com/images/M/MV5BMjI3NzgxNjYzOF5BMl5BanBnXkFtZTgwNTIxMjExNzE@._V1_QL75_UX140_CR0,0,140,140_.jpg""}, {""name"": ""Woody Harrelson"", ""role"": ""Willoughby"", ""image_url"": ""https://m.media-amazon.com/images/M/MV5BMTU3NDc2ODc4MF5BMl5BanBnXkFtZTcwODk2MzAyMg@@._V1_QL75_UX140_CR0,10,140,140_.jpg""}, {""name"": ""Sam Rockwell"", ""role"": ""Dixon"", ""image_url"": ""https://m.media-amazon.com/images/M/MV5BZWU5NDc1OTMtNGIyOC00YTBiLTg1MTctNzgxZTU0YWM0ZmJjXkEyXkFqcGc@._V1_QL75_UX140_CR0,12,140,140_.jpg""}, {""name"": ""Caleb Landry Jones"", ""role"": ""Red Welby"", ""image_url"": ""https://m.media-amazon.com/images/M/MV5BNmZiNTU0NmYtMGVmYS00ZWNhLThkY2ItODdkYzE0NTg0NWYwXkEyXkFqcGc@._V1_QL75_UX140_CR0,12,140,140_.jpg""}, {""name"": ""Kerry Condon"", ""role"": ""Pamela"", ""image_url"": ""https://m.media-amazon.com/images/M/MV5BMTY5NjgyNDU3OV5BMl5BanBnXkFtZTgwNzA4NDczNjE@._V1_QL75_UX140_CR0,0,140,140_.jpg""}]",1h 55m
tt0050212,The Bridge on the River Kwai,https://m.media-amazon.com/images/M/MV5BNzdkYmU2YmItNmZiYy00OWQyLTg0YWYtZmUxM2U3YTRiNTQ1XkEyXkFqcGc@._V1_FMjpg_UX1000_.jpg,"British POWs are forced to build a railway bridge across the river Kwai for their Japanese captors in occupied Burma, not knowing that the allied forces are planning a daring commando raid through the jungle to destroy it.","Jungle Adventure, War Epic, Adventure, Drama, War","David Lean, ","[{""name"": ""William Holden"", ""role"": ""Shears"", ""image_url"": ""https://m.media-amazon.com/images/M/MV5BODczZTljZWItNjVhMi00Zjg4LWFlYzMtMWM5MzAxNWFmMjc3XkEyXkFqcGc@._V1_QL75_UX140_CR0,0,140,140_.jpg""}, {""name"": ""Alec Guinness"", ""role"": ""Colonel Nicholson"", ""image_url"": ""https://m.media-amazon.com/images/M/MV5BMTUyMjgzMjczOF5BMl5BanBnXkFtZTgwNzcyMzQyNDM@._V1_QL75_UX140_CR0,15,140,140_.jpg""}, {""name"": ""Jack Hawkins"", ""role"": ""Major Warden"", ""image_url"": ""https://m.media-amazon.com/images/M/MV5BMTU0MTk0NzI5OF5BMl5BanBnXkFtZTcwNTI1NjQwOA@@._V1_QL75_UX140_CR0,1,140,140_.jpg""}, {""name"": ""Sessue Hayakawa"", ""role"": ""Colonel Saito"", ""image_url"": ""https://m.media-amazon.com/images/M/MV5BYjBlOWQyYmQtZGU0Yy00OTdlLTgzMjMtMDkxMzI3OWRjOTViXkEyXkFqcGc@._V1_QL75_UX140_CR0,2,140,140_.jpg""}, {""name"": ""James Donald"", ""role"": ""Major Clipton"", ""image_url"": ""https://m.media-amazon.com/images/M/MV5BMTM5Mjc3OTYzMl5BMl5BanBnXkFtZTcwNTA0MTYxOA@@._V1_QL75_UX140_CR0,4,140,140_.jpg""}]",2h 41m
tt0042876,Rashomon,https://m.media-amazon.com/images/M/MV5BMjEzMzA4NDE2OF5BMl5BanBnXkFtZTcwNTc5MDI2NQ@@._V1_FMjpg_UX1000_.jpg,Three parties and a witness have four versions of a rape/murder in ninth-century Japan.,"Japanese, Period Drama, Crime, Drama, Mystery","Akira Kurosawa, ","[{""name"": ""Toshir\u014d Mifune"", ""role"": ""Taj\u00f4maru"", ""image_url"": ""https://m.media-amazon.com/images/M/MV5BMTM3NzE2MzEyNF5BMl5BanBnXkFtZTcwNzA5MTU4Mw@@._V1_QL75_UY140_CR30,0,140,140_.jpg""}, {""name"": ""Machiko Ky\u00f4"", ""role"": ""Masako Kanazawa"", ""image_url"": ""https://m.media-amazon.com/images/M/MV5BMjE4NzAwODgwMV5BMl5BanBnXkFtZTcwNjkxMTMwNw@@._V1_QL75_UX140_CR0,0,140,140_.jpg""}, {""name"": ""Masayuki Mori"", ""role"": ""Takehiro Kanazawa"", ""image_url"": ""https://m.media-amazon.com/images/M/MV5BYmRlYzU3ZGUtZGI1MS00Mzk3LTgzY2QtZjM2MjU4NWM3M2U2XkEyXkFqcGc@._V1_QL75_UY140_CR98,0,140,140_.jpg""}, {""name"": ""Takashi Shimura"", ""role"": ""Woodcutter"", ""image_url"": ""https://m.media-amazon.com/images/M/MV5BMTUyNjY0ODYyMV5BMl5BanBnXkFtZTcwMDg0MTc4Ng@@._V1_QL75_UY140_CR24,0,140,140_.jpg""}, {""name"": ""Minoru Chiaki"", ""role"": ""Priest"", ""image_url"": ""https://m.media-amazon.com/images/M/MV5BMzI3MThhNjctNGM4MS00NzEzLTg2ZTktZjY1NjRjN2ZiYjY5XkEyXkFqcGc@._V1_QL75_UY140_CR98,0,140,140_.jpg""}]",1h 28m
tt0072684,Barry Lyndon,https://m.media-amazon.com/images/M/MV5BNmM2MGQ5Y2UtYzA3ZC00ZDJlLTkwNDYtMjBmZGExZDJiN2RlXkEyXkFqcGc@._V1_FMjpg_UX1000_.jpg,An Irish rogue wins the heart of a rich widow and assumes her dead husband's aristocratic position in 18th-century England.,"Adventure Epic, Costume Drama, Dark Comedy, Epic, Globetrotting Adventure, Period Drama, Psychological Drama, Tragedy, Adventure, Drama","Stanley Kubrick, ","[{""name"": ""Ryan O'Neal"", ""role"": ""Barry Lyndon"", ""image_url"": ""https://m.media-amazon.com/images/M/MV5BNjUxOTMwMTI1N15BMl5BanBnXkFtZTcwOTUxMDkwMw@@._V1_QL75_UX140_CR0,0,140,140_.jpg""}, {""name"": ""Marisa Berenson"", ""role"": ""Lady Honoria Lyndon"", ""image_url"": ""https://m.media-amazon.com/images/M/MV5BYmIzNDQ4NWUtODQ4My00ZWMwLTkzOTUtZGMwZGU5YjQxNDE0XkEyXkFqcGc@._V1_QL75_UX140_CR0,6,140,140_.jpg""}, {""name"": ""Patrick Magee"", ""role"": ""The Chevalier du Balibari"", ""image_url"": ""https://m.media-amazon.com/images/M/MV5BMDAzMWEzMjYtZTZjZS00MTlhLThmNTYtZmFiMjk2ZWMyMWQwXkEyXkFqcGc@._V1_QL75_UX140_CR0,0,140,140_.jpg""}, {""name"": ""Hardy Kr\u00fcger"", ""role"": ""Capt. Potzdorf"", ""image_url"": ""https://m.media-amazon.com/images/M/MV5BNWYzYzlkYjUtZTI3MS00Mzc4LTlkNjAtMjFlZjQwNmYwZTg4XkEyXkFqcGc@._V1_QL75_UX140_CR0,12,140,140_.jpg""}, {""name"": ""Steven Berkoff"", ""role"": ""Lord Ludd"", ""image_url"": ""https://m.media-amazon.com/images/M/MV5BMzM3NjM1OTQ5M15BMl5BanBnXkFtZTcwNDA4ODgwMw@@._V1_QL75_UX140_CR0,8,140,140_.jpg""}]",3h 5m
tt0052618,Ben-Hur,https://m.media-amazon.com/images/M/MV5BNjg2M2E1YzYtOThmMC00NjAyLWI5MzgtMDEwOGFiODdlOGUzXkEyXkFqcGc@._V1_FMjpg_UX1000_.jpg,"A Jewish prince is betrayed and sent into slavery by a Roman friend in 1st-century Jerusalem, but it's not long before he regains his freedom and comes back for revenge.","Adventure Epic, Costume Drama, Epic, Period Drama, Sword & Sandal, Adventure, Drama","William Wyler, ","[{""name"": ""Charlton Heston"", ""role"": ""Judah Ben-Hur"", ""image_url"": ""https://m.media-amazon.com/images/M/MV5BMmZkZDU3ZTktMTMxNS00MTI5LTlkNzItNzk2Y2I3OGRhYWY2XkEyXkFqcGc@._V1_QL75_UX140_CR0,0,140,140_.jpg""}, {""name"": ""Jack Hawkins"", ""role"": ""Quintus Arrius"", ""image_url"": ""https://m.media-amazon.com/images/M/MV5BMTU0MTk0NzI5OF5BMl5BanBnXkFtZTcwNTI1NjQwOA@@._V1_QL75_UX140_CR0,1,140,140_.jpg""}, {""name"": ""Stephen Boyd"", ""role"": ""Messala"", ""image_url"": ""https://m.media-amazon.com/images/M/MV5BZWUzMTBmMDEtODlkZi00MjM4LThiMzQtODdjMTY1NDEwNGNhXkEyXkFqcGc@._V1_QL75_UX140_CR0,0,140,140_.jpg""}, {""name"": ""Haya Harareet"", ""role"": ""Esther"", ""image_url"": ""https://m.media-amazon.com/images/M/MV5BMTY5Nzc3NzEzMV5BMl5BanBnXkFtZTcwNDUwNjAxOA@@._V1_QL75_UX140_CR0,15,140,140_.jpg""}, {""name"": ""Hugh Griffith"", ""role"": ""Sheik Ilderim"", ""image_url"": ""https://m.media-amazon.com/images/M/MV5BZWNiNDA0YTEtNGQ0Zi00OTMwLTliZGQtNThmNWZkNTY5NzgzXkEyXkFqcGc@._V1_QL75_UX140_CR0,0,140,140_.jpg""}]",3h 32m
tt29623480,The Wild Robot,https://m.media-amazon.com/images/M/MV5BZWNiZjVlZTUtNGUwYi00MjJmLTg2MDctNWEzYTJiMzY1ODc4XkEyXkFqcGc@._V1_FMjpg_UX1000_.jpg,A sentient robot stranded on an uninhabited island raises an orphaned gosling while trying to fit in with the local wildlife.,"Animal Adventure, Artificial Intelligence, Computer Animation, Psychological Drama, Survival, Adventure, Animation, Family, Sci-Fi","Chris Sanders, ","[{""name"": ""Lupita Nyong'o"", ""role"": ""Roz"", ""image_url"": ""https://m.media-amazon.com/images/M/MV5BMTY0NTQ4MDY2Nl5BMl5BanBnXkFtZTgwNDk1MTEyMDE@._V1_QL75_UX140_CR0,13,140,140_.jpg""}, {""name"": ""Pedro Pascal"", ""role"": ""Fink"", ""image_url"": ""https://m.media-amazon.com/images/M/MV5BZWNlYmQ3MzctNTM4OC00Mjk5LTlmM2EtNTU4MjgxMjNiZGEyXkEyXkFqcGc@._V1_QL75_UX140_CR0,0,140,140_.jpg""}, {""name"": ""Kit Connor"", ""role"": ""Brightbill"", ""image_url"": ""https://m.media-amazon.com/images/M/MV5BMmEzZGIyN2UtNTU5NC00M2QzLTk1ODgtY2QxMTcyYzUwYThhXkEyXkFqcGc@._V1_QL75_UX140_CR0,0,140,140_.jpg""}, {""name"": ""Bill Nighy"", ""role"": ""Longneck"", ""image_url"": ""https://m.media-amazon.com/images/M/MV5BYjdmNDE1ZTAtZGRhZi00M2M1LTliMjQtNGFlYjgwZTIwMmFkXkEyXkFqcGc@._V1_QL75_UX140_CR0,0,140,140_.jpg""}, {""name"": ""Stephanie Hsu"", ""role"": ""Vontra"", ""image_url"": ""https://m.media-amazon.com/images/M/MV5BYmU0ODAyZTAtNWI0ZC00YzFhLTgxM2QtZjc1MTZkZTg4MGNjXkEyXkFqcGc@._V1_QL75_UX140_CR0,12,140,140_.jpg""}]",1h 42m
tt1291584,Warrior,https://m.media-amazon.com/images/M/MV5BMTk4ODk5MTMyNV5BMl5BanBnXkFtZTcwMDMyNTg0Ng@@._V1_FMjpg_UX1000_.jpg,"The youngest son of an alcoholic former boxer returns home, where he's trained by his father for competition in a mixed martial arts tournament - a path that puts the fighter on a collision course with his estranged, older brother.","Boxing, Action, Drama, Sport","Gavin O'Connor, ","[{""name"": ""Tom Hardy"", ""role"": ""Tommy Conlon"", ""image_url"": ""https://m.media-amazon.com/images/M/MV5BMTQ3ODEyNjA4Nl5BMl5BanBnXkFtZTgwMTE4ODMyMjE@._V1_QL75_UX140_CR0,12,140,140_.jpg""}, {""name"": ""Nick Nolte"", ""role"": ""Paddy Conlon"", ""image_url"": ""https://m.media-amazon.com/images/M/MV5BMTU1ODAzMDk3Ml5BMl5BanBnXkFtZTYwOTEzMzE0._V1_QL75_UX140_CR0,11,140,140_.jpg""}, {""name"": ""Joel Edgerton"", ""role"": ""Brendan Conlon"", ""image_url"": ""https://m.media-amazon.com/images/M/MV5BMTA0ODI1ODk4NzdeQTJeQWpwZ15BbWU3MDkwNjkzOTY@._V1_QL75_UX140_CR0,12,140,140_.jpg""}, {""name"": ""Jennifer Morrison"", ""role"": ""Tess Conlon"", ""image_url"": ""https://m.media-amazon.com/images/M/MV5BMTVmMWVjMzAtNGVjYi00NTcyLWEwMmQtMWJkNDE2NGMyZWRlXkEyXkFqcGc@._V1_QL75_UX140_CR0,0,140,140_.jpg""}, {""name"": ""Frank Grillo"", ""role"": ""Frank Campana"", ""image_url"": ""https://m.media-amazon.com/images/M/MV5BN2NiOTZlYTMtMGNhNS00YWM2LTgxODUtNGM3NzA3NmJlMzU5XkEyXkFqcGc@._V1_QL75_UX140_CR0,0,140,140_.jpg""}]",2h 20m
tt2119532,Hacksaw Ridge,https://m.media-amazon.com/images/M/MV5BMjQ1NjM3MTUxNV5BMl5BanBnXkFtZTgwMDc5MTY5OTE@._V1_FMjpg_UX1000_.jpg,"World War II American Army Medic Desmond T. Doss, serving during the Battle of Okinawa, refuses to kill people and becomes the first man in American history to receive the Medal of Honor without firing a shot.","Docudrama, Epic, Period Drama, Psychological Drama, War Epic, Biography, Drama, History, War","Mel Gibson, ","[{""name"": ""Andrew Garfield"", ""role"": ""Desmond Doss"", ""image_url"": ""https://m.media-amazon.com/images/M/MV5BYWQyNzhiZjYtNjJlOS00MTRlLWI0YTYtZjg1YzJmNTc2YjQwXkEyXkFqcGc@._V1_QL75_UX140_CR0,12,140,140_.jpg""}, {""name"": ""Sam Worthington"", ""role"": ""Captain Glover"", ""image_url"": ""https://m.media-amazon.com/images/M/MV5BN2Y4NjNiYWQtNDhmYy00NGNjLWIyNTctMTZjMDJiMzgzMDQ1XkEyXkFqcGc@._V1_QL75_UX140_CR0,2,140,140_.jpg""}, {""name"": ""Luke Bracey"", ""role"": ""Smitty Ryker"", ""image_url"": ""https://m.media-amazon.com/images/M/MV5BMTRjODRhYzMtYjJmOC00ZjBkLWIwNDUtMjE2MmE0NzAwMTIyXkEyXkFqcGc@._V1_QL75_UX140_CR0,0,140,140_.jpg""}, {""name"": ""Richard Pyros"", ""role"": ""Teach"", ""image_url"": ""https://m.media-amazon.com/images/M/MV5BNjE2MTU3NjEtZjJhMS00M2IyLTg4ZTMtZDhjMDM3NDIyYzZkXkEyXkFqcGc@._V1_QL75_UX140_CR0,0,140,140_.jpg""}, {""name"": ""Jacob Warner"", ""role"": ""James Pinnick"", ""image_url"": ""https://m.media-amazon.com/images/M/MV5BMzczN2U5NGItZTM4OS00ZDY0LThiYjQtNmJmN2Q5OTRjZTRjXkEyXkFqcGc@._V1_CR264,1,2639,3959_QL75_UX140_CR0,12,140,140_.jpg""}]",2h 19m
tt0382932,Ratatouille,https://m.media-amazon.com/images/M/MV5BMTMzODU0NTkxMF5BMl5BanBnXkFtZTcwMjQ4MzMzMw@@._V1_FMjpg_UX1000_.jpg,A rat who can cook makes an unusual alliance with a young kitchen worker at a famous Paris restaurant.,"Animal Adventure, Buddy Comedy, Computer Animation, High-Concept Comedy, Quirky Comedy, Satire, Adventure, Animation","Brad Bird, Jan Pinkava, , ","[{""name"": ""Brad Garrett"", ""role"": ""Gusteau"", ""image_url"": ""https://m.media-amazon.com/images/M/MV5BMjEwMjYyMjYxNF5BMl5BanBnXkFtZTgwNzE0MDU3ODE@._V1_QL75_UX140_CR0,0,140,140_.jpg""}, {""name"": ""Lou Romano"", ""role"": ""Linguini"", ""image_url"": ""https://m.media-amazon.com/images/M/MV5BMzU2MzM5NDA0M15BMl5BanBnXkFtZTcwMzMxNjUwOA@@._V1_QL75_UX140_CR0,18,140,140_.jpg""}, {""name"": ""Patton Oswalt"", ""role"": ""Remy"", ""image_url"": ""https://m.media-amazon.com/images/M/MV5BMTU1OTEyNjEyNl5BMl5BanBnXkFtZTgwODkxMjI4NzM@._V1_QL75_UX140_CR0,1,140,140_.jpg""}, {""name"": ""Ian Holm"", ""role"": ""Skinner"", ""image_url"": ""https://m.media-amazon.com/images/M/MV5BMTI0ODA2MjM2NF5BMl5BanBnXkFtZTYwNDg5NDIz._V1_QL75_UX140_CR0,13,140,140_.jpg""}, {""name"": ""Brian Dennehy"", ""role"": ""Django"", ""image_url"": ""https://m.media-amazon.com/images/M/MV5BNDE4MjEzMzAzMF5BMl5BanBnXkFtZTcwMzYzNDgwMw@@._V1_QL75_UX140_CR0,0,140,140_.jpg""}]",1h 51m
tt1392190,Mad Max: Fury Road,https://m.media-amazon.com/images/M/MV5BZDRkODJhOTgtOTc1OC00NTgzLTk4NjItNDgxZDY4YjlmNDY2XkEyXkFqcGc@._V1_FMjpg_UX1000_.jpg,"In a post-apocalyptic wasteland, a woman rebels against a tyrannical ruler in search for her homeland with the aid of a group of female prisoners, a psychotic worshipper and a drifter named Max.","Action Epic, Adventure Epic, Car Action, Desert Adventure, Dystopian Sci-Fi, Epic, Quest, Road Trip, Sci-Fi Epic, Action","George Miller, ","[{""name"": ""Tom Hardy"", ""role"": ""Max Rockatansky"", ""image_url"": ""https://m.media-amazon.com/images/M/MV5BMTQ3ODEyNjA4Nl5BMl5BanBnXkFtZTgwMTE4ODMyMjE@._V1_QL75_UX140_CR0,12,140,140_.jpg""}, {""name"": ""Charlize Theron"", ""role"": ""Imperator Furiosa"", ""image_url"": ""https://m.media-amazon.com/images/M/MV5BMTk5Mzc4ODU0Ml5BMl5BanBnXkFtZTcwNjU1NTI0Mw@@._V1_QL75_UX140_CR0,1,140,140_.jpg""}, {""name"": ""Nicholas Hoult"", ""role"": ""Nux"", ""image_url"": ""https://m.media-amazon.com/images/M/MV5BZDE2YjY4ODUtZjVmMy00ZmE2LTgwZjgtMWJiZGI0NWY3ODAzXkEyXkFqcGc@._V1_QL75_UX140_CR0,12,140,140_.jpg""}, {""name"": ""Hugh Keays-Byrne"", ""role"": ""Immortan Joe"", ""image_url"": ""https://m.media-amazon.com/images/M/MV5BMTcyMDczOTMzNF5BMl5BanBnXkFtZTcwODcyNDE3OA@@._V1_QL75_UX140_CR0,12,140,140_.jpg""}, {""name"": ""Josh Helman"", ""role"": ""Slit"", ""image_url"": ""https://m.media-amazon.com/images/M/MV5BZGM0YTczNTEtODVhYy00MmIyLWI5MDItMzQ4ZmZhMWQ0ZTVlXkEyXkFqcGc@._V1_QL75_UY140_CR98,0,140,140_.jpg""}]",2h
tt0116282,Fargo,https://m.media-amazon.com/images/M/MV5BNjg4MWE0MjEtODFhNy00MjA5LTg5ODktMzgwNWFmZTAwNjBlXkEyXkFqcGc@._V1_FMjpg_UX1000_.jpg,A car salesman's inept crime falls apart due to his and his henchmen's bungling and the persistent police work of a dogged detective.,"Cop Drama, Dark Comedy, Police Procedural, Psychological Thriller, Tragedy, Crime, Drama, Thriller","Joel Coen, Ethan Coen, , ","[{""name"": ""William H. Macy"", ""role"": ""Jerry Lundegaard"", ""image_url"": ""https://m.media-amazon.com/images/M/MV5BMjIzOTk5MTAzNV5BMl5BanBnXkFtZTcwNTk0MzMyNw@@._V1_QL75_UX140_CR0,4,140,140_.jpg""}, {""name"": ""Frances McDormand"", ""role"": ""Marge Gunderson"", ""image_url"": ""https://m.media-amazon.com/images/M/MV5BMjI3NzgxNjYzOF5BMl5BanBnXkFtZTgwNTIxMjExNzE@._V1_QL75_UX140_CR0,0,140,140_.jpg""}, {""name"": ""Steve Buscemi"", ""role"": ""Carl Showalter"", ""image_url"": ""https://m.media-amazon.com/images/M/MV5BODc0NTU3NDA4M15BMl5BanBnXkFtZTcwNDkxNzQxNA@@._V1_QL75_UX140_CR0,1,140,140_.jpg""}, {""name"": ""Peter Stormare"", ""role"": ""Gaear Grimsrud"", ""image_url"": ""https://m.media-amazon.com/images/M/MV5BOTUyMDQ0MTEyNF5BMl5BanBnXkFtZTYwNDYxMDkz._V1_QL75_UX140_CR0,5,140,140_.jpg""}, {""name"": ""Kristin Rudr\u00fcd"", ""role"": ""Jean Lundegaard"", ""image_url"": ""https://m.media-amazon.com/images/M/MV5BMjc2MTM4MDctZGQ0NC00MWVjLTg0ZWUtMDE4YjRhMTZiYWQ3XkEyXkFqcGc@._V1_QL75_UX140_CR0,0,140,140_.jpg""}]",1h 38m
tt0405159,Million Dollar Baby,https://m.media-amazon.com/images/M/MV5BMTkxNzA1NDQxOV5BMl5BanBnXkFtZTcwNTkyMTIzMw@@._V1_FMjpg_UX1000_.jpg,"Frankie, an ill-tempered old coach, reluctantly agrees to train aspiring boxer Maggie. Impressed with her determination and talent, he helps her become the best and the two soon form a close bond.","Boxing, Psychological Drama, Tragedy, Drama, Sport","Clint Eastwood, ","[{""name"": ""Hilary Swank"", ""role"": ""Maggie Fitzgerald"", ""image_url"": ""https://m.media-amazon.com/images/M/MV5BMDA0M2RlODktZmI4Yi00MWM2LTlkZmUtYTE1YWIzZTczZTNjXkEyXkFqcGc@._V1_QL75_UX140_CR0,12,140,140_.jpg""}, {""name"": ""Clint Eastwood"", ""role"": ""Frankie Dunn"", ""image_url"": ""https://m.media-amazon.com/images/M/MV5BMTg3MDc0MjY0OV5BMl5BanBnXkFtZTcwNzU1MDAxOA@@._V1_QL75_UX140_CR0,2,140,140_.jpg""}, {""name"": ""Morgan Freeman"", ""role"": ""Eddie Scrap-Iron Dupris"", ""image_url"": ""https://m.media-amazon.com/images/M/MV5BNzExODU5YjktYmJlZC00YzllLWE0MWEtZTBlYmZkMGM0MTExXkEyXkFqcGc@._V1_QL75_UX140_CR0,12,140,140_.jpg""}, {""name"": ""Jay Baruchel"", ""role"": ""Danger Barch"", ""image_url"": ""https://m.media-amazon.com/images/M/MV5BMTM5MjY0MzU0OV5BMl5BanBnXkFtZTcwOTE0NDA2NA@@._V1_QL75_UX140_CR0,2,140,140_.jpg""}, {""name"": ""Mike Colter"", ""role"": ""Big Willie Little"", ""image_url"": ""https://m.media-amazon.com/images/M/MV5BMTEzNjhhMTYtOTIzMi00OWJiLTlmZDktYzdmMzhjYzQzMmZjXkEyXkFqcGc@._V1_QL75_UX140_CR0,12,140,140_.jpg""}]",2h 12m
tt0118849,Children of Heaven,https://m.media-amazon.com/images/M/MV5BZWZlMjNhNzgtZGRhOS00Y2U5LThjOTctODNjZTI0ZTBiYzBhXkEyXkFqcGc@._V1_FMjpg_UX1000_.jpg,"After a boy loses his sister's pair of shoes, he goes on a series of adventures in order to find them. When he can't, he tries a new way to ""win"" a new pair.","Persian, Drama, Family, Sport","Majid Majidi, ","[{""name"": ""Reza Naji"", ""role"": ""Ali's Father (Pedar-e Ali)"", ""image_url"": ""https://m.media-amazon.com/images/M/MV5BYmI0Nzc0MzMtZTBmYy00MGI2LWJjZWMtN2QzM2M3NjdmNDBmXkEyXkFqcGc@._V1_QL75_UY140_CR55,0,140,140_.jpg""}, {""name"": ""Amir Farrokh Hashemian"", ""role"": ""Ali"", ""image_url"": ""https://m.media-amazon.com/images/M/MV5BMTI1MzUzMjkyOV5BMl5BanBnXkFtZTYwMzUxNDY2._V1_QL75_UY140_CR24,0,140,140_.jpg""}, {""name"": ""Bahare Seddiqi"", ""role"": ""Zahra"", ""image_url"": ""https://m.media-amazon.com/images/M/MV5BMTI0NzkwMDM2MV5BMl5BanBnXkFtZTYwMTUxNDY2._V1_QL75_UY140_CR24,0,140,140_.jpg""}, {""name"": ""Nafise Jafar-Mohammadi"", ""role"": ""Roya"", ""image_url"": null}, {""name"": ""Fereshte Sarabandi"", ""role"": ""Ali's Mother (Madar-e Ali)"", ""image_url"": null}]",1h 29m
tt0096283,My Neighbor Totoro,https://m.media-amazon.com/images/M/MV5BYWM3MDE3YjEtMzIzZC00ODE5LTgxNTItNmUyMTBkM2M2NmNiXkEyXkFqcGc@._V1_FMjpg_UX1000_.jpg,"When two girls move to the country to be near their ailing mother, they have adventures with the wondrous forest spirits who live nearby.","Japanese, Anime, Fairy Tale, Hand-Drawn Animation, Iyashikei, Supernatural Fantasy, Adventure, Animation, Comedy, Family","Hayao Miyazaki, ","[{""name"": ""Hitoshi Takagi"", ""role"": ""Totoro"", ""image_url"": ""https://m.media-amazon.com/images/M/MV5BMTYxOTMzMTYyNl5BMl5BanBnXkFtZTcwMjc1NzcxNw@@._V1_QL75_UX140_CR0,0,140,140_.jpg""}, {""name"": ""Noriko Hidaka"", ""role"": ""Satsuki"", ""image_url"": null}, {""name"": ""Chika Sakamoto"", ""role"": ""Mei"", ""image_url"": null}, {""name"": ""Shigesato Itoi"", ""role"": ""Tatsuo Kusakabe"", ""image_url"": null}, {""name"": ""Sumi Shimamoto"", ""role"": ""Yasuko Kusakabe"", ""image_url"": ""https://m.media-amazon.com/images/M/MV5BOGZkOGY4OTAtZDMwNy00ZDI1LTlkZmYtMzFkZjk3NmI0OWFhXkEyXkFqcGc@._V1_QL75_UY140_CR3,0,140,140_.jpg""}]",1h 26m
tt1205489,Gran Torino,https://m.media-amazon.com/images/M/MV5BMTc5NTk2OTU1Nl5BMl5BanBnXkFtZTcwMDc3NjAwMg@@._V1_FMjpg_UX1000_.jpg,"After a Hmong teenager tries to steal his prized 1972 Gran Torino, a disgruntled, prejudiced Korean War veteran seeks to redeem both the boy and himself.","Dark Comedy, Psychological Drama, Drama","Clint Eastwood, ","[{""name"": ""Clint Eastwood"", ""role"": ""Walt Kowalski"", ""image_url"": ""https://m.media-amazon.com/images/M/MV5BMTg3MDc0MjY0OV5BMl5BanBnXkFtZTcwNzU1MDAxOA@@._V1_QL75_UX140_CR0,2,140,140_.jpg""}, {""name"": ""Bee Vang"", ""role"": ""Thao"", ""image_url"": ""https://m.media-amazon.com/images/M/MV5BNTg2N2QxN2UtNmU4MS00OTUwLWFjNzctM2Y2Y2M2MjcyNTdmXkEyXkFqcGc@._V1_QL75_UX140_CR0,12,140,140_.jpg""}, {""name"": ""Christopher Carley"", ""role"": ""Father Janovich"", ""image_url"": ""https://m.media-amazon.com/images/M/MV5BMTI1Nzg5MTU0OF5BMl5BanBnXkFtZTcwNzk3MjYxMg@@._V1_QL75_UX140_CR0,0,140,140_.jpg""}, {""name"": ""Ahney Her"", ""role"": ""Sue"", ""image_url"": ""https://m.media-amazon.com/images/M/MV5BMTkwNjQyNTMwMF5BMl5BanBnXkFtZTcwNTk3MjYxMg@@._V1_QL75_UX140_CR0,12,140,140_.jpg""}, {""name"": ""Brian Haley"", ""role"": ""Mitch Kowalski"", ""image_url"": ""https://m.media-amazon.com/images/M/MV5BMTMyNDUwNDczN15BMl5BanBnXkFtZTYwMjY0NTky._V1_QL75_UX140_CR0,14,140,140_.jpg""}]",1h 56m
tt0081398,Raging Bull,https://m.media-amazon.com/images/M/MV5BMjlkYmYyZWQtNTZkOS00ZjA0LWEwNWUtNzE2ZGNiYjg0MjA2XkEyXkFqcGc@._V1_FMjpg_UX1000_.jpg,"The life of boxer Jake LaMotta, whose violence and temper that led him to the top in the ring destroyed his life outside of it.","Boxing, Docudrama, Period Drama, Psychological Drama, Biography, Drama, Sport","Martin Scorsese, ","[{""name"": ""Robert De Niro"", ""role"": ""Jake La Motta"", ""image_url"": ""https://m.media-amazon.com/images/M/MV5BMjAwNDU3MzcyOV5BMl5BanBnXkFtZTcwMjc0MTIxMw@@._V1_QL75_UX140_CR0,0,140,140_.jpg""}, {""name"": ""Cathy Moriarty"", ""role"": ""Vickie La Motta"", ""image_url"": ""https://m.media-amazon.com/images/M/MV5BMTAzOTc1NjU4MjFeQTJeQWpwZ15BbWU2MDc3NjgzMw@@._V1_QL75_UX140_CR0,12,140,140_.jpg""}, {""name"": ""Joe Pesci"", ""role"": ""Joey"", ""image_url"": ""https://m.media-amazon.com/images/M/MV5BMzc3MTcxNDYxNV5BMl5BanBnXkFtZTcwOTI3NjE1Mw@@._V1_QL75_UX140_CR0,13,140,140_.jpg""}, {""name"": ""Frank Vincent"", ""role"": ""Salvy"", ""image_url"": ""https://m.media-amazon.com/images/M/MV5BMTQ4ODM3ODA3N15BMl5BanBnXkFtZTYwNzg1ODQ1._V1_QL75_UX140_CR0,11,140,140_.jpg""}, {""name"": ""Nicholas Colasanto"", ""role"": ""Tommy Como"", ""image_url"": ""https://m.media-amazon.com/images/M/MV5BMTgzNDkyODMzNV5BMl5BanBnXkFtZTcwMjgzNjIyOA@@._V1_QL75_UX140_CR0,15,140,140_.jpg""}]",2h 9m
tt2024544,12 Years a Slave,https://m.media-amazon.com/images/M/MV5BMjExMTEzODkyN15BMl5BanBnXkFtZTcwNTU4NTc4OQ@@._V1_FMjpg_UX1000_.jpg,"In the antebellum United States, Solomon Northup, a free black man from upstate New York, is abducted and sold into slavery.","Costume Drama, Docudrama, Epic, Period Drama, Psychological Drama, Tragedy, Biography, Drama, History","Steve McQueen, ","[{""name"": ""Chiwetel Ejiofor"", ""role"": ""Solomon Northup"", ""image_url"": ""https://m.media-amazon.com/images/M/MV5BNzA5MDEyMTY3Nl5BMl5BanBnXkFtZTgwODQ0MjcxMDE@._V1_QL75_UX140_CR0,5,140,140_.jpg""}, {""name"": ""Michael Kenneth Williams"", ""role"": ""Robert"", ""image_url"": ""https://m.media-amazon.com/images/M/MV5BMjE1MTI1NjUxMV5BMl5BanBnXkFtZTgwNTUyODM0MTE@._V1_QL75_UX140_CR0,12,140,140_.jpg""}, {""name"": ""Michael Fassbender"", ""role"": ""Edwin Epps"", ""image_url"": ""https://m.media-amazon.com/images/M/MV5BMTk0NjM2MTE5M15BMl5BanBnXkFtZTcwODIxMzcyNw@@._V1_QL75_UX140_CR0,12,140,140_.jpg""}, {""name"": ""Dwight Henry"", ""role"": ""Uncle Abram"", ""image_url"": ""https://m.media-amazon.com/images/M/MV5BMjA2NjI4NTk4OF5BMl5BanBnXkFtZTcwOTc1NDM4Nw@@._V1_QL75_UX140_CR0,13,140,140_.jpg""}, {""name"": ""Dickie Gravois"", ""role"": ""Overseer"", ""image_url"": null}]",2h 14m
tt0892769,How to Train Your Dragon,https://m.media-amazon.com/images/M/MV5BMjA5NDQyMjc2NF5BMl5BanBnXkFtZTcwMjg5ODcyMw@@._V1_FMjpg_UX1000_.jpg,"A hapless young Viking who aspires to hunt dragons becomes the unlikely friend of a young dragon himself, and learns there may be more to the creatures than he assumed.","Animal Adventure, Coming-of-Age, Computer Animation, Epic, Fantasy Epic, Sword & Sorcery, Teen Adventure, Teen Fantasy, Action, Adventure","Dean DeBlois, Chris Sanders, , ","[{""name"": ""Jay Baruchel"", ""role"": ""Hiccup"", ""image_url"": ""https://m.media-amazon.com/images/M/MV5BMTM5MjY0MzU0OV5BMl5BanBnXkFtZTcwOTE0NDA2NA@@._V1_QL75_UX140_CR0,2,140,140_.jpg""}, {""name"": ""Gerard Butler"", ""role"": ""Stoick"", ""image_url"": ""https://m.media-amazon.com/images/M/MV5BMjE4NDMwMzc4Ml5BMl5BanBnXkFtZTcwMDg4Nzg4Mg@@._V1_QL75_UX140_CR0,5,140,140_.jpg""}, {""name"": ""Christopher Mintz-Plasse"", ""role"": ""Fishlegs"", ""image_url"": ""https://m.media-amazon.com/images/M/MV5BMTQyNjUzMDk5N15BMl5BanBnXkFtZTcwNzk0Nzk5Mw@@._V1_QL75_UX140_CR0,2,140,140_.jpg""}, {""name"": ""Craig Ferguson"", ""role"": ""Gobber"", ""image_url"": ""https://m.media-amazon.com/images/M/MV5BMTQ1NDYxNDM0OF5BMl5BanBnXkFtZTcwNDg4Mjc5Nw@@._V1_QL75_UX140_CR0,3,140,140_.jpg""}, {""name"": ""America Ferrera"", ""role"": ""Astrid"", ""image_url"": ""https://m.media-amazon.com/images/M/MV5BMTQyMDUzOTkxNF5BMl5BanBnXkFtZTcwNjMwNjk0OA@@._V1_QL75_UX140_CR0,9,140,140_.jpg""}]",1h 38m
tt0353969,Memories of Murder,https://m.media-amazon.com/images/M/MV5BYmRjOWE5NmMtYTdkYS00ODFlLWJiMTMtYzE2NDZlZjlkZDQ0XkEyXkFqcGc@._V1_FMjpg_UX1000_.jpg,"In a small Korean province in 1986, two detectives struggle with the case of multiple young women being found raped and murdered by an unknown culprit.","Korean, Dark Comedy, Police Procedural, Psychological Drama, Psychological Thriller, Serial Killer, True Crime, Crime, Drama, Mystery","Bong Joon Ho, ","[{""name"": ""Song Kang-ho"", ""role"": ""Detective Park Doo-man"", ""image_url"": ""https://m.media-amazon.com/images/M/MV5BYmI2OTQwMmItMDI5OS00OGQxLWIyZGUtNThlNjRjODkwMTI1XkEyXkFqcGc@._V1_QL75_UX140_CR0,12,140,140_.jpg""}, {""name"": ""Kim Sang-kyung"", ""role"": ""Detective Seo Tae-yoon"", ""image_url"": ""https://m.media-amazon.com/images/M/MV5BM2JlNmQ0YmEtNzU4OC00OGRiLWI1YTYtNWYzNDUyNTBjZDAyXkEyXkFqcGc@._V1_QL75_UX140_CR0,12,140,140_.jpg""}, {""name"": ""Kim Roe-ha"", ""role"": ""Detective Cho Yong-koo"", ""image_url"": ""https://m.media-amazon.com/images/M/MV5BYTVmN2U2ZTUtMmYyMi00ZWY5LTk1MmUtMzVlZTMxOTk2NDdkXkEyXkFqcGc@._V1_QL75_UY140_CR58,0,140,140_.jpg""}, {""name"": ""Song Jae-ho"", ""role"": ""Sergeant Shin Dong-chul"", ""image_url"": ""https://m.media-amazon.com/images/M/MV5BNTFhYTk5NzUtMTcxZC00ODAyLTk3ZWYtNzEwYTgzYjk0MjBkXkEyXkFqcGc@._V1_QL75_UY140_CR28,0,140,140_.jpg""}, {""name"": ""Byun Hee-Bong"", ""role"": ""Sergeant Koo Hee-bong"", ""image_url"": ""https://m.media-amazon.com/images/M/MV5BOGU3NTAyZGMtNGM2OC00OWI1LTljNjItZWNmYmEzZTk5NjU5XkEyXkFqcGc@._V1_QL75_UX140_CR0,4,140,140_.jpg""}]",2h 11m
tt2278388,The Grand Budapest Hotel,https://m.media-amazon.com/images/M/MV5BMzM5NjUxOTEyMl5BMl5BanBnXkFtZTgwNjEyMDM0MDE@._V1_FMjpg_UX1000_.jpg,The owner of an aging high-class hotel regales a writer with tales of serving as a lobby boy under an exceptional concierge in the hotel's glory years.,"Period Drama, Quirky Comedy, Comedy, Drama","Wes Anderson, ","[{""name"": ""Ralph Fiennes"", ""role"": ""M. Gustave"", ""image_url"": ""https://m.media-amazon.com/images/M/MV5BMzc5MjE1NDgyN15BMl5BanBnXkFtZTcwNzg2ODgwNA@@._V1_QL75_UX140_CR0,0,140,140_.jpg""}, {""name"": ""F. Murray Abraham"", ""role"": ""Mr. Moustafa"", ""image_url"": ""https://m.media-amazon.com/images/M/MV5BYjUxMDFjMTUtNGJjYy00ZGFhLWEyZGYtZTg1NjdjMWU0NmY4XkEyXkFqcGc@._V1_QL75_UX140_CR0,12,140,140_.jpg""}, {""name"": ""Mathieu Amalric"", ""role"": ""Serge X."", ""image_url"": ""https://m.media-amazon.com/images/M/MV5BMTgzMjIzMTMyM15BMl5BanBnXkFtZTcwMjI2NzM1OQ@@._V1_QL75_UX140_CR0,1,140,140_.jpg""}, {""name"": ""Adrien Brody"", ""role"": ""Dmitri"", ""image_url"": ""https://m.media-amazon.com/images/M/MV5BMjI3ODkxMjU3OF5BMl5BanBnXkFtZTgwMTk2Njk3MTE@._V1_QL75_UX140_CR0,12,140,140_.jpg""}, {""name"": ""Willem Dafoe"", ""role"": ""Jopling"", ""image_url"": ""https://m.media-amazon.com/images/M/MV5BOTBjNWMzMDEtZGZiZi00ZTEyLWEzMDUtZGFiYTE0ODQwZWU5XkEyXkFqcGc@._V1_QL75_UX140_CR0,0,140,140_.jpg""}]",1h 39m
tt0112471,Before Sunrise,https://m.media-amazon.com/images/M/MV5BZDZhZmI1ZTUtYWI3NC00NTMwLTk3NWMtNDc0OGNjM2I0ZjlmXkEyXkFqcGc@._V1_FMjpg_UX1000_.jpg,"A young man and woman meet on a train in Europe, and wind up spending one evening together in Vienna. Unfortunately, both know that this will probably be their only night together.",,"Richard Linklater, ","[{""name"": ""Ethan Hawke"", ""role"": ""Jesse"", ""image_url"": ""https://m.media-amazon.com/images/M/MV5BMTk4NDMxMTI0MF5BMl5BanBnXkFtZTYwMjE3ODE0._V1_QL75_UX140_CR0,6,140,140_.jpg""}, {""name"": ""Julie Delpy"", ""role"": ""C\u00e9line"", ""image_url"": ""https://m.media-amazon.com/images/M/MV5BMTg4ODM0MjI5NV5BMl5BanBnXkFtZTYwNDQ5NjM1._V1_QL75_UX140_CR0,0,140,140_.jpg""}, {""name"": ""Andrea Eckert"", ""role"": ""Wife on Train"", ""image_url"": null}, {""name"": ""Hanno P\u00f6schl"", ""role"": ""Husband on Train"", ""image_url"": null}, {""name"": ""Karl Bruckschwaiger"", ""role"": ""Guy on Bridge"", ""image_url"": null}]",1h 41m
tt0198781,"Monsters, Inc.",https://m.media-amazon.com/images/M/MV5BMTY1NTI0ODUyOF5BMl5BanBnXkFtZTgwNTEyNjQ0MDE@._V1_FMjpg_UX1000_.jpg,Two monsters whose job is to make human children scream accidentally let a little girl into their world and must now protect her from their own kind to return her home unscathed.,"Buddy Comedy, Computer Animation, Dark Comedy, Farce, High-Concept Comedy, Satire, Slapstick, Supernatural Fantasy, Urban Adventure, Adventure","Pete Docter, David Silverman, Lee Unkrich, , , ","[{""name"": ""Billy Crystal"", ""role"": ""Mike"", ""image_url"": ""https://m.media-amazon.com/images/M/MV5BMTQ4MjA4MjM4NV5BMl5BanBnXkFtZTcwMzE0MjcxNQ@@._V1_QL75_UX140_CR0,2,140,140_.jpg""}, {""name"": ""John Goodman"", ""role"": ""Sullivan"", ""image_url"": ""https://m.media-amazon.com/images/M/MV5BOTk1MzAzMDUxMF5BMl5BanBnXkFtZTgwODgyMTQxNjM@._V1_QL75_UX140_CR0,1,140,140_.jpg""}, {""name"": ""Mary Gibbs"", ""role"": ""Boo"", ""image_url"": ""https://m.media-amazon.com/images/M/MV5BMTMzODg0Nzc5Ml5BMl5BanBnXkFtZTYwNTMwODA3._V1_QL75_UX140_CR0,0,140,140_.jpg""}, {""name"": ""Steve Buscemi"", ""role"": ""Randall"", ""image_url"": ""https://m.media-amazon.com/images/M/MV5BODc0NTU3NDA4M15BMl5BanBnXkFtZTcwNDkxNzQxNA@@._V1_QL75_UX140_CR0,1,140,140_.jpg""}, {""name"": ""James Coburn"", ""role"": ""Waternoose"", ""image_url"": ""https://m.media-amazon.com/images/M/MV5BMTMyNTg3Njg4M15BMl5BanBnXkFtZTcwOTI1ODE1NA@@._V1_QL75_UX140_CR0,0,140,140_.jpg""}]",1h 32m
tt0083658,Blade Runner,https://m.media-amazon.com/images/M/MV5BOWQ4YTBmNTQtMDYxMC00NGFjLTkwOGQtNzdhNmY1Nzc1MzUxXkEyXkFqcGc@._V1_FMjpg_UX1000_.jpg,A blade runner must pursue and terminate four replicants who stole a ship in space and have returned to Earth to find their creator.,"Blade Runner, Artificial Intelligence, Cyber Thriller, Cyberpunk, Dystopian Sci-Fi, Psychological Drama, Psychological Thriller, Tragedy, Action, Drama","Ridley Scott, ","[{""name"": ""Harrison Ford"", ""role"": ""Deckard"", ""image_url"": ""https://m.media-amazon.com/images/M/MV5BMTY4Mjg0NjIxOV5BMl5BanBnXkFtZTcwMTM2NTI3MQ@@._V1_QL75_UX140_CR0,11,140,140_.jpg""}, {""name"": ""Rutger Hauer"", ""role"": ""Batty"", ""image_url"": ""https://m.media-amazon.com/images/M/MV5BMTI5MjE4MTg3MV5BMl5BanBnXkFtZTYwMjk0Mzgy._V1_QL75_UX140_CR0,0,140,140_.jpg""}, {""name"": ""Sean Young"", ""role"": ""Rachael"", ""image_url"": ""https://m.media-amazon.com/images/M/MV5BNzA2Yzg5MzItMjYxYi00OTllLTk5ZWEtZTk3OWY2ZThhODNiXkEyXkFqcGc@._V1_QL75_UX140_CR0,12,140,140_.jpg""}, {""name"": ""Edward James Olmos"", ""role"": ""Gaff"", ""image_url"": ""https://m.media-amazon.com/images/M/MV5BMjEzODQzODQ4OF5BMl5BanBnXkFtZTcwMDczMTkxNw@@._V1_QL75_UX140_CR0,0,140,140_.jpg""}, {""name"": ""M. Emmet Walsh"", ""role"": ""Bryant"", ""image_url"": ""https://m.media-amazon.com/images/M/MV5BMTYxNjgyNzgwMl5BMl5BanBnXkFtZTcwODA2MTM0OA@@._V1_QL75_UX140_CR0,0,140,140_.jpg""}]",1h 57m
tt2267998,Gone Girl,https://m.media-amazon.com/images/M/MV5BMTk0MDQ3MzAzOV5BMl5BanBnXkFtZTgwNzU1NzE3MjE@._V1_FMjpg_UX1000_.jpg,The husband of a missing woman becomes the main suspect in her disappearance.,"Erotic Thriller, Psychological Drama, Psychological Thriller, Suspense Mystery, Tragedy, Whodunnit, Drama, Mystery, Thriller","David Fincher, ","[{""name"": ""Ben Affleck"", ""role"": ""Nick Dunne"", ""image_url"": ""https://m.media-amazon.com/images/M/MV5BNTFjZDU5NmYtYzZlMy00YThmLTg5ZjUtYjkyZWI2OTk2Mjc1XkEyXkFqcGc@._V1_QL75_UX140_CR0,1,140,140_.jpg""}, {""name"": ""Rosamund Pike"", ""role"": ""Amy Dunne"", ""image_url"": ""https://m.media-amazon.com/images/M/MV5BNDQ5MDIyMjg3NV5BMl5BanBnXkFtZTgwOTU2NTE0NDM@._V1_QL75_UX140_CR0,12,140,140_.jpg""}, {""name"": ""Neil Patrick Harris"", ""role"": ""Desi Collings"", ""image_url"": ""https://m.media-amazon.com/images/M/MV5BMTUxNjQ4MjU5Ml5BMl5BanBnXkFtZTcwMTY5NzAzNw@@._V1_QL75_UX140_CR0,0,140,140_.jpg""}, {""name"": ""Tyler Perry"", ""role"": ""Tanner Bolt"", ""image_url"": ""https://m.media-amazon.com/images/M/MV5BMzYzNjk4MTU3NF5BMl5BanBnXkFtZTcwODMxMTEwNQ@@._V1_QL75_UX140_CR0,3,140,140_.jpg""}, {""name"": ""Carrie Coon"", ""role"": ""Margo Dunne"", ""image_url"": ""https://m.media-amazon.com/images/M/MV5BZDFmNWQzZWYtZDBlNS00ZTlhLWI0YzctODYwZGY5YWI3ZWMxXkEyXkFqcGc@._V1_QL75_UX140_CR0,12,140,140_.jpg""}]",2h 29m
tt1950186,Ford v Ferrari,https://m.media-amazon.com/images/M/MV5BOTBjNTEyNjYtYjdkNi00YzE5LTljYzUtZjVlYmYwZmJmZWYxXkEyXkFqcGc@._V1_FMjpg_UX1000_.jpg,American car designer Carroll Shelby and driver Ken Miles battle corporate interference and the laws of physics to build a revolutionary race car for Ford in order to defeat Ferrari at the 24 Hours of Le Mans in 1966.,,"James Mangold, ","[{""name"": ""Matt Damon"", ""role"": ""Carroll Shelby"", ""image_url"": ""https://m.media-amazon.com/images/M/MV5BMTM0NzYzNDgxMl5BMl5BanBnXkFtZTcwMDg2MTMyMw@@._V1_QL75_UX140_CR0,1,140,140_.jpg""}, {""name"": ""Christian Bale"", ""role"": ""Ken Miles"", ""image_url"": ""https://m.media-amazon.com/images/M/MV5BMTkxMzk4MjQ4MF5BMl5BanBnXkFtZTcwMzExODQxOA@@._V1_QL75_UX140_CR0,12,140,140_.jpg""}, {""name"": ""Jon Bernthal"", ""role"": ""Lee Iacocca"", ""image_url"": ""https://m.media-amazon.com/images/M/MV5BMTcwNzA5MDg0OV5BMl5BanBnXkFtZTcwMTU2NjE0Nw@@._V1_QL75_UX140_CR0,3,140,140_.jpg""}, {""name"": ""Caitr\u00edona Balfe"", ""role"": ""Mollie Miles"", ""image_url"": ""https://m.media-amazon.com/images/M/MV5BNjFjNzAxZjgtOTlkZC00NTgzLWE5NzctMjVhYTJmYjBlNTAzXkEyXkFqcGc@._V1_QL75_UX140_CR0,12,140,140_.jpg""}, {""name"": ""Josh Lucas"", ""role"": ""Leo Beebe"", ""image_url"": ""https://m.media-amazon.com/images/M/MV5BYjNjNWQyMDctYTQ0Zi00MjA0LTllYTUtZTA1ZjE0NDZkZDllXkEyXkFqcGc@._V1_QL75_UX140_CR0,30,140,140_.jpg""}]",2h 32m
tt0073195,Jaws,https://m.media-amazon.com/images/M/MV5BYjViNDQzNmUtYzkxZi00NTk5LTljMmItYjJlZmZkODIxNjU1XkEyXkFqcGc@._V1_FMjpg_UX1000_.jpg,"When a massive killer shark unleashes chaos on a beach community off Long Island, it's up to the local police chief, a marine biologist, and an old seafarer to hunt the beast down.","Monster Horror, Sea Adventure, Survival, Adventure, Drama, Horror, Thriller","Steven Spielberg, ","[{""name"": ""Roy Scheider"", ""role"": ""Brody"", ""image_url"": ""https://m.media-amazon.com/images/M/MV5BYTYwNTA1YzgtNjM3Yi00MGNlLWFiOWQtNzYxMWVjYTlhZDQxXkEyXkFqcGc@._V1_QL75_UX140_CR0,14,140,140_.jpg""}, {""name"": ""Robert Shaw"", ""role"": ""Quint"", ""image_url"": ""https://m.media-amazon.com/images/M/MV5BMTc0NzI3NTU2MF5BMl5BanBnXkFtZTcwNTUzMjkyOA@@._V1_QL75_UX140_CR0,0,140,140_.jpg""}, {""name"": ""Richard Dreyfuss"", ""role"": ""Hooper"", ""image_url"": ""https://m.media-amazon.com/images/M/MV5BMTUzMjIzMjM2NV5BMl5BanBnXkFtZTcwNDAxMDY0Mg@@._V1_QL75_UX140_CR0,7,140,140_.jpg""}, {""name"": ""Lorraine Gary"", ""role"": ""Ellen Brody"", ""image_url"": ""https://m.media-amazon.com/images/M/MV5BMjAwNzM4OTI5MV5BMl5BanBnXkFtZTcwOTMwMDA1OA@@._V1_QL75_UX140_CR0,3,140,140_.jpg""}, {""name"": ""Murray Hamilton"", ""role"": ""Vaughn"", ""image_url"": ""https://m.media-amazon.com/images/M/MV5BMjA1MDkyNzM0MV5BMl5BanBnXkFtZTcwOTk1MTA1OA@@._V1_QL75_UX140_CR0,0,140,140_.jpg""}]",2h 4m
tt0107207,In the Name of the Father,https://m.media-amazon.com/images/M/MV5BMGZiZDVjNzYtZWM4ZC00MzVkLThhNDEtMDJlOTBhYzVjMmNhXkEyXkFqcGc@._V1_FMjpg_UX1000_.jpg,"An Irish man's coerced confession to an I.R.A. bombing he did not commit results in the imprisonment of his father as well. Meanwhile, a British lawyer fights to clear their names and free them.","Docudrama, Legal Drama, Period Drama, Political Drama, Prison Drama, Tragedy, True Crime, Biography, Crime, Drama","Jim Sheridan, ","[{""name"": ""Daniel Day-Lewis"", ""role"": ""Gerry Conlon"", ""image_url"": ""https://m.media-amazon.com/images/M/MV5BMjE2NDY2NDc1Ml5BMl5BanBnXkFtZTcwNjAyMjkwOQ@@._V1_QL75_UX140_CR0,0,140,140_.jpg""}, {""name"": ""Pete Postlethwaite"", ""role"": ""Giuseppe Conlon"", ""image_url"": ""https://m.media-amazon.com/images/M/MV5BMTMyMjIxMTQ2NV5BMl5BanBnXkFtZTYwNDQ0NTE1._V1_QL75_UX140_CR0,15,140,140_.jpg""}, {""name"": ""Anthony Brophy"", ""role"": ""Danny"", ""image_url"": ""https://m.media-amazon.com/images/M/MV5BOWQ3MTc0MDctMDliNC00ODU3LWI1MmQtNWM5MjA4OWNkNGE2XkEyXkFqcGc@._V1_QL75_UX140_CR0,15,140,140_.jpg""}, {""name"": ""Emma Thompson"", ""role"": ""Gareth Peirce"", ""image_url"": ""https://m.media-amazon.com/images/M/MV5BMTMwNTAyOTg0MF5BMl5BanBnXkFtZTcwNTg0MzY1Mw@@._V1_QL75_UX140_CR0,2,140,140_.jpg""}, {""name"": ""Frankie McCafferty"", ""role"": ""Tommo"", ""image_url"": ""https://m.media-amazon.com/images/M/MV5BYTMzN2RhMTQtZmU0MC00MjRlLWFiNTctMjI1YTQ3NDFlNTFjXkEyXkFqcGc@._V1_QL75_UX140_CR0,0,140,140_.jpg""}]",2h 13m
tt10872600,Spider-Man: No Way Home,https://m.media-amazon.com/images/M/MV5BMmFiZGZjMmEtMTA0Ni00MzA2LTljMTYtZGI2MGJmZWYzZTQ2XkEyXkFqcGc@._V1_FMjpg_UX1000_.jpg,"Peter Parker turns to Doctor Strange after his identity destroys the life he knows, but a magical mistake draws powerful outsiders into his world and forces him to confront what being Spider Man really means.","French, Psychological Drama, Survival, Adventure, Drama, Thriller","Jon Watts, ","[{""name"": ""Tom Holland"", ""role"": ""Peter Parker"", ""image_url"": ""https://m.media-amazon.com/images/M/MV5BYzU3NWRhMjgtNmNmMS00YjQ1LWIyYzgtYzdkYjRjNWEzM2E3XkEyXkFqcGc@._V1_QL75_UX140_CR0,12,140,140_.jpg""}, {""name"": ""Zendaya"", ""role"": ""MJ"", ""image_url"": ""https://m.media-amazon.com/images/M/MV5BZjM5N2U3MzQtZWU5My00YzE0LThmZTgtYjE1NDJjNmIzZmIxXkEyXkFqcGc@._V1_QL75_UX140_CR0,1,140,140_.jpg""}, {""name"": ""Benedict Cumberbatch"", ""role"": ""Doctor Strange"", ""image_url"": ""https://m.media-amazon.com/images/M/MV5BMjE0MDkzMDQwOF5BMl5BanBnXkFtZTgwOTE1Mjg1MzE@._V1_QL75_UX140_CR0,9,140,140_.jpg""}, {""name"": ""Jacob Batalon"", ""role"": ""Ned Leeds"", ""image_url"": ""https://m.media-amazon.com/images/M/MV5BZjU5ZjQwMWEtOWM5OS00ODJmLThiZTMtODhkNTc2MWI3MWZjXkEyXkFqcGc@._V1_QL75_UY140_CR34,0,140,140_.jpg""}, {""name"": ""Jon Favreau"", ""role"": ""Happy Hogan"", ""image_url"": ""https://m.media-amazon.com/images/M/MV5BNzBiZGI5MmMtOWEzYi00ZDgwLTg4MGEtOTBjMmE1Y2ZiNDg5XkEyXkFqcGc@._V1_QL75_UX140_CR0,1,140,140_.jpg""}]",2h 28m
tt30472557,Chainsaw Man - The Movie: Reze Arc,https://m.media-amazon.com/images/M/MV5BZmMzNGVhODktYmU5MS00MDg1LThlNTEtNTMyYTg5MDA0Njk4XkEyXkFqcGc@._V1_FMjpg_UX1000_.jpg,"A direct sequel to the first season of the series ""Chainsaw Man"", featuring Denji, a young man who co-exists with a chainsaw demon. Denji encounters a new romantic interest, but will his involvement place them both in danger?",,"Tatsuya Yoshihara, ","[{""name"": ""Kikunosuke Toya"", ""role"": ""Denji"", ""image_url"": null}, {""name"": ""Shiori Izawa"", ""role"": ""Pochita"", ""image_url"": null}, {""name"": ""Tomori Kusunoki"", ""role"": ""Makima"", ""image_url"": null}, {""name"": ""Shogo Sakata"", ""role"": ""Aki Hayakawa"", ""image_url"": null}, {""name"": ""Natsuki Hanae"", ""role"": ""Beam (Shark Fiend)"", ""image_url"": ""https://m.media-amazon.com/images/M/MV5BNjAxZjNmNTUtYTE4Mi00MGYxLTliMzctYmMzNzZjNDVmMGRiXkEyXkFqcGc@._V1_QL75_UX140_CR0,12,140,140_.jpg""}]",1h 40m
tt3011894,Wild Tales,https://m.media-amazon.com/images/M/MV5BNzAzMjA1ODAxOV5BMl5BanBnXkFtZTgwODg4NTQzNDE@._V1_FMjpg_UX1000_.jpg,Six short stories that explore the extremities of human behavior involving people in distress.,"Spanish, Dark Comedy, Psychological Drama, Psychological Thriller, Satire, Comedy, Drama, Thriller","Damián Szifron, ","[{""name"": ""Dar\u00edo Grandinetti"", ""role"": ""Salgado"", ""image_url"": ""https://m.media-amazon.com/images/M/MV5BMTc4MTY5Njk5Nl5BMl5BanBnXkFtZTcwOTAzOTY2OQ@@._V1_QL75_UX140_CR0,0,140,140_.jpg""}, {""name"": ""Mar\u00eda Marull"", ""role"": ""Isabel"", ""image_url"": ""https://m.media-amazon.com/images/M/MV5BNTI3NTQ0NDY4Ml5BMl5BanBnXkFtZTgwNTAyMzI4MTE@._V1_QL75_UX140_CR0,11,140,140_.jpg""}, {""name"": ""M\u00f3nica Villa"", ""role"": ""Profesora Leguizam\u00f3n"", ""image_url"": ""https://m.media-amazon.com/images/M/MV5BNWZhNzExNjUtMjE3NC00YWNmLThiZjEtNWMzOWZmMjFjZDYzXkEyXkFqcGc@._V1_QL75_UY140_CR30,0,140,140_.jpg""}, {""name"": ""Diego Starosta"", ""role"": ""Ignacio Fontana"", ""image_url"": null}, {""name"": ""Marcelo Frasca"", ""role"": ""Gerente Casa T\u00eda"", ""image_url"": null}]",2h 2m
tt0015864,The Gold Rush,https://m.media-amazon.com/images/M/MV5BNGU1NjYzYTAtZmY0YS00NWIzLTkzNzUtYzc2ZTIyOTIxZjVhXkEyXkFqcGc@._V1_FMjpg_UX1000_.jpg,"A prospector goes to the Klondike during the 1890s gold rush in hopes of making his fortune, and is smitten with a girl he sees in a dance hall.","Farce, Feel-Good Romance, Romantic Comedy, Satire, Slapstick, Adventure, Comedy, Drama, Romance, Western","Charles Chaplin, ","[{""name"": ""Charles Chaplin"", ""role"": ""The Lone Prospector"", ""image_url"": ""https://m.media-amazon.com/images/M/MV5BNDcwMDc0ODAzOF5BMl5BanBnXkFtZTgwNTY2OTI1MDE@._V1_QL75_UX140_CR0,15,140,140_.jpg""}, {""name"": ""Mack Swain"", ""role"": ""Big Jim McKay"", ""image_url"": ""https://m.media-amazon.com/images/M/MV5BOTlhNjdhY2EtZDAwZC00ZjZhLWJkZDgtYWEwYzk3ZjgxZWJkXkEyXkFqcGc@._V1_QL75_UX140_CR0,0,140,140_.jpg""}, {""name"": ""Tom Murray"", ""role"": ""Black Larsen"", ""image_url"": ""https://m.media-amazon.com/images/M/MV5BNDdkMjU1YmYtOGY3OC00MDk5LTkzOTctZmEyMjQ1ZTU4NjNhXkEyXkFqcGc@._V1_QL75_UX140_CR0,0,140,140_.jpg""}, {""name"": ""Henry Bergman"", ""role"": ""Hank Curtis"", ""image_url"": ""https://m.media-amazon.com/images/M/MV5BODU1YmU5OTQtM2E4NS00ZDQ5LThhZTUtZjEzMzBlZTJmMjJmXkEyXkFqcGc@._V1_QL75_UY140_CR13,0,140,140_.jpg""}, {""name"": ""Malcolm Waite"", ""role"": ""Jack Cameron"", ""image_url"": ""https://m.media-amazon.com/images/M/MV5BOWFkNWU5ZjYtZWFiYi00ZDdkLWIzODItZGQwNzQ1NzIyMDEwXkEyXkFqcGc@._V1_QL75_UX140_CR0,0,140,140_.jpg""}]",1h 35m
tt0015324,Sherlock Jr.,https://m.media-amazon.com/images/M/MV5BMjQzM2E2NjYtYmRjMC00ZmVlLTljZTgtNmQ5MGZlNDYyZTc5XkEyXkFqcGc@._V1_FMjpg_UX1000_.jpg,"A film projectionist longs to be a detective, and puts his meagre skills to work when he is framed by a rival for stealing his girlfriend's father's pocketwatch.","Bumbling Detective, Farce, Feel-Good Romance, Romantic Comedy, Satire, Slapstick, Action, Comedy, Romance","Buster Keaton, ","[{""name"": ""Buster Keaton"", ""role"": ""Projectionist"", ""image_url"": ""https://m.media-amazon.com/images/M/MV5BYjQyOGVmNDUtYWMyMy00MzdmLWI2ODItZDE0YTk5OGRiODUzXkEyXkFqcGc@._V1_QL75_UX140_CR0,0,140,140_.jpg""}, {""name"": ""Kathryn McGuire"", ""role"": ""The Girl"", ""image_url"": ""https://m.media-amazon.com/images/M/MV5BOGE1OWYwYTgtN2ZkZi00M2QzLWE4NDctNmFhY2NlODFjNDE3XkEyXkFqcGc@._V1_QL75_UY140_CR25,0,140,140_.jpg""}, {""name"": ""Joe Keaton"", ""role"": ""The Girl's Father"", ""image_url"": ""https://m.media-amazon.com/images/M/MV5BNjI4NjRjYTMtYzczZi00YjZiLThjMDEtYzA1YzM1YmNjMTRiXkEyXkFqcGc@._V1_QL75_UY140_CR24,0,140,140_.jpg""}, {""name"": ""Erwin Connelly"", ""role"": ""The Hired Man"", ""image_url"": null}, {""name"": ""Ward Crane"", ""role"": ""The Local Sheik"", ""image_url"": ""https://m.media-amazon.com/images/M/MV5BMjVmZDY1YjktZjliNi00Yzg2LWJkMTAtODRlZDk5NzY3YWY4XkEyXkFqcGc@._V1_QL75_UX140_CR0,33,140,140_.jpg""}]",45m
tt5323662,A Silent Voice: The Movie,https://m.media-amazon.com/images/M/MV5BOTFiNzRiOWEtYTQwNy00NmRiLWE0ZWYtNTE0YjExZjFmZjkwXkEyXkFqcGc@._V1_FMjpg_UX1000_.jpg,"A deaf girl, Shoko, is bullied by the popular Shoya. As Shoya continues to bully Shoko, the class turns its back on him. Shoko transfers and Shoya grows up as an outcast. Alone and depressed, the regretful Shoya finds Shoko to make amends.",,"Naoko Yamada, ","[{""name"": ""Miyu Irino"", ""role"": ""Sh\u00f4ya Ishida"", ""image_url"": ""https://m.media-amazon.com/images/M/MV5BOTVmNDU2MjYtMjhmNS00NjQ0LWJkZGItZjdlYjZlN2YzYWRhXkEyXkFqcGc@._V1_QL75_UX140_CR0,0,140,140_.jpg""}, {""name"": ""Saori Hayami"", ""role"": ""Shoko Nishimiya"", ""image_url"": ""https://m.media-amazon.com/images/M/MV5BNDgyNWVlOGUtNjhiMi00NjJiLWE5MzAtYmY1OThhNDE4YzBkXkEyXkFqcGc@._V1_QL75_UX140_CR0,3,140,140_.jpg""}, {""name"": ""Aoi Y\u00fbki"", ""role"": ""Yuzuru Nishimiya"", ""image_url"": ""https://m.media-amazon.com/images/M/MV5BMzViYzkyNmMtYzQ2NS00ZjBmLTk2YzQtYjBkNzc2MzQxN2I1XkEyXkFqcGc@._V1_QL75_UX140_CR0,9,140,140_.jpg""}, {""name"": ""Kensh\u00f4 Ono"", ""role"": ""Tomohiro Nagatsuka"", ""image_url"": null}, {""name"": ""Y\u00fbki Kaneko"", ""role"": ""Naoka Ueno"", ""image_url"": null}]",2h 10m
tt0978762,Mary and Max,https://m.media-amazon.com/images/M/MV5BNzY2Mjc4NjMtNGY4Mi00NzM5LTk3ZTQtN2VkNzVkMzRmM2Y2XkEyXkFqcGc@._V1_FMjpg_UX1000_.jpg,"In 1976 Melbourne, a lonely 8-year-old girl strikes up a correspondence with an unlikely pen pal: a severely obese 44-year-old New Yorker with Asperger's syndrome.","Adult Animation, Coming-of-Age, Dark Comedy, Period Drama, Psychological Drama, Stop Motion Animation, Animation, Comedy, Drama","Adam Elliot, ","[{""name"": ""Toni Collette"", ""role"": ""Mary Daisy Dinkle"", ""image_url"": ""https://m.media-amazon.com/images/M/MV5BODYzOTE3ODc1Ml5BMl5BanBnXkFtZTgwODYwMjE4NTM@._V1_QL75_UX140_CR0,0,140,140_.jpg""}, {""name"": ""Philip Seymour Hoffman"", ""role"": ""Max Jerry Horovitz"", ""image_url"": ""https://m.media-amazon.com/images/M/MV5BMTQ0NTA1NTg3Ml5BMl5BanBnXkFtZTcwNzkxNzgxNw@@._V1_QL75_UX140_CR0,4,140,140_.jpg""}, {""name"": ""Eric Bana"", ""role"": ""Damien Popodopolous"", ""image_url"": ""https://m.media-amazon.com/images/M/MV5BODQ1ZDc2NWYtNzI0Yi00YTllLTgyMGQtZjMwNDcyOGE4OWQ5XkEyXkFqcGc@._V1_QL75_UX140_CR0,12,140,140_.jpg""}, {""name"": ""Christopher Massey"", ""role"": ""911 Operator"", ""image_url"": ""https://m.media-amazon.com/images/M/MV5BMTc2Mzg3NTEzN15BMl5BanBnXkFtZTcwODc2MDIzMQ@@._V1_QL75_UX140_CR0,7,140,140_.jpg""}, {""name"": ""Oliver Marks"", ""role"": ""Alleyway Bully One"", ""image_url"": null}]",1h 32m
tt0077416,The Deer Hunter,https://m.media-amazon.com/images/M/MV5BZGI4YmVhMzMtMWExMS00MGZiLTg2MmItM2I2MWZjODAyM2U5XkEyXkFqcGc@._V1_FMjpg_UX1000_.jpg,The lives of a group of friends are forever changed by the Vietnam War.,"Epic, Psychological Drama, Tragedy, War Epic, Drama, War","Michael Cimino, ","[{""name"": ""Robert De Niro"", ""role"": ""Michael"", ""image_url"": ""https://m.media-amazon.com/images/M/MV5BMjAwNDU3MzcyOV5BMl5BanBnXkFtZTcwMjc0MTIxMw@@._V1_QL75_UX140_CR0,0,140,140_.jpg""}, {""name"": ""Christopher Walken"", ""role"": ""Nick"", ""image_url"": ""https://m.media-amazon.com/images/M/MV5BMjA4ODUyNDQ2NV5BMl5BanBnXkFtZTYwODk2MTYz._V1_QL75_UX140_CR0,8,140,140_.jpg""}, {""name"": ""John Cazale"", ""role"": ""Stan"", ""image_url"": ""https://m.media-amazon.com/images/M/MV5BMTUzMTM1MjI5NV5BMl5BanBnXkFtZTcwMTM5NTM1Mw@@._V1_QL75_UX140_CR0,11,140,140_.jpg""}, {""name"": ""John Savage"", ""role"": ""Steven"", ""image_url"": ""https://m.media-amazon.com/images/M/MV5BNjY2MDkwNDMyMF5BMl5BanBnXkFtZTgwNjE1NDI2NDM@._V1_QL75_UX140_CR0,12,140,140_.jpg""}, {""name"": ""Meryl Streep"", ""role"": ""Linda"", ""image_url"": ""https://m.media-amazon.com/images/M/MV5BMTU4Mjk5MDExOF5BMl5BanBnXkFtZTcwOTU1MTMyMw@@._V1_QL75_UX140_CR0,6,140,140_.jpg""}]",3h 3m
tt0046268,The Wages of Fear,https://m.media-amazon.com/images/M/MV5BMjI3MjU2Mzg2MF5BMl5BanBnXkFtZTgwOTg2MTMzMjE@._V1_FMjpg_UX1000_.jpg,"In a decrepit South American village, four men are hired to transport an urgent nitroglycerine shipment without the equipment that would make it safe.","French, Psychological Drama, Survival, Adventure, Drama, Thriller","Henri-Georges Clouzot, ","[{""name"": ""Yves Montand"", ""role"": ""Mario Livi"", ""image_url"": ""https://m.media-amazon.com/images/M/MV5BYmQ1MGU0MWMtYjAzZi00ZTVjLWEzYTItYjMzNmI4ZjI4NWU4XkEyXkFqcGc@._V1_QL75_UX140_CR0,0,140,140_.jpg""}, {""name"": ""Charles Vanel"", ""role"": ""M. Jo"", ""image_url"": ""https://m.media-amazon.com/images/M/MV5BMTg0NDg4MzY0OV5BMl5BanBnXkFtZTgwMTk4ODUxMzE@._V1_QL75_UX140_CR0,2,140,140_.jpg""}, {""name"": ""Peter van Eyck"", ""role"": ""Bimba"", ""image_url"": ""https://m.media-amazon.com/images/M/MV5BMjYyMjA5ODU2MF5BMl5BanBnXkFtZTcwOTYzMzAyOA@@._V1_QL75_UX140_CR0,0,140,140_.jpg""}, {""name"": ""Folco Lulli"", ""role"": ""Luigi"", ""image_url"": ""https://m.media-amazon.com/images/M/MV5BNDc4M2NmYzItZWQwZC00ZDk5LTgwYjktMjZmYTBkYTgxZjMxXkEyXkFqcGc@._V1_QL75_UX140_CR0,7,140,140_.jpg""}, {""name"": ""V\u00e9ra Clouzot"", ""role"": ""Linda"", ""image_url"": ""https://m.media-amazon.com/images/M/MV5BMzgzOTYxNzUzOF5BMl5BanBnXkFtZTcwMzg0MTc4Ng@@._V1_QL75_UY140_CR23,0,140,140_.jpg""}]",2h 36m
tt3315342,Logan,https://m.media-amazon.com/images/M/MV5BM2JjODdkMGMtNmY2YS00OGM2LThiY2YtZGYyNzE4Nzc2ODA0XkEyXkFqcGc@._V1_FMjpg_UX1000_.jpg,"In a future where mutants are nearly extinct, an elderly and weary Logan leads a quiet life. But when Laura, a mutant child pursued by scientists, comes to him for help, he must get her to safety.","Marvel, Contemporary Western, Dystopian Sci-Fi, Psychological Drama, Psychological Thriller, Quest, Road Trip, Superhero, Tragedy, Action","James Mangold, ","[{""name"": ""Hugh Jackman"", ""role"": ""Logan"", ""image_url"": ""https://m.media-amazon.com/images/M/MV5BNDExMzIzNjk3Nl5BMl5BanBnXkFtZTcwOTE4NDU5OA@@._V1_QL75_UX140_CR0,12,140,140_.jpg""}, {""name"": ""Patrick Stewart"", ""role"": ""Charles"", ""image_url"": ""https://m.media-amazon.com/images/M/MV5BMTc0MzU5ODQ5OF5BMl5BanBnXkFtZTYwODIwODk1._V1_QL75_UX140_CR0,7,140,140_.jpg""}, {""name"": ""Dafne Keen"", ""role"": ""Laura"", ""image_url"": ""https://m.media-amazon.com/images/M/MV5BOWI1M2MxM2YtMDdiNy00NTAwLWE2YzctMmU0MDlmNDUwYTIzXkEyXkFqcGc@._V1_QL75_UX140_CR0,0,140,140_.jpg""}, {""name"": ""Boyd Holbrook"", ""role"": ""Pierce"", ""image_url"": ""https://m.media-amazon.com/images/M/MV5BMzZkNDY2OGQtN2U5Yy00MDFiLTg4MTktZGIxOTQzY2FkZWIzXkEyXkFqcGc@._V1_QL75_UX140_CR0,12,140,140_.jpg""}, {""name"": ""Stephen Merchant"", ""role"": ""Caliban"", ""image_url"": ""https://m.media-amazon.com/images/M/MV5BMTkyNzIwNjcxNV5BMl5BanBnXkFtZTcwOTQzMDQ1NA@@._V1_QL75_UX140_CR0,0,140,140_.jpg""}]",2h 17m
tt0075148,Rocky,https://m.media-amazon.com/images/M/MV5BZDEyY2M2MGMtYjg5OC00ZWFjLWFkZDQtNmQzZTdiYmYzZTBkXkEyXkFqcGc@._V1_FMjpg_UX1000_.jpg,A small-time Philadelphia boxer gets a supremely rare chance to fight the world heavyweight champion in a bout in which he strives to go the distance for his self-respect.,"Boxing, Drama, Sport","John G. Avildsen, ","[{""name"": ""Sylvester Stallone"", ""role"": ""Rocky"", ""image_url"": ""https://m.media-amazon.com/images/M/MV5BMTA3MDY2ODk4ODVeQTJeQWpwZ15BbWU4MDY1ODc3MTgx._V1_QL75_UX140_CR0,0,140,140_.jpg""}, {""name"": ""Talia Shire"", ""role"": ""Adrian"", ""image_url"": ""https://m.media-amazon.com/images/M/MV5BMTkwMzc0NjQzNV5BMl5BanBnXkFtZTYwNzM0NTk3._V1_QL75_UX140_CR0,6,140,140_.jpg""}, {""name"": ""Burt Young"", ""role"": ""Paulie"", ""image_url"": ""https://m.media-amazon.com/images/M/MV5BMTczMDYzMzQ0M15BMl5BanBnXkFtZTgwMzg2NjM4MzE@._V1_QL75_UY140_CR35,0,140,140_.jpg""}, {""name"": ""Carl Weathers"", ""role"": ""Apollo"", ""image_url"": ""https://m.media-amazon.com/images/M/MV5BNTE5ODkzODgtZGE0My00Nzg0LWJlYTAtYjNkNmQ1Mzk1ZGM5XkEyXkFqcGc@._V1_QL75_UX140_CR0,7,140,140_.jpg""}, {""name"": ""Burgess Meredith"", ""role"": ""Mickey"", ""image_url"": ""https://m.media-amazon.com/images/M/MV5BMTMxOTk3MzY2OF5BMl5BanBnXkFtZTcwNTI3NTMyNA@@._V1_QL75_UX140_CR0,4,140,140_.jpg""}]",2h
tt0325980,Pirates of the Caribbean: The Curse of the Black Pearl,https://m.media-amazon.com/images/M/MV5BNDhlMzEyNzItMTA5Mi00YWRhLThlNTktYTQyMTA0MDIyNDEyXkEyXkFqcGc@._V1_FMjpg_UX1000_.jpg,An intrepid blacksmith teams up with an eccentric pirate captain to save his love from an undead pirate crew.,"Action Epic, Adventure Epic, Dark Fantasy, Epic, Fantasy Epic, Sea Adventure, Supernatural Fantasy, Swashbuckler, Action, Adventure","Gore Verbinski, ","[{""name"": ""Johnny Depp"", ""role"": ""Jack Sparrow"", ""image_url"": ""https://m.media-amazon.com/images/M/MV5BZjA3NzZiZDktZjc2My00MzY2LThhOWMtZGFjYzg4ZDI2ZWVmXkEyXkFqcGc@._V1_QL75_UX140_CR0,10,140,140_.jpg""}, {""name"": ""Geoffrey Rush"", ""role"": ""Barbossa"", ""image_url"": ""https://m.media-amazon.com/images/M/MV5BMTg2MjkxNDU0NV5BMl5BanBnXkFtZTcwOTk3MDQ0NA@@._V1_QL75_UX140_CR0,13,140,140_.jpg""}, {""name"": ""Orlando Bloom"", ""role"": ""Will Turner"", ""image_url"": ""https://m.media-amazon.com/images/M/MV5BMjE1MDkxMjQ3NV5BMl5BanBnXkFtZTcwMzQ3Mjc4MQ@@._V1_QL75_UX140_CR0,3,140,140_.jpg""}, {""name"": ""Keira Knightley"", ""role"": ""Elizabeth Swann"", ""image_url"": ""https://m.media-amazon.com/images/M/MV5BMTYwNDM0NDA3M15BMl5BanBnXkFtZTcwNTkzMjQ3OA@@._V1_QL75_UX140_CR0,6,140,140_.jpg""}, {""name"": ""Jack Davenport"", ""role"": ""Norrington"", ""image_url"": ""https://m.media-amazon.com/images/M/MV5BNGE4Y2MwNDgtM2NmNS00ZGYxLWFkNTMtMThiZDk2NzcwMzZlXkEyXkFqcGc@._V1_QL75_UX140_CR0,6,140,140_.jpg""}]",2h 23m
tt0017925,The General,https://m.media-amazon.com/images/M/MV5BMTVhM2Y1MDUtMDkxYi00Y2UxLWI2MTMtZjMzYTY4ODM4MGIzXkEyXkFqcGc@._V1_FMjpg_UX1000_.jpg,"After being rejected by the Confederate military, not realizing it was due to his crucial civilian role, an engineer must single-handedly recapture his beloved locomotive after it is seized by Union spies and return it through enemy lines.","Farce, Slapstick, Action, Adventure, Comedy, Drama, War","Clyde Bruckman, Buster Keaton, , ","[{""name"": ""Buster Keaton"", ""role"": ""Johnnie Gray"", ""image_url"": ""https://m.media-amazon.com/images/M/MV5BYjQyOGVmNDUtYWMyMy00MzdmLWI2ODItZDE0YTk5OGRiODUzXkEyXkFqcGc@._V1_QL75_UX140_CR0,0,140,140_.jpg""}, {""name"": ""Marion Mack"", ""role"": ""Annabelle Lee"", ""image_url"": ""https://m.media-amazon.com/images/M/MV5BMjM4OTU2NzI1NV5BMl5BanBnXkFtZTgwNjEyMjkxNDE@._V1_QL75_UX140_CR0,15,140,140_.jpg""}, {""name"": ""Glen Cavender"", ""role"": ""Captain Anderson"", ""image_url"": ""https://m.media-amazon.com/images/M/MV5BYWNjYjk3MTYtYjhkOC00YTBkLThmODItYzdiNDVhMDFjZWQxXkEyXkFqcGc@._V1_QL75_UX140_CR0,5,140,140_.jpg""}, {""name"": ""Jim Farley"", ""role"": ""General Thatcher"", ""image_url"": ""https://m.media-amazon.com/images/M/MV5BNDRjOTFhNGEtYjJjMi00MTg3LTg4MWEtN2Q1Y2NkNmNiOTg2XkEyXkFqcGc@._V1_QL75_UX140_CR0,10,140,140_.jpg""}, {""name"": ""Frederick Vroom"", ""role"": ""A Southern General"", ""image_url"": null}]",1h 18m
tt0031679,Mr. Smith Goes to Washington,https://m.media-amazon.com/images/M/MV5BMDU4ZjNmMjEtMjcxYi00NDAxLWFlMjQtNWIyNjg5NWUzNTdjXkEyXkFqcGc@._V1_FMjpg_UX1000_.jpg,"A naive youth leader is appointed to fill a vacancy in the U.S. Senate. His idealistic plans promptly collide with corruption at home and subterfuge from his hero in Washington, but he tries to forge ahead despite attacks on his character.","Political Drama, Comedy, Drama","Frank Capra, ","[{""name"": ""James Stewart"", ""role"": ""Jefferson Smith"", ""image_url"": ""https://m.media-amazon.com/images/M/MV5BMjIwNzMzODY0NV5BMl5BanBnXkFtZTcwMDk3NDQyOA@@._V1_QL75_UX140_CR0,0,140,140_.jpg""}, {""name"": ""Jean Arthur"", ""role"": ""Saunders"", ""image_url"": ""https://m.media-amazon.com/images/M/MV5BYWNiNjY1NzktNGE2OS00OTExLTg0OTgtODVjODFlMzg4NDdlXkEyXkFqcGc@._V1_QL75_UX140_CR0,0,140,140_.jpg""}, {""name"": ""Claude Rains"", ""role"": ""Senator Joseph Harrison Paine"", ""image_url"": ""https://m.media-amazon.com/images/M/MV5BMTQwNDc3NjQ1OF5BMl5BanBnXkFtZTcwMjQ0NjI5Nw@@._V1_QL75_UX140_CR0,26,140,140_.jpg""}, {""name"": ""Edward Arnold"", ""role"": ""Jim Taylor"", ""image_url"": ""https://m.media-amazon.com/images/M/MV5BMjE2NjY2NDQ5OV5BMl5BanBnXkFtZTcwNTQ4MjYwOA@@._V1_QL75_UX140_CR0,0,140,140_.jpg""}, {""name"": ""Guy Kibbee"", ""role"": ""Governor Hubert 'Happy' Hopper"", ""image_url"": ""https://m.media-amazon.com/images/M/MV5BZjY2MmFmMWYtYjVkZC00MDgzLWJlZjMtYTdiMmY3MjkzNWRmXkEyXkFqcGc@._V1_QL75_UX140_CR0,0,140,140_.jpg""}]",2h 9m
tt0046438,Tokyo Story,https://m.media-amazon.com/images/M/MV5BODdkNzcxZjItMDU2Yy00Y2JlLWFkYTQtNzIwM2Q4MWU5MTU2XkEyXkFqcGc@._V1_FMjpg_UX1000_.jpg,"An old couple visit their children and grandchildren in the city, but receive little attention.","Japanese, Psychological Drama, Drama","Yasujirō Ozu, ","[{""name"": ""Chish\u016b Ry\u016b"", ""role"": ""Shukichi Hirayama"", ""image_url"": ""https://m.media-amazon.com/images/M/MV5BYmZjNTI1MmMtYzU4YS00ODM3LWI2ODktZDU3MGY4YWZhOGQ3XkEyXkFqcGc@._V1_QL75_UY140_CR24,0,140,140_.jpg""}, {""name"": ""Chieko Higashiyama"", ""role"": ""Tomi Hirayama"", ""image_url"": ""https://m.media-amazon.com/images/M/MV5BNjM0NjEyNjkwMF5BMl5BanBnXkFtZTgwMjM0ODk5MTE@._V1_QL75_UY140_CR30,0,140,140_.jpg""}, {""name"": ""S\u014d Yamamura"", ""role"": ""Koichi Hirayama"", ""image_url"": ""https://m.media-amazon.com/images/M/MV5BMTg0MzQzNDg2Nl5BMl5BanBnXkFtZTYwMjc2NjM3._V1_QL75_UY140_CR28,0,140,140_.jpg""}, {""name"": ""Setsuko Hara"", ""role"": ""Noriko Hirayama"", ""image_url"": ""https://m.media-amazon.com/images/M/MV5BMTUxNjcyNjc2NF5BMl5BanBnXkFtZTcwNzU2ODMwNw@@._V1_QL75_UX140_CR0,7,140,140_.jpg""}, {""name"": ""Haruko Sugimura"", ""role"": ""Shige Kaneko"", ""image_url"": ""https://m.media-amazon.com/images/M/MV5BZDNlYWFlNmMtNmFmNy00NDg2LThmYTQtNzVmZWIxMGQ1ZTE3XkEyXkFqcGc@._V1_QL75_UY140_CR24,0,140,140_.jpg""}]",2h 17m
tt0113247,La haine,https://m.media-amazon.com/images/M/MV5BMThlMDA3NDYtZGM2Zi00NmJhLThlYWItZjViZTkzZWU1ZWRiXkEyXkFqcGc@._V1_FMjpg_UX1000_.jpg,24 hours in the lives of three young men in the French suburbs the day after a violent riot.,"French, Gangster, Psychological Drama, Crime","Mathieu Kassovitz, ","[{""name"": ""Vincent Cassel"", ""role"": ""Vinz"", ""image_url"": ""https://m.media-amazon.com/images/M/MV5BMTc1NDUzMzM5MV5BMl5BanBnXkFtZTcwNzY1OTYyOQ@@._V1_QL75_UX140_CR0,12,140,140_.jpg""}, {""name"": ""Hubert Kound\u00e9"", ""role"": ""Hubert"", ""image_url"": ""https://m.media-amazon.com/images/M/MV5BMDJjNTJhNmItZTEwMy00MWE4LTk4MDYtNGRlYmQ3NzRkZTEzXkEyXkFqcGc@._V1_QL75_UY140_CR59,0,140,140_.jpg""}, {""name"": ""Sa\u00efd Taghmaoui"", ""role"": ""Sa\u00efd"", ""image_url"": ""https://m.media-amazon.com/images/M/MV5BMTY4OTc0NjkwMF5BMl5BanBnXkFtZTcwNTcwOTgyNQ@@._V1_QL75_UX140_CR0,11,140,140_.jpg""}, {""name"": ""Abdel Ahmed Ghili"", ""role"": ""Abdel"", ""image_url"": null}, {""name"": ""Solo"", ""role"": ""Santo"", ""image_url"": null}]",1h 38m
tt15097216,Jai Bhim,https://m.media-amazon.com/images/M/MV5BZjEyNDIzNmEtMjdkYS00ZDAwLTljOWYtNDRhYTVhYTlmOTk1XkEyXkFqcGc@._V1_FMjpg_UX1000_.jpg,"When a tribal man is arrested for a case of alleged theft, his wife turns to a human-rights lawyer to help bring justice.","Tamil, Legal Drama, Crime, Drama","T.J. Gnanavel, ","[{""name"": ""Suriya"", ""role"": ""Chandru"", ""image_url"": ""https://m.media-amazon.com/images/M/MV5BN2NmNmUzNGMtM2JjYi00NmUzLWFhYzQtNzY2ZTA0ZDdmM2FiXkEyXkFqcGc@._V1_CR1414,174,3333,5000_QL75_UX140_CR0,12,140,140_.jpg""}, {""name"": ""Lijo Mol Jose"", ""role"": ""Sengeni"", ""image_url"": ""https://m.media-amazon.com/images/M/MV5BZjc1NjhiOWUtZTZmYS00M2RlLWE5NzYtOTJlYzA5NTljMDdjXkEyXkFqcGc@._V1_QL75_UX140_CR0,11,140,140_.jpg""}, {""name"": ""Manikandan K."", ""role"": ""Rajakannu"", ""image_url"": ""https://m.media-amazon.com/images/M/MV5BOTczYmM5NjYtZGE0Ni00NzI3LWIxYTktYjhiMWFlZjI0OTQ4XkEyXkFqcGc@._V1_QL75_UX140_CR0,0,140,140_.jpg""}, {""name"": ""Rajisha Vijayan"", ""role"": ""Maithra"", ""image_url"": ""https://m.media-amazon.com/images/M/MV5BOGIyOWRmMjctNGZmOS00NTIzLWFhNTEtMGYyZGNhNjIzYWU3XkEyXkFqcGc@._V1_QL75_UX140_CR0,11,140,140_.jpg""}, {""name"": ""Prakash Raj"", ""role"": ""IG Perumalsami"", ""image_url"": ""https://m.media-amazon.com/images/M/MV5BMjQ2MjA4NjU0MF5BMl5BanBnXkFtZTgwMTgwMDMzOTE@._V1_QL75_UX140_CR0,12,140,140_.jpg""}]",2h 44m
tt1895587,Spotlight,https://m.media-amazon.com/images/M/MV5BMjIyOTM5OTIzNV5BMl5BanBnXkFtZTgwMDkzODE2NjE@._V1_FMjpg_UX1000_.jpg,"The true story of how the Boston Globe uncovered the massive scandal of child molestation and cover-up within the local Catholic Archdiocese, shaking the entire Catholic Church to its core.","Docudrama, Legal Drama, Period Drama, Psychological Drama, True Crime, Workplace Drama, Biography, Crime, Drama","Tom McCarthy, ","[{""name"": ""Mark Ruffalo"", ""role"": ""Mike Rezendes"", ""image_url"": ""https://m.media-amazon.com/images/M/MV5BM2JiYzA0ZGItNmFhYy00MjIyLWEwN2QtMzRmNDUyNjNiZjBiXkEyXkFqcGc@._V1_QL75_UX140_CR0,12,140,140_.jpg""}, {""name"": ""Michael Keaton"", ""role"": ""Walter 'Robby' Robinson"", ""image_url"": ""https://m.media-amazon.com/images/M/MV5BMTRlODM4M2QtOTUxMy00Y2NhLTk0ZWMtZGFjYWM2MTdmMzA0XkEyXkFqcGc@._V1_QL75_UX140_CR0,20,140,140_.jpg""}, {""name"": ""Rachel McAdams"", ""role"": ""Sacha Pfeiffer"", ""image_url"": ""https://m.media-amazon.com/images/M/MV5BMTY5ODcxMDU4NV5BMl5BanBnXkFtZTcwMjAzNjQyNQ@@._V1_QL75_UX140_CR0,9,140,140_.jpg""}, {""name"": ""Liev Schreiber"", ""role"": ""Marty Baron"", ""image_url"": ""https://m.media-amazon.com/images/M/MV5BMjM5NjI1NzA1Ml5BMl5BanBnXkFtZTgwNDc0ODM3ODE@._V1_QL75_UX140_CR0,0,140,140_.jpg""}, {""name"": ""John Slattery"", ""role"": ""Ben Bradlee Jr."", ""image_url"": ""https://m.media-amazon.com/images/M/MV5BMjQyN2YxMWMtMzI0ZC00MDVkLTg3ODgtNzNkMDcxZDFhOWNlXkEyXkFqcGc@._V1_QL75_UX140_CR0,12,140,140_.jpg""}]",2h 9m
tt0059742,The Sound of Music,https://m.media-amazon.com/images/M/MV5BYWJhYmU4MjQtZDJhYi00ZGVjLTlkNTEtNzkzNGVjOWQ3MjcwXkEyXkFqcGc@._V1_FMjpg_UX1000_.jpg,A young novice is sent by her convent in 1930s Austria to become a governess to the seven children of a widowed naval officer.,"Classic Musical, Epic, Period Drama, Biography, Drama, Family, Musical, Romance","Robert Wise, ","[{""name"": ""Julie Andrews"", ""role"": ""Maria"", ""image_url"": ""https://m.media-amazon.com/images/M/MV5BMjExMTYyODA2Ml5BMl5BanBnXkFtZTYwMTgyMDA0._V1_QL75_UX140_CR0,9,140,140_.jpg""}, {""name"": ""Christopher Plummer"", ""role"": ""Captain Georg von Trapp"", ""image_url"": ""https://m.media-amazon.com/images/M/MV5BMTU5MzQ5MDY3NF5BMl5BanBnXkFtZTcwNzMxOTU5Ng@@._V1_QL75_UX140_CR0,7,140,140_.jpg""}, {""name"": ""Eleanor Parker"", ""role"": ""The Baroness"", ""image_url"": ""https://m.media-amazon.com/images/M/MV5BMTU0MTE1MDYxMF5BMl5BanBnXkFtZTcwODU2NTUwOA@@._V1_QL75_UX140_CR0,0,140,140_.jpg""}, {""name"": ""Richard Haydn"", ""role"": ""Max Detweiler"", ""image_url"": ""https://m.media-amazon.com/images/M/MV5BMjkxNzM0NTY2OF5BMl5BanBnXkFtZTcwNzQ3NjAxOA@@._V1_QL75_UX140_CR0,30,140,140_.jpg""}, {""name"": ""Peggy Wood"", ""role"": ""Mother Abbess"", ""image_url"": ""https://m.media-amazon.com/images/M/MV5BMTYyMTkyNjAxOV5BMl5BanBnXkFtZTcwOTc1NjAyOA@@._V1_QL75_UX140_CR0,13,140,140_.jpg""}]",2h 54m
tt26548265,Maharaja,https://m.media-amazon.com/images/M/MV5BOTFlMTIxOGItZTk0Zi00MTk2LWJiM2UtMzlhZWYzNjQ4N2Y3XkEyXkFqcGc@._V1_FMjpg_UX1000_.jpg,"A barber seeks vengeance after his home is burglarized, cryptically telling police his ""lakshmi"" has been taken, leaving them uncertain if it's a person or object. His quest to recover the elusive ""lakshmi"" unfolds.","Feel-Good Romance, Drama, Romance","R. Nandhakumar, Nithilan Saminathan, T. Suresh, , , ","[{""name"": ""Vijay Sethupathi"", ""role"": ""Maharaja"", ""image_url"": ""https://m.media-amazon.com/images/M/MV5BMjBmM2MxNWYtMDhmOS00MjRhLTkxNjItZTdlN2MwZjBjYTgyXkEyXkFqcGc@._V1_QL75_UX140_CR0,10,140,140_.jpg""}, {""name"": ""Anurag Kashyap"", ""role"": ""Selvam"", ""image_url"": ""https://m.media-amazon.com/images/M/MV5BMjExOTEyNDcwMl5BMl5BanBnXkFtZTgwMjM3NzM0OTE@._V1_QL75_UX140_CR0,12,140,140_.jpg""}, {""name"": ""Mamta Mohandas"", ""role"": ""Asifa"", ""image_url"": ""https://m.media-amazon.com/images/M/MV5BMDYyOTk5ZGEtMzY3ZC00MDUwLTkzNWItODhjNTVhNmM1OWVmXkEyXkFqcGc@._V1_QL75_UX140_CR0,12,140,140_.jpg""}, {""name"": ""Natarajan Subramaniam"", ""role"": ""Inspector Varadharajan"", ""image_url"": null}, {""name"": ""Abhirami"", ""role"": ""Kokhila"", ""image_url"": ""https://m.media-amazon.com/images/M/MV5BYjNiN2EyMTUtNTk2MC00Y2ZhLTkwN2UtMmRlZWU4NjkyMWI1XkEyXkFqcGc@._V1_QL75_UX140_CR0,11,140,140_.jpg""}]",2h 21m
tt0088247,The Terminator,https://m.media-amazon.com/images/M/MV5BZmE0YzIxM2QtMGNlMi00MjRmLWE3MWMtOWQzMGVjMmU0YTFmXkEyXkFqcGc@._V1_FMjpg_UX1000_.jpg,A cyborg assassin from the future attempts to find and kill a young woman who is destined to give birth to a warrior that will lead a resistance to save humankind from extinction.,"Terminator, Artificial Intelligence, Cyberpunk, Dystopian Sci-Fi, One-Person Army Action, Time Travel, Urban Adventure, Action, Adventure, Sci-Fi","James Cameron, ","[{""name"": ""Arnold Schwarzenegger"", ""role"": ""Terminator"", ""image_url"": ""https://m.media-amazon.com/images/M/MV5BMTI3MDc4NzUyMV5BMl5BanBnXkFtZTcwMTQyMTc5MQ@@._V1_QL75_UX140_CR0,0,140,140_.jpg""}, {""name"": ""Linda Hamilton"", ""role"": ""Sarah Connor"", ""image_url"": ""https://m.media-amazon.com/images/M/MV5BZTI1MmRmYmMtYTZiMy00NGFkLThkMGEtNjgyYjFhMzE2NjUzXkEyXkFqcGc@._V1_QL75_UX140_CR0,0,140,140_.jpg""}, {""name"": ""Michael Biehn"", ""role"": ""Kyle Reese"", ""image_url"": ""https://m.media-amazon.com/images/M/MV5BODBkMzQwZmUtN2QxNS00YmExLThhNTYtMzIzNTA4NDBjYzliXkEyXkFqcGc@._V1_QL75_UY140_CR25,0,140,140_.jpg""}, {""name"": ""Paul Winfield"", ""role"": ""Traxler"", ""image_url"": ""https://m.media-amazon.com/images/M/MV5BYTlmYzAxOWQtZDBkOC00ZDQzLWFkOTItNzEwYmI4ZDRhZWQ3XkEyXkFqcGc@._V1_QL75_UX140_CR0,8,140,140_.jpg""}, {""name"": ""Lance Henriksen"", ""role"": ""Vukovich"", ""image_url"": ""https://m.media-amazon.com/images/M/MV5BNzY1YmViYTctOWFkNC00NWU3LWIzYTEtYmMyZGZkY2EzMzAzXkEyXkFqcGc@._V1_QL75_UX140_CR0,12,140,140_.jpg""}]",1h 47m
tt0050986,Wild Strawberries,https://m.media-amazon.com/images/M/MV5BZWQ5MDllM2EtZWRmNS00MmZiLWI4ZWQtMjRiY2Q5MTAxODY4XkEyXkFqcGc@._V1_FMjpg_UX1000_.jpg,"After living a life marked by coldness, an aging professor is forced to confront the emptiness of his existence.","Swedish, Psychological Drama, Drama, Romance","Ingmar Bergman, ","[{""name"": ""Victor Sj\u00f6str\u00f6m"", ""role"": ""Dr. Eberhard Isak Borg"", ""image_url"": ""https://m.media-amazon.com/images/M/MV5BMTQwMzk0OTQ2Ml5BMl5BanBnXkFtZTcwNjg5MDI2NQ@@._V1_QL75_UY140_CR37,0,140,140_.jpg""}, {""name"": ""Bibi Andersson"", ""role"": ""Sara"", ""image_url"": ""https://m.media-amazon.com/images/M/MV5BYTk0NTgwNDItMzgxNi00NjllLTkxYjYtNGRiMTEyNDNlOWQ4XkEyXkFqcGc@._V1_QL75_UX140_CR0,4,140,140_.jpg""}, {""name"": ""Ingrid Thulin"", ""role"": ""Marianne Borg"", ""image_url"": ""https://m.media-amazon.com/images/M/MV5BMTU1MjI4MzIxOV5BMl5BanBnXkFtZTcwMjgzOTkxOA@@._V1_QL75_UX140_CR0,0,140,140_.jpg""}, {""name"": ""Gunnar Bj\u00f6rnstrand"", ""role"": ""Dr. Evald Borg"", ""image_url"": ""https://m.media-amazon.com/images/M/MV5BMTUzODQ4NjI3M15BMl5BanBnXkFtZTcwMTUyMDEyOA@@._V1_QL75_UY140_CR30,0,140,140_.jpg""}, {""name"": ""Jullan Kindahl"", ""role"": ""Agda"", ""image_url"": ""https://m.media-amazon.com/images/M/MV5BYmY5ZGI0ZTUtNGVlNS00NGIwLWJlNDEtMTc2NjFjMDMzYTM5XkEyXkFqcGc@._V1_QL75_UX140_CR0,0,140,140_.jpg""}]",1h 32m
tt0047296,On the Waterfront,https://m.media-amazon.com/images/M/MV5BZDJlYTM1ZGYtZTM4YS00MzFhLThiZjktYzQ0ZjAzMGYwZTU3XkEyXkFqcGc@._V1_FMjpg_UX1000_.jpg,"An ex-prize fighter turned New Jersey longshoreman struggles to stand up to his corrupt union bosses, including his older brother, as he starts to connect with the grieving sister of one of the syndicate's victims.","Legal Drama, Legal Thriller, Tragedy, Crime, Drama, Thriller","Elia Kazan, ","[{""name"": ""Marlon Brando"", ""role"": ""Terry Malloy"", ""image_url"": ""https://m.media-amazon.com/images/M/MV5BMTg3MDYyMDE5OF5BMl5BanBnXkFtZTcwNjgyNTEzNA@@._V1_QL75_UY140_CR21,0,140,140_.jpg""}, {""name"": ""Karl Malden"", ""role"": ""Father Barry"", ""image_url"": ""https://m.media-amazon.com/images/M/MV5BNzZiYWMzZmItZWNmNy00NDVmLThlYjEtMmNkY2JiNTJiMjBkXkEyXkFqcGc@._V1_QL75_UX140_CR0,0,140,140_.jpg""}, {""name"": ""Lee J. Cobb"", ""role"": ""Johnny Friendly"", ""image_url"": ""https://m.media-amazon.com/images/M/MV5BNDc3MTM0MDQyMF5BMl5BanBnXkFtZTYwMTczMTg2._V1_QL75_UX140_CR0,15,140,140_.jpg""}, {""name"": ""Rod Steiger"", ""role"": ""Charley Malloy"", ""image_url"": ""https://m.media-amazon.com/images/M/MV5BMTk0NjQ1OTUxNl5BMl5BanBnXkFtZTYwNDA3NjA2._V1_QL75_UX140_CR0,6,140,140_.jpg""}, {""name"": ""Pat Henning"", ""role"": ""Kayo Dugan"", ""image_url"": ""https://m.media-amazon.com/images/M/MV5BOTcwMDJiNjctNDU3MS00NDU5LThkNGEtMTdiZjYwZjMwMDdkXkEyXkFqcGc@._V1_QL75_UX140_CR0,2,140,140_.jpg""}]",1h 48m
tt0036868,The Best Years of Our Lives,https://m.media-amazon.com/images/M/MV5BNTgxMzUyODQtMDJmZC00ZGMyLWI3MzAtZTYwYjBjZjFmMzIxXkEyXkFqcGc@._V1_FMjpg_UX1000_.jpg,Three WWII veterans return home forever changed and find it difficult to adjust to their new realities.,"Epic, Feel-Good Romance, Romantic Epic, War Epic, Drama, Romance, War","William Wyler, ","[{""name"": ""Myrna Loy"", ""role"": ""Milly Stephenson"", ""image_url"": ""https://m.media-amazon.com/images/M/MV5BNGFiZTljNDktNjZiZC00YmM0LWE1YTctNGJmZmExMzg3ZjY3XkEyXkFqcGc@._V1_QL75_UX140_CR0,0,140,140_.jpg""}, {""name"": ""Dana Andrews"", ""role"": ""Fred Derry"", ""image_url"": ""https://m.media-amazon.com/images/M/MV5BMWZmMjAwMjMtYmNkYS00YzQ2LWEwNjItODEyNDBmNzUzMDc1XkEyXkFqcGc@._V1_QL75_UX140_CR0,0,140,140_.jpg""}, {""name"": ""Fredric March"", ""role"": ""Al Stephenson"", ""image_url"": ""https://m.media-amazon.com/images/M/MV5BOWQwZDU1OGUtNWFlZi00YmNiLTlhY2EtZjBkOTg2ZjZjMGUzXkEyXkFqcGc@._V1_QL75_UX140_CR0,0,140,140_.jpg""}, {""name"": ""Teresa Wright"", ""role"": ""Peggy Stephenson"", ""image_url"": ""https://m.media-amazon.com/images/M/MV5BOTVhYTU2ZWQtNzlkMy00YjhjLWE2YWEtOGI4MjdkMGRmMmI4XkEyXkFqcGc@._V1_QL75_UX140_CR0,0,140,140_.jpg""}, {""name"": ""Virginia Mayo"", ""role"": ""Marie Derry"", ""image_url"": ""https://m.media-amazon.com/images/M/MV5BM2M2ZTM1MWUtOTgxYS00M2RlLWExYTMtZDNjNjAwYTYwZmUzXkEyXkFqcGc@._V1_QL75_UX140_CR0,0,140,140_.jpg""}]",2h 50m
tt0041959,The Third Man,https://m.media-amazon.com/images/M/MV5BNGVjMTMxZTQtMmVlNy00YmI0LWJjMDUtYTgyZWU1Njg5ZGRiXkEyXkFqcGc@._V1_FMjpg_UX1000_.jpg,"Pulp novelist Holly Martins travels to shadowy, mystifying post-war Vienna only to find himself investigating the mysterious sudden death of old friend Harry Lime.","Film Noir, Hard-boiled Detective, Psychological Thriller, Spy, Whodunnit, Drama, Mystery, Thriller","Carol Reed, ","[{""name"": ""Orson Welles"", ""role"": ""Harry Lime"", ""image_url"": ""https://m.media-amazon.com/images/M/MV5BNTZmNzM4YTItMzMzMC00NjgwLTkyYTgtNTNiOTFiNWEyMzIyXkEyXkFqcGc@._V1_QL75_UX140_CR0,0,140,140_.jpg""}, {""name"": ""Joseph Cotten"", ""role"": ""Holly Martins"", ""image_url"": ""https://m.media-amazon.com/images/M/MV5BMjA2MGMyZTQtNGQ3OC00YmJmLWE3NjQtNmM5M2NmN2I1YTIyXkEyXkFqcGc@._V1_QL75_UX140_CR0,0,140,140_.jpg""}, {""name"": ""Alida Valli"", ""role"": ""Anna Schmidt"", ""image_url"": ""https://m.media-amazon.com/images/M/MV5BMTY0MTMyODUzMV5BMl5BanBnXkFtZTcwMTczOTkxOA@@._V1_QL75_UX140_CR0,0,140,140_.jpg""}, {""name"": ""Trevor Howard"", ""role"": ""Maj. Calloway"", ""image_url"": ""https://m.media-amazon.com/images/M/MV5BM2MyNTIwZjktM2Q2NC00ODI1LWI4MDktNTRlMGM4YjYwMmFiXkEyXkFqcGc@._V1_QL75_UX140_CR0,12,140,140_.jpg""}, {""name"": ""Paul H\u00f6rbiger"", ""role"": ""Karl"", ""image_url"": ""https://m.media-amazon.com/images/M/MV5BMGVjYjcyNjctY2M3OS00ZmNmLTgzZTItY2MzOTgyZjM1ZmVlXkEyXkFqcGc@._V1_QL75_UX140_CR0,19,140,140_.jpg""}]",1h 44m
tt0118715,The Big Lebowski,https://m.media-amazon.com/images/M/MV5BY2E3OWQ5OWYtYTRkMC00NjVjLWIzZDQtNmRmM2ZiYTIyYmYxXkEyXkFqcGc@._V1_FMjpg_UX1000_.jpg,"Jeff ""The Dude"" Lebowski, mistaken for a millionaire of the same name, seeks restitution for his ruined rug and enlists his bowling buddies to help get it.","Buddy Comedy, Drug Crime, Satire, Stoner Comedy, Comedy, Crime","Joel Coen, Ethan Coen, , ","[{""name"": ""Jeff Bridges"", ""role"": ""The Dude"", ""image_url"": ""https://m.media-amazon.com/images/M/MV5BNTU1NjM4MDYzMl5BMl5BanBnXkFtZTcwMjIwMjMyMw@@._V1_QL75_UX140_CR0,1,140,140_.jpg""}, {""name"": ""John Goodman"", ""role"": ""Walter Sobchak"", ""image_url"": ""https://m.media-amazon.com/images/M/MV5BOTk1MzAzMDUxMF5BMl5BanBnXkFtZTgwODgyMTQxNjM@._V1_QL75_UX140_CR0,1,140,140_.jpg""}, {""name"": ""Julianne Moore"", ""role"": ""Maude Lebowski"", ""image_url"": ""https://m.media-amazon.com/images/M/MV5BMTM5NDI1MjE2Ml5BMl5BanBnXkFtZTgwNDE0Nzk0MDE@._V1_QL75_UX140_CR0,4,140,140_.jpg""}, {""name"": ""Steve Buscemi"", ""role"": ""Donny"", ""image_url"": ""https://m.media-amazon.com/images/M/MV5BODc0NTU3NDA4M15BMl5BanBnXkFtZTcwNDkxNzQxNA@@._V1_QL75_UX140_CR0,1,140,140_.jpg""}, {""name"": ""David Huddleston"", ""role"": ""The Big Lebowski"", ""image_url"": ""https://m.media-amazon.com/images/M/MV5BMTk4NDMwOTUxMF5BMl5BanBnXkFtZTcwMjEzMzYwOA@@._V1_QL75_UX140_CR0,0,140,140_.jpg""}]",1h 57m
tt0317705,The Incredibles,https://m.media-amazon.com/images/M/MV5BMTY5OTU0OTc2NV5BMl5BanBnXkFtZTcwMzU4MDcyMQ@@._V1_FMjpg_UX1000_.jpg,"While trying to lead a quiet suburban life, a family of undercover superheroes are forced into action to save the world.","Action Epic, Adventure Epic, Computer Animation, Superhero, Urban Adventure, Action","Brad Bird, ","[{""name"": ""Craig T. Nelson"", ""role"": ""Bob Parr"", ""image_url"": ""https://m.media-amazon.com/images/M/MV5BMTI0ODQwMDU1OV5BMl5BanBnXkFtZTcwMDkxNTE2Mg@@._V1_QL75_UX140_CR0,0,140,140_.jpg""}, {""name"": ""Samuel L. Jackson"", ""role"": ""Lucius Best"", ""image_url"": ""https://m.media-amazon.com/images/M/MV5BMTQ1NTQwMTYxNl5BMl5BanBnXkFtZTYwMjA1MzY1._V1_QL75_UX140_CR0,13,140,140_.jpg""}, {""name"": ""Holly Hunter"", ""role"": ""Helen Parr"", ""image_url"": ""https://m.media-amazon.com/images/M/MV5BMjIzNzg1ODA1NF5BMl5BanBnXkFtZTcwNTI4NzQ4Mg@@._V1_QL75_UX140_CR0,12,140,140_.jpg""}, {""name"": ""Jason Lee"", ""role"": ""Buddy Pine"", ""image_url"": ""https://m.media-amazon.com/images/M/MV5BMTc4MDc3ODgwMF5BMl5BanBnXkFtZTYwNzY2OTI3._V1_QL75_UX140_CR0,16,140,140_.jpg""}, {""name"": ""Dominique Louis"", ""role"": ""Bomb Voyage"", ""image_url"": ""https://m.media-amazon.com/images/M/MV5BZGFhMmNmMGUtYzAyNS00OGRiLWI3MTEtNTA0NDQ0NWU0NjlhXkEyXkFqcGc@._V1_QL75_UX140_CR0,12,140,140_.jpg""}]",1h 55m
tt0381681,Before Sunset,https://m.media-amazon.com/images/M/MV5BMTQ1MjAwNTM5Ml5BMl5BanBnXkFtZTYwNDM0MTc3._V1_FMjpg_UX1000_.jpg,"Nine years after Jesse and Celine first met, they encounter each other again on the French leg of Jesse's book tour.","Feel-Good Romance, Drama, Romance","Richard Linklater, ","[{""name"": ""Ethan Hawke"", ""role"": ""Jesse"", ""image_url"": ""https://m.media-amazon.com/images/M/MV5BMTk4NDMxMTI0MF5BMl5BanBnXkFtZTYwMjE3ODE0._V1_QL75_UX140_CR0,6,140,140_.jpg""}, {""name"": ""Julie Delpy"", ""role"": ""Celine"", ""image_url"": ""https://m.media-amazon.com/images/M/MV5BMTg4ODM0MjI5NV5BMl5BanBnXkFtZTYwNDQ5NjM1._V1_QL75_UX140_CR0,0,140,140_.jpg""}, {""name"": ""Vernon Dobtcheff"", ""role"": ""Bookstore Manager"", ""image_url"": ""https://m.media-amazon.com/images/M/MV5BMTA3ODU2MzI0MjReQTJeQWpwZ15BbWU3MDYxODU2MjE@._V1_QL75_UX140_CR0,5,140,140_.jpg""}, {""name"": ""Louise Lemoine Torr\u00e8s"", ""role"": ""Journalist #1"", ""image_url"": ""https://m.media-amazon.com/images/M/MV5BMTc3ODk1OTgxNV5BMl5BanBnXkFtZTgwNDc4OTQ5OTE@._V1_QL75_UX140_CR0,7,140,140_.jpg""}, {""name"": ""Rodolphe Pauly"", ""role"": ""Journalist #2"", ""image_url"": ""https://m.media-amazon.com/images/M/MV5BNWJkYjZhMDQtZGViYy00ZmViLWFhYWQtMGMxMjhiZmU4OGMxXkEyXkFqcGc@._V1_QL75_UX140_CR0,13,140,140_.jpg""}]",1h 20m
tt1028532,Hachi: A Dog's Tale,https://m.media-amazon.com/images/M/MV5BNTU5NjYyYTgtZGQ3My00MzRhLThjNGYtZmVjN2JjYjhkMjhhXkEyXkFqcGc@._V1_FMjpg_UX1000_.jpg,"Professor Wilson discovers a lost Akita puppy on his way home. Despite objections from his wife, Hachi endears himself to the family and grows to be Parker's loyal companion. As their bond grows deeper, a beautiful relationship unfolds.","Animal Adventure, Biography, Drama, Family","Lasse Hallström, ","[{""name"": ""Richard Gere"", ""role"": ""Parker Wilson"", ""image_url"": ""https://m.media-amazon.com/images/M/MV5BNDg2MDdhNGQtYjNhMS00YTBjLWIwYjQtNDkxM2Q3ODJmMzNhXkEyXkFqcGc@._V1_QL75_UX140_CR0,8,140,140_.jpg""}, {""name"": ""Joan Allen"", ""role"": ""Cate Wilson"", ""image_url"": ""https://m.media-amazon.com/images/M/MV5BMTU1MjIwNTk5Ml5BMl5BanBnXkFtZTcwNjA2MzQxMw@@._V1_QL75_UX140_CR0,3,140,140_.jpg""}, {""name"": ""Cary-Hiroyuki Tagawa"", ""role"": ""Ken"", ""image_url"": ""https://m.media-amazon.com/images/M/MV5BMjE0MDEyMjcxMV5BMl5BanBnXkFtZTgwMDE5MDcwMTI@._V1_QL75_UX140_CR0,5,140,140_.jpg""}, {""name"": ""Sarah Roemer"", ""role"": ""Andy"", ""image_url"": ""https://m.media-amazon.com/images/M/MV5BMTk3OTQ1MzAxMV5BMl5BanBnXkFtZTcwNDIyOTkzMQ@@._V1_QL75_UX140_CR0,7,140,140_.jpg""}, {""name"": ""Jason Alexander"", ""role"": ""Carl"", ""image_url"": ""https://m.media-amazon.com/images/M/MV5BMTYxNzMyMDY1OV5BMl5BanBnXkFtZTcwMDU3NjYyMw@@._V1_QL75_UX140_CR0,0,140,140_.jpg""}]",1h 33m
tt0252488,The Chaos Class Failed the Class,https://m.media-amazon.com/images/M/MV5BZmY3MjVhMmQtOTcwYy00ZjcyLWFiZDgtN2JiODVjNjQzYWQyXkEyXkFqcGc@._V1_FMjpg_UX1000_.jpg,"A group of students have failed their exams and must return for another year. Distracting them all is a new young female teacher, who they try out their usual tricks on.","Turkish, Satire, Comedy","Ertem Eğilmez, ","[{""name"": ""M\u00fcnir \u00d6zkul"", ""role"": ""Mahmut Hoca"", ""image_url"": ""https://m.media-amazon.com/images/M/MV5BZDc3NTFjYTUtM2FkMi00OGYzLTk4MWEtZmQyNGIzZGM4MjEwXkEyXkFqcGc@._V1_QL75_UX140_CR0,0,140,140_.jpg""}, {""name"": ""Tar\u0131k Akan"", ""role"": ""Damat Ferit"", ""image_url"": ""https://m.media-amazon.com/images/M/MV5BOTBhMTkwMjUtOGRiZi00NTk0LTk1ZDAtMDc3M2I1NzQ0YmNhXkEyXkFqcGc@._V1_QL75_UX140_CR0,0,140,140_.jpg""}, {""name"": ""Kemal Sunal"", ""role"": ""\u0130nek \u015eaban"", ""image_url"": ""https://m.media-amazon.com/images/M/MV5BNjRhNDQ3YTItODcyZC00NDIwLThmNTctYWQwODY3YmI0YzAyXkEyXkFqcGc@._V1_QL75_UX140_CR0,0,140,140_.jpg""}, {""name"": ""Adile Na\u015fit"", ""role"": ""Hafize Ana"", ""image_url"": ""https://m.media-amazon.com/images/M/MV5BZTE3OTc4MGEtYjM3NC00OTljLWJiNGUtMzMyZjg2OGUwNzkzXkEyXkFqcGc@._V1_QL75_UX140_CR0,2,140,140_.jpg""}, {""name"": ""Halit Ak\u00e7atepe"", ""role"": ""G\u00fcd\u00fck Necmi"", ""image_url"": ""https://m.media-amazon.com/images/M/MV5BM2ZjMjk1YTUtNGYwOS00NDQwLWFhZDgtZjMyMzFlM2Q4YWFjXkEyXkFqcGc@._V1_QL75_UX140_CR0,0,140,140_.jpg""}]",1h 35m
tt3170832,Room,https://m.media-amazon.com/images/M/MV5BMjE4NzgzNzEwMl5BMl5BanBnXkFtZTgwMTMzMDE0NjE@._V1_FMjpg_UX1000_.jpg,"A little boy is held captive in a room with his mother since his birth, so he has never known the world outside.","Psychological Drama, Drama, Thriller","Lenny Abrahamson, ","[{""name"": ""Brie Larson"", ""role"": ""Ma"", ""image_url"": ""https://m.media-amazon.com/images/M/MV5BNzU4ODNiYzAtYWNmNy00NzQ2LWJiYTMtYzk0YjU2ODRlZGZmXkEyXkFqcGc@._V1_QL75_UX140_CR0,0,140,140_.jpg""}, {""name"": ""Jacob Tremblay"", ""role"": ""Jack"", ""image_url"": ""https://m.media-amazon.com/images/M/MV5BYTU4ZGMxMGMtMTc3ZC00NmQzLWIyNTktOGEyNGMwNjRkMThkXkEyXkFqcGc@._V1_CR887,244,3333,5000_QL75_UX140_CR0,12,140,140_.jpg""}, {""name"": ""Sean Bridgers"", ""role"": ""Old Nick"", ""image_url"": ""https://m.media-amazon.com/images/M/MV5BNTc3ODkwNTAtOTRkYS00NzIzLWIxM2ItYjIxMmIwYTg5MWU2XkEyXkFqcGc@._V1_QL75_UX140_CR0,0,140,140_.jpg""}, {""name"": ""Wendy Crewson"", ""role"": ""Talk Show Hostess"", ""image_url"": ""https://m.media-amazon.com/images/M/MV5BMjAzNTc0Njc3Ml5BMl5BanBnXkFtZTYwOTczMDY0._V1_QL75_UX140_CR0,9,140,140_.jpg""}, {""name"": ""Sandy McMaster"", ""role"": ""Veteran"", ""image_url"": null}]",1h 58m
tt0070047,The Exorcist,https://m.media-amazon.com/images/M/MV5BZjg3YjE4ZjAtYTdmYS00ZTBkLWE1ZjgtNzAzODUwNzRiYjlmXkEyXkFqcGc@._V1_FMjpg_UX1000_.jpg,"When a mysterious entity possesses a young girl, her mother seeks the help of two Catholic priests to save her life.","Body Horror, Psychological Drama, Psychological Horror, Supernatural Horror, Tragedy, Horror","William Friedkin, ","[{""name"": ""Ellen Burstyn"", ""role"": ""Chris MacNeil"", ""image_url"": ""https://m.media-amazon.com/images/M/MV5BMTU4MjYxMDc3MF5BMl5BanBnXkFtZTYwNzU3MDIz._V1_QL75_UX140_CR0,12,140,140_.jpg""}, {""name"": ""Max von Sydow"", ""role"": ""Father Merrin"", ""image_url"": ""https://m.media-amazon.com/images/M/MV5BMTI3MDQzOTMwN15BMl5BanBnXkFtZTYwMDgyMjM1._V1_QL75_UX140_CR0,9,140,140_.jpg""}, {""name"": ""Linda Blair"", ""role"": ""Regan"", ""image_url"": ""https://m.media-amazon.com/images/M/MV5BMTYxNzMxMTMwMV5BMl5BanBnXkFtZTYwODM3MTI0._V1_QL75_UX140_CR0,12,140,140_.jpg""}, {""name"": ""Lee J. Cobb"", ""role"": ""Lt. Kinderman"", ""image_url"": ""https://m.media-amazon.com/images/M/MV5BNDc3MTM0MDQyMF5BMl5BanBnXkFtZTYwMTczMTg2._V1_QL75_UX140_CR0,15,140,140_.jpg""}, {""name"": ""Kitty Winn"", ""role"": ""Sharon"", ""image_url"": ""https://m.media-amazon.com/images/M/MV5BYWZhMmVlODItYmMyNi00OWMwLWEwNzktZmZlOGIyMmVmZWFlXkEyXkFqcGc@._V1_QL75_UX140_CR0,0,140,140_.jpg""}]",2h 2m
tt0395169,Hotel Rwanda,https://m.media-amazon.com/images/M/MV5BY2FmMWRmZmQtN2IzMS00OGVmLWFmNjktMTM0YWQzODcwYTEwXkEyXkFqcGc@._V1_FMjpg_UX1000_.jpg,"Paul Rusesabagina, a hotel manager, houses over a thousand Tutsi refugees during their struggle against the Hutu militia in Rwanda, Africa.","Docudrama, Epic, Psychological Drama, Biography, Drama, History, War","Terry George, ","[{""name"": ""Don Cheadle"", ""role"": ""Paul Rusesabagina"", ""image_url"": ""https://m.media-amazon.com/images/M/MV5BNDMxNDM3MzY5N15BMl5BanBnXkFtZTcwMjkzOTY4MQ@@._V1_QL75_UX140_CR0,0,140,140_.jpg""}, {""name"": ""Sophie Okonedo"", ""role"": ""Tatiana Rusesabagina"", ""image_url"": ""https://m.media-amazon.com/images/M/MV5BMGU3Njc4OTUtYzIzYy00NDczLThjYTktNGU1MGNlYjk5NDJmXkEyXkFqcGc@._V1_CR45,45,517,775_QL75_UX140_CR0,12,140,140_.jpg""}, {""name"": ""Joaquin Phoenix"", ""role"": ""Jack Daglish"", ""image_url"": ""https://m.media-amazon.com/images/M/MV5BYjFjNGYzYjEtNGE0Ny00M2IyLTk5ZmYtODE3ZGFkMzVjYmNmXkEyXkFqcGc@._V1_QL75_UX140_CR0,12,140,140_.jpg""}, {""name"": ""Xolani Mali"", ""role"": ""Policeman"", ""image_url"": null}, {""name"": ""Desmond Dube"", ""role"": ""Dube"", ""image_url"": ""https://m.media-amazon.com/images/M/MV5BZmQwNmZkZDItOWYwZC00Y2Y5LTk4NWYtNWViODNjOGY3ZDFhXkEyXkFqcGc@._V1_QL75_UX140_CR0,0,140,140_.jpg""}]",2h 1m
tt0050976,The Seventh Seal,https://m.media-amazon.com/images/M/MV5BZDlmYTkzOWUtODQ0MS00MmM4LWE3ZjMtYTEwNGUwMmJkYzIxXkEyXkFqcGc@._V1_FMjpg_UX1000_.jpg,"A knight returning to Sweden after the Crusades seeks answers about life, death, and the existence of God as he plays chess against the Grim Reaper during the Black Plague.","Swedish, Dark Comedy, Period Drama, Psychological Drama, Drama, Fantasy","Ingmar Bergman, ","[{""name"": ""Max von Sydow"", ""role"": ""Antonius Block"", ""image_url"": ""https://m.media-amazon.com/images/M/MV5BMTI3MDQzOTMwN15BMl5BanBnXkFtZTYwMDgyMjM1._V1_QL75_UX140_CR0,9,140,140_.jpg""}, {""name"": ""Gunnar Bj\u00f6rnstrand"", ""role"": ""Squire J\u00f6ns"", ""image_url"": ""https://m.media-amazon.com/images/M/MV5BMTUzODQ4NjI3M15BMl5BanBnXkFtZTcwMTUyMDEyOA@@._V1_QL75_UY140_CR30,0,140,140_.jpg""}, {""name"": ""Bengt Ekerot"", ""role"": ""Death"", ""image_url"": ""https://m.media-amazon.com/images/M/MV5BMTczOTY5MTU3MF5BMl5BanBnXkFtZTYwNzE0OTM2._V1_QL75_UY140_CR28,0,140,140_.jpg""}, {""name"": ""Nils Poppe"", ""role"": ""Jof"", ""image_url"": ""https://m.media-amazon.com/images/M/MV5BYjE4OGVkYWMtZWMzYy00MmJhLWI1NmQtZmIzYmY3YzAyYjVkXkEyXkFqcGc@._V1_QL75_UX140_CR0,4,140,140_.jpg""}, {""name"": ""Bibi Andersson"", ""role"": ""Mia"", ""image_url"": ""https://m.media-amazon.com/images/M/MV5BYTk0NTgwNDItMzgxNi00NjllLTkxYjYtNGRiMTEyNDNlOWQ4XkEyXkFqcGc@._V1_QL75_UX140_CR0,4,140,140_.jpg""}]",1h 36m
tt0129167,The Iron Giant,https://m.media-amazon.com/images/M/MV5BODM4ZjZjMGEtYmFiMy00MThjLWIzZjUtMDU0ODg1NTI2MzIwXkEyXkFqcGc@._V1_FMjpg_UX1000_.jpg,A young boy befriends a giant robot from outer space that a paranoid government agent wants to destroy.,"Hand-Drawn Animation, Kaiju, Period Drama, Action, Adventure, Animation","Brad Bird, ","[{""name"": ""Eli Marienthal"", ""role"": ""Hogarth Hughes"", ""image_url"": ""https://m.media-amazon.com/images/M/MV5BMjIwOTc5MTE1Nl5BMl5BanBnXkFtZTcwODI4MTcyOA@@._V1_QL75_UX140_CR0,2,140,140_.jpg""}, {""name"": ""Harry Connick Jr."", ""role"": ""Dean McCoppin"", ""image_url"": ""https://m.media-amazon.com/images/M/MV5BMjMwNjg0MTExOF5BMl5BanBnXkFtZTgwMTg4MTcxMDE@._V1_QL75_UX140_CR0,0,140,140_.jpg""}, {""name"": ""Jennifer Aniston"", ""role"": ""Annie Hughes"", ""image_url"": ""https://m.media-amazon.com/images/M/MV5BNjk1MjIxNjUxNF5BMl5BanBnXkFtZTcwODk2NzM4Mg@@._V1_QL75_UX140_CR0,8,140,140_.jpg""}, {""name"": ""Vin Diesel"", ""role"": ""The Iron Giant"", ""image_url"": ""https://m.media-amazon.com/images/M/MV5BMjExNzA4MDYxN15BMl5BanBnXkFtZTcwOTI1MDAxOQ@@._V1_QL75_UX140_CR0,4,140,140_.jpg""}, {""name"": ""James Gammon"", ""role"": ""Foreman Marv Loach"", ""image_url"": ""https://m.media-amazon.com/images/M/MV5BMTI0MzIxNDE3MF5BMl5BanBnXkFtZTcwMjA3NDYyMQ@@._V1_QL75_UX140_CR0,5,140,140_.jpg""}]",1h 26m
tt0091763,Platoon,https://m.media-amazon.com/images/M/MV5BZjE4YjllODAtZGMxZS00Mjg2LThkOWUtZjNkMjQ5YThiNDU4XkEyXkFqcGc@._V1_FMjpg_UX1000_.jpg,"Chris Taylor is a young, naive American who gives up college and volunteers for combat in Vietnam. Upon arrival, he quickly discovers that his presence is quite nonessential, and is considered insignificant to the other soldiers, as he has not fought for as long as the rest of them and felt the effects of combat. Chris has two non-commissioned officers, the ill-temper... Read all","Docudrama, Epic, Period Drama, Tragedy, War Epic, Drama, War","Oliver Stone, ","[{""name"": ""Charlie Sheen"", ""role"": ""Chris"", ""image_url"": ""https://m.media-amazon.com/images/M/MV5BMTIyNDQ5Nzk2OF5BMl5BanBnXkFtZTcwODU4MTU5MQ@@._V1_QL75_UX140_CR0,12,140,140_.jpg""}, {""name"": ""Tom Berenger"", ""role"": ""Sgt. Barnes"", ""image_url"": ""https://m.media-amazon.com/images/M/MV5BMTk1OTQ5MzUzM15BMl5BanBnXkFtZTgwMDUxMTY1NDE@._V1_QL75_UX140_CR0,12,140,140_.jpg""}, {""name"": ""Willem Dafoe"", ""role"": ""Sgt. Elias"", ""image_url"": ""https://m.media-amazon.com/images/M/MV5BOTBjNWMzMDEtZGZiZi00ZTEyLWEzMDUtZGFiYTE0ODQwZWU5XkEyXkFqcGc@._V1_QL75_UX140_CR0,0,140,140_.jpg""}, {""name"": ""Keith David"", ""role"": ""King"", ""image_url"": ""https://m.media-amazon.com/images/M/MV5BMTI5OTU4ODI1MF5BMl5BanBnXkFtZTcwMjU1NjkyNA@@._V1_QL75_UX140_CR0,0,140,140_.jpg""}, {""name"": ""Forest Whitaker"", ""role"": ""Big Harold"", ""image_url"": ""https://m.media-amazon.com/images/M/MV5BMTQzMDI3NTg2OV5BMl5BanBnXkFtZTcwNTgwMzg5Mg@@._V1_QL75_UX140_CR0,0,140,140_.jpg""}]",2h
tt1979320,Rush,https://m.media-amazon.com/images/M/MV5BMTZhOGQxM2ItNGQyYy00YzE5LWI5MjMtNmMzNGQzNDE1OTUzXkEyXkFqcGc@._V1_FMjpg_UX1000_.jpg,"James Hunt and Niki Lauda, two extremely skilled Formula One racers, have an intense rivalry with each other. However, it is their enmity that pushes them to their limits.","Docudrama, Motorsport, Period Drama, Biography, Drama, Sport","Ron Howard, ","[{""name"": ""Daniel Br\u00fchl"", ""role"": ""Niki Lauda"", ""image_url"": ""https://m.media-amazon.com/images/M/MV5BYWQ0YTI1ZGYtOWJmNy00YzQyLWEzZmMtNWU5ZWFkYTU1NWI4XkEyXkFqcGc@._V1_QL75_UX140_CR0,1,140,140_.jpg""}, {""name"": ""Chris Hemsworth"", ""role"": ""James Hunt"", ""image_url"": ""https://m.media-amazon.com/images/M/MV5BOTU2MTI0NTIyNV5BMl5BanBnXkFtZTcwMTA4Nzc3OA@@._V1_QL75_UX140_CR0,12,140,140_.jpg""}, {""name"": ""Olivia Wilde"", ""role"": ""Suzy Miller"", ""image_url"": ""https://m.media-amazon.com/images/M/MV5BMTg5NTc1NzgwOV5BMl5BanBnXkFtZTcwMTcyMjIzMQ@@._V1_QL75_UX140_CR0,0,140,140_.jpg""}, {""name"": ""Alexandra Maria Lara"", ""role"": ""Marlene Lauda"", ""image_url"": ""https://m.media-amazon.com/images/M/MV5BMTkzMDQ5ODM4OV5BMl5BanBnXkFtZTcwNjMzODI3MQ@@._V1_QL75_UX140_CR0,4,140,140_.jpg""}, {""name"": ""Pierfrancesco Favino"", ""role"": ""Clay Regazzoni"", ""image_url"": ""https://m.media-amazon.com/images/M/MV5BZmFmZTE0NWQtOTZlMC00NGM0LTljYWMtNjg5ZTVmNTQ2NWI4XkEyXkFqcGc@._V1_QL75_UX140_CR0,12,140,140_.jpg""}]",2h 3m
tt0092005,Stand by Me,https://m.media-amazon.com/images/M/MV5BNGJkNTUwM2MtZWE2MS00YjNkLWE3MjktNWQwZDQxMDIyZWVmXkEyXkFqcGc@._V1_FMjpg_UX1000_.jpg,A writer recounts a childhood journey with his friends to view the body of a boy who went missing in the woods.,"Coming-of-Age, Dark Comedy, Psychological Drama, Quest, Adventure, Drama","Rob Reiner, ","[{""name"": ""Wil Wheaton"", ""role"": ""Gordie Lachance"", ""image_url"": ""https://m.media-amazon.com/images/M/MV5BMTg1Mjc5OTc3MF5BMl5BanBnXkFtZTcwODM1MTA4Mg@@._V1_QL75_UX140_CR0,12,140,140_.jpg""}, {""name"": ""River Phoenix"", ""role"": ""Chris Chambers"", ""image_url"": ""https://m.media-amazon.com/images/M/MV5BM2E0MGI0MmItMWRlMy00OTAxLWJkM2QtMDRmMmZhZThhOGVmXkEyXkFqcGc@._V1_QL75_UX140_CR0,0,140,140_.jpg""}, {""name"": ""Corey Feldman"", ""role"": ""Teddy Duchamp"", ""image_url"": ""https://m.media-amazon.com/images/M/MV5BNmYwN2FhNDEtMGU1OS00YzRjLThhNTItOWFmNTRkNjE4M2ZkXkEyXkFqcGc@._V1_QL75_UX140_CR0,12,140,140_.jpg""}, {""name"": ""Jerry O'Connell"", ""role"": ""Vern Tessio"", ""image_url"": ""https://m.media-amazon.com/images/M/MV5BMTYwNTI3MjcyMF5BMl5BanBnXkFtZTcwNzIyMTA3Mw@@._V1_QL75_UX140_CR0,1,140,140_.jpg""}, {""name"": ""Kiefer Sutherland"", ""role"": ""Ace Merrill"", ""image_url"": ""https://m.media-amazon.com/images/M/MV5BMjQ1MjI5ODI3Nl5BMl5BanBnXkFtZTcwNTQzOTM0Mw@@._V1_QL75_UX140_CR0,4,140,140_.jpg""}]",1h 29m
tt0032138,The Wizard of Oz,https://m.media-amazon.com/images/M/MV5BNjIwNzAzODc1MF5BMl5BanBnXkFtZTgwNzczMjM5MzE@._V1_FMjpg_UX1000_.jpg,"Young Dorothy Gale and her dog Toto are swept away by a tornado from their Kansas farm to the magical Land of Oz and embark on a quest with three new friends to see the Wizard, who can return her to her home and fulfill the others' wishes.","Adventure Epic, Classic Musical, Fairy Tale, Fantasy Epic, Quest, Adventure, Family, Fantasy, Musical","Victor Fleming, George Cukor, Norman Taurog, , , ","[{""name"": ""Judy Garland"", ""role"": ""Dorothy"", ""image_url"": ""https://m.media-amazon.com/images/M/MV5BYmYyNjhjNGEtMTFlYy00YzhlLWJhNTAtYTBmOGViMzAwM2Y5XkEyXkFqcGc@._V1_QL75_UX140_CR0,0,140,140_.jpg""}, {""name"": ""Frank Morgan"", ""role"": ""Professor Marvel"", ""image_url"": ""https://m.media-amazon.com/images/M/MV5BMTkzMTc0MzQ2OV5BMl5BanBnXkFtZTcwMzI5NTkxNA@@._V1_QL75_UY140_CR26,0,140,140_.jpg""}, {""name"": ""Ray Bolger"", ""role"": ""Hunk"", ""image_url"": ""https://m.media-amazon.com/images/M/MV5BMzY3YTU4Y2YtM2ViOS00NzhkLTkwYTgtYWNjYTA3OTA3YzM2XkEyXkFqcGc@._V1_QL75_UX140_CR0,0,140,140_.jpg""}, {""name"": ""Bert Lahr"", ""role"": ""Zeke"", ""image_url"": ""https://m.media-amazon.com/images/M/MV5BMjcyNTY2MDgwMF5BMl5BanBnXkFtZTcwNjM3ODIyOA@@._V1_QL75_UX140_CR0,14,140,140_.jpg""}, {""name"": ""Jack Haley"", ""role"": ""Hickory"", ""image_url"": ""https://m.media-amazon.com/images/M/MV5BZjkxYWViNmQtYmU0Zi00NWFlLWIxZGItYzIzZjEyNjdmMmYyXkEyXkFqcGc@._V1_QL75_UX140_CR0,0,140,140_.jpg""}]",1h 42m
tt0058946,The Battle of Algiers,https://m.media-amazon.com/images/M/MV5BMTY2Mjk0OGEtYTM3Yy00ZWZiLWFhNjAtNGExMjEzNGVmMDMxXkEyXkFqcGc@._V1_FMjpg_UX1000_.jpg,"In the 1950s, fear and violence escalate as the people of Algiers fight for independence from the French government.","Arabic, Docudrama, Political Drama, Drama, War","Gillo Pontecorvo, ","[{""name"": ""Brahim Hadjadj"", ""role"": ""Ali La Pointe"", ""image_url"": ""https://m.media-amazon.com/images/M/MV5BMzI3NDA1NjA1NF5BMl5BanBnXkFtZTgwNTc1ODg3NTE@._V1_QL75_UY140_CR18,0,140,140_.jpg""}, {""name"": ""Jean Martin"", ""role"": ""Col. Mathieu"", ""image_url"": ""https://m.media-amazon.com/images/M/MV5BNDY2MDA0ODUyMF5BMl5BanBnXkFtZTcwNjI5ODQwNw@@._V1_QL75_UX140_CR0,12,140,140_.jpg""}, {""name"": ""Yacef Saadi"", ""role"": ""Djafar"", ""image_url"": null}, {""name"": ""Samia Kerbash"", ""role"": ""Fathia"", ""image_url"": null}, {""name"": ""Ugo Paletti"", ""role"": ""Captain"", ""image_url"": null}]",2h 1m
tt0476735,My Father and My Son,https://m.media-amazon.com/images/M/MV5BZDE3MTBkNmQtNGFjMC00YTcwLWExY2ItN2MyMGZkNWJlMmFmXkEyXkFqcGc@._V1_FMjpg_UX1000_.jpg,The family of a left-wing journalist is torn apart after the military coup of Turkey in 1980.,"Turkish, Coming-of-Age, Political Drama, Psychological Drama, Drama","Çagan Irmak, ","[{""name"": ""\u00c7etin Tekindor"", ""role"": ""H\u00fcseyin"", ""image_url"": ""https://m.media-amazon.com/images/M/MV5BMGQxZjExNjgtMGY4MS00MTQ1LWFmYTItNDM5MWI5OWY5NTc2XkEyXkFqcGc@._V1_QL75_UX140_CR0,0,140,140_.jpg""}, {""name"": ""Fikret Ku\u015fkan"", ""role"": ""Sadik"", ""image_url"": null}, {""name"": ""H\u00fcmeyra"", ""role"": ""Nuran"", ""image_url"": ""https://m.media-amazon.com/images/M/MV5BMjEwMTI5MTAwM15BMl5BanBnXkFtZTgwNjA1MjI0MDI@._V1_QL75_UX140_CR0,32,140,140_.jpg""}, {""name"": ""Ege Tanman"", ""role"": ""Deniz"", ""image_url"": null}, {""name"": ""\u015eerif Sezer"", ""role"": ""G\u00fclbeyaz"", ""image_url"": ""https://m.media-amazon.com/images/M/MV5BMjk2Nzg3MTc0MV5BMl5BanBnXkFtZTcwODAzNDEyMw@@._V1_QL75_UX140_CR0,13,140,140_.jpg""}]",1h 52m
tt0019254,The Passion of Joan of Arc,https://m.media-amazon.com/images/M/MV5BNTE1MDliZjgtYTU2Yy00YjAxLTljYTItNDE2ZGYwYTY1MGQ1XkEyXkFqcGc@._V1_FMjpg_UX1000_.jpg,"In 1431, Jeanne d'Arc is placed on trial on charges of heresy, and the ecclesiastical jurists attempt to force her to recant her claims of holy visions.","Costume Drama, Legal Drama, Period Drama, Psychological Drama, Tragedy, Biography, Drama, History","Carl Theodor Dreyer, ","[{""name"": ""Maria Falconetti"", ""role"": ""Jeanne d'Arc"", ""image_url"": ""https://m.media-amazon.com/images/M/MV5BNmNjNmQwMmMtNGNlNi00MmYzLTk1NDQtYWNjYjQzNTNmN2VjXkEyXkFqcGc@._V1_QL75_UY140_CR31,0,140,140_.jpg""}, {""name"": ""Eugene Silvain"", ""role"": ""\u00c9v\u00eaque Pierre Cauchon (Bishop Pierre Cauchon)"", ""image_url"": ""https://m.media-amazon.com/images/M/MV5BMjlkMWI0Y2EtZDVlZS00NGE4LWExNzktYTNhMzQwNjQxYTI0XkEyXkFqcGc@._V1_QL75_UX140_CR0,4,140,140_.jpg""}, {""name"": ""Andr\u00e9 Berley"", ""role"": ""Jean d'Estivet"", ""image_url"": ""https://m.media-amazon.com/images/M/MV5BYThmOTkzMzgtNzYzZC00MGJjLThlMWItMzY2NDM1OGZkYzljXkEyXkFqcGc@._V1_QL75_UX140_CR0,5,140,140_.jpg""}, {""name"": ""Maurice Schutz"", ""role"": ""Nicolas Loyseleur"", ""image_url"": ""https://m.media-amazon.com/images/M/MV5BYzliNWM2ZGItYzE3Yi00YjE4LWFmMTYtMDZlNzUyNmExY2I5XkEyXkFqcGc@._V1_QL75_UX140_CR0,7,140,140_.jpg""}, {""name"": ""Antonin Artaud"", ""role"": ""Jean Massieu"", ""image_url"": ""https://m.media-amazon.com/images/M/MV5BMTgwMTY3MTM0NF5BMl5BanBnXkFtZTgwNjUzNzEwMzE@._V1_QL75_UY140_CR18,0,140,140_.jpg""}]",1h 54m
tt0077711,Autumn Sonata,https://m.media-amazon.com/images/M/MV5BNTg1MzJiNTYtZjcyNS00NDE5LWE0N2ItMGIxM2Y2ZDMyYjJjXkEyXkFqcGc@._V1_FMjpg_UX1000_.jpg,"A devoted wife is visited by her mother, a successful concert pianist who had little time for her when she was young.","Swedish, Psychological Drama, Tragedy, Drama, Music","Ingmar Bergman, ","[{""name"": ""Ingrid Bergman"", ""role"": ""Charlotte Andergast"", ""image_url"": ""https://m.media-amazon.com/images/M/MV5BMjQyMTYxODQzMF5BMl5BanBnXkFtZTgwMDA1MTI2NDM@._V1_QL75_UX140_CR0,0,140,140_.jpg""}, {""name"": ""Liv Ullmann"", ""role"": ""Eva"", ""image_url"": ""https://m.media-amazon.com/images/M/MV5BNTQ2MjBkMmUtYTJkNS00NGNlLTk3ZGItNDkyZTg2ZjE1MTQzXkEyXkFqcGc@._V1_QL75_UX140_CR0,0,140,140_.jpg""}, {""name"": ""Lena Nyman"", ""role"": ""Helena"", ""image_url"": ""https://m.media-amazon.com/images/M/MV5BZWY0ZDI5ODEtNjBlOC00YjAzLWI2MTktOWQ3MDdmOGViMWU2XkEyXkFqcGc@._V1_QL75_UX140_CR0,0,140,140_.jpg""}, {""name"": ""Halvar Bj\u00f6rk"", ""role"": ""Viktor"", ""image_url"": ""https://m.media-amazon.com/images/M/MV5BYTYyZmI5OWQtMGMwOC00MjdjLWFjOTktZjk3NWMxZjMzNzM1XkEyXkFqcGc@._V1_QL75_UX140_CR0,0,140,140_.jpg""}, {""name"": ""Marianne Aminoff"", ""role"": ""Charlotte's private secretary"", ""image_url"": ""https://m.media-amazon.com/images/M/MV5BM2RmYTBjY2UtMDcwNi00MGNmLWFiNTYtYjNhNDE0MTU5ODQ3XkEyXkFqcGc@._V1_QL75_UX140_CR0,0,140,140_.jpg""}]",1h 39m
tt4430212,Drishyam,https://m.media-amazon.com/images/M/MV5BYjMzZTU0NzUtZGQ0MC00Y2M4LWI5ZDUtZjY1YmNjMjNmNmI3XkEyXkFqcGc@._V1_FMjpg_UX1000_.jpg,"Desperate measures are taken by a man who tries to save his family from the dark side of the law, after they commit an unexpected crime.","Hindi, Suspense Mystery, Crime, Drama, Mystery, Thriller","Nishikant Kamat, ","[{""name"": ""Ajay Devgn"", ""role"": ""Vijay Salgaonkar"", ""image_url"": ""https://m.media-amazon.com/images/M/MV5BMTY0MDY2MDMwOV5BMl5BanBnXkFtZTgwNDE4MDM0OTE@._V1_QL75_UX140_CR0,3,140,140_.jpg""}, {""name"": ""Shriya Saran"", ""role"": ""Nandini Salgaonkar"", ""image_url"": ""https://m.media-amazon.com/images/M/MV5BZGE4ODg2YWUtZDFkOC00Y2Q1LWIyYmMtOTAyMzZlOWUzODBmXkEyXkFqcGc@._V1_QL75_UX140_CR0,0,140,140_.jpg""}, {""name"": ""Tabu"", ""role"": ""IGP Meera Deshmukh"", ""image_url"": ""https://m.media-amazon.com/images/M/MV5BMTU0ODQ2MjA5NF5BMl5BanBnXkFtZTYwMjczMjA0._V1_QL75_UX140_CR0,9,140,140_.jpg""}, {""name"": ""Rajat Kapoor"", ""role"": ""Mahesh Deshmukh"", ""image_url"": ""https://m.media-amazon.com/images/M/MV5BZGIxMGI0NWMtYWJjNi00YmZiLTgzNDMtMzJiMjAwN2ZmMGFkXkEyXkFqcGc@._V1_QL75_UX140_CR0,0,140,140_.jpg""}, {""name"": ""Ishita Dutta"", ""role"": ""Anju Salgaonkar"", ""image_url"": ""https://m.media-amazon.com/images/M/MV5BNjdkM2M5NzUtZWMyMC00YWY1LThmZjYtMjA4YjM5MDA5YjBhXkEyXkFqcGc@._V1_QL75_UX140_CR0,0,140,140_.jpg""}]",2h 43m
tt0111161,The Shawshank Redemption,https://m.media-amazon.com/images/M/MV5BMDAyY2FhYjctNDc5OS00MDNlLThiMGUtY2UxYWVkNGY2ZjljXkEyXkFqcGc@._V1_FMjpg_UX1000_.jpg,"After a banker is sentenced to life in Shawshank Prison, he forms an unlikely friendship with a seasoned inmate and clings to hope amid cruelty and corruption.","Epic, Period Drama, Prison Drama, Psychological Drama, Drama","Frank Darabont, ","[{""name"": ""Tim Robbins"", ""role"": ""Andy Dufresne"", ""image_url"": ""https://m.media-amazon.com/images/M/MV5BMTI1OTYxNzAxOF5BMl5BanBnXkFtZTYwNTE5ODI4._V1_QL75_UX140_CR0,0,140,140_.jpg""}, {""name"": ""Morgan Freeman"", ""role"": ""Ellis Boyd 'Red' Redding"", ""image_url"": ""https://m.media-amazon.com/images/M/MV5BNzExODU5YjktYmJlZC00YzllLWE0MWEtZTBlYmZkMGM0MTExXkEyXkFqcGc@._V1_QL75_UX140_CR0,12,140,140_.jpg""}, {""name"": ""Bob Gunton"", ""role"": ""Warden Norton"", ""image_url"": ""https://m.media-amazon.com/images/M/MV5BOWQ1ZTI1ZDgtMjhmZC00OWExLTliNWQtNzgxNTExZWIwMDJkXkEyXkFqcGc@._V1_QL75_UX140_CR0,0,140,140_.jpg""}, {""name"": ""William Sadler"", ""role"": ""Heywood"", ""image_url"": ""https://m.media-amazon.com/images/M/MV5BMTA1NjU3NDg1MTheQTJeQWpwZ15BbWU2MDI4OTcxMw@@._V1_QL75_UX140_CR0,0,140,140_.jpg""}, {""name"": ""Clancy Brown"", ""role"": ""Captain Hadley"", ""image_url"": ""https://m.media-amazon.com/images/M/MV5BMTUxODY3NjAzMF5BMl5BanBnXkFtZTcwMTQ5MjYwNg@@._V1_QL75_UX140_CR0,8,140,140_.jpg""}]",2h 22m
tt10189514,Soorarai Pottru,https://m.media-amazon.com/images/M/MV5BZTU5NTNmMjAtODM0Mi00YzU5LTk1OWQtZWU1NzZhMzBjYjY1XkEyXkFqcGc@._V1_FMjpg_UX1000_.jpg,"A determined villager challenges the aviation industry's elite by pursuing his vision of affordable air travel for all, despite numerous obstacles and setbacks","Tamil, Drama","Sudha Kongara, ","[{""name"": ""Suriya"", ""role"": ""Nedumaaran Rajangam"", ""image_url"": ""https://m.media-amazon.com/images/M/MV5BN2NmNmUzNGMtM2JjYi00NmUzLWFhYzQtNzY2ZTA0ZDdmM2FiXkEyXkFqcGc@._V1_CR1414,174,3333,5000_QL75_UX140_CR0,12,140,140_.jpg""}, {""name"": ""Aparna Balamurali"", ""role"": ""Sundari Nedumaaran"", ""image_url"": ""https://m.media-amazon.com/images/M/MV5BYWIwYjc4ZTAtYTA4YS00ZDRlLTg2ZTgtNjkyYjA4NGRhOWQ0XkEyXkFqcGc@._V1_QL75_UX140_CR0,11,140,140_.jpg""}, {""name"": ""Paresh Rawal"", ""role"": ""Paresh Goswami"", ""image_url"": ""https://m.media-amazon.com/images/M/MV5BMjI4Mjg2MjgxMV5BMl5BanBnXkFtZTgwNDYyMTIzOTE@._V1_QL75_UY140_CR36,0,140,140_.jpg""}, {""name"": ""Urvashi"", ""role"": ""Pechi Rajangam"", ""image_url"": ""https://m.media-amazon.com/images/M/MV5BMzRkM2RmZGQtYjZiYS00ZmVmLWI5NzItZjQ1YWEyOTViYmUyXkEyXkFqcGc@._V1_QL75_UX140_CR0,11,140,140_.jpg""}, {""name"": ""Mohan Babu"", ""role"": ""M. Bhaktavatsalam Naidu"", ""image_url"": ""https://m.media-amazon.com/images/M/MV5BYmZiOTNmYTQtNThhNi00NTI0LThlNjItNTM3YTE4NTAyNWE1XkEyXkFqcGc@._V1_QL75_UY140_CR55,0,140,140_.jpg""}]",2h 33m
tt12361178,Drishyam 2,https://m.media-amazon.com/images/M/MV5BM2Q2YTczM2QtNDBkNC00M2I5LTkyMzgtOTMwNzQ0N2UyYWQ0XkEyXkFqcGc@._V1_FMjpg_UX1000_.jpg,A gripping tale of an investigation and a family which is threatened by it. Will Georgekutty be able to protect his family this time?,"Malayalam, Psychological Thriller, Crime, Drama, Mystery, Thriller","Jeethu Joseph, ","[{""name"": ""Mohanlal"", ""role"": ""Georgekutty"", ""image_url"": ""https://m.media-amazon.com/images/M/MV5BMDk3ZTI3NzMtMTc4MC00ZDFhLWI3NTMtMGIyZjVmOGViMzgwXkEyXkFqcGc@._V1_QL75_UX140_CR0,11,140,140_.jpg""}, {""name"": ""Meena"", ""role"": ""Rani"", ""image_url"": ""https://m.media-amazon.com/images/M/MV5BMTczOGNjYTEtZjY1Zi00MWM3LWIzMTAtZTZiYmI1OGQ3MTI3XkEyXkFqcGc@._V1_QL75_UX140_CR0,11,140,140_.jpg""}, {""name"": ""Ansiba Hassan"", ""role"": ""Anju"", ""image_url"": ""https://m.media-amazon.com/images/M/MV5BMWVhNjViN2EtNzBlMS00NGE4LTliMGQtMmU4ZWQxMWM0NjBiXkEyXkFqcGc@._V1_QL75_UX140_CR0,11,140,140_.jpg""}, {""name"": ""Esther Anil"", ""role"": ""Anu"", ""image_url"": ""https://m.media-amazon.com/images/M/MV5BZmNiYWY0MzctMGZjMi00YzA1LWJhYWItY2VjYWNhMGIxYzA5XkEyXkFqcGc@._V1_QL75_UX140_CR0,11,140,140_.jpg""}, {""name"": ""Siddique"", ""role"": ""Prabhakar"", ""image_url"": ""https://m.media-amazon.com/images/M/MV5BMGYxNmQyYWEtMzkxZS00YzNjLWI3MWUtNmIzZGY3NzU1MjY5XkEyXkFqcGc@._V1_QL75_UX140_CR0,11,140,140_.jpg""}]",2h 32m
tt8108198,Andhadhun,https://m.media-amazon.com/images/M/MV5BZjc5OWIzOTgtMmM2ZS00ZjZhLTkyZWItMTFjYTc0NWQ4NzhkXkEyXkFqcGc@._V1_FMjpg_UX1000_.jpg,"A series of mysterious events change the life of a blind pianist, who must now report a crime that he should technically know nothing of.","Hindi, Conspiracy Thriller, Dark Comedy, Psychological Thriller, Comedy, Crime, Mystery, Thriller","Sriram Raghavan, ","[{""name"": ""Ayushmann Khurrana"", ""role"": ""Akash"", ""image_url"": ""https://m.media-amazon.com/images/M/MV5BMDI3OTdmMmEtMjhkYS00MjZkLWExZmQtNmM1NWFkYTJkZDQ1XkEyXkFqcGc@._V1_QL75_UX140_CR0,0,140,140_.jpg""}, {""name"": ""Tabu"", ""role"": ""Simi Sinha"", ""image_url"": ""https://m.media-amazon.com/images/M/MV5BMTU0ODQ2MjA5NF5BMl5BanBnXkFtZTYwMjczMjA0._V1_QL75_UX140_CR0,9,140,140_.jpg""}, {""name"": ""Radhika Apte"", ""role"": ""Sophie"", ""image_url"": ""https://m.media-amazon.com/images/M/MV5BZmQ0MWU1ZGUtMDZiMS00NGQ1LThmNGMtMjUzMjZmZTFhOGZmXkEyXkFqcGc@._V1_QL75_UX140_CR0,12,140,140_.jpg""}, {""name"": ""Anil Dhawan"", ""role"": ""Pramod Sinha"", ""image_url"": ""https://m.media-amazon.com/images/M/MV5BOWRjOTQyZDktYzFlOC00ZTliLWFhY2ItNmVlMmMzNTEyM2Q2XkEyXkFqcGc@._V1_QL75_UX140_CR0,1,140,140_.jpg""}, {""name"": ""Manav Vij"", ""role"": ""DSP Manohar Jawanda"", ""image_url"": ""https://m.media-amazon.com/images/M/MV5BNDVmYmJjYjAtMGE5MS00ZmU5LTg0NjktYjE2NzY5NjkwMjJlXkEyXkFqcGc@._V1_QL75_UX140_CR0,19,140,140_.jpg""}]",2h 19m
